ISO-10303-21;
HEADER;
FILE_DESCRIPTION(('FreeCAD Model'),'2;1');
FILE_NAME('Open CASCADE Shape Model','2026-09-25T18:28:57',('Author'),(
    ''),'Open CASCADE STEP processor 7.8','FreeCAD','Unknown');
FILE_SCHEMA(('AUTOMOTIVE_DESIGN { 1 0 10303 214 1 1 1 1 }'));
ENDSEC;
DATA;
#1 = APPLICATION_PROTOCOL_DEFINITION('international standard',
  'automotive_design',2000,#2);
#2 = APPLICATION_CONTEXT(
  'core data for automotive mechanical design processes');
#3 = SHAPE_DEFINITION_REPRESENTATION(#4,#10);
#4 = PRODUCT_DEFINITION_SHAPE('','',#5);
#5 = PRODUCT_DEFINITION('design','',#6,#9);
#6 = PRODUCT_DEFINITION_FORMATION('','',#7);
#7 = PRODUCT('Plate_Macro_pad','Plate_Macro_pad','',(#8));
#8 = PRODUCT_CONTEXT('',#2,'mechanical');
#9 = PRODUCT_DEFINITION_CONTEXT('part definition',#2,'design');
#10 = ADVANCED_BREP_SHAPE_REPRESENTATION('',(#11,#15),#6537);
#11 = AXIS2_PLACEMENT_3D('',#12,#13,#14);
#12 = CARTESIAN_POINT('',(0.,0.,0.));
#13 = DIRECTION('',(0.,0.,1.));
#14 = DIRECTION('',(1.,0.,-0.));
#15 = MANIFOLD_SOLID_BREP('',#16);
#16 = CLOSED_SHELL('',(#17,#859,#923,#948,#972,#998,#1055,#1080,#1105,
    #1131,#1157,#1182,#1207,#1263,#1289,#1313,#1338,#1387,#1418,#1442,
    #1466,#1483,#1508,#1539,#1563,#1587,#1604,#1635,#1659,#1683,#1700,
    #1731,#1755,#1779,#1796,#1828,#1852,#1876,#1901,#1926,#1950,#1974,
    #1992,#2017,#2048,#2072,#2096,#2113,#2144,#2168,#2192,#2209,#2234,
    #2265,#2289,#2313,#2330,#2361,#2385,#2409,#2426,#2451,#2482,#2506,
    #2530,#2547,#2578,#2602,#2626,#2643,#2668,#2693,#2724,#2748,#2772,
    #2789,#2820,#2844,#2868,#2885,#2916,#2940,#2964,#2981,#3012,#3036,
    #3060,#3077,#3102,#3133,#3157,#3181,#3198,#3223,#3254,#3278,#3302,
    #3319,#3343,#3426,#3450,#3473,#4138,#4155,#4179,#4262,#4286,#4302,
    #4319,#4336,#4353,#4365,#4382,#4405,#4422,#4439,#4451,#4474,#4491,
    #4537,#4583,#4629,#4675,#4721,#4767,#4813,#4859,#4905,#4951,#4997,
    #5043,#5089,#5135,#5181,#5227,#5252,#5276,#5294,#5310,#5326,#5350,
    #5362,#5385,#5403,#5425,#5442,#5459,#5471,#5493,#5510,#5527,#5539,
    #5561,#5578,#5595,#5607,#5629,#5646,#5663,#5675,#5697,#5714,#5731,
    #5743,#5765,#5782,#5799,#5811,#5833,#5850,#5867,#5879,#5901,#5918,
    #5935,#5947,#5969,#5986,#6003,#6015,#6037,#6054,#6071,#6083,#6105,
    #6122,#6139,#6151,#6173,#6190,#6207,#6219,#6241,#6258,#6275,#6287,
    #6309,#6326,#6343,#6355,#6377,#6394,#6411,#6423,#6445,#6462,#6479,
    #6491,#6508,#6525));
#17 = ADVANCED_FACE('',(#18,#152,#186,#197,#231,#265,#299,#369,#380,#414
    ,#448,#459,#493,#527,#538,#572,#606,#617,#628,#662,#696,#730,#764,
    #775,#809,#820),#854,.F.);
#18 = FACE_BOUND('',#19,.F.);
#19 = EDGE_LOOP('',(#20,#30,#38,#47,#55,#64,#72,#80,#88,#96,#104,#113,
    #121,#130,#138,#146));
#20 = ORIENTED_EDGE('',*,*,#21,.F.);
#21 = EDGE_CURVE('',#22,#24,#26,.T.);
#22 = VERTEX_POINT('',#23);
#23 = CARTESIAN_POINT('',(-143.55,132.395676,100.01));
#24 = VERTEX_POINT('',#25);
#25 = CARTESIAN_POINT('',(-140.05,132.395676,100.01));
#26 = LINE('',#27,#28);
#27 = CARTESIAN_POINT('',(-121.41875,132.395676,100.01));
#28 = VECTOR('',#29,1.);
#29 = DIRECTION('',(1.,0.,0.));
#30 = ORIENTED_EDGE('',*,*,#31,.F.);
#31 = EDGE_CURVE('',#32,#22,#34,.T.);
#32 = VERTEX_POINT('',#33);
#33 = CARTESIAN_POINT('',(-143.55,178.225,100.01));
#34 = LINE('',#35,#36);
#35 = CARTESIAN_POINT('',(-143.55,178.225,100.01));
#36 = VECTOR('',#37,1.);
#37 = DIRECTION('',(0.,-1.,0.));
#38 = ORIENTED_EDGE('',*,*,#39,.F.);
#39 = EDGE_CURVE('',#40,#32,#42,.T.);
#40 = VERTEX_POINT('',#41);
#41 = CARTESIAN_POINT('',(-138.8499999999,182.925,100.01));
#42 = CIRCLE('',#43,4.7);
#43 = AXIS2_PLACEMENT_3D('',#44,#45,#46);
#44 = CARTESIAN_POINT('',(-138.85,178.225,100.01));
#45 = DIRECTION('',(0.,-0.,1.));
#46 = DIRECTION('',(1.0335E-13,1.,0.));
#47 = ORIENTED_EDGE('',*,*,#48,.F.);
#48 = EDGE_CURVE('',#49,#40,#51,.T.);
#49 = VERTEX_POINT('',#50);
#50 = CARTESIAN_POINT('',(-52.125,182.92499999999,100.01));
#51 = LINE('',#52,#53);
#52 = CARTESIAN_POINT('',(-52.125,182.92499999999,100.01));
#53 = VECTOR('',#54,1.);
#54 = DIRECTION('',(-1.,2.099E-14,0.));
#55 = ORIENTED_EDGE('',*,*,#56,.F.);
#56 = EDGE_CURVE('',#57,#49,#59,.T.);
#57 = VERTEX_POINT('',#58);
#58 = CARTESIAN_POINT('',(-47.425,178.22499999999,100.01));
#59 = CIRCLE('',#60,4.7);
#60 = AXIS2_PLACEMENT_3D('',#61,#62,#63);
#61 = CARTESIAN_POINT('',(-52.125,178.22499999999,100.01));
#62 = DIRECTION('',(0.,-0.,1.));
#63 = DIRECTION('',(1.,2.067E-14,0.));
#64 = ORIENTED_EDGE('',*,*,#65,.F.);
#65 = EDGE_CURVE('',#66,#57,#68,.T.);
#66 = VERTEX_POINT('',#67);
#67 = CARTESIAN_POINT('',(-47.425,132.395676,100.01));
#68 = LINE('',#69,#70);
#69 = CARTESIAN_POINT('',(-47.425,132.395676,100.01));
#70 = VECTOR('',#71,1.);
#71 = DIRECTION('',(0.,1.,0.));
#72 = ORIENTED_EDGE('',*,*,#73,.F.);
#73 = EDGE_CURVE('',#74,#66,#76,.T.);
#74 = VERTEX_POINT('',#75);
#75 = CARTESIAN_POINT('',(-50.925,132.395676,100.01));
#76 = LINE('',#77,#78);
#77 = CARTESIAN_POINT('',(-73.20625,132.395676,100.01));
#78 = VECTOR('',#79,1.);
#79 = DIRECTION('',(1.,0.,0.));
#80 = ORIENTED_EDGE('',*,*,#81,.T.);
#81 = EDGE_CURVE('',#74,#82,#84,.T.);
#82 = VERTEX_POINT('',#83);
#83 = CARTESIAN_POINT('',(-50.925,111.995676,100.01));
#84 = LINE('',#85,#86);
#85 = CARTESIAN_POINT('',(-50.925,120.17551299998,100.01));
#86 = VECTOR('',#87,1.);
#87 = DIRECTION('',(0.,-1.,0.));
#88 = ORIENTED_EDGE('',*,*,#89,.T.);
#89 = EDGE_CURVE('',#82,#90,#92,.T.);
#90 = VERTEX_POINT('',#91);
#91 = CARTESIAN_POINT('',(-47.425,111.995676,100.01));
#92 = LINE('',#93,#94);
#93 = CARTESIAN_POINT('',(-73.20625,111.995676,100.01));
#94 = VECTOR('',#95,1.);
#95 = DIRECTION('',(1.,0.,0.));
#96 = ORIENTED_EDGE('',*,*,#97,.F.);
#97 = EDGE_CURVE('',#98,#90,#100,.T.);
#98 = VERTEX_POINT('',#99);
#99 = CARTESIAN_POINT('',(-47.425,78.485699999999,100.01));
#100 = LINE('',#101,#102);
#101 = CARTESIAN_POINT('',(-47.425,78.485699999999,100.01));
#102 = VECTOR('',#103,1.);
#103 = DIRECTION('',(0.,1.,0.));
#104 = ORIENTED_EDGE('',*,*,#105,.F.);
#105 = EDGE_CURVE('',#106,#98,#108,.T.);
#106 = VERTEX_POINT('',#107);
#107 = CARTESIAN_POINT('',(-52.12499999999,73.785699999999,100.01));
#108 = CIRCLE('',#109,4.7);
#109 = AXIS2_PLACEMENT_3D('',#110,#111,#112);
#110 = CARTESIAN_POINT('',(-52.125,78.485699999999,100.01));
#111 = DIRECTION('',(-0.,0.,1.));
#112 = DIRECTION('',(5.5164E-13,-1.,0.));
#113 = ORIENTED_EDGE('',*,*,#114,.F.);
#114 = EDGE_CURVE('',#115,#106,#117,.T.);
#115 = VERTEX_POINT('',#116);
#116 = CARTESIAN_POINT('',(-138.8499999999,73.785699999952,100.01));
#117 = LINE('',#118,#119);
#118 = CARTESIAN_POINT('',(-138.8499999999,73.785699999952,100.01));
#119 = VECTOR('',#120,1.);
#120 = DIRECTION('',(1.,5.4177E-13,0.));
#121 = ORIENTED_EDGE('',*,*,#122,.F.);
#122 = EDGE_CURVE('',#123,#115,#125,.T.);
#123 = VERTEX_POINT('',#124);
#124 = CARTESIAN_POINT('',(-143.55,78.485699999952,100.01));
#125 = CIRCLE('',#126,4.7);
#126 = AXIS2_PLACEMENT_3D('',#127,#128,#129);
#127 = CARTESIAN_POINT('',(-138.85,78.485699999952,100.01));
#128 = DIRECTION('',(-0.,0.,1.));
#129 = DIRECTION('',(-1.,-1.55E-14,-0.));
#130 = ORIENTED_EDGE('',*,*,#131,.F.);
#131 = EDGE_CURVE('',#132,#123,#134,.T.);
#132 = VERTEX_POINT('',#133);
#133 = CARTESIAN_POINT('',(-143.55,111.995676,100.01));
#134 = LINE('',#135,#136);
#135 = CARTESIAN_POINT('',(-143.55,111.995676,100.01));
#136 = VECTOR('',#137,1.);
#137 = DIRECTION('',(0.,-1.,0.));
#138 = ORIENTED_EDGE('',*,*,#139,.T.);
#139 = EDGE_CURVE('',#132,#140,#142,.T.);
#140 = VERTEX_POINT('',#141);
#141 = CARTESIAN_POINT('',(-140.05,111.995676,100.01));
#142 = LINE('',#143,#144);
#143 = CARTESIAN_POINT('',(-121.41875,111.995676,100.01));
#144 = VECTOR('',#145,1.);
#145 = DIRECTION('',(1.,0.,0.));
#146 = ORIENTED_EDGE('',*,*,#147,.F.);
#147 = EDGE_CURVE('',#24,#140,#148,.T.);
#148 = LINE('',#149,#150);
#149 = CARTESIAN_POINT('',(-140.05,120.17551299998,100.01));
#150 = VECTOR('',#151,1.);
#151 = DIRECTION('',(0.,-1.,0.));
#152 = FACE_BOUND('',#153,.F.);
#153 = EDGE_LOOP('',(#154,#164,#172,#180));
#154 = ORIENTED_EDGE('',*,*,#155,.F.);
#155 = EDGE_CURVE('',#156,#158,#160,.T.);
#156 = VERTEX_POINT('',#157);
#157 = CARTESIAN_POINT('',(-117.0625,156.818176,100.01));
#158 = VERTEX_POINT('',#159);
#159 = CARTESIAN_POINT('',(-117.0625,142.818176,100.01));
#160 = LINE('',#161,#162);
#161 = CARTESIAN_POINT('',(-117.0625,142.58676299998,100.01));
#162 = VECTOR('',#163,1.);
#163 = DIRECTION('',(0.,-1.,0.));
#164 = ORIENTED_EDGE('',*,*,#165,.F.);
#165 = EDGE_CURVE('',#166,#156,#168,.T.);
#166 = VERTEX_POINT('',#167);
#167 = CARTESIAN_POINT('',(-131.0625,156.818176,100.01));
#168 = LINE('',#169,#170);
#169 = CARTESIAN_POINT('',(-113.275,156.818176,100.01));
#170 = VECTOR('',#171,1.);
#171 = DIRECTION('',(1.,0.,0.));
#172 = ORIENTED_EDGE('',*,*,#173,.F.);
#173 = EDGE_CURVE('',#174,#166,#176,.T.);
#174 = VERTEX_POINT('',#175);
#175 = CARTESIAN_POINT('',(-131.0625,142.818176,100.01));
#176 = LINE('',#177,#178);
#177 = CARTESIAN_POINT('',(-131.0625,135.58676299998,100.01));
#178 = VECTOR('',#179,1.);
#179 = DIRECTION('',(0.,1.,0.));
#180 = ORIENTED_EDGE('',*,*,#181,.F.);
#181 = EDGE_CURVE('',#158,#174,#182,.T.);
#182 = LINE('',#183,#184);
#183 = CARTESIAN_POINT('',(-106.275,142.818176,100.01));
#184 = VECTOR('',#185,1.);
#185 = DIRECTION('',(-1.,0.,0.));
#186 = FACE_BOUND('',#187,.F.);
#187 = EDGE_LOOP('',(#188));
#188 = ORIENTED_EDGE('',*,*,#189,.F.);
#189 = EDGE_CURVE('',#190,#190,#192,.T.);
#190 = VERTEX_POINT('',#191);
#191 = CARTESIAN_POINT('',(-137.35,138.0057,100.01));
#192 = CIRCLE('',#193,1.);
#193 = AXIS2_PLACEMENT_3D('',#194,#195,#196);
#194 = CARTESIAN_POINT('',(-138.35,138.0057,100.01));
#195 = DIRECTION('',(0.,0.,-1.));
#196 = DIRECTION('',(-1.,0.,0.));
#197 = FACE_BOUND('',#198,.F.);
#198 = EDGE_LOOP('',(#199,#209,#217,#225));
#199 = ORIENTED_EDGE('',*,*,#200,.F.);
#200 = EDGE_CURVE('',#201,#203,#205,.T.);
#201 = VERTEX_POINT('',#202);
#202 = CARTESIAN_POINT('',(-117.0625,137.768176,100.01));
#203 = VERTEX_POINT('',#204);
#204 = CARTESIAN_POINT('',(-117.0625,123.768176,100.01));
#205 = LINE('',#206,#207);
#206 = CARTESIAN_POINT('',(-117.0625,133.06176299998,100.01));
#207 = VECTOR('',#208,1.);
#208 = DIRECTION('',(0.,-1.,0.));
#209 = ORIENTED_EDGE('',*,*,#210,.F.);
#210 = EDGE_CURVE('',#211,#201,#213,.T.);
#211 = VERTEX_POINT('',#212);
#212 = CARTESIAN_POINT('',(-131.0625,137.768176,100.01));
#213 = LINE('',#214,#215);
#214 = CARTESIAN_POINT('',(-113.275,137.768176,100.01));
#215 = VECTOR('',#216,1.);
#216 = DIRECTION('',(1.,0.,0.));
#217 = ORIENTED_EDGE('',*,*,#218,.F.);
#218 = EDGE_CURVE('',#219,#211,#221,.T.);
#219 = VERTEX_POINT('',#220);
#220 = CARTESIAN_POINT('',(-131.0625,123.768176,100.01));
#221 = LINE('',#222,#223);
#222 = CARTESIAN_POINT('',(-131.0625,126.06176299998,100.01));
#223 = VECTOR('',#224,1.);
#224 = DIRECTION('',(0.,1.,0.));
#225 = ORIENTED_EDGE('',*,*,#226,.F.);
#226 = EDGE_CURVE('',#203,#219,#227,.T.);
#227 = LINE('',#228,#229);
#228 = CARTESIAN_POINT('',(-106.275,123.768176,100.01));
#229 = VECTOR('',#230,1.);
#230 = DIRECTION('',(-1.,0.,0.));
#231 = FACE_BOUND('',#232,.F.);
#232 = EDGE_LOOP('',(#233,#243,#251,#259));
#233 = ORIENTED_EDGE('',*,*,#234,.F.);
#234 = EDGE_CURVE('',#235,#237,#239,.T.);
#235 = VERTEX_POINT('',#236);
#236 = CARTESIAN_POINT('',(-98.0125,156.818176,100.01));
#237 = VERTEX_POINT('',#238);
#238 = CARTESIAN_POINT('',(-98.0125,142.818176,100.01));
#239 = LINE('',#240,#241);
#240 = CARTESIAN_POINT('',(-98.0125,142.58676299998,100.01));
#241 = VECTOR('',#242,1.);
#242 = DIRECTION('',(0.,-1.,0.));
#243 = ORIENTED_EDGE('',*,*,#244,.F.);
#244 = EDGE_CURVE('',#245,#235,#247,.T.);
#245 = VERTEX_POINT('',#246);
#246 = CARTESIAN_POINT('',(-112.0125,156.818176,100.01));
#247 = LINE('',#248,#249);
#248 = CARTESIAN_POINT('',(-103.75,156.818176,100.01));
#249 = VECTOR('',#250,1.);
#250 = DIRECTION('',(1.,0.,0.));
#251 = ORIENTED_EDGE('',*,*,#252,.F.);
#252 = EDGE_CURVE('',#253,#245,#255,.T.);
#253 = VERTEX_POINT('',#254);
#254 = CARTESIAN_POINT('',(-112.0125,142.818176,100.01));
#255 = LINE('',#256,#257);
#256 = CARTESIAN_POINT('',(-112.0125,135.58676299998,100.01));
#257 = VECTOR('',#258,1.);
#258 = DIRECTION('',(0.,1.,0.));
#259 = ORIENTED_EDGE('',*,*,#260,.F.);
#260 = EDGE_CURVE('',#237,#253,#261,.T.);
#261 = LINE('',#262,#263);
#262 = CARTESIAN_POINT('',(-96.75,142.818176,100.01));
#263 = VECTOR('',#264,1.);
#264 = DIRECTION('',(-1.,0.,0.));
#265 = FACE_BOUND('',#266,.F.);
#266 = EDGE_LOOP('',(#267,#277,#285,#293));
#267 = ORIENTED_EDGE('',*,*,#268,.F.);
#268 = EDGE_CURVE('',#269,#271,#273,.T.);
#269 = VERTEX_POINT('',#270);
#270 = CARTESIAN_POINT('',(-98.0125,137.768176,100.01));
#271 = VERTEX_POINT('',#272);
#272 = CARTESIAN_POINT('',(-98.0125,123.768176,100.01));
#273 = LINE('',#274,#275);
#274 = CARTESIAN_POINT('',(-98.0125,133.06176299998,100.01));
#275 = VECTOR('',#276,1.);
#276 = DIRECTION('',(0.,-1.,0.));
#277 = ORIENTED_EDGE('',*,*,#278,.F.);
#278 = EDGE_CURVE('',#279,#269,#281,.T.);
#279 = VERTEX_POINT('',#280);
#280 = CARTESIAN_POINT('',(-112.0125,137.768176,100.01));
#281 = LINE('',#282,#283);
#282 = CARTESIAN_POINT('',(-103.75,137.768176,100.01));
#283 = VECTOR('',#284,1.);
#284 = DIRECTION('',(1.,0.,0.));
#285 = ORIENTED_EDGE('',*,*,#286,.F.);
#286 = EDGE_CURVE('',#287,#279,#289,.T.);
#287 = VERTEX_POINT('',#288);
#288 = CARTESIAN_POINT('',(-112.0125,123.768176,100.01));
#289 = LINE('',#290,#291);
#290 = CARTESIAN_POINT('',(-112.0125,126.06176299998,100.01));
#291 = VECTOR('',#292,1.);
#292 = DIRECTION('',(0.,1.,0.));
#293 = ORIENTED_EDGE('',*,*,#294,.F.);
#294 = EDGE_CURVE('',#271,#287,#295,.T.);
#295 = LINE('',#296,#297);
#296 = CARTESIAN_POINT('',(-96.75,123.768176,100.01));
#297 = VECTOR('',#298,1.);
#298 = DIRECTION('',(-1.,0.,0.));
#299 = FACE_BOUND('',#300,.F.);
#300 = EDGE_LOOP('',(#301,#312,#320,#329,#337,#346,#354,#363));
#301 = ORIENTED_EDGE('',*,*,#302,.T.);
#302 = EDGE_CURVE('',#303,#305,#307,.T.);
#303 = VERTEX_POINT('',#304);
#304 = CARTESIAN_POINT('',(-104.36,175.27,100.01));
#305 = VERTEX_POINT('',#306);
#306 = CARTESIAN_POINT('',(-105.36,174.27,100.01));
#307 = CIRCLE('',#308,1.);
#308 = AXIS2_PLACEMENT_3D('',#309,#310,#311);
#309 = CARTESIAN_POINT('',(-104.36,174.27,100.01));
#310 = DIRECTION('',(0.,0.,1.));
#311 = DIRECTION('',(-1.,0.,0.));
#312 = ORIENTED_EDGE('',*,*,#313,.T.);
#313 = EDGE_CURVE('',#305,#314,#316,.T.);
#314 = VERTEX_POINT('',#315);
#315 = CARTESIAN_POINT('',(-105.36,163.47,100.01));
#316 = LINE('',#317,#318);
#317 = CARTESIAN_POINT('',(-105.36,145.41267499998,100.01));
#318 = VECTOR('',#319,1.);
#319 = DIRECTION('',(0.,-1.,0.));
#320 = ORIENTED_EDGE('',*,*,#321,.T.);
#321 = EDGE_CURVE('',#314,#322,#324,.T.);
#322 = VERTEX_POINT('',#323);
#323 = CARTESIAN_POINT('',(-104.36,162.47,100.01));
#324 = CIRCLE('',#325,1.);
#325 = AXIS2_PLACEMENT_3D('',#326,#327,#328);
#326 = CARTESIAN_POINT('',(-104.36,163.47,100.01));
#327 = DIRECTION('',(0.,0.,1.));
#328 = DIRECTION('',(-1.,0.,0.));
#329 = ORIENTED_EDGE('',*,*,#330,.T.);
#330 = EDGE_CURVE('',#322,#331,#333,.T.);
#331 = VERTEX_POINT('',#332);
#332 = CARTESIAN_POINT('',(-67.56,162.47,100.01));
#333 = LINE('',#334,#335);
#334 = CARTESIAN_POINT('',(-100.42375,162.47,100.01));
#335 = VECTOR('',#336,1.);
#336 = DIRECTION('',(1.,0.,0.));
#337 = ORIENTED_EDGE('',*,*,#338,.T.);
#338 = EDGE_CURVE('',#331,#339,#341,.T.);
#339 = VERTEX_POINT('',#340);
#340 = CARTESIAN_POINT('',(-66.56,163.47,100.01));
#341 = CIRCLE('',#342,1.);
#342 = AXIS2_PLACEMENT_3D('',#343,#344,#345);
#343 = CARTESIAN_POINT('',(-67.56,163.47,100.01));
#344 = DIRECTION('',(0.,0.,1.));
#345 = DIRECTION('',(1.,0.,0.));
#346 = ORIENTED_EDGE('',*,*,#347,.F.);
#347 = EDGE_CURVE('',#348,#339,#350,.T.);
#348 = VERTEX_POINT('',#349);
#349 = CARTESIAN_POINT('',(-66.56,174.27,100.01));
#350 = LINE('',#351,#352);
#351 = CARTESIAN_POINT('',(-66.56,145.41267499998,100.01));
#352 = VECTOR('',#353,1.);
#353 = DIRECTION('',(0.,-1.,0.));
#354 = ORIENTED_EDGE('',*,*,#355,.T.);
#355 = EDGE_CURVE('',#348,#356,#358,.T.);
#356 = VERTEX_POINT('',#357);
#357 = CARTESIAN_POINT('',(-67.56,175.27,100.01));
#358 = CIRCLE('',#359,1.);
#359 = AXIS2_PLACEMENT_3D('',#360,#361,#362);
#360 = CARTESIAN_POINT('',(-67.56,174.27,100.01));
#361 = DIRECTION('',(0.,0.,1.));
#362 = DIRECTION('',(1.,0.,0.));
#363 = ORIENTED_EDGE('',*,*,#364,.F.);
#364 = EDGE_CURVE('',#303,#356,#365,.T.);
#365 = LINE('',#366,#367);
#366 = CARTESIAN_POINT('',(-100.42375,175.27,100.01));
#367 = VECTOR('',#368,1.);
#368 = DIRECTION('',(1.,0.,0.));
#369 = FACE_BOUND('',#370,.F.);
#370 = EDGE_LOOP('',(#371));
#371 = ORIENTED_EDGE('',*,*,#372,.F.);
#372 = EDGE_CURVE('',#373,#373,#375,.T.);
#373 = VERTEX_POINT('',#374);
#374 = CARTESIAN_POINT('',(-59.99999863654,169.49999621138,100.01));
#375 = CIRCLE('',#376,1.);
#376 = AXIS2_PLACEMENT_3D('',#377,#378,#379);
#377 = CARTESIAN_POINT('',(-60.99999863654,169.49999621138,100.01));
#378 = DIRECTION('',(0.,0.,-1.));
#379 = DIRECTION('',(-1.,0.,0.));
#380 = FACE_BOUND('',#381,.F.);
#381 = EDGE_LOOP('',(#382,#392,#400,#408));
#382 = ORIENTED_EDGE('',*,*,#383,.F.);
#383 = EDGE_CURVE('',#384,#386,#388,.T.);
#384 = VERTEX_POINT('',#385);
#385 = CARTESIAN_POINT('',(-78.9625,156.818176,100.01));
#386 = VERTEX_POINT('',#387);
#387 = CARTESIAN_POINT('',(-78.9625,142.818176,100.01));
#388 = LINE('',#389,#390);
#389 = CARTESIAN_POINT('',(-78.9625,142.58676299998,100.01));
#390 = VECTOR('',#391,1.);
#391 = DIRECTION('',(0.,-1.,0.));
#392 = ORIENTED_EDGE('',*,*,#393,.F.);
#393 = EDGE_CURVE('',#394,#384,#396,.T.);
#394 = VERTEX_POINT('',#395);
#395 = CARTESIAN_POINT('',(-92.9625,156.818176,100.01));
#396 = LINE('',#397,#398);
#397 = CARTESIAN_POINT('',(-94.225,156.818176,100.01));
#398 = VECTOR('',#399,1.);
#399 = DIRECTION('',(1.,0.,0.));
#400 = ORIENTED_EDGE('',*,*,#401,.F.);
#401 = EDGE_CURVE('',#402,#394,#404,.T.);
#402 = VERTEX_POINT('',#403);
#403 = CARTESIAN_POINT('',(-92.9625,142.818176,100.01));
#404 = LINE('',#405,#406);
#405 = CARTESIAN_POINT('',(-92.9625,135.58676299998,100.01));
#406 = VECTOR('',#407,1.);
#407 = DIRECTION('',(0.,1.,0.));
#408 = ORIENTED_EDGE('',*,*,#409,.F.);
#409 = EDGE_CURVE('',#386,#402,#410,.T.);
#410 = LINE('',#411,#412);
#411 = CARTESIAN_POINT('',(-87.225,142.818176,100.01));
#412 = VECTOR('',#413,1.);
#413 = DIRECTION('',(-1.,0.,0.));
#414 = FACE_BOUND('',#415,.F.);
#415 = EDGE_LOOP('',(#416,#426,#434,#442));
#416 = ORIENTED_EDGE('',*,*,#417,.F.);
#417 = EDGE_CURVE('',#418,#420,#422,.T.);
#418 = VERTEX_POINT('',#419);
#419 = CARTESIAN_POINT('',(-78.9625,137.768176,100.01));
#420 = VERTEX_POINT('',#421);
#421 = CARTESIAN_POINT('',(-78.9625,123.768176,100.01));
#422 = LINE('',#423,#424);
#423 = CARTESIAN_POINT('',(-78.9625,133.06176299998,100.01));
#424 = VECTOR('',#425,1.);
#425 = DIRECTION('',(0.,-1.,0.));
#426 = ORIENTED_EDGE('',*,*,#427,.F.);
#427 = EDGE_CURVE('',#428,#418,#430,.T.);
#428 = VERTEX_POINT('',#429);
#429 = CARTESIAN_POINT('',(-92.9625,137.768176,100.01));
#430 = LINE('',#431,#432);
#431 = CARTESIAN_POINT('',(-94.225,137.768176,100.01));
#432 = VECTOR('',#433,1.);
#433 = DIRECTION('',(1.,0.,0.));
#434 = ORIENTED_EDGE('',*,*,#435,.F.);
#435 = EDGE_CURVE('',#436,#428,#438,.T.);
#436 = VERTEX_POINT('',#437);
#437 = CARTESIAN_POINT('',(-92.9625,123.768176,100.01));
#438 = LINE('',#439,#440);
#439 = CARTESIAN_POINT('',(-92.9625,126.06176299998,100.01));
#440 = VECTOR('',#441,1.);
#441 = DIRECTION('',(0.,1.,0.));
#442 = ORIENTED_EDGE('',*,*,#443,.F.);
#443 = EDGE_CURVE('',#420,#436,#444,.T.);
#444 = LINE('',#445,#446);
#445 = CARTESIAN_POINT('',(-87.225,123.768176,100.01));
#446 = VECTOR('',#447,1.);
#447 = DIRECTION('',(-1.,0.,0.));
#448 = FACE_BOUND('',#449,.F.);
#449 = EDGE_LOOP('',(#450));
#450 = ORIENTED_EDGE('',*,*,#451,.F.);
#451 = EDGE_CURVE('',#452,#452,#454,.T.);
#452 = VERTEX_POINT('',#453);
#453 = CARTESIAN_POINT('',(-75.50000113993,140.50000209361,100.01));
#454 = CIRCLE('',#455,1.);
#455 = AXIS2_PLACEMENT_3D('',#456,#457,#458);
#456 = CARTESIAN_POINT('',(-76.50000113993,140.50000209361,100.01));
#457 = DIRECTION('',(0.,0.,-1.));
#458 = DIRECTION('',(-1.,0.,0.));
#459 = FACE_BOUND('',#460,.F.);
#460 = EDGE_LOOP('',(#461,#471,#479,#487));
#461 = ORIENTED_EDGE('',*,*,#462,.F.);
#462 = EDGE_CURVE('',#463,#465,#467,.T.);
#463 = VERTEX_POINT('',#464);
#464 = CARTESIAN_POINT('',(-59.9125,156.818176,100.01));
#465 = VERTEX_POINT('',#466);
#466 = CARTESIAN_POINT('',(-59.9125,142.818176,100.01));
#467 = LINE('',#468,#469);
#468 = CARTESIAN_POINT('',(-59.9125,142.58676299998,100.01));
#469 = VECTOR('',#470,1.);
#470 = DIRECTION('',(0.,-1.,0.));
#471 = ORIENTED_EDGE('',*,*,#472,.F.);
#472 = EDGE_CURVE('',#473,#463,#475,.T.);
#473 = VERTEX_POINT('',#474);
#474 = CARTESIAN_POINT('',(-73.9125,156.818176,100.01));
#475 = LINE('',#476,#477);
#476 = CARTESIAN_POINT('',(-84.7,156.818176,100.01));
#477 = VECTOR('',#478,1.);
#478 = DIRECTION('',(1.,0.,0.));
#479 = ORIENTED_EDGE('',*,*,#480,.F.);
#480 = EDGE_CURVE('',#481,#473,#483,.T.);
#481 = VERTEX_POINT('',#482);
#482 = CARTESIAN_POINT('',(-73.9125,142.818176,100.01));
#483 = LINE('',#484,#485);
#484 = CARTESIAN_POINT('',(-73.9125,135.58676299998,100.01));
#485 = VECTOR('',#486,1.);
#486 = DIRECTION('',(0.,1.,0.));
#487 = ORIENTED_EDGE('',*,*,#488,.F.);
#488 = EDGE_CURVE('',#465,#481,#489,.T.);
#489 = LINE('',#490,#491);
#490 = CARTESIAN_POINT('',(-77.7,142.818176,100.01));
#491 = VECTOR('',#492,1.);
#492 = DIRECTION('',(-1.,0.,0.));
#493 = FACE_BOUND('',#494,.F.);
#494 = EDGE_LOOP('',(#495,#505,#513,#521));
#495 = ORIENTED_EDGE('',*,*,#496,.F.);
#496 = EDGE_CURVE('',#497,#499,#501,.T.);
#497 = VERTEX_POINT('',#498);
#498 = CARTESIAN_POINT('',(-59.9125,137.768176,100.01));
#499 = VERTEX_POINT('',#500);
#500 = CARTESIAN_POINT('',(-59.9125,123.768176,100.01));
#501 = LINE('',#502,#503);
#502 = CARTESIAN_POINT('',(-59.9125,133.06176299998,100.01));
#503 = VECTOR('',#504,1.);
#504 = DIRECTION('',(0.,-1.,0.));
#505 = ORIENTED_EDGE('',*,*,#506,.F.);
#506 = EDGE_CURVE('',#507,#497,#509,.T.);
#507 = VERTEX_POINT('',#508);
#508 = CARTESIAN_POINT('',(-73.9125,137.768176,100.01));
#509 = LINE('',#510,#511);
#510 = CARTESIAN_POINT('',(-84.7,137.768176,100.01));
#511 = VECTOR('',#512,1.);
#512 = DIRECTION('',(1.,0.,0.));
#513 = ORIENTED_EDGE('',*,*,#514,.F.);
#514 = EDGE_CURVE('',#515,#507,#517,.T.);
#515 = VERTEX_POINT('',#516);
#516 = CARTESIAN_POINT('',(-73.9125,123.768176,100.01));
#517 = LINE('',#518,#519);
#518 = CARTESIAN_POINT('',(-73.9125,126.06176299998,100.01));
#519 = VECTOR('',#520,1.);
#520 = DIRECTION('',(0.,1.,0.));
#521 = ORIENTED_EDGE('',*,*,#522,.F.);
#522 = EDGE_CURVE('',#499,#515,#523,.T.);
#523 = LINE('',#524,#525);
#524 = CARTESIAN_POINT('',(-77.7,123.768176,100.01));
#525 = VECTOR('',#526,1.);
#526 = DIRECTION('',(-1.,0.,0.));
#527 = FACE_BOUND('',#528,.F.);
#528 = EDGE_LOOP('',(#529));
#529 = ORIENTED_EDGE('',*,*,#530,.T.);
#530 = EDGE_CURVE('',#531,#531,#533,.T.);
#531 = VERTEX_POINT('',#532);
#532 = CARTESIAN_POINT('',(-51.525,138.0057,100.01));
#533 = CIRCLE('',#534,1.1);
#534 = AXIS2_PLACEMENT_3D('',#535,#536,#537);
#535 = CARTESIAN_POINT('',(-52.625,138.0057,100.01));
#536 = DIRECTION('',(0.,0.,1.));
#537 = DIRECTION('',(1.,0.,-0.));
#538 = FACE_BOUND('',#539,.F.);
#539 = EDGE_LOOP('',(#540,#550,#558,#566));
#540 = ORIENTED_EDGE('',*,*,#541,.F.);
#541 = EDGE_CURVE('',#542,#544,#546,.T.);
#542 = VERTEX_POINT('',#543);
#543 = CARTESIAN_POINT('',(-117.0625,118.718176,100.01));
#544 = VERTEX_POINT('',#545);
#545 = CARTESIAN_POINT('',(-117.0625,104.718176,100.01));
#546 = LINE('',#547,#548);
#547 = CARTESIAN_POINT('',(-117.0625,123.53676299998,100.01));
#548 = VECTOR('',#549,1.);
#549 = DIRECTION('',(0.,-1.,0.));
#550 = ORIENTED_EDGE('',*,*,#551,.F.);
#551 = EDGE_CURVE('',#552,#542,#554,.T.);
#552 = VERTEX_POINT('',#553);
#553 = CARTESIAN_POINT('',(-131.0625,118.718176,100.01));
#554 = LINE('',#555,#556);
#555 = CARTESIAN_POINT('',(-113.275,118.718176,100.01));
#556 = VECTOR('',#557,1.);
#557 = DIRECTION('',(1.,0.,0.));
#558 = ORIENTED_EDGE('',*,*,#559,.F.);
#559 = EDGE_CURVE('',#560,#552,#562,.T.);
#560 = VERTEX_POINT('',#561);
#561 = CARTESIAN_POINT('',(-131.0625,104.718176,100.01));
#562 = LINE('',#563,#564);
#563 = CARTESIAN_POINT('',(-131.0625,116.53676299998,100.01));
#564 = VECTOR('',#565,1.);
#565 = DIRECTION('',(0.,1.,0.));
#566 = ORIENTED_EDGE('',*,*,#567,.F.);
#567 = EDGE_CURVE('',#544,#560,#568,.T.);
#568 = LINE('',#569,#570);
#569 = CARTESIAN_POINT('',(-106.275,104.718176,100.01));
#570 = VECTOR('',#571,1.);
#571 = DIRECTION('',(-1.,0.,0.));
#572 = FACE_BOUND('',#573,.F.);
#573 = EDGE_LOOP('',(#574,#584,#592,#600));
#574 = ORIENTED_EDGE('',*,*,#575,.F.);
#575 = EDGE_CURVE('',#576,#578,#580,.T.);
#576 = VERTEX_POINT('',#577);
#577 = CARTESIAN_POINT('',(-98.0125,118.718176,100.01));
#578 = VERTEX_POINT('',#579);
#579 = CARTESIAN_POINT('',(-98.0125,104.718176,100.01));
#580 = LINE('',#581,#582);
#581 = CARTESIAN_POINT('',(-98.0125,123.53676299998,100.01));
#582 = VECTOR('',#583,1.);
#583 = DIRECTION('',(0.,-1.,0.));
#584 = ORIENTED_EDGE('',*,*,#585,.F.);
#585 = EDGE_CURVE('',#586,#576,#588,.T.);
#586 = VERTEX_POINT('',#587);
#587 = CARTESIAN_POINT('',(-112.0125,118.718176,100.01));
#588 = LINE('',#589,#590);
#589 = CARTESIAN_POINT('',(-103.75,118.718176,100.01));
#590 = VECTOR('',#591,1.);
#591 = DIRECTION('',(1.,0.,0.));
#592 = ORIENTED_EDGE('',*,*,#593,.F.);
#593 = EDGE_CURVE('',#594,#586,#596,.T.);
#594 = VERTEX_POINT('',#595);
#595 = CARTESIAN_POINT('',(-112.0125,104.718176,100.01));
#596 = LINE('',#597,#598);
#597 = CARTESIAN_POINT('',(-112.0125,116.53676299998,100.01));
#598 = VECTOR('',#599,1.);
#599 = DIRECTION('',(0.,1.,0.));
#600 = ORIENTED_EDGE('',*,*,#601,.F.);
#601 = EDGE_CURVE('',#578,#594,#602,.T.);
#602 = LINE('',#603,#604);
#603 = CARTESIAN_POINT('',(-96.75,104.718176,100.01));
#604 = VECTOR('',#605,1.);
#605 = DIRECTION('',(-1.,0.,0.));
#606 = FACE_BOUND('',#607,.F.);
#607 = EDGE_LOOP('',(#608));
#608 = ORIENTED_EDGE('',*,*,#609,.T.);
#609 = EDGE_CURVE('',#610,#610,#612,.T.);
#610 = VERTEX_POINT('',#611);
#611 = CARTESIAN_POINT('',(-137.4,108.,100.01));
#612 = CIRCLE('',#613,1.1);
#613 = AXIS2_PLACEMENT_3D('',#614,#615,#616);
#614 = CARTESIAN_POINT('',(-138.5,108.,100.01));
#615 = DIRECTION('',(0.,0.,1.));
#616 = DIRECTION('',(1.,0.,-0.));
#617 = FACE_BOUND('',#618,.F.);
#618 = EDGE_LOOP('',(#619));
#619 = ORIENTED_EDGE('',*,*,#620,.F.);
#620 = EDGE_CURVE('',#621,#621,#623,.T.);
#621 = VERTEX_POINT('',#622);
#622 = CARTESIAN_POINT('',(-132.5000019893,102.50000152736,100.01));
#623 = CIRCLE('',#624,1.);
#624 = AXIS2_PLACEMENT_3D('',#625,#626,#627);
#625 = CARTESIAN_POINT('',(-133.5000019893,102.50000152736,100.01));
#626 = DIRECTION('',(0.,0.,-1.));
#627 = DIRECTION('',(-1.,0.,0.));
#628 = FACE_BOUND('',#629,.F.);
#629 = EDGE_LOOP('',(#630,#640,#648,#656));
#630 = ORIENTED_EDGE('',*,*,#631,.F.);
#631 = EDGE_CURVE('',#632,#634,#636,.T.);
#632 = VERTEX_POINT('',#633);
#633 = CARTESIAN_POINT('',(-117.0625,99.668176,100.01));
#634 = VERTEX_POINT('',#635);
#635 = CARTESIAN_POINT('',(-117.0625,85.668176,100.01));
#636 = LINE('',#637,#638);
#637 = CARTESIAN_POINT('',(-117.0625,114.01176299998,100.01));
#638 = VECTOR('',#639,1.);
#639 = DIRECTION('',(0.,-1.,0.));
#640 = ORIENTED_EDGE('',*,*,#641,.F.);
#641 = EDGE_CURVE('',#642,#632,#644,.T.);
#642 = VERTEX_POINT('',#643);
#643 = CARTESIAN_POINT('',(-131.0625,99.668176,100.01));
#644 = LINE('',#645,#646);
#645 = CARTESIAN_POINT('',(-113.275,99.668176,100.01));
#646 = VECTOR('',#647,1.);
#647 = DIRECTION('',(1.,0.,0.));
#648 = ORIENTED_EDGE('',*,*,#649,.F.);
#649 = EDGE_CURVE('',#650,#642,#652,.T.);
#650 = VERTEX_POINT('',#651);
#651 = CARTESIAN_POINT('',(-131.0625,85.668176,100.01));
#652 = LINE('',#653,#654);
#653 = CARTESIAN_POINT('',(-131.0625,107.01176299998,100.01));
#654 = VECTOR('',#655,1.);
#655 = DIRECTION('',(0.,1.,0.));
#656 = ORIENTED_EDGE('',*,*,#657,.F.);
#657 = EDGE_CURVE('',#634,#650,#658,.T.);
#658 = LINE('',#659,#660);
#659 = CARTESIAN_POINT('',(-106.275,85.668176,100.01));
#660 = VECTOR('',#661,1.);
#661 = DIRECTION('',(-1.,0.,0.));
#662 = FACE_BOUND('',#663,.F.);
#663 = EDGE_LOOP('',(#664,#674,#682,#690));
#664 = ORIENTED_EDGE('',*,*,#665,.F.);
#665 = EDGE_CURVE('',#666,#668,#670,.T.);
#666 = VERTEX_POINT('',#667);
#667 = CARTESIAN_POINT('',(-98.0125,99.668176,100.01));
#668 = VERTEX_POINT('',#669);
#669 = CARTESIAN_POINT('',(-98.0125,85.668176,100.01));
#670 = LINE('',#671,#672);
#671 = CARTESIAN_POINT('',(-98.0125,114.01176299998,100.01));
#672 = VECTOR('',#673,1.);
#673 = DIRECTION('',(0.,-1.,0.));
#674 = ORIENTED_EDGE('',*,*,#675,.F.);
#675 = EDGE_CURVE('',#676,#666,#678,.T.);
#676 = VERTEX_POINT('',#677);
#677 = CARTESIAN_POINT('',(-112.0125,99.668176,100.01));
#678 = LINE('',#679,#680);
#679 = CARTESIAN_POINT('',(-103.75,99.668176,100.01));
#680 = VECTOR('',#681,1.);
#681 = DIRECTION('',(1.,0.,0.));
#682 = ORIENTED_EDGE('',*,*,#683,.F.);
#683 = EDGE_CURVE('',#684,#676,#686,.T.);
#684 = VERTEX_POINT('',#685);
#685 = CARTESIAN_POINT('',(-112.0125,85.668176,100.01));
#686 = LINE('',#687,#688);
#687 = CARTESIAN_POINT('',(-112.0125,107.01176299998,100.01));
#688 = VECTOR('',#689,1.);
#689 = DIRECTION('',(0.,1.,0.));
#690 = ORIENTED_EDGE('',*,*,#691,.F.);
#691 = EDGE_CURVE('',#668,#684,#692,.T.);
#692 = LINE('',#693,#694);
#693 = CARTESIAN_POINT('',(-96.75,85.668176,100.01));
#694 = VECTOR('',#695,1.);
#695 = DIRECTION('',(-1.,0.,0.));
#696 = FACE_BOUND('',#697,.F.);
#697 = EDGE_LOOP('',(#698,#708,#716,#724));
#698 = ORIENTED_EDGE('',*,*,#699,.F.);
#699 = EDGE_CURVE('',#700,#702,#704,.T.);
#700 = VERTEX_POINT('',#701);
#701 = CARTESIAN_POINT('',(-78.9625,118.718176,100.01));
#702 = VERTEX_POINT('',#703);
#703 = CARTESIAN_POINT('',(-78.9625,104.718176,100.01));
#704 = LINE('',#705,#706);
#705 = CARTESIAN_POINT('',(-78.9625,123.53676299998,100.01));
#706 = VECTOR('',#707,1.);
#707 = DIRECTION('',(0.,-1.,0.));
#708 = ORIENTED_EDGE('',*,*,#709,.F.);
#709 = EDGE_CURVE('',#710,#700,#712,.T.);
#710 = VERTEX_POINT('',#711);
#711 = CARTESIAN_POINT('',(-92.9625,118.718176,100.01));
#712 = LINE('',#713,#714);
#713 = CARTESIAN_POINT('',(-94.225,118.718176,100.01));
#714 = VECTOR('',#715,1.);
#715 = DIRECTION('',(1.,0.,0.));
#716 = ORIENTED_EDGE('',*,*,#717,.F.);
#717 = EDGE_CURVE('',#718,#710,#720,.T.);
#718 = VERTEX_POINT('',#719);
#719 = CARTESIAN_POINT('',(-92.9625,104.718176,100.01));
#720 = LINE('',#721,#722);
#721 = CARTESIAN_POINT('',(-92.9625,116.53676299998,100.01));
#722 = VECTOR('',#723,1.);
#723 = DIRECTION('',(0.,1.,0.));
#724 = ORIENTED_EDGE('',*,*,#725,.F.);
#725 = EDGE_CURVE('',#702,#718,#726,.T.);
#726 = LINE('',#727,#728);
#727 = CARTESIAN_POINT('',(-87.225,104.718176,100.01));
#728 = VECTOR('',#729,1.);
#729 = DIRECTION('',(-1.,0.,0.));
#730 = FACE_BOUND('',#731,.F.);
#731 = EDGE_LOOP('',(#732,#742,#750,#758));
#732 = ORIENTED_EDGE('',*,*,#733,.F.);
#733 = EDGE_CURVE('',#734,#736,#738,.T.);
#734 = VERTEX_POINT('',#735);
#735 = CARTESIAN_POINT('',(-59.9125,118.718176,100.01));
#736 = VERTEX_POINT('',#737);
#737 = CARTESIAN_POINT('',(-59.9125,104.718176,100.01));
#738 = LINE('',#739,#740);
#739 = CARTESIAN_POINT('',(-59.9125,123.53676299998,100.01));
#740 = VECTOR('',#741,1.);
#741 = DIRECTION('',(0.,-1.,0.));
#742 = ORIENTED_EDGE('',*,*,#743,.F.);
#743 = EDGE_CURVE('',#744,#734,#746,.T.);
#744 = VERTEX_POINT('',#745);
#745 = CARTESIAN_POINT('',(-73.9125,118.718176,100.01));
#746 = LINE('',#747,#748);
#747 = CARTESIAN_POINT('',(-84.7,118.718176,100.01));
#748 = VECTOR('',#749,1.);
#749 = DIRECTION('',(1.,0.,0.));
#750 = ORIENTED_EDGE('',*,*,#751,.F.);
#751 = EDGE_CURVE('',#752,#744,#754,.T.);
#752 = VERTEX_POINT('',#753);
#753 = CARTESIAN_POINT('',(-73.9125,104.718176,100.01));
#754 = LINE('',#755,#756);
#755 = CARTESIAN_POINT('',(-73.9125,116.53676299998,100.01));
#756 = VECTOR('',#757,1.);
#757 = DIRECTION('',(0.,1.,0.));
#758 = ORIENTED_EDGE('',*,*,#759,.F.);
#759 = EDGE_CURVE('',#736,#752,#760,.T.);
#760 = LINE('',#761,#762);
#761 = CARTESIAN_POINT('',(-77.7,104.718176,100.01));
#762 = VECTOR('',#763,1.);
#763 = DIRECTION('',(-1.,0.,0.));
#764 = FACE_BOUND('',#765,.F.);
#765 = EDGE_LOOP('',(#766));
#766 = ORIENTED_EDGE('',*,*,#767,.F.);
#767 = EDGE_CURVE('',#768,#768,#770,.T.);
#768 = VERTEX_POINT('',#769);
#769 = CARTESIAN_POINT('',(-75.50000113993,102.00000151991,100.01));
#770 = CIRCLE('',#771,1.);
#771 = AXIS2_PLACEMENT_3D('',#772,#773,#774);
#772 = CARTESIAN_POINT('',(-76.50000113993,102.00000151991,100.01));
#773 = DIRECTION('',(0.,0.,-1.));
#774 = DIRECTION('',(-1.,0.,0.));
#775 = FACE_BOUND('',#776,.F.);
#776 = EDGE_LOOP('',(#777,#787,#795,#803));
#777 = ORIENTED_EDGE('',*,*,#778,.F.);
#778 = EDGE_CURVE('',#779,#781,#783,.T.);
#779 = VERTEX_POINT('',#780);
#780 = CARTESIAN_POINT('',(-78.9625,99.668176,100.01));
#781 = VERTEX_POINT('',#782);
#782 = CARTESIAN_POINT('',(-78.9625,85.668176,100.01));
#783 = LINE('',#784,#785);
#784 = CARTESIAN_POINT('',(-78.9625,114.01176299998,100.01));
#785 = VECTOR('',#786,1.);
#786 = DIRECTION('',(0.,-1.,0.));
#787 = ORIENTED_EDGE('',*,*,#788,.F.);
#788 = EDGE_CURVE('',#789,#779,#791,.T.);
#789 = VERTEX_POINT('',#790);
#790 = CARTESIAN_POINT('',(-92.9625,99.668176,100.01));
#791 = LINE('',#792,#793);
#792 = CARTESIAN_POINT('',(-94.225,99.668176,100.01));
#793 = VECTOR('',#794,1.);
#794 = DIRECTION('',(1.,0.,0.));
#795 = ORIENTED_EDGE('',*,*,#796,.F.);
#796 = EDGE_CURVE('',#797,#789,#799,.T.);
#797 = VERTEX_POINT('',#798);
#798 = CARTESIAN_POINT('',(-92.9625,85.668176,100.01));
#799 = LINE('',#800,#801);
#800 = CARTESIAN_POINT('',(-92.9625,107.01176299998,100.01));
#801 = VECTOR('',#802,1.);
#802 = DIRECTION('',(0.,1.,0.));
#803 = ORIENTED_EDGE('',*,*,#804,.F.);
#804 = EDGE_CURVE('',#781,#797,#805,.T.);
#805 = LINE('',#806,#807);
#806 = CARTESIAN_POINT('',(-87.225,85.668176,100.01));
#807 = VECTOR('',#808,1.);
#808 = DIRECTION('',(-1.,0.,0.));
#809 = FACE_BOUND('',#810,.F.);
#810 = EDGE_LOOP('',(#811));
#811 = ORIENTED_EDGE('',*,*,#812,.F.);
#812 = EDGE_CURVE('',#813,#813,#815,.T.);
#813 = VERTEX_POINT('',#814);
#814 = CARTESIAN_POINT('',(-53.00000080466,108.00000160932,100.01));
#815 = CIRCLE('',#816,1.);
#816 = AXIS2_PLACEMENT_3D('',#817,#818,#819);
#817 = CARTESIAN_POINT('',(-54.00000080466,108.00000160932,100.01));
#818 = DIRECTION('',(0.,0.,-1.));
#819 = DIRECTION('',(-1.,0.,0.));
#820 = FACE_BOUND('',#821,.F.);
#821 = EDGE_LOOP('',(#822,#832,#840,#848));
#822 = ORIENTED_EDGE('',*,*,#823,.F.);
#823 = EDGE_CURVE('',#824,#826,#828,.T.);
#824 = VERTEX_POINT('',#825);
#825 = CARTESIAN_POINT('',(-59.9125,99.668176,100.01));
#826 = VERTEX_POINT('',#827);
#827 = CARTESIAN_POINT('',(-59.9125,85.668176,100.01));
#828 = LINE('',#829,#830);
#829 = CARTESIAN_POINT('',(-59.9125,114.01176299998,100.01));
#830 = VECTOR('',#831,1.);
#831 = DIRECTION('',(0.,-1.,0.));
#832 = ORIENTED_EDGE('',*,*,#833,.F.);
#833 = EDGE_CURVE('',#834,#824,#836,.T.);
#834 = VERTEX_POINT('',#835);
#835 = CARTESIAN_POINT('',(-73.9125,99.668176,100.01));
#836 = LINE('',#837,#838);
#837 = CARTESIAN_POINT('',(-84.7,99.668176,100.01));
#838 = VECTOR('',#839,1.);
#839 = DIRECTION('',(1.,0.,0.));
#840 = ORIENTED_EDGE('',*,*,#841,.F.);
#841 = EDGE_CURVE('',#842,#834,#844,.T.);
#842 = VERTEX_POINT('',#843);
#843 = CARTESIAN_POINT('',(-73.9125,85.668176,100.01));
#844 = LINE('',#845,#846);
#845 = CARTESIAN_POINT('',(-73.9125,107.01176299998,100.01));
#846 = VECTOR('',#847,1.);
#847 = DIRECTION('',(0.,1.,0.));
#848 = ORIENTED_EDGE('',*,*,#849,.F.);
#849 = EDGE_CURVE('',#826,#842,#850,.T.);
#850 = LINE('',#851,#852);
#851 = CARTESIAN_POINT('',(-77.7,85.668176,100.01));
#852 = VECTOR('',#853,1.);
#853 = DIRECTION('',(-1.,0.,0.));
#854 = PLANE('',#855);
#855 = AXIS2_PLACEMENT_3D('',#856,#857,#858);
#856 = CARTESIAN_POINT('',(-95.4875,128.35534999997,100.01));
#857 = DIRECTION('',(0.,0.,-1.));
#858 = DIRECTION('',(1.,0.,0.));
#859 = ADVANCED_FACE('',(#860),#918,.F.);
#860 = FACE_BOUND('',#861,.F.);
#861 = EDGE_LOOP('',(#862,#871,#872,#880,#888,#896,#904,#912));
#862 = ORIENTED_EDGE('',*,*,#863,.F.);
#863 = EDGE_CURVE('',#22,#864,#866,.T.);
#864 = VERTEX_POINT('',#865);
#865 = CARTESIAN_POINT('',(-144.35,132.395676,99.21));
#866 = CIRCLE('',#867,0.8);
#867 = AXIS2_PLACEMENT_3D('',#868,#869,#870);
#868 = CARTESIAN_POINT('',(-143.55,132.395676,99.21));
#869 = DIRECTION('',(0.,-1.,0.));
#870 = DIRECTION('',(0.,0.,-1.));
#871 = ORIENTED_EDGE('',*,*,#21,.T.);
#872 = ORIENTED_EDGE('',*,*,#873,.F.);
#873 = EDGE_CURVE('',#874,#24,#876,.T.);
#874 = VERTEX_POINT('',#875);
#875 = CARTESIAN_POINT('',(-140.05,132.395676,98.01));
#876 = LINE('',#877,#878);
#877 = CARTESIAN_POINT('',(-140.05,132.395676,-100.));
#878 = VECTOR('',#879,1.);
#879 = DIRECTION('',(0.,0.,1.));
#880 = ORIENTED_EDGE('',*,*,#881,.F.);
#881 = EDGE_CURVE('',#882,#874,#884,.T.);
#882 = VERTEX_POINT('',#883);
#883 = CARTESIAN_POINT('',(-142.55,132.395676,98.01));
#884 = LINE('',#885,#886);
#885 = CARTESIAN_POINT('',(-121.41875,132.395676,98.01));
#886 = VECTOR('',#887,1.);
#887 = DIRECTION('',(1.,0.,0.));
#888 = ORIENTED_EDGE('',*,*,#889,.T.);
#889 = EDGE_CURVE('',#882,#890,#892,.T.);
#890 = VERTEX_POINT('',#891);
#891 = CARTESIAN_POINT('',(-142.85,132.395676,98.31));
#892 = LINE('',#893,#894);
#893 = CARTESIAN_POINT('',(-94.3975,132.395676,49.857500000002));
#894 = VECTOR('',#895,1.);
#895 = DIRECTION('',(-0.707106781187,0.,0.707106781187));
#896 = ORIENTED_EDGE('',*,*,#897,.T.);
#897 = EDGE_CURVE('',#890,#898,#900,.T.);
#898 = VERTEX_POINT('',#899);
#899 = CARTESIAN_POINT('',(-142.85,132.395676,98.81));
#900 = LINE('',#901,#902);
#901 = CARTESIAN_POINT('',(-142.85,132.395676,-1.145));
#902 = VECTOR('',#903,1.);
#903 = DIRECTION('',(0.,0.,1.));
#904 = ORIENTED_EDGE('',*,*,#905,.F.);
#905 = EDGE_CURVE('',#906,#898,#908,.T.);
#906 = VERTEX_POINT('',#907);
#907 = CARTESIAN_POINT('',(-144.35,132.395676,98.81));
#908 = LINE('',#909,#910);
#909 = CARTESIAN_POINT('',(-73.675,132.395676,98.81));
#910 = VECTOR('',#911,1.);
#911 = DIRECTION('',(1.,0.,0.));
#912 = ORIENTED_EDGE('',*,*,#913,.T.);
#913 = EDGE_CURVE('',#906,#864,#914,.T.);
#914 = LINE('',#915,#916);
#915 = CARTESIAN_POINT('',(-144.35,132.395676,-80.));
#916 = VECTOR('',#917,1.);
#917 = DIRECTION('',(0.,0.,1.));
#918 = PLANE('',#919);
#919 = AXIS2_PLACEMENT_3D('',#920,#921,#922);
#920 = CARTESIAN_POINT('',(-147.35,132.395676,-100.));
#921 = DIRECTION('',(0.,1.,0.));
#922 = DIRECTION('',(0.,0.,1.));
#923 = ADVANCED_FACE('',(#924),#943,.T.);
#924 = FACE_BOUND('',#925,.T.);
#925 = EDGE_LOOP('',(#926,#935,#941,#942));
#926 = ORIENTED_EDGE('',*,*,#927,.T.);
#927 = EDGE_CURVE('',#32,#928,#930,.T.);
#928 = VERTEX_POINT('',#929);
#929 = CARTESIAN_POINT('',(-144.35,178.225,99.21));
#930 = CIRCLE('',#931,0.8);
#931 = AXIS2_PLACEMENT_3D('',#932,#933,#934);
#932 = CARTESIAN_POINT('',(-143.55,178.225,99.21));
#933 = DIRECTION('',(8.732E-14,-1.,0.));
#934 = DIRECTION('',(-1.,-8.732E-14,0.));
#935 = ORIENTED_EDGE('',*,*,#936,.T.);
#936 = EDGE_CURVE('',#928,#864,#937,.T.);
#937 = LINE('',#938,#939);
#938 = CARTESIAN_POINT('',(-144.35,178.225,99.21));
#939 = VECTOR('',#940,1.);
#940 = DIRECTION('',(0.,-1.,0.));
#941 = ORIENTED_EDGE('',*,*,#863,.F.);
#942 = ORIENTED_EDGE('',*,*,#31,.F.);
#943 = CYLINDRICAL_SURFACE('',#944,0.8);
#944 = AXIS2_PLACEMENT_3D('',#945,#946,#947);
#945 = CARTESIAN_POINT('',(-143.55,178.225,99.21));
#946 = DIRECTION('',(0.,-1.,0.));
#947 = DIRECTION('',(0.,0.,1.));
#948 = ADVANCED_FACE('',(#949),#967,.F.);
#949 = FACE_BOUND('',#950,.F.);
#950 = EDGE_LOOP('',(#951,#959,#965,#966));
#951 = ORIENTED_EDGE('',*,*,#952,.F.);
#952 = EDGE_CURVE('',#953,#140,#955,.T.);
#953 = VERTEX_POINT('',#954);
#954 = CARTESIAN_POINT('',(-140.05,111.995676,98.01));
#955 = LINE('',#956,#957);
#956 = CARTESIAN_POINT('',(-140.05,111.995676,-100.));
#957 = VECTOR('',#958,1.);
#958 = DIRECTION('',(0.,0.,1.));
#959 = ORIENTED_EDGE('',*,*,#960,.F.);
#960 = EDGE_CURVE('',#874,#953,#961,.T.);
#961 = LINE('',#962,#963);
#962 = CARTESIAN_POINT('',(-140.05,120.17551299998,98.01));
#963 = VECTOR('',#964,1.);
#964 = DIRECTION('',(0.,-1.,0.));
#965 = ORIENTED_EDGE('',*,*,#873,.T.);
#966 = ORIENTED_EDGE('',*,*,#147,.T.);
#967 = PLANE('',#968);
#968 = AXIS2_PLACEMENT_3D('',#969,#970,#971);
#969 = CARTESIAN_POINT('',(-140.05,111.995676,-100.));
#970 = DIRECTION('',(1.,0.,0.));
#971 = DIRECTION('',(0.,0.,1.));
#972 = ADVANCED_FACE('',(#973),#993,.T.);
#973 = FACE_BOUND('',#974,.F.);
#974 = EDGE_LOOP('',(#975,#984,#985,#986));
#975 = ORIENTED_EDGE('',*,*,#976,.F.);
#976 = EDGE_CURVE('',#40,#977,#979,.T.);
#977 = VERTEX_POINT('',#978);
#978 = CARTESIAN_POINT('',(-138.8499999999,183.725,99.21));
#979 = CIRCLE('',#980,0.8);
#980 = AXIS2_PLACEMENT_3D('',#981,#982,#983);
#981 = CARTESIAN_POINT('',(-138.8499999999,182.925,99.21));
#982 = DIRECTION('',(-1.,2.099E-14,0.));
#983 = DIRECTION('',(0.,0.,1.));
#984 = ORIENTED_EDGE('',*,*,#39,.T.);
#985 = ORIENTED_EDGE('',*,*,#927,.T.);
#986 = ORIENTED_EDGE('',*,*,#987,.F.);
#987 = EDGE_CURVE('',#977,#928,#988,.T.);
#988 = CIRCLE('',#989,5.5);
#989 = AXIS2_PLACEMENT_3D('',#990,#991,#992);
#990 = CARTESIAN_POINT('',(-138.85,178.225,99.21));
#991 = DIRECTION('',(0.,-0.,1.));
#992 = DIRECTION('',(1.0335E-13,1.,0.));
#993 = TOROIDAL_SURFACE('',#994,4.7,0.8);
#994 = AXIS2_PLACEMENT_3D('',#995,#996,#997);
#995 = CARTESIAN_POINT('',(-138.85,178.225,99.21));
#996 = DIRECTION('',(0.,0.,-1.));
#997 = DIRECTION('',(1.0335E-13,1.,0.));
#998 = ADVANCED_FACE('',(#999),#1050,.T.);
#999 = FACE_BOUND('',#1000,.T.);
#1000 = EDGE_LOOP('',(#1001,#1010,#1011,#1012,#1020,#1028,#1036,#1044));
#1001 = ORIENTED_EDGE('',*,*,#1002,.F.);
#1002 = EDGE_CURVE('',#132,#1003,#1005,.T.);
#1003 = VERTEX_POINT('',#1004);
#1004 = CARTESIAN_POINT('',(-144.35,111.995676,99.21));
#1005 = CIRCLE('',#1006,0.8);
#1006 = AXIS2_PLACEMENT_3D('',#1007,#1008,#1009);
#1007 = CARTESIAN_POINT('',(-143.55,111.995676,99.21));
#1008 = DIRECTION('',(0.,-1.,0.));
#1009 = DIRECTION('',(0.,0.,-1.));
#1010 = ORIENTED_EDGE('',*,*,#139,.T.);
#1011 = ORIENTED_EDGE('',*,*,#952,.F.);
#1012 = ORIENTED_EDGE('',*,*,#1013,.F.);
#1013 = EDGE_CURVE('',#1014,#953,#1016,.T.);
#1014 = VERTEX_POINT('',#1015);
#1015 = CARTESIAN_POINT('',(-142.55,111.995676,98.01));
#1016 = LINE('',#1017,#1018);
#1017 = CARTESIAN_POINT('',(-121.41875,111.995676,98.01));
#1018 = VECTOR('',#1019,1.);
#1019 = DIRECTION('',(1.,0.,0.));
#1020 = ORIENTED_EDGE('',*,*,#1021,.T.);
#1021 = EDGE_CURVE('',#1014,#1022,#1024,.T.);
#1022 = VERTEX_POINT('',#1023);
#1023 = CARTESIAN_POINT('',(-142.85,111.995676,98.31));
#1024 = LINE('',#1025,#1026);
#1025 = CARTESIAN_POINT('',(-94.3975,111.995676,49.857500000002));
#1026 = VECTOR('',#1027,1.);
#1027 = DIRECTION('',(-0.707106781187,0.,0.707106781187));
#1028 = ORIENTED_EDGE('',*,*,#1029,.T.);
#1029 = EDGE_CURVE('',#1022,#1030,#1032,.T.);
#1030 = VERTEX_POINT('',#1031);
#1031 = CARTESIAN_POINT('',(-142.85,111.995676,98.81));
#1032 = LINE('',#1033,#1034);
#1033 = CARTESIAN_POINT('',(-142.85,111.995676,-1.145));
#1034 = VECTOR('',#1035,1.);
#1035 = DIRECTION('',(0.,0.,1.));
#1036 = ORIENTED_EDGE('',*,*,#1037,.F.);
#1037 = EDGE_CURVE('',#1038,#1030,#1040,.T.);
#1038 = VERTEX_POINT('',#1039);
#1039 = CARTESIAN_POINT('',(-144.35,111.995676,98.81));
#1040 = LINE('',#1041,#1042);
#1041 = CARTESIAN_POINT('',(-73.675,111.995676,98.81));
#1042 = VECTOR('',#1043,1.);
#1043 = DIRECTION('',(1.,0.,0.));
#1044 = ORIENTED_EDGE('',*,*,#1045,.T.);
#1045 = EDGE_CURVE('',#1038,#1003,#1046,.T.);
#1046 = LINE('',#1047,#1048);
#1047 = CARTESIAN_POINT('',(-144.35,111.995676,-80.));
#1048 = VECTOR('',#1049,1.);
#1049 = DIRECTION('',(0.,0.,1.));
#1050 = PLANE('',#1051);
#1051 = AXIS2_PLACEMENT_3D('',#1052,#1053,#1054);
#1052 = CARTESIAN_POINT('',(-147.35,111.995676,-100.));
#1053 = DIRECTION('',(0.,1.,0.));
#1054 = DIRECTION('',(0.,0.,1.));
#1055 = ADVANCED_FACE('',(#1056),#1075,.T.);
#1056 = FACE_BOUND('',#1057,.T.);
#1057 = EDGE_LOOP('',(#1058,#1067,#1073,#1074));
#1058 = ORIENTED_EDGE('',*,*,#1059,.T.);
#1059 = EDGE_CURVE('',#49,#1060,#1062,.T.);
#1060 = VERTEX_POINT('',#1061);
#1061 = CARTESIAN_POINT('',(-52.125,183.72499999999,99.21));
#1062 = CIRCLE('',#1063,0.8);
#1063 = AXIS2_PLACEMENT_3D('',#1064,#1065,#1066);
#1064 = CARTESIAN_POINT('',(-52.125,182.92499999999,99.21));
#1065 = DIRECTION('',(-1.,1.847E-14,0.));
#1066 = DIRECTION('',(1.847E-14,1.,0.));
#1067 = ORIENTED_EDGE('',*,*,#1068,.T.);
#1068 = EDGE_CURVE('',#1060,#977,#1069,.T.);
#1069 = LINE('',#1070,#1071);
#1070 = CARTESIAN_POINT('',(-52.125,183.72499999999,99.21));
#1071 = VECTOR('',#1072,1.);
#1072 = DIRECTION('',(-1.,2.099E-14,0.));
#1073 = ORIENTED_EDGE('',*,*,#976,.F.);
#1074 = ORIENTED_EDGE('',*,*,#48,.F.);
#1075 = CYLINDRICAL_SURFACE('',#1076,0.8);
#1076 = AXIS2_PLACEMENT_3D('',#1077,#1078,#1079);
#1077 = CARTESIAN_POINT('',(-52.125,182.92499999999,99.21));
#1078 = DIRECTION('',(-1.,2.099E-14,0.));
#1079 = DIRECTION('',(0.,0.,1.));
#1080 = ADVANCED_FACE('',(#1081),#1100,.T.);
#1081 = FACE_BOUND('',#1082,.T.);
#1082 = EDGE_LOOP('',(#1083,#1084,#1092,#1099));
#1083 = ORIENTED_EDGE('',*,*,#1002,.T.);
#1084 = ORIENTED_EDGE('',*,*,#1085,.T.);
#1085 = EDGE_CURVE('',#1003,#1086,#1088,.T.);
#1086 = VERTEX_POINT('',#1087);
#1087 = CARTESIAN_POINT('',(-144.35,78.485699999952,99.21));
#1088 = LINE('',#1089,#1090);
#1089 = CARTESIAN_POINT('',(-144.35,111.995676,99.21));
#1090 = VECTOR('',#1091,1.);
#1091 = DIRECTION('',(0.,-1.,0.));
#1092 = ORIENTED_EDGE('',*,*,#1093,.F.);
#1093 = EDGE_CURVE('',#123,#1086,#1094,.T.);
#1094 = CIRCLE('',#1095,0.8);
#1095 = AXIS2_PLACEMENT_3D('',#1096,#1097,#1098);
#1096 = CARTESIAN_POINT('',(-143.55,78.485699999952,99.21));
#1097 = DIRECTION('',(0.,-1.,0.));
#1098 = DIRECTION('',(0.,0.,1.));
#1099 = ORIENTED_EDGE('',*,*,#131,.F.);
#1100 = CYLINDRICAL_SURFACE('',#1101,0.8);
#1101 = AXIS2_PLACEMENT_3D('',#1102,#1103,#1104);
#1102 = CARTESIAN_POINT('',(-143.55,111.995676,99.21));
#1103 = DIRECTION('',(0.,-1.,0.));
#1104 = DIRECTION('',(0.,0.,1.));
#1105 = ADVANCED_FACE('',(#1106),#1126,.T.);
#1106 = FACE_BOUND('',#1107,.F.);
#1107 = EDGE_LOOP('',(#1108,#1117,#1118,#1119));
#1108 = ORIENTED_EDGE('',*,*,#1109,.F.);
#1109 = EDGE_CURVE('',#57,#1110,#1112,.T.);
#1110 = VERTEX_POINT('',#1111);
#1111 = CARTESIAN_POINT('',(-46.625,178.22499999999,99.21));
#1112 = CIRCLE('',#1113,0.8);
#1113 = AXIS2_PLACEMENT_3D('',#1114,#1115,#1116);
#1114 = CARTESIAN_POINT('',(-47.425,178.22499999999,99.21));
#1115 = DIRECTION('',(0.,1.,0.));
#1116 = DIRECTION('',(0.,0.,1.));
#1117 = ORIENTED_EDGE('',*,*,#56,.T.);
#1118 = ORIENTED_EDGE('',*,*,#1059,.T.);
#1119 = ORIENTED_EDGE('',*,*,#1120,.F.);
#1120 = EDGE_CURVE('',#1110,#1060,#1121,.T.);
#1121 = CIRCLE('',#1122,5.5);
#1122 = AXIS2_PLACEMENT_3D('',#1123,#1124,#1125);
#1123 = CARTESIAN_POINT('',(-52.125,178.22499999999,99.21));
#1124 = DIRECTION('',(0.,-0.,1.));
#1125 = DIRECTION('',(1.,2.067E-14,0.));
#1126 = TOROIDAL_SURFACE('',#1127,4.7,0.8);
#1127 = AXIS2_PLACEMENT_3D('',#1128,#1129,#1130);
#1128 = CARTESIAN_POINT('',(-52.125,178.22499999999,99.21));
#1129 = DIRECTION('',(0.,0.,-1.));
#1130 = DIRECTION('',(1.,2.067E-14,0.));
#1131 = ADVANCED_FACE('',(#1132),#1152,.T.);
#1132 = FACE_BOUND('',#1133,.F.);
#1133 = EDGE_LOOP('',(#1134,#1135,#1136,#1145));
#1134 = ORIENTED_EDGE('',*,*,#1093,.F.);
#1135 = ORIENTED_EDGE('',*,*,#122,.T.);
#1136 = ORIENTED_EDGE('',*,*,#1137,.T.);
#1137 = EDGE_CURVE('',#115,#1138,#1140,.T.);
#1138 = VERTEX_POINT('',#1139);
#1139 = CARTESIAN_POINT('',(-138.8499999999,72.985699999952,99.21));
#1140 = CIRCLE('',#1141,0.8);
#1141 = AXIS2_PLACEMENT_3D('',#1142,#1143,#1144);
#1142 = CARTESIAN_POINT('',(-138.8499999999,73.785699999952,99.21));
#1143 = DIRECTION('',(1.,5.4213E-13,0.));
#1144 = DIRECTION('',(5.4213E-13,-1.,0.));
#1145 = ORIENTED_EDGE('',*,*,#1146,.F.);
#1146 = EDGE_CURVE('',#1086,#1138,#1147,.T.);
#1147 = CIRCLE('',#1148,5.5);
#1148 = AXIS2_PLACEMENT_3D('',#1149,#1150,#1151);
#1149 = CARTESIAN_POINT('',(-138.85,78.485699999952,99.21));
#1150 = DIRECTION('',(-0.,0.,1.));
#1151 = DIRECTION('',(-1.,-1.55E-14,-0.));
#1152 = TOROIDAL_SURFACE('',#1153,4.7,0.8);
#1153 = AXIS2_PLACEMENT_3D('',#1154,#1155,#1156);
#1154 = CARTESIAN_POINT('',(-138.85,78.485699999952,99.21));
#1155 = DIRECTION('',(0.,0.,-1.));
#1156 = DIRECTION('',(-1.,-1.55E-14,-0.));
#1157 = ADVANCED_FACE('',(#1158),#1177,.T.);
#1158 = FACE_BOUND('',#1159,.T.);
#1159 = EDGE_LOOP('',(#1160,#1169,#1175,#1176));
#1160 = ORIENTED_EDGE('',*,*,#1161,.T.);
#1161 = EDGE_CURVE('',#66,#1162,#1164,.T.);
#1162 = VERTEX_POINT('',#1163);
#1163 = CARTESIAN_POINT('',(-46.625,132.395676,99.21));
#1164 = CIRCLE('',#1165,0.8);
#1165 = AXIS2_PLACEMENT_3D('',#1166,#1167,#1168);
#1166 = CARTESIAN_POINT('',(-47.425,132.395676,99.21));
#1167 = DIRECTION('',(0.,1.,0.));
#1168 = DIRECTION('',(0.,0.,1.));
#1169 = ORIENTED_EDGE('',*,*,#1170,.T.);
#1170 = EDGE_CURVE('',#1162,#1110,#1171,.T.);
#1171 = LINE('',#1172,#1173);
#1172 = CARTESIAN_POINT('',(-46.625,132.395676,99.21));
#1173 = VECTOR('',#1174,1.);
#1174 = DIRECTION('',(0.,1.,0.));
#1175 = ORIENTED_EDGE('',*,*,#1109,.F.);
#1176 = ORIENTED_EDGE('',*,*,#65,.F.);
#1177 = CYLINDRICAL_SURFACE('',#1178,0.8);
#1178 = AXIS2_PLACEMENT_3D('',#1179,#1180,#1181);
#1179 = CARTESIAN_POINT('',(-47.425,132.395676,99.21));
#1180 = DIRECTION('',(0.,1.,0.));
#1181 = DIRECTION('',(0.,0.,1.));
#1182 = ADVANCED_FACE('',(#1183),#1202,.T.);
#1183 = FACE_BOUND('',#1184,.T.);
#1184 = EDGE_LOOP('',(#1185,#1186,#1194,#1201));
#1185 = ORIENTED_EDGE('',*,*,#1137,.T.);
#1186 = ORIENTED_EDGE('',*,*,#1187,.T.);
#1187 = EDGE_CURVE('',#1138,#1188,#1190,.T.);
#1188 = VERTEX_POINT('',#1189);
#1189 = CARTESIAN_POINT('',(-52.12499999999,72.985699999999,99.21));
#1190 = LINE('',#1191,#1192);
#1191 = CARTESIAN_POINT('',(-138.8499999999,72.985699999952,99.21));
#1192 = VECTOR('',#1193,1.);
#1193 = DIRECTION('',(1.,5.4177E-13,0.));
#1194 = ORIENTED_EDGE('',*,*,#1195,.F.);
#1195 = EDGE_CURVE('',#106,#1188,#1196,.T.);
#1196 = CIRCLE('',#1197,0.8);
#1197 = AXIS2_PLACEMENT_3D('',#1198,#1199,#1200);
#1198 = CARTESIAN_POINT('',(-52.12499999999,73.785699999999,99.21));
#1199 = DIRECTION('',(1.,5.4177E-13,-0.));
#1200 = DIRECTION('',(0.,0.,1.));
#1201 = ORIENTED_EDGE('',*,*,#114,.F.);
#1202 = CYLINDRICAL_SURFACE('',#1203,0.8);
#1203 = AXIS2_PLACEMENT_3D('',#1204,#1205,#1206);
#1204 = CARTESIAN_POINT('',(-138.8499999999,73.785699999952,99.21));
#1205 = DIRECTION('',(1.,5.4177E-13,0.));
#1206 = DIRECTION('',(0.,0.,1.));
#1207 = ADVANCED_FACE('',(#1208),#1258,.F.);
#1208 = FACE_BOUND('',#1209,.F.);
#1209 = EDGE_LOOP('',(#1210,#1211,#1219,#1227,#1235,#1243,#1251,#1257));
#1210 = ORIENTED_EDGE('',*,*,#1161,.T.);
#1211 = ORIENTED_EDGE('',*,*,#1212,.T.);
#1212 = EDGE_CURVE('',#1162,#1213,#1215,.T.);
#1213 = VERTEX_POINT('',#1214);
#1214 = CARTESIAN_POINT('',(-46.625,132.395676,98.81));
#1215 = LINE('',#1216,#1217);
#1216 = CARTESIAN_POINT('',(-46.625,132.395676,-80.));
#1217 = VECTOR('',#1218,1.);
#1218 = DIRECTION('',(0.,0.,-1.));
#1219 = ORIENTED_EDGE('',*,*,#1220,.F.);
#1220 = EDGE_CURVE('',#1221,#1213,#1223,.T.);
#1221 = VERTEX_POINT('',#1222);
#1222 = CARTESIAN_POINT('',(-48.125,132.395676,98.81));
#1223 = LINE('',#1224,#1225);
#1224 = CARTESIAN_POINT('',(-25.4625,132.395676,98.81));
#1225 = VECTOR('',#1226,1.);
#1226 = DIRECTION('',(1.,0.,0.));
#1227 = ORIENTED_EDGE('',*,*,#1228,.T.);
#1228 = EDGE_CURVE('',#1221,#1229,#1231,.T.);
#1229 = VERTEX_POINT('',#1230);
#1230 = CARTESIAN_POINT('',(-48.125,132.395676,98.31));
#1231 = LINE('',#1232,#1233);
#1232 = CARTESIAN_POINT('',(-48.125,132.395676,-1.145));
#1233 = VECTOR('',#1234,1.);
#1234 = DIRECTION('',(0.,0.,-1.));
#1235 = ORIENTED_EDGE('',*,*,#1236,.T.);
#1236 = EDGE_CURVE('',#1229,#1237,#1239,.T.);
#1237 = VERTEX_POINT('',#1238);
#1238 = CARTESIAN_POINT('',(-48.425,132.395676,98.01));
#1239 = LINE('',#1240,#1241);
#1240 = CARTESIAN_POINT('',(-98.4025,132.395676,48.0325));
#1241 = VECTOR('',#1242,1.);
#1242 = DIRECTION('',(-0.707106781187,0.,-0.707106781187));
#1243 = ORIENTED_EDGE('',*,*,#1244,.F.);
#1244 = EDGE_CURVE('',#1245,#1237,#1247,.T.);
#1245 = VERTEX_POINT('',#1246);
#1246 = CARTESIAN_POINT('',(-50.925,132.395676,98.01));
#1247 = LINE('',#1248,#1249);
#1248 = CARTESIAN_POINT('',(-73.20625,132.395676,98.01));
#1249 = VECTOR('',#1250,1.);
#1250 = DIRECTION('',(1.,0.,0.));
#1251 = ORIENTED_EDGE('',*,*,#1252,.T.);
#1252 = EDGE_CURVE('',#1245,#74,#1253,.T.);
#1253 = LINE('',#1254,#1255);
#1254 = CARTESIAN_POINT('',(-50.925,132.395676,-100.));
#1255 = VECTOR('',#1256,1.);
#1256 = DIRECTION('',(0.,0.,1.));
#1257 = ORIENTED_EDGE('',*,*,#73,.T.);
#1258 = PLANE('',#1259);
#1259 = AXIS2_PLACEMENT_3D('',#1260,#1261,#1262);
#1260 = CARTESIAN_POINT('',(-50.925,132.395676,-100.));
#1261 = DIRECTION('',(0.,1.,0.));
#1262 = DIRECTION('',(0.,0.,1.));
#1263 = ADVANCED_FACE('',(#1264),#1284,.T.);
#1264 = FACE_BOUND('',#1265,.F.);
#1265 = EDGE_LOOP('',(#1266,#1267,#1268,#1277));
#1266 = ORIENTED_EDGE('',*,*,#1195,.F.);
#1267 = ORIENTED_EDGE('',*,*,#105,.T.);
#1268 = ORIENTED_EDGE('',*,*,#1269,.T.);
#1269 = EDGE_CURVE('',#98,#1270,#1272,.T.);
#1270 = VERTEX_POINT('',#1271);
#1271 = CARTESIAN_POINT('',(-46.625,78.485699999999,99.21));
#1272 = CIRCLE('',#1273,0.8);
#1273 = AXIS2_PLACEMENT_3D('',#1274,#1275,#1276);
#1274 = CARTESIAN_POINT('',(-47.425,78.485699999999,99.21));
#1275 = DIRECTION('',(3.195E-14,1.,0.));
#1276 = DIRECTION('',(1.,-3.195E-14,0.));
#1277 = ORIENTED_EDGE('',*,*,#1278,.F.);
#1278 = EDGE_CURVE('',#1188,#1270,#1279,.T.);
#1279 = CIRCLE('',#1280,5.5);
#1280 = AXIS2_PLACEMENT_3D('',#1281,#1282,#1283);
#1281 = CARTESIAN_POINT('',(-52.125,78.485699999999,99.21));
#1282 = DIRECTION('',(-0.,0.,1.));
#1283 = DIRECTION('',(5.5164E-13,-1.,0.));
#1284 = TOROIDAL_SURFACE('',#1285,4.7,0.8);
#1285 = AXIS2_PLACEMENT_3D('',#1286,#1287,#1288);
#1286 = CARTESIAN_POINT('',(-52.125,78.485699999999,99.21));
#1287 = DIRECTION('',(0.,0.,-1.));
#1288 = DIRECTION('',(5.5164E-13,-1.,0.));
#1289 = ADVANCED_FACE('',(#1290),#1308,.T.);
#1290 = FACE_BOUND('',#1291,.T.);
#1291 = EDGE_LOOP('',(#1292,#1300,#1306,#1307));
#1292 = ORIENTED_EDGE('',*,*,#1293,.F.);
#1293 = EDGE_CURVE('',#1294,#82,#1296,.T.);
#1294 = VERTEX_POINT('',#1295);
#1295 = CARTESIAN_POINT('',(-50.925,111.995676,98.01));
#1296 = LINE('',#1297,#1298);
#1297 = CARTESIAN_POINT('',(-50.925,111.995676,-100.));
#1298 = VECTOR('',#1299,1.);
#1299 = DIRECTION('',(0.,0.,1.));
#1300 = ORIENTED_EDGE('',*,*,#1301,.F.);
#1301 = EDGE_CURVE('',#1245,#1294,#1302,.T.);
#1302 = LINE('',#1303,#1304);
#1303 = CARTESIAN_POINT('',(-50.925,120.17551299998,98.01));
#1304 = VECTOR('',#1305,1.);
#1305 = DIRECTION('',(0.,-1.,0.));
#1306 = ORIENTED_EDGE('',*,*,#1252,.T.);
#1307 = ORIENTED_EDGE('',*,*,#81,.T.);
#1308 = PLANE('',#1309);
#1309 = AXIS2_PLACEMENT_3D('',#1310,#1311,#1312);
#1310 = CARTESIAN_POINT('',(-50.925,111.995676,-100.));
#1311 = DIRECTION('',(1.,0.,0.));
#1312 = DIRECTION('',(0.,0.,1.));
#1313 = ADVANCED_FACE('',(#1314),#1333,.T.);
#1314 = FACE_BOUND('',#1315,.T.);
#1315 = EDGE_LOOP('',(#1316,#1317,#1325,#1332));
#1316 = ORIENTED_EDGE('',*,*,#1269,.T.);
#1317 = ORIENTED_EDGE('',*,*,#1318,.T.);
#1318 = EDGE_CURVE('',#1270,#1319,#1321,.T.);
#1319 = VERTEX_POINT('',#1320);
#1320 = CARTESIAN_POINT('',(-46.625,111.995676,99.21));
#1321 = LINE('',#1322,#1323);
#1322 = CARTESIAN_POINT('',(-46.625,78.485699999999,99.21));
#1323 = VECTOR('',#1324,1.);
#1324 = DIRECTION('',(0.,1.,0.));
#1325 = ORIENTED_EDGE('',*,*,#1326,.F.);
#1326 = EDGE_CURVE('',#90,#1319,#1327,.T.);
#1327 = CIRCLE('',#1328,0.8);
#1328 = AXIS2_PLACEMENT_3D('',#1329,#1330,#1331);
#1329 = CARTESIAN_POINT('',(-47.425,111.995676,99.21));
#1330 = DIRECTION('',(0.,1.,0.));
#1331 = DIRECTION('',(0.,0.,1.));
#1332 = ORIENTED_EDGE('',*,*,#97,.F.);
#1333 = CYLINDRICAL_SURFACE('',#1334,0.8);
#1334 = AXIS2_PLACEMENT_3D('',#1335,#1336,#1337);
#1335 = CARTESIAN_POINT('',(-47.425,78.485699999999,99.21));
#1336 = DIRECTION('',(0.,1.,0.));
#1337 = DIRECTION('',(0.,0.,1.));
#1338 = ADVANCED_FACE('',(#1339),#1382,.T.);
#1339 = FACE_BOUND('',#1340,.T.);
#1340 = EDGE_LOOP('',(#1341,#1342,#1350,#1358,#1366,#1374,#1380,#1381));
#1341 = ORIENTED_EDGE('',*,*,#1326,.T.);
#1342 = ORIENTED_EDGE('',*,*,#1343,.T.);
#1343 = EDGE_CURVE('',#1319,#1344,#1346,.T.);
#1344 = VERTEX_POINT('',#1345);
#1345 = CARTESIAN_POINT('',(-46.625,111.995676,98.81));
#1346 = LINE('',#1347,#1348);
#1347 = CARTESIAN_POINT('',(-46.625,111.995676,-80.));
#1348 = VECTOR('',#1349,1.);
#1349 = DIRECTION('',(0.,0.,-1.));
#1350 = ORIENTED_EDGE('',*,*,#1351,.F.);
#1351 = EDGE_CURVE('',#1352,#1344,#1354,.T.);
#1352 = VERTEX_POINT('',#1353);
#1353 = CARTESIAN_POINT('',(-48.125,111.995676,98.81));
#1354 = LINE('',#1355,#1356);
#1355 = CARTESIAN_POINT('',(-25.4625,111.995676,98.81));
#1356 = VECTOR('',#1357,1.);
#1357 = DIRECTION('',(1.,0.,0.));
#1358 = ORIENTED_EDGE('',*,*,#1359,.T.);
#1359 = EDGE_CURVE('',#1352,#1360,#1362,.T.);
#1360 = VERTEX_POINT('',#1361);
#1361 = CARTESIAN_POINT('',(-48.125,111.995676,98.31));
#1362 = LINE('',#1363,#1364);
#1363 = CARTESIAN_POINT('',(-48.125,111.995676,-1.145));
#1364 = VECTOR('',#1365,1.);
#1365 = DIRECTION('',(0.,0.,-1.));
#1366 = ORIENTED_EDGE('',*,*,#1367,.T.);
#1367 = EDGE_CURVE('',#1360,#1368,#1370,.T.);
#1368 = VERTEX_POINT('',#1369);
#1369 = CARTESIAN_POINT('',(-48.425,111.995676,98.01));
#1370 = LINE('',#1371,#1372);
#1371 = CARTESIAN_POINT('',(-98.4025,111.995676,48.0325));
#1372 = VECTOR('',#1373,1.);
#1373 = DIRECTION('',(-0.707106781187,0.,-0.707106781187));
#1374 = ORIENTED_EDGE('',*,*,#1375,.F.);
#1375 = EDGE_CURVE('',#1294,#1368,#1376,.T.);
#1376 = LINE('',#1377,#1378);
#1377 = CARTESIAN_POINT('',(-73.20625,111.995676,98.01));
#1378 = VECTOR('',#1379,1.);
#1379 = DIRECTION('',(1.,0.,0.));
#1380 = ORIENTED_EDGE('',*,*,#1293,.T.);
#1381 = ORIENTED_EDGE('',*,*,#89,.T.);
#1382 = PLANE('',#1383);
#1383 = AXIS2_PLACEMENT_3D('',#1384,#1385,#1386);
#1384 = CARTESIAN_POINT('',(-50.925,111.995676,-100.));
#1385 = DIRECTION('',(0.,1.,0.));
#1386 = DIRECTION('',(0.,0.,1.));
#1387 = ADVANCED_FACE('',(#1388),#1413,.F.);
#1388 = FACE_BOUND('',#1389,.F.);
#1389 = EDGE_LOOP('',(#1390,#1398,#1399,#1407));
#1390 = ORIENTED_EDGE('',*,*,#1391,.F.);
#1391 = EDGE_CURVE('',#156,#1392,#1394,.T.);
#1392 = VERTEX_POINT('',#1393);
#1393 = CARTESIAN_POINT('',(-117.0625,156.818176,98.51));
#1394 = LINE('',#1395,#1396);
#1395 = CARTESIAN_POINT('',(-117.0625,156.818176,109.995));
#1396 = VECTOR('',#1397,1.);
#1397 = DIRECTION('',(0.,0.,-1.));
#1398 = ORIENTED_EDGE('',*,*,#155,.T.);
#1399 = ORIENTED_EDGE('',*,*,#1400,.T.);
#1400 = EDGE_CURVE('',#158,#1401,#1403,.T.);
#1401 = VERTEX_POINT('',#1402);
#1402 = CARTESIAN_POINT('',(-117.0625,142.818176,98.51));
#1403 = LINE('',#1404,#1405);
#1404 = CARTESIAN_POINT('',(-117.0625,142.818176,109.995));
#1405 = VECTOR('',#1406,1.);
#1406 = DIRECTION('',(0.,0.,-1.));
#1407 = ORIENTED_EDGE('',*,*,#1408,.F.);
#1408 = EDGE_CURVE('',#1392,#1401,#1409,.T.);
#1409 = LINE('',#1410,#1411);
#1410 = CARTESIAN_POINT('',(-117.0625,157.218176,98.51));
#1411 = VECTOR('',#1412,1.);
#1412 = DIRECTION('',(0.,-1.,0.));
#1413 = PLANE('',#1414);
#1414 = AXIS2_PLACEMENT_3D('',#1415,#1416,#1417);
#1415 = CARTESIAN_POINT('',(-117.0625,156.818176,109.995));
#1416 = DIRECTION('',(1.,0.,0.));
#1417 = DIRECTION('',(0.,-1.,0.));
#1418 = ADVANCED_FACE('',(#1419),#1437,.F.);
#1419 = FACE_BOUND('',#1420,.F.);
#1420 = EDGE_LOOP('',(#1421,#1429,#1430,#1431));
#1421 = ORIENTED_EDGE('',*,*,#1422,.F.);
#1422 = EDGE_CURVE('',#166,#1423,#1425,.T.);
#1423 = VERTEX_POINT('',#1424);
#1424 = CARTESIAN_POINT('',(-131.0625,156.818176,98.51));
#1425 = LINE('',#1426,#1427);
#1426 = CARTESIAN_POINT('',(-131.0625,156.818176,109.995));
#1427 = VECTOR('',#1428,1.);
#1428 = DIRECTION('',(0.,0.,-1.));
#1429 = ORIENTED_EDGE('',*,*,#165,.T.);
#1430 = ORIENTED_EDGE('',*,*,#1391,.T.);
#1431 = ORIENTED_EDGE('',*,*,#1432,.F.);
#1432 = EDGE_CURVE('',#1423,#1392,#1433,.T.);
#1433 = LINE('',#1434,#1435);
#1434 = CARTESIAN_POINT('',(-123.6625,156.818176,98.51));
#1435 = VECTOR('',#1436,1.);
#1436 = DIRECTION('',(1.,0.,0.));
#1437 = PLANE('',#1438);
#1438 = AXIS2_PLACEMENT_3D('',#1439,#1440,#1441);
#1439 = CARTESIAN_POINT('',(-131.0625,156.818176,109.995));
#1440 = DIRECTION('',(0.,1.,0.));
#1441 = DIRECTION('',(1.,0.,0.));
#1442 = ADVANCED_FACE('',(#1443),#1461,.F.);
#1443 = FACE_BOUND('',#1444,.F.);
#1444 = EDGE_LOOP('',(#1445,#1446,#1447,#1455));
#1445 = ORIENTED_EDGE('',*,*,#1400,.F.);
#1446 = ORIENTED_EDGE('',*,*,#181,.T.);
#1447 = ORIENTED_EDGE('',*,*,#1448,.T.);
#1448 = EDGE_CURVE('',#174,#1449,#1451,.T.);
#1449 = VERTEX_POINT('',#1450);
#1450 = CARTESIAN_POINT('',(-131.0625,142.818176,98.51));
#1451 = LINE('',#1452,#1453);
#1452 = CARTESIAN_POINT('',(-131.0625,142.818176,109.995));
#1453 = VECTOR('',#1454,1.);
#1454 = DIRECTION('',(0.,0.,-1.));
#1455 = ORIENTED_EDGE('',*,*,#1456,.F.);
#1456 = EDGE_CURVE('',#1401,#1449,#1457,.T.);
#1457 = LINE('',#1458,#1459);
#1458 = CARTESIAN_POINT('',(-116.6625,142.818176,98.51));
#1459 = VECTOR('',#1460,1.);
#1460 = DIRECTION('',(-1.,0.,0.));
#1461 = PLANE('',#1462);
#1462 = AXIS2_PLACEMENT_3D('',#1463,#1464,#1465);
#1463 = CARTESIAN_POINT('',(-117.0625,142.818176,109.995));
#1464 = DIRECTION('',(0.,-1.,0.));
#1465 = DIRECTION('',(-1.,0.,0.));
#1466 = ADVANCED_FACE('',(#1467),#1478,.F.);
#1467 = FACE_BOUND('',#1468,.F.);
#1468 = EDGE_LOOP('',(#1469,#1470,#1471,#1472));
#1469 = ORIENTED_EDGE('',*,*,#1448,.F.);
#1470 = ORIENTED_EDGE('',*,*,#173,.T.);
#1471 = ORIENTED_EDGE('',*,*,#1422,.T.);
#1472 = ORIENTED_EDGE('',*,*,#1473,.F.);
#1473 = EDGE_CURVE('',#1449,#1423,#1474,.T.);
#1474 = LINE('',#1475,#1476);
#1475 = CARTESIAN_POINT('',(-131.0625,150.218176,98.51));
#1476 = VECTOR('',#1477,1.);
#1477 = DIRECTION('',(0.,1.,0.));
#1478 = PLANE('',#1479);
#1479 = AXIS2_PLACEMENT_3D('',#1480,#1481,#1482);
#1480 = CARTESIAN_POINT('',(-131.0625,142.818176,109.995));
#1481 = DIRECTION('',(-1.,0.,0.));
#1482 = DIRECTION('',(0.,1.,0.));
#1483 = ADVANCED_FACE('',(#1484),#1503,.F.);
#1484 = FACE_BOUND('',#1485,.F.);
#1485 = EDGE_LOOP('',(#1486,#1494,#1501,#1502));
#1486 = ORIENTED_EDGE('',*,*,#1487,.T.);
#1487 = EDGE_CURVE('',#190,#1488,#1490,.T.);
#1488 = VERTEX_POINT('',#1489);
#1489 = CARTESIAN_POINT('',(-137.35,138.0057,98.01));
#1490 = LINE('',#1491,#1492);
#1491 = CARTESIAN_POINT('',(-137.35,138.0057,100.01));
#1492 = VECTOR('',#1493,1.);
#1493 = DIRECTION('',(0.,0.,-1.));
#1494 = ORIENTED_EDGE('',*,*,#1495,.T.);
#1495 = EDGE_CURVE('',#1488,#1488,#1496,.T.);
#1496 = CIRCLE('',#1497,1.);
#1497 = AXIS2_PLACEMENT_3D('',#1498,#1499,#1500);
#1498 = CARTESIAN_POINT('',(-138.35,138.0057,98.01));
#1499 = DIRECTION('',(0.,0.,1.));
#1500 = DIRECTION('',(-1.,0.,0.));
#1501 = ORIENTED_EDGE('',*,*,#1487,.F.);
#1502 = ORIENTED_EDGE('',*,*,#189,.T.);
#1503 = CYLINDRICAL_SURFACE('',#1504,1.);
#1504 = AXIS2_PLACEMENT_3D('',#1505,#1506,#1507);
#1505 = CARTESIAN_POINT('',(-138.35,138.0057,100.01));
#1506 = DIRECTION('',(0.,0.,-1.));
#1507 = DIRECTION('',(-1.,0.,0.));
#1508 = ADVANCED_FACE('',(#1509),#1534,.F.);
#1509 = FACE_BOUND('',#1510,.F.);
#1510 = EDGE_LOOP('',(#1511,#1519,#1520,#1528));
#1511 = ORIENTED_EDGE('',*,*,#1512,.F.);
#1512 = EDGE_CURVE('',#201,#1513,#1515,.T.);
#1513 = VERTEX_POINT('',#1514);
#1514 = CARTESIAN_POINT('',(-117.0625,137.768176,98.51));
#1515 = LINE('',#1516,#1517);
#1516 = CARTESIAN_POINT('',(-117.0625,137.768176,109.995));
#1517 = VECTOR('',#1518,1.);
#1518 = DIRECTION('',(0.,0.,-1.));
#1519 = ORIENTED_EDGE('',*,*,#200,.T.);
#1520 = ORIENTED_EDGE('',*,*,#1521,.T.);
#1521 = EDGE_CURVE('',#203,#1522,#1524,.T.);
#1522 = VERTEX_POINT('',#1523);
#1523 = CARTESIAN_POINT('',(-117.0625,123.768176,98.51));
#1524 = LINE('',#1525,#1526);
#1525 = CARTESIAN_POINT('',(-117.0625,123.768176,109.995));
#1526 = VECTOR('',#1527,1.);
#1527 = DIRECTION('',(0.,0.,-1.));
#1528 = ORIENTED_EDGE('',*,*,#1529,.F.);
#1529 = EDGE_CURVE('',#1513,#1522,#1530,.T.);
#1530 = LINE('',#1531,#1532);
#1531 = CARTESIAN_POINT('',(-117.0625,138.168176,98.51));
#1532 = VECTOR('',#1533,1.);
#1533 = DIRECTION('',(0.,-1.,0.));
#1534 = PLANE('',#1535);
#1535 = AXIS2_PLACEMENT_3D('',#1536,#1537,#1538);
#1536 = CARTESIAN_POINT('',(-117.0625,137.768176,109.995));
#1537 = DIRECTION('',(1.,0.,0.));
#1538 = DIRECTION('',(0.,-1.,0.));
#1539 = ADVANCED_FACE('',(#1540),#1558,.F.);
#1540 = FACE_BOUND('',#1541,.F.);
#1541 = EDGE_LOOP('',(#1542,#1550,#1551,#1552));
#1542 = ORIENTED_EDGE('',*,*,#1543,.F.);
#1543 = EDGE_CURVE('',#211,#1544,#1546,.T.);
#1544 = VERTEX_POINT('',#1545);
#1545 = CARTESIAN_POINT('',(-131.0625,137.768176,98.51));
#1546 = LINE('',#1547,#1548);
#1547 = CARTESIAN_POINT('',(-131.0625,137.768176,109.995));
#1548 = VECTOR('',#1549,1.);
#1549 = DIRECTION('',(0.,0.,-1.));
#1550 = ORIENTED_EDGE('',*,*,#210,.T.);
#1551 = ORIENTED_EDGE('',*,*,#1512,.T.);
#1552 = ORIENTED_EDGE('',*,*,#1553,.F.);
#1553 = EDGE_CURVE('',#1544,#1513,#1554,.T.);
#1554 = LINE('',#1555,#1556);
#1555 = CARTESIAN_POINT('',(-123.6625,137.768176,98.51));
#1556 = VECTOR('',#1557,1.);
#1557 = DIRECTION('',(1.,0.,0.));
#1558 = PLANE('',#1559);
#1559 = AXIS2_PLACEMENT_3D('',#1560,#1561,#1562);
#1560 = CARTESIAN_POINT('',(-131.0625,137.768176,109.995));
#1561 = DIRECTION('',(0.,1.,0.));
#1562 = DIRECTION('',(1.,0.,0.));
#1563 = ADVANCED_FACE('',(#1564),#1582,.F.);
#1564 = FACE_BOUND('',#1565,.F.);
#1565 = EDGE_LOOP('',(#1566,#1567,#1568,#1576));
#1566 = ORIENTED_EDGE('',*,*,#1521,.F.);
#1567 = ORIENTED_EDGE('',*,*,#226,.T.);
#1568 = ORIENTED_EDGE('',*,*,#1569,.T.);
#1569 = EDGE_CURVE('',#219,#1570,#1572,.T.);
#1570 = VERTEX_POINT('',#1571);
#1571 = CARTESIAN_POINT('',(-131.0625,123.768176,98.51));
#1572 = LINE('',#1573,#1574);
#1573 = CARTESIAN_POINT('',(-131.0625,123.768176,109.995));
#1574 = VECTOR('',#1575,1.);
#1575 = DIRECTION('',(0.,0.,-1.));
#1576 = ORIENTED_EDGE('',*,*,#1577,.F.);
#1577 = EDGE_CURVE('',#1522,#1570,#1578,.T.);
#1578 = LINE('',#1579,#1580);
#1579 = CARTESIAN_POINT('',(-116.6625,123.768176,98.51));
#1580 = VECTOR('',#1581,1.);
#1581 = DIRECTION('',(-1.,0.,0.));
#1582 = PLANE('',#1583);
#1583 = AXIS2_PLACEMENT_3D('',#1584,#1585,#1586);
#1584 = CARTESIAN_POINT('',(-117.0625,123.768176,109.995));
#1585 = DIRECTION('',(0.,-1.,0.));
#1586 = DIRECTION('',(-1.,0.,0.));
#1587 = ADVANCED_FACE('',(#1588),#1599,.F.);
#1588 = FACE_BOUND('',#1589,.F.);
#1589 = EDGE_LOOP('',(#1590,#1591,#1592,#1593));
#1590 = ORIENTED_EDGE('',*,*,#1569,.F.);
#1591 = ORIENTED_EDGE('',*,*,#218,.T.);
#1592 = ORIENTED_EDGE('',*,*,#1543,.T.);
#1593 = ORIENTED_EDGE('',*,*,#1594,.F.);
#1594 = EDGE_CURVE('',#1570,#1544,#1595,.T.);
#1595 = LINE('',#1596,#1597);
#1596 = CARTESIAN_POINT('',(-131.0625,131.168176,98.51));
#1597 = VECTOR('',#1598,1.);
#1598 = DIRECTION('',(0.,1.,0.));
#1599 = PLANE('',#1600);
#1600 = AXIS2_PLACEMENT_3D('',#1601,#1602,#1603);
#1601 = CARTESIAN_POINT('',(-131.0625,123.768176,109.995));
#1602 = DIRECTION('',(-1.,0.,0.));
#1603 = DIRECTION('',(0.,1.,0.));
#1604 = ADVANCED_FACE('',(#1605),#1630,.F.);
#1605 = FACE_BOUND('',#1606,.F.);
#1606 = EDGE_LOOP('',(#1607,#1615,#1616,#1624));
#1607 = ORIENTED_EDGE('',*,*,#1608,.F.);
#1608 = EDGE_CURVE('',#235,#1609,#1611,.T.);
#1609 = VERTEX_POINT('',#1610);
#1610 = CARTESIAN_POINT('',(-98.0125,156.818176,98.51));
#1611 = LINE('',#1612,#1613);
#1612 = CARTESIAN_POINT('',(-98.0125,156.818176,109.995));
#1613 = VECTOR('',#1614,1.);
#1614 = DIRECTION('',(0.,0.,-1.));
#1615 = ORIENTED_EDGE('',*,*,#234,.T.);
#1616 = ORIENTED_EDGE('',*,*,#1617,.T.);
#1617 = EDGE_CURVE('',#237,#1618,#1620,.T.);
#1618 = VERTEX_POINT('',#1619);
#1619 = CARTESIAN_POINT('',(-98.0125,142.818176,98.51));
#1620 = LINE('',#1621,#1622);
#1621 = CARTESIAN_POINT('',(-98.0125,142.818176,109.995));
#1622 = VECTOR('',#1623,1.);
#1623 = DIRECTION('',(0.,0.,-1.));
#1624 = ORIENTED_EDGE('',*,*,#1625,.F.);
#1625 = EDGE_CURVE('',#1609,#1618,#1626,.T.);
#1626 = LINE('',#1627,#1628);
#1627 = CARTESIAN_POINT('',(-98.0125,157.218176,98.51));
#1628 = VECTOR('',#1629,1.);
#1629 = DIRECTION('',(0.,-1.,0.));
#1630 = PLANE('',#1631);
#1631 = AXIS2_PLACEMENT_3D('',#1632,#1633,#1634);
#1632 = CARTESIAN_POINT('',(-98.0125,156.818176,109.995));
#1633 = DIRECTION('',(1.,0.,0.));
#1634 = DIRECTION('',(0.,-1.,0.));
#1635 = ADVANCED_FACE('',(#1636),#1654,.F.);
#1636 = FACE_BOUND('',#1637,.F.);
#1637 = EDGE_LOOP('',(#1638,#1646,#1647,#1648));
#1638 = ORIENTED_EDGE('',*,*,#1639,.F.);
#1639 = EDGE_CURVE('',#245,#1640,#1642,.T.);
#1640 = VERTEX_POINT('',#1641);
#1641 = CARTESIAN_POINT('',(-112.0125,156.818176,98.51));
#1642 = LINE('',#1643,#1644);
#1643 = CARTESIAN_POINT('',(-112.0125,156.818176,109.995));
#1644 = VECTOR('',#1645,1.);
#1645 = DIRECTION('',(0.,0.,-1.));
#1646 = ORIENTED_EDGE('',*,*,#244,.T.);
#1647 = ORIENTED_EDGE('',*,*,#1608,.T.);
#1648 = ORIENTED_EDGE('',*,*,#1649,.F.);
#1649 = EDGE_CURVE('',#1640,#1609,#1650,.T.);
#1650 = LINE('',#1651,#1652);
#1651 = CARTESIAN_POINT('',(-104.6125,156.818176,98.51));
#1652 = VECTOR('',#1653,1.);
#1653 = DIRECTION('',(1.,0.,0.));
#1654 = PLANE('',#1655);
#1655 = AXIS2_PLACEMENT_3D('',#1656,#1657,#1658);
#1656 = CARTESIAN_POINT('',(-112.0125,156.818176,109.995));
#1657 = DIRECTION('',(0.,1.,0.));
#1658 = DIRECTION('',(1.,0.,0.));
#1659 = ADVANCED_FACE('',(#1660),#1678,.F.);
#1660 = FACE_BOUND('',#1661,.F.);
#1661 = EDGE_LOOP('',(#1662,#1663,#1664,#1672));
#1662 = ORIENTED_EDGE('',*,*,#1617,.F.);
#1663 = ORIENTED_EDGE('',*,*,#260,.T.);
#1664 = ORIENTED_EDGE('',*,*,#1665,.T.);
#1665 = EDGE_CURVE('',#253,#1666,#1668,.T.);
#1666 = VERTEX_POINT('',#1667);
#1667 = CARTESIAN_POINT('',(-112.0125,142.818176,98.51));
#1668 = LINE('',#1669,#1670);
#1669 = CARTESIAN_POINT('',(-112.0125,142.818176,109.995));
#1670 = VECTOR('',#1671,1.);
#1671 = DIRECTION('',(0.,0.,-1.));
#1672 = ORIENTED_EDGE('',*,*,#1673,.F.);
#1673 = EDGE_CURVE('',#1618,#1666,#1674,.T.);
#1674 = LINE('',#1675,#1676);
#1675 = CARTESIAN_POINT('',(-97.6125,142.818176,98.51));
#1676 = VECTOR('',#1677,1.);
#1677 = DIRECTION('',(-1.,0.,0.));
#1678 = PLANE('',#1679);
#1679 = AXIS2_PLACEMENT_3D('',#1680,#1681,#1682);
#1680 = CARTESIAN_POINT('',(-98.0125,142.818176,109.995));
#1681 = DIRECTION('',(0.,-1.,0.));
#1682 = DIRECTION('',(-1.,0.,0.));
#1683 = ADVANCED_FACE('',(#1684),#1695,.F.);
#1684 = FACE_BOUND('',#1685,.F.);
#1685 = EDGE_LOOP('',(#1686,#1687,#1688,#1689));
#1686 = ORIENTED_EDGE('',*,*,#1665,.F.);
#1687 = ORIENTED_EDGE('',*,*,#252,.T.);
#1688 = ORIENTED_EDGE('',*,*,#1639,.T.);
#1689 = ORIENTED_EDGE('',*,*,#1690,.F.);
#1690 = EDGE_CURVE('',#1666,#1640,#1691,.T.);
#1691 = LINE('',#1692,#1693);
#1692 = CARTESIAN_POINT('',(-112.0125,150.218176,98.51));
#1693 = VECTOR('',#1694,1.);
#1694 = DIRECTION('',(0.,1.,0.));
#1695 = PLANE('',#1696);
#1696 = AXIS2_PLACEMENT_3D('',#1697,#1698,#1699);
#1697 = CARTESIAN_POINT('',(-112.0125,142.818176,109.995));
#1698 = DIRECTION('',(-1.,0.,0.));
#1699 = DIRECTION('',(0.,1.,0.));
#1700 = ADVANCED_FACE('',(#1701),#1726,.F.);
#1701 = FACE_BOUND('',#1702,.F.);
#1702 = EDGE_LOOP('',(#1703,#1711,#1712,#1720));
#1703 = ORIENTED_EDGE('',*,*,#1704,.F.);
#1704 = EDGE_CURVE('',#269,#1705,#1707,.T.);
#1705 = VERTEX_POINT('',#1706);
#1706 = CARTESIAN_POINT('',(-98.0125,137.768176,98.51));
#1707 = LINE('',#1708,#1709);
#1708 = CARTESIAN_POINT('',(-98.0125,137.768176,109.995));
#1709 = VECTOR('',#1710,1.);
#1710 = DIRECTION('',(0.,0.,-1.));
#1711 = ORIENTED_EDGE('',*,*,#268,.T.);
#1712 = ORIENTED_EDGE('',*,*,#1713,.T.);
#1713 = EDGE_CURVE('',#271,#1714,#1716,.T.);
#1714 = VERTEX_POINT('',#1715);
#1715 = CARTESIAN_POINT('',(-98.0125,123.768176,98.51));
#1716 = LINE('',#1717,#1718);
#1717 = CARTESIAN_POINT('',(-98.0125,123.768176,109.995));
#1718 = VECTOR('',#1719,1.);
#1719 = DIRECTION('',(0.,0.,-1.));
#1720 = ORIENTED_EDGE('',*,*,#1721,.F.);
#1721 = EDGE_CURVE('',#1705,#1714,#1722,.T.);
#1722 = LINE('',#1723,#1724);
#1723 = CARTESIAN_POINT('',(-98.0125,138.168176,98.51));
#1724 = VECTOR('',#1725,1.);
#1725 = DIRECTION('',(0.,-1.,0.));
#1726 = PLANE('',#1727);
#1727 = AXIS2_PLACEMENT_3D('',#1728,#1729,#1730);
#1728 = CARTESIAN_POINT('',(-98.0125,137.768176,109.995));
#1729 = DIRECTION('',(1.,0.,0.));
#1730 = DIRECTION('',(0.,-1.,0.));
#1731 = ADVANCED_FACE('',(#1732),#1750,.F.);
#1732 = FACE_BOUND('',#1733,.F.);
#1733 = EDGE_LOOP('',(#1734,#1742,#1743,#1744));
#1734 = ORIENTED_EDGE('',*,*,#1735,.F.);
#1735 = EDGE_CURVE('',#279,#1736,#1738,.T.);
#1736 = VERTEX_POINT('',#1737);
#1737 = CARTESIAN_POINT('',(-112.0125,137.768176,98.51));
#1738 = LINE('',#1739,#1740);
#1739 = CARTESIAN_POINT('',(-112.0125,137.768176,109.995));
#1740 = VECTOR('',#1741,1.);
#1741 = DIRECTION('',(0.,0.,-1.));
#1742 = ORIENTED_EDGE('',*,*,#278,.T.);
#1743 = ORIENTED_EDGE('',*,*,#1704,.T.);
#1744 = ORIENTED_EDGE('',*,*,#1745,.F.);
#1745 = EDGE_CURVE('',#1736,#1705,#1746,.T.);
#1746 = LINE('',#1747,#1748);
#1747 = CARTESIAN_POINT('',(-104.6125,137.768176,98.51));
#1748 = VECTOR('',#1749,1.);
#1749 = DIRECTION('',(1.,0.,0.));
#1750 = PLANE('',#1751);
#1751 = AXIS2_PLACEMENT_3D('',#1752,#1753,#1754);
#1752 = CARTESIAN_POINT('',(-112.0125,137.768176,109.995));
#1753 = DIRECTION('',(0.,1.,0.));
#1754 = DIRECTION('',(1.,0.,0.));
#1755 = ADVANCED_FACE('',(#1756),#1774,.F.);
#1756 = FACE_BOUND('',#1757,.F.);
#1757 = EDGE_LOOP('',(#1758,#1759,#1760,#1768));
#1758 = ORIENTED_EDGE('',*,*,#1713,.F.);
#1759 = ORIENTED_EDGE('',*,*,#294,.T.);
#1760 = ORIENTED_EDGE('',*,*,#1761,.T.);
#1761 = EDGE_CURVE('',#287,#1762,#1764,.T.);
#1762 = VERTEX_POINT('',#1763);
#1763 = CARTESIAN_POINT('',(-112.0125,123.768176,98.51));
#1764 = LINE('',#1765,#1766);
#1765 = CARTESIAN_POINT('',(-112.0125,123.768176,109.995));
#1766 = VECTOR('',#1767,1.);
#1767 = DIRECTION('',(0.,0.,-1.));
#1768 = ORIENTED_EDGE('',*,*,#1769,.F.);
#1769 = EDGE_CURVE('',#1714,#1762,#1770,.T.);
#1770 = LINE('',#1771,#1772);
#1771 = CARTESIAN_POINT('',(-97.6125,123.768176,98.51));
#1772 = VECTOR('',#1773,1.);
#1773 = DIRECTION('',(-1.,0.,0.));
#1774 = PLANE('',#1775);
#1775 = AXIS2_PLACEMENT_3D('',#1776,#1777,#1778);
#1776 = CARTESIAN_POINT('',(-98.0125,123.768176,109.995));
#1777 = DIRECTION('',(0.,-1.,0.));
#1778 = DIRECTION('',(-1.,0.,0.));
#1779 = ADVANCED_FACE('',(#1780),#1791,.F.);
#1780 = FACE_BOUND('',#1781,.F.);
#1781 = EDGE_LOOP('',(#1782,#1783,#1784,#1785));
#1782 = ORIENTED_EDGE('',*,*,#1761,.F.);
#1783 = ORIENTED_EDGE('',*,*,#286,.T.);
#1784 = ORIENTED_EDGE('',*,*,#1735,.T.);
#1785 = ORIENTED_EDGE('',*,*,#1786,.F.);
#1786 = EDGE_CURVE('',#1762,#1736,#1787,.T.);
#1787 = LINE('',#1788,#1789);
#1788 = CARTESIAN_POINT('',(-112.0125,131.168176,98.51));
#1789 = VECTOR('',#1790,1.);
#1790 = DIRECTION('',(0.,1.,0.));
#1791 = PLANE('',#1792);
#1792 = AXIS2_PLACEMENT_3D('',#1793,#1794,#1795);
#1793 = CARTESIAN_POINT('',(-112.0125,123.768176,109.995));
#1794 = DIRECTION('',(-1.,0.,0.));
#1795 = DIRECTION('',(0.,1.,0.));
#1796 = ADVANCED_FACE('',(#1797),#1823,.F.);
#1797 = FACE_BOUND('',#1798,.T.);
#1798 = EDGE_LOOP('',(#1799,#1807,#1816,#1822));
#1799 = ORIENTED_EDGE('',*,*,#1800,.F.);
#1800 = EDGE_CURVE('',#1801,#305,#1803,.T.);
#1801 = VERTEX_POINT('',#1802);
#1802 = CARTESIAN_POINT('',(-105.36,174.27,98.01));
#1803 = LINE('',#1804,#1805);
#1804 = CARTESIAN_POINT('',(-105.36,174.27,93.01));
#1805 = VECTOR('',#1806,1.);
#1806 = DIRECTION('',(0.,0.,1.));
#1807 = ORIENTED_EDGE('',*,*,#1808,.F.);
#1808 = EDGE_CURVE('',#1809,#1801,#1811,.T.);
#1809 = VERTEX_POINT('',#1810);
#1810 = CARTESIAN_POINT('',(-104.36,175.27,98.01));
#1811 = CIRCLE('',#1812,1.);
#1812 = AXIS2_PLACEMENT_3D('',#1813,#1814,#1815);
#1813 = CARTESIAN_POINT('',(-104.36,174.27,98.01));
#1814 = DIRECTION('',(0.,0.,1.));
#1815 = DIRECTION('',(-1.,0.,0.));
#1816 = ORIENTED_EDGE('',*,*,#1817,.T.);
#1817 = EDGE_CURVE('',#1809,#303,#1818,.T.);
#1818 = LINE('',#1819,#1820);
#1819 = CARTESIAN_POINT('',(-104.36,175.27,93.01));
#1820 = VECTOR('',#1821,1.);
#1821 = DIRECTION('',(0.,0.,1.));
#1822 = ORIENTED_EDGE('',*,*,#302,.T.);
#1823 = CYLINDRICAL_SURFACE('',#1824,1.);
#1824 = AXIS2_PLACEMENT_3D('',#1825,#1826,#1827);
#1825 = CARTESIAN_POINT('',(-104.36,174.27,93.01));
#1826 = DIRECTION('',(0.,0.,1.));
#1827 = DIRECTION('',(-1.,0.,0.));
#1828 = ADVANCED_FACE('',(#1829),#1847,.F.);
#1829 = FACE_BOUND('',#1830,.F.);
#1830 = EDGE_LOOP('',(#1831,#1839,#1840,#1841));
#1831 = ORIENTED_EDGE('',*,*,#1832,.F.);
#1832 = EDGE_CURVE('',#1809,#1833,#1835,.T.);
#1833 = VERTEX_POINT('',#1834);
#1834 = CARTESIAN_POINT('',(-67.56,175.27,98.01));
#1835 = LINE('',#1836,#1837);
#1836 = CARTESIAN_POINT('',(-100.42375,175.27,98.01));
#1837 = VECTOR('',#1838,1.);
#1838 = DIRECTION('',(1.,0.,0.));
#1839 = ORIENTED_EDGE('',*,*,#1817,.T.);
#1840 = ORIENTED_EDGE('',*,*,#364,.T.);
#1841 = ORIENTED_EDGE('',*,*,#1842,.F.);
#1842 = EDGE_CURVE('',#1833,#356,#1843,.T.);
#1843 = LINE('',#1844,#1845);
#1844 = CARTESIAN_POINT('',(-67.56,175.27,93.01));
#1845 = VECTOR('',#1846,1.);
#1846 = DIRECTION('',(0.,0.,1.));
#1847 = PLANE('',#1848);
#1848 = AXIS2_PLACEMENT_3D('',#1849,#1850,#1851);
#1849 = CARTESIAN_POINT('',(-105.36,175.27,93.01));
#1850 = DIRECTION('',(0.,1.,0.));
#1851 = DIRECTION('',(0.,0.,1.));
#1852 = ADVANCED_FACE('',(#1853),#1871,.T.);
#1853 = FACE_BOUND('',#1854,.T.);
#1854 = EDGE_LOOP('',(#1855,#1856,#1864,#1870));
#1855 = ORIENTED_EDGE('',*,*,#313,.T.);
#1856 = ORIENTED_EDGE('',*,*,#1857,.F.);
#1857 = EDGE_CURVE('',#1858,#314,#1860,.T.);
#1858 = VERTEX_POINT('',#1859);
#1859 = CARTESIAN_POINT('',(-105.36,163.47,98.01));
#1860 = LINE('',#1861,#1862);
#1861 = CARTESIAN_POINT('',(-105.36,163.47,93.01));
#1862 = VECTOR('',#1863,1.);
#1863 = DIRECTION('',(0.,0.,1.));
#1864 = ORIENTED_EDGE('',*,*,#1865,.F.);
#1865 = EDGE_CURVE('',#1801,#1858,#1866,.T.);
#1866 = LINE('',#1867,#1868);
#1867 = CARTESIAN_POINT('',(-105.36,145.41267499998,98.01));
#1868 = VECTOR('',#1869,1.);
#1869 = DIRECTION('',(0.,-1.,0.));
#1870 = ORIENTED_EDGE('',*,*,#1800,.T.);
#1871 = PLANE('',#1872);
#1872 = AXIS2_PLACEMENT_3D('',#1873,#1874,#1875);
#1873 = CARTESIAN_POINT('',(-105.36,162.47,93.01));
#1874 = DIRECTION('',(1.,0.,0.));
#1875 = DIRECTION('',(0.,0.,1.));
#1876 = ADVANCED_FACE('',(#1877),#1896,.F.);
#1877 = FACE_BOUND('',#1878,.F.);
#1878 = EDGE_LOOP('',(#1879,#1887,#1894,#1895));
#1879 = ORIENTED_EDGE('',*,*,#1880,.F.);
#1880 = EDGE_CURVE('',#1881,#348,#1883,.T.);
#1881 = VERTEX_POINT('',#1882);
#1882 = CARTESIAN_POINT('',(-66.56,174.27,98.01));
#1883 = LINE('',#1884,#1885);
#1884 = CARTESIAN_POINT('',(-66.56,174.27,93.01));
#1885 = VECTOR('',#1886,1.);
#1886 = DIRECTION('',(0.,0.,1.));
#1887 = ORIENTED_EDGE('',*,*,#1888,.T.);
#1888 = EDGE_CURVE('',#1881,#1833,#1889,.T.);
#1889 = CIRCLE('',#1890,1.);
#1890 = AXIS2_PLACEMENT_3D('',#1891,#1892,#1893);
#1891 = CARTESIAN_POINT('',(-67.56,174.27,98.01));
#1892 = DIRECTION('',(0.,0.,1.));
#1893 = DIRECTION('',(1.,0.,0.));
#1894 = ORIENTED_EDGE('',*,*,#1842,.T.);
#1895 = ORIENTED_EDGE('',*,*,#355,.F.);
#1896 = CYLINDRICAL_SURFACE('',#1897,1.);
#1897 = AXIS2_PLACEMENT_3D('',#1898,#1899,#1900);
#1898 = CARTESIAN_POINT('',(-67.56,174.27,93.01));
#1899 = DIRECTION('',(0.,0.,1.));
#1900 = DIRECTION('',(1.,0.,0.));
#1901 = ADVANCED_FACE('',(#1902),#1921,.F.);
#1902 = FACE_BOUND('',#1903,.F.);
#1903 = EDGE_LOOP('',(#1904,#1905,#1914,#1920));
#1904 = ORIENTED_EDGE('',*,*,#1857,.F.);
#1905 = ORIENTED_EDGE('',*,*,#1906,.T.);
#1906 = EDGE_CURVE('',#1858,#1907,#1909,.T.);
#1907 = VERTEX_POINT('',#1908);
#1908 = CARTESIAN_POINT('',(-104.36,162.47,98.01));
#1909 = CIRCLE('',#1910,1.);
#1910 = AXIS2_PLACEMENT_3D('',#1911,#1912,#1913);
#1911 = CARTESIAN_POINT('',(-104.36,163.47,98.01));
#1912 = DIRECTION('',(0.,0.,1.));
#1913 = DIRECTION('',(-1.,0.,0.));
#1914 = ORIENTED_EDGE('',*,*,#1915,.T.);
#1915 = EDGE_CURVE('',#1907,#322,#1916,.T.);
#1916 = LINE('',#1917,#1918);
#1917 = CARTESIAN_POINT('',(-104.36,162.47,93.01));
#1918 = VECTOR('',#1919,1.);
#1919 = DIRECTION('',(0.,0.,1.));
#1920 = ORIENTED_EDGE('',*,*,#321,.F.);
#1921 = CYLINDRICAL_SURFACE('',#1922,1.);
#1922 = AXIS2_PLACEMENT_3D('',#1923,#1924,#1925);
#1923 = CARTESIAN_POINT('',(-104.36,163.47,93.01));
#1924 = DIRECTION('',(0.,0.,1.));
#1925 = DIRECTION('',(-1.,0.,0.));
#1926 = ADVANCED_FACE('',(#1927),#1945,.F.);
#1927 = FACE_BOUND('',#1928,.F.);
#1928 = EDGE_LOOP('',(#1929,#1930,#1938,#1944));
#1929 = ORIENTED_EDGE('',*,*,#347,.T.);
#1930 = ORIENTED_EDGE('',*,*,#1931,.F.);
#1931 = EDGE_CURVE('',#1932,#339,#1934,.T.);
#1932 = VERTEX_POINT('',#1933);
#1933 = CARTESIAN_POINT('',(-66.56,163.47,98.01));
#1934 = LINE('',#1935,#1936);
#1935 = CARTESIAN_POINT('',(-66.56,163.47,93.01));
#1936 = VECTOR('',#1937,1.);
#1937 = DIRECTION('',(0.,0.,1.));
#1938 = ORIENTED_EDGE('',*,*,#1939,.F.);
#1939 = EDGE_CURVE('',#1881,#1932,#1940,.T.);
#1940 = LINE('',#1941,#1942);
#1941 = CARTESIAN_POINT('',(-66.56,145.41267499998,98.01));
#1942 = VECTOR('',#1943,1.);
#1943 = DIRECTION('',(0.,-1.,0.));
#1944 = ORIENTED_EDGE('',*,*,#1880,.T.);
#1945 = PLANE('',#1946);
#1946 = AXIS2_PLACEMENT_3D('',#1947,#1948,#1949);
#1947 = CARTESIAN_POINT('',(-66.56,162.47,93.01));
#1948 = DIRECTION('',(1.,0.,0.));
#1949 = DIRECTION('',(0.,0.,1.));
#1950 = ADVANCED_FACE('',(#1951),#1969,.T.);
#1951 = FACE_BOUND('',#1952,.T.);
#1952 = EDGE_LOOP('',(#1953,#1961,#1962,#1963));
#1953 = ORIENTED_EDGE('',*,*,#1954,.F.);
#1954 = EDGE_CURVE('',#1907,#1955,#1957,.T.);
#1955 = VERTEX_POINT('',#1956);
#1956 = CARTESIAN_POINT('',(-67.56,162.47,98.01));
#1957 = LINE('',#1958,#1959);
#1958 = CARTESIAN_POINT('',(-100.42375,162.47,98.01));
#1959 = VECTOR('',#1960,1.);
#1960 = DIRECTION('',(1.,0.,0.));
#1961 = ORIENTED_EDGE('',*,*,#1915,.T.);
#1962 = ORIENTED_EDGE('',*,*,#330,.T.);
#1963 = ORIENTED_EDGE('',*,*,#1964,.F.);
#1964 = EDGE_CURVE('',#1955,#331,#1965,.T.);
#1965 = LINE('',#1966,#1967);
#1966 = CARTESIAN_POINT('',(-67.56,162.47,93.01));
#1967 = VECTOR('',#1968,1.);
#1968 = DIRECTION('',(0.,0.,1.));
#1969 = PLANE('',#1970);
#1970 = AXIS2_PLACEMENT_3D('',#1971,#1972,#1973);
#1971 = CARTESIAN_POINT('',(-105.36,162.47,93.01));
#1972 = DIRECTION('',(0.,1.,0.));
#1973 = DIRECTION('',(0.,0.,1.));
#1974 = ADVANCED_FACE('',(#1975),#1987,.F.);
#1975 = FACE_BOUND('',#1976,.T.);
#1976 = EDGE_LOOP('',(#1977,#1978,#1985,#1986));
#1977 = ORIENTED_EDGE('',*,*,#1931,.F.);
#1978 = ORIENTED_EDGE('',*,*,#1979,.F.);
#1979 = EDGE_CURVE('',#1955,#1932,#1980,.T.);
#1980 = CIRCLE('',#1981,1.);
#1981 = AXIS2_PLACEMENT_3D('',#1982,#1983,#1984);
#1982 = CARTESIAN_POINT('',(-67.56,163.47,98.01));
#1983 = DIRECTION('',(0.,0.,1.));
#1984 = DIRECTION('',(1.,0.,0.));
#1985 = ORIENTED_EDGE('',*,*,#1964,.T.);
#1986 = ORIENTED_EDGE('',*,*,#338,.T.);
#1987 = CYLINDRICAL_SURFACE('',#1988,1.);
#1988 = AXIS2_PLACEMENT_3D('',#1989,#1990,#1991);
#1989 = CARTESIAN_POINT('',(-67.56,163.47,93.01));
#1990 = DIRECTION('',(0.,0.,1.));
#1991 = DIRECTION('',(1.,0.,0.));
#1992 = ADVANCED_FACE('',(#1993),#2012,.F.);
#1993 = FACE_BOUND('',#1994,.F.);
#1994 = EDGE_LOOP('',(#1995,#2003,#2010,#2011));
#1995 = ORIENTED_EDGE('',*,*,#1996,.T.);
#1996 = EDGE_CURVE('',#373,#1997,#1999,.T.);
#1997 = VERTEX_POINT('',#1998);
#1998 = CARTESIAN_POINT('',(-59.99999863654,169.49999621138,98.01));
#1999 = LINE('',#2000,#2001);
#2000 = CARTESIAN_POINT('',(-59.99999863654,169.49999621138,100.01));
#2001 = VECTOR('',#2002,1.);
#2002 = DIRECTION('',(0.,0.,-1.));
#2003 = ORIENTED_EDGE('',*,*,#2004,.T.);
#2004 = EDGE_CURVE('',#1997,#1997,#2005,.T.);
#2005 = CIRCLE('',#2006,1.);
#2006 = AXIS2_PLACEMENT_3D('',#2007,#2008,#2009);
#2007 = CARTESIAN_POINT('',(-60.99999863654,169.49999621138,98.01));
#2008 = DIRECTION('',(0.,0.,1.));
#2009 = DIRECTION('',(-1.,0.,0.));
#2010 = ORIENTED_EDGE('',*,*,#1996,.F.);
#2011 = ORIENTED_EDGE('',*,*,#372,.T.);
#2012 = CYLINDRICAL_SURFACE('',#2013,1.);
#2013 = AXIS2_PLACEMENT_3D('',#2014,#2015,#2016);
#2014 = CARTESIAN_POINT('',(-60.99999863654,169.49999621138,100.01));
#2015 = DIRECTION('',(0.,0.,-1.));
#2016 = DIRECTION('',(-1.,0.,0.));
#2017 = ADVANCED_FACE('',(#2018),#2043,.F.);
#2018 = FACE_BOUND('',#2019,.F.);
#2019 = EDGE_LOOP('',(#2020,#2028,#2029,#2037));
#2020 = ORIENTED_EDGE('',*,*,#2021,.F.);
#2021 = EDGE_CURVE('',#384,#2022,#2024,.T.);
#2022 = VERTEX_POINT('',#2023);
#2023 = CARTESIAN_POINT('',(-78.9625,156.818176,98.51));
#2024 = LINE('',#2025,#2026);
#2025 = CARTESIAN_POINT('',(-78.9625,156.818176,109.995));
#2026 = VECTOR('',#2027,1.);
#2027 = DIRECTION('',(0.,0.,-1.));
#2028 = ORIENTED_EDGE('',*,*,#383,.T.);
#2029 = ORIENTED_EDGE('',*,*,#2030,.T.);
#2030 = EDGE_CURVE('',#386,#2031,#2033,.T.);
#2031 = VERTEX_POINT('',#2032);
#2032 = CARTESIAN_POINT('',(-78.9625,142.818176,98.51));
#2033 = LINE('',#2034,#2035);
#2034 = CARTESIAN_POINT('',(-78.9625,142.818176,109.995));
#2035 = VECTOR('',#2036,1.);
#2036 = DIRECTION('',(0.,0.,-1.));
#2037 = ORIENTED_EDGE('',*,*,#2038,.F.);
#2038 = EDGE_CURVE('',#2022,#2031,#2039,.T.);
#2039 = LINE('',#2040,#2041);
#2040 = CARTESIAN_POINT('',(-78.9625,157.218176,98.51));
#2041 = VECTOR('',#2042,1.);
#2042 = DIRECTION('',(0.,-1.,0.));
#2043 = PLANE('',#2044);
#2044 = AXIS2_PLACEMENT_3D('',#2045,#2046,#2047);
#2045 = CARTESIAN_POINT('',(-78.9625,156.818176,109.995));
#2046 = DIRECTION('',(1.,0.,0.));
#2047 = DIRECTION('',(0.,-1.,0.));
#2048 = ADVANCED_FACE('',(#2049),#2067,.F.);
#2049 = FACE_BOUND('',#2050,.F.);
#2050 = EDGE_LOOP('',(#2051,#2059,#2060,#2061));
#2051 = ORIENTED_EDGE('',*,*,#2052,.F.);
#2052 = EDGE_CURVE('',#394,#2053,#2055,.T.);
#2053 = VERTEX_POINT('',#2054);
#2054 = CARTESIAN_POINT('',(-92.9625,156.818176,98.51));
#2055 = LINE('',#2056,#2057);
#2056 = CARTESIAN_POINT('',(-92.9625,156.818176,109.995));
#2057 = VECTOR('',#2058,1.);
#2058 = DIRECTION('',(0.,0.,-1.));
#2059 = ORIENTED_EDGE('',*,*,#393,.T.);
#2060 = ORIENTED_EDGE('',*,*,#2021,.T.);
#2061 = ORIENTED_EDGE('',*,*,#2062,.F.);
#2062 = EDGE_CURVE('',#2053,#2022,#2063,.T.);
#2063 = LINE('',#2064,#2065);
#2064 = CARTESIAN_POINT('',(-85.5625,156.818176,98.51));
#2065 = VECTOR('',#2066,1.);
#2066 = DIRECTION('',(1.,0.,0.));
#2067 = PLANE('',#2068);
#2068 = AXIS2_PLACEMENT_3D('',#2069,#2070,#2071);
#2069 = CARTESIAN_POINT('',(-92.9625,156.818176,109.995));
#2070 = DIRECTION('',(0.,1.,0.));
#2071 = DIRECTION('',(1.,0.,0.));
#2072 = ADVANCED_FACE('',(#2073),#2091,.F.);
#2073 = FACE_BOUND('',#2074,.F.);
#2074 = EDGE_LOOP('',(#2075,#2076,#2077,#2085));
#2075 = ORIENTED_EDGE('',*,*,#2030,.F.);
#2076 = ORIENTED_EDGE('',*,*,#409,.T.);
#2077 = ORIENTED_EDGE('',*,*,#2078,.T.);
#2078 = EDGE_CURVE('',#402,#2079,#2081,.T.);
#2079 = VERTEX_POINT('',#2080);
#2080 = CARTESIAN_POINT('',(-92.9625,142.818176,98.51));
#2081 = LINE('',#2082,#2083);
#2082 = CARTESIAN_POINT('',(-92.9625,142.818176,109.995));
#2083 = VECTOR('',#2084,1.);
#2084 = DIRECTION('',(0.,0.,-1.));
#2085 = ORIENTED_EDGE('',*,*,#2086,.F.);
#2086 = EDGE_CURVE('',#2031,#2079,#2087,.T.);
#2087 = LINE('',#2088,#2089);
#2088 = CARTESIAN_POINT('',(-78.5625,142.818176,98.51));
#2089 = VECTOR('',#2090,1.);
#2090 = DIRECTION('',(-1.,0.,0.));
#2091 = PLANE('',#2092);
#2092 = AXIS2_PLACEMENT_3D('',#2093,#2094,#2095);
#2093 = CARTESIAN_POINT('',(-78.9625,142.818176,109.995));
#2094 = DIRECTION('',(0.,-1.,0.));
#2095 = DIRECTION('',(-1.,0.,0.));
#2096 = ADVANCED_FACE('',(#2097),#2108,.F.);
#2097 = FACE_BOUND('',#2098,.F.);
#2098 = EDGE_LOOP('',(#2099,#2100,#2101,#2102));
#2099 = ORIENTED_EDGE('',*,*,#2078,.F.);
#2100 = ORIENTED_EDGE('',*,*,#401,.T.);
#2101 = ORIENTED_EDGE('',*,*,#2052,.T.);
#2102 = ORIENTED_EDGE('',*,*,#2103,.F.);
#2103 = EDGE_CURVE('',#2079,#2053,#2104,.T.);
#2104 = LINE('',#2105,#2106);
#2105 = CARTESIAN_POINT('',(-92.9625,150.218176,98.51));
#2106 = VECTOR('',#2107,1.);
#2107 = DIRECTION('',(0.,1.,0.));
#2108 = PLANE('',#2109);
#2109 = AXIS2_PLACEMENT_3D('',#2110,#2111,#2112);
#2110 = CARTESIAN_POINT('',(-92.9625,142.818176,109.995));
#2111 = DIRECTION('',(-1.,0.,0.));
#2112 = DIRECTION('',(0.,1.,0.));
#2113 = ADVANCED_FACE('',(#2114),#2139,.F.);
#2114 = FACE_BOUND('',#2115,.F.);
#2115 = EDGE_LOOP('',(#2116,#2124,#2125,#2133));
#2116 = ORIENTED_EDGE('',*,*,#2117,.F.);
#2117 = EDGE_CURVE('',#418,#2118,#2120,.T.);
#2118 = VERTEX_POINT('',#2119);
#2119 = CARTESIAN_POINT('',(-78.9625,137.768176,98.51));
#2120 = LINE('',#2121,#2122);
#2121 = CARTESIAN_POINT('',(-78.9625,137.768176,109.995));
#2122 = VECTOR('',#2123,1.);
#2123 = DIRECTION('',(0.,0.,-1.));
#2124 = ORIENTED_EDGE('',*,*,#417,.T.);
#2125 = ORIENTED_EDGE('',*,*,#2126,.T.);
#2126 = EDGE_CURVE('',#420,#2127,#2129,.T.);
#2127 = VERTEX_POINT('',#2128);
#2128 = CARTESIAN_POINT('',(-78.9625,123.768176,98.51));
#2129 = LINE('',#2130,#2131);
#2130 = CARTESIAN_POINT('',(-78.9625,123.768176,109.995));
#2131 = VECTOR('',#2132,1.);
#2132 = DIRECTION('',(0.,0.,-1.));
#2133 = ORIENTED_EDGE('',*,*,#2134,.F.);
#2134 = EDGE_CURVE('',#2118,#2127,#2135,.T.);
#2135 = LINE('',#2136,#2137);
#2136 = CARTESIAN_POINT('',(-78.9625,138.168176,98.51));
#2137 = VECTOR('',#2138,1.);
#2138 = DIRECTION('',(0.,-1.,0.));
#2139 = PLANE('',#2140);
#2140 = AXIS2_PLACEMENT_3D('',#2141,#2142,#2143);
#2141 = CARTESIAN_POINT('',(-78.9625,137.768176,109.995));
#2142 = DIRECTION('',(1.,0.,0.));
#2143 = DIRECTION('',(0.,-1.,0.));
#2144 = ADVANCED_FACE('',(#2145),#2163,.F.);
#2145 = FACE_BOUND('',#2146,.F.);
#2146 = EDGE_LOOP('',(#2147,#2155,#2156,#2157));
#2147 = ORIENTED_EDGE('',*,*,#2148,.F.);
#2148 = EDGE_CURVE('',#428,#2149,#2151,.T.);
#2149 = VERTEX_POINT('',#2150);
#2150 = CARTESIAN_POINT('',(-92.9625,137.768176,98.51));
#2151 = LINE('',#2152,#2153);
#2152 = CARTESIAN_POINT('',(-92.9625,137.768176,109.995));
#2153 = VECTOR('',#2154,1.);
#2154 = DIRECTION('',(0.,0.,-1.));
#2155 = ORIENTED_EDGE('',*,*,#427,.T.);
#2156 = ORIENTED_EDGE('',*,*,#2117,.T.);
#2157 = ORIENTED_EDGE('',*,*,#2158,.F.);
#2158 = EDGE_CURVE('',#2149,#2118,#2159,.T.);
#2159 = LINE('',#2160,#2161);
#2160 = CARTESIAN_POINT('',(-85.5625,137.768176,98.51));
#2161 = VECTOR('',#2162,1.);
#2162 = DIRECTION('',(1.,0.,0.));
#2163 = PLANE('',#2164);
#2164 = AXIS2_PLACEMENT_3D('',#2165,#2166,#2167);
#2165 = CARTESIAN_POINT('',(-92.9625,137.768176,109.995));
#2166 = DIRECTION('',(0.,1.,0.));
#2167 = DIRECTION('',(1.,0.,0.));
#2168 = ADVANCED_FACE('',(#2169),#2187,.F.);
#2169 = FACE_BOUND('',#2170,.F.);
#2170 = EDGE_LOOP('',(#2171,#2172,#2173,#2181));
#2171 = ORIENTED_EDGE('',*,*,#2126,.F.);
#2172 = ORIENTED_EDGE('',*,*,#443,.T.);
#2173 = ORIENTED_EDGE('',*,*,#2174,.T.);
#2174 = EDGE_CURVE('',#436,#2175,#2177,.T.);
#2175 = VERTEX_POINT('',#2176);
#2176 = CARTESIAN_POINT('',(-92.9625,123.768176,98.51));
#2177 = LINE('',#2178,#2179);
#2178 = CARTESIAN_POINT('',(-92.9625,123.768176,109.995));
#2179 = VECTOR('',#2180,1.);
#2180 = DIRECTION('',(0.,0.,-1.));
#2181 = ORIENTED_EDGE('',*,*,#2182,.F.);
#2182 = EDGE_CURVE('',#2127,#2175,#2183,.T.);
#2183 = LINE('',#2184,#2185);
#2184 = CARTESIAN_POINT('',(-78.5625,123.768176,98.51));
#2185 = VECTOR('',#2186,1.);
#2186 = DIRECTION('',(-1.,0.,0.));
#2187 = PLANE('',#2188);
#2188 = AXIS2_PLACEMENT_3D('',#2189,#2190,#2191);
#2189 = CARTESIAN_POINT('',(-78.9625,123.768176,109.995));
#2190 = DIRECTION('',(0.,-1.,0.));
#2191 = DIRECTION('',(-1.,0.,0.));
#2192 = ADVANCED_FACE('',(#2193),#2204,.F.);
#2193 = FACE_BOUND('',#2194,.F.);
#2194 = EDGE_LOOP('',(#2195,#2196,#2197,#2198));
#2195 = ORIENTED_EDGE('',*,*,#2174,.F.);
#2196 = ORIENTED_EDGE('',*,*,#435,.T.);
#2197 = ORIENTED_EDGE('',*,*,#2148,.T.);
#2198 = ORIENTED_EDGE('',*,*,#2199,.F.);
#2199 = EDGE_CURVE('',#2175,#2149,#2200,.T.);
#2200 = LINE('',#2201,#2202);
#2201 = CARTESIAN_POINT('',(-92.9625,131.168176,98.51));
#2202 = VECTOR('',#2203,1.);
#2203 = DIRECTION('',(0.,1.,0.));
#2204 = PLANE('',#2205);
#2205 = AXIS2_PLACEMENT_3D('',#2206,#2207,#2208);
#2206 = CARTESIAN_POINT('',(-92.9625,123.768176,109.995));
#2207 = DIRECTION('',(-1.,0.,0.));
#2208 = DIRECTION('',(0.,1.,0.));
#2209 = ADVANCED_FACE('',(#2210),#2229,.F.);
#2210 = FACE_BOUND('',#2211,.F.);
#2211 = EDGE_LOOP('',(#2212,#2220,#2227,#2228));
#2212 = ORIENTED_EDGE('',*,*,#2213,.T.);
#2213 = EDGE_CURVE('',#452,#2214,#2216,.T.);
#2214 = VERTEX_POINT('',#2215);
#2215 = CARTESIAN_POINT('',(-75.50000113993,140.50000209361,98.01));
#2216 = LINE('',#2217,#2218);
#2217 = CARTESIAN_POINT('',(-75.50000113993,140.50000209361,100.01));
#2218 = VECTOR('',#2219,1.);
#2219 = DIRECTION('',(0.,0.,-1.));
#2220 = ORIENTED_EDGE('',*,*,#2221,.T.);
#2221 = EDGE_CURVE('',#2214,#2214,#2222,.T.);
#2222 = CIRCLE('',#2223,1.);
#2223 = AXIS2_PLACEMENT_3D('',#2224,#2225,#2226);
#2224 = CARTESIAN_POINT('',(-76.50000113993,140.50000209361,98.01));
#2225 = DIRECTION('',(0.,0.,1.));
#2226 = DIRECTION('',(-1.,0.,0.));
#2227 = ORIENTED_EDGE('',*,*,#2213,.F.);
#2228 = ORIENTED_EDGE('',*,*,#451,.T.);
#2229 = CYLINDRICAL_SURFACE('',#2230,1.);
#2230 = AXIS2_PLACEMENT_3D('',#2231,#2232,#2233);
#2231 = CARTESIAN_POINT('',(-76.50000113993,140.50000209361,100.01));
#2232 = DIRECTION('',(0.,0.,-1.));
#2233 = DIRECTION('',(-1.,0.,0.));
#2234 = ADVANCED_FACE('',(#2235),#2260,.F.);
#2235 = FACE_BOUND('',#2236,.F.);
#2236 = EDGE_LOOP('',(#2237,#2245,#2246,#2254));
#2237 = ORIENTED_EDGE('',*,*,#2238,.F.);
#2238 = EDGE_CURVE('',#463,#2239,#2241,.T.);
#2239 = VERTEX_POINT('',#2240);
#2240 = CARTESIAN_POINT('',(-59.9125,156.818176,98.51));
#2241 = LINE('',#2242,#2243);
#2242 = CARTESIAN_POINT('',(-59.9125,156.818176,109.995));
#2243 = VECTOR('',#2244,1.);
#2244 = DIRECTION('',(0.,0.,-1.));
#2245 = ORIENTED_EDGE('',*,*,#462,.T.);
#2246 = ORIENTED_EDGE('',*,*,#2247,.T.);
#2247 = EDGE_CURVE('',#465,#2248,#2250,.T.);
#2248 = VERTEX_POINT('',#2249);
#2249 = CARTESIAN_POINT('',(-59.9125,142.818176,98.51));
#2250 = LINE('',#2251,#2252);
#2251 = CARTESIAN_POINT('',(-59.9125,142.818176,109.995));
#2252 = VECTOR('',#2253,1.);
#2253 = DIRECTION('',(0.,0.,-1.));
#2254 = ORIENTED_EDGE('',*,*,#2255,.F.);
#2255 = EDGE_CURVE('',#2239,#2248,#2256,.T.);
#2256 = LINE('',#2257,#2258);
#2257 = CARTESIAN_POINT('',(-59.9125,157.218176,98.51));
#2258 = VECTOR('',#2259,1.);
#2259 = DIRECTION('',(0.,-1.,0.));
#2260 = PLANE('',#2261);
#2261 = AXIS2_PLACEMENT_3D('',#2262,#2263,#2264);
#2262 = CARTESIAN_POINT('',(-59.9125,156.818176,109.995));
#2263 = DIRECTION('',(1.,0.,0.));
#2264 = DIRECTION('',(0.,-1.,0.));
#2265 = ADVANCED_FACE('',(#2266),#2284,.F.);
#2266 = FACE_BOUND('',#2267,.F.);
#2267 = EDGE_LOOP('',(#2268,#2276,#2277,#2278));
#2268 = ORIENTED_EDGE('',*,*,#2269,.F.);
#2269 = EDGE_CURVE('',#473,#2270,#2272,.T.);
#2270 = VERTEX_POINT('',#2271);
#2271 = CARTESIAN_POINT('',(-73.9125,156.818176,98.51));
#2272 = LINE('',#2273,#2274);
#2273 = CARTESIAN_POINT('',(-73.9125,156.818176,109.995));
#2274 = VECTOR('',#2275,1.);
#2275 = DIRECTION('',(0.,0.,-1.));
#2276 = ORIENTED_EDGE('',*,*,#472,.T.);
#2277 = ORIENTED_EDGE('',*,*,#2238,.T.);
#2278 = ORIENTED_EDGE('',*,*,#2279,.F.);
#2279 = EDGE_CURVE('',#2270,#2239,#2280,.T.);
#2280 = LINE('',#2281,#2282);
#2281 = CARTESIAN_POINT('',(-66.5125,156.818176,98.51));
#2282 = VECTOR('',#2283,1.);
#2283 = DIRECTION('',(1.,0.,0.));
#2284 = PLANE('',#2285);
#2285 = AXIS2_PLACEMENT_3D('',#2286,#2287,#2288);
#2286 = CARTESIAN_POINT('',(-73.9125,156.818176,109.995));
#2287 = DIRECTION('',(0.,1.,0.));
#2288 = DIRECTION('',(1.,0.,0.));
#2289 = ADVANCED_FACE('',(#2290),#2308,.F.);
#2290 = FACE_BOUND('',#2291,.F.);
#2291 = EDGE_LOOP('',(#2292,#2293,#2294,#2302));
#2292 = ORIENTED_EDGE('',*,*,#2247,.F.);
#2293 = ORIENTED_EDGE('',*,*,#488,.T.);
#2294 = ORIENTED_EDGE('',*,*,#2295,.T.);
#2295 = EDGE_CURVE('',#481,#2296,#2298,.T.);
#2296 = VERTEX_POINT('',#2297);
#2297 = CARTESIAN_POINT('',(-73.9125,142.818176,98.51));
#2298 = LINE('',#2299,#2300);
#2299 = CARTESIAN_POINT('',(-73.9125,142.818176,109.995));
#2300 = VECTOR('',#2301,1.);
#2301 = DIRECTION('',(0.,0.,-1.));
#2302 = ORIENTED_EDGE('',*,*,#2303,.F.);
#2303 = EDGE_CURVE('',#2248,#2296,#2304,.T.);
#2304 = LINE('',#2305,#2306);
#2305 = CARTESIAN_POINT('',(-59.5125,142.818176,98.51));
#2306 = VECTOR('',#2307,1.);
#2307 = DIRECTION('',(-1.,0.,0.));
#2308 = PLANE('',#2309);
#2309 = AXIS2_PLACEMENT_3D('',#2310,#2311,#2312);
#2310 = CARTESIAN_POINT('',(-59.9125,142.818176,109.995));
#2311 = DIRECTION('',(0.,-1.,0.));
#2312 = DIRECTION('',(-1.,0.,0.));
#2313 = ADVANCED_FACE('',(#2314),#2325,.F.);
#2314 = FACE_BOUND('',#2315,.F.);
#2315 = EDGE_LOOP('',(#2316,#2317,#2318,#2319));
#2316 = ORIENTED_EDGE('',*,*,#2295,.F.);
#2317 = ORIENTED_EDGE('',*,*,#480,.T.);
#2318 = ORIENTED_EDGE('',*,*,#2269,.T.);
#2319 = ORIENTED_EDGE('',*,*,#2320,.F.);
#2320 = EDGE_CURVE('',#2296,#2270,#2321,.T.);
#2321 = LINE('',#2322,#2323);
#2322 = CARTESIAN_POINT('',(-73.9125,150.218176,98.51));
#2323 = VECTOR('',#2324,1.);
#2324 = DIRECTION('',(0.,1.,0.));
#2325 = PLANE('',#2326);
#2326 = AXIS2_PLACEMENT_3D('',#2327,#2328,#2329);
#2327 = CARTESIAN_POINT('',(-73.9125,142.818176,109.995));
#2328 = DIRECTION('',(-1.,0.,0.));
#2329 = DIRECTION('',(0.,1.,0.));
#2330 = ADVANCED_FACE('',(#2331),#2356,.F.);
#2331 = FACE_BOUND('',#2332,.F.);
#2332 = EDGE_LOOP('',(#2333,#2341,#2342,#2350));
#2333 = ORIENTED_EDGE('',*,*,#2334,.F.);
#2334 = EDGE_CURVE('',#497,#2335,#2337,.T.);
#2335 = VERTEX_POINT('',#2336);
#2336 = CARTESIAN_POINT('',(-59.9125,137.768176,98.51));
#2337 = LINE('',#2338,#2339);
#2338 = CARTESIAN_POINT('',(-59.9125,137.768176,109.995));
#2339 = VECTOR('',#2340,1.);
#2340 = DIRECTION('',(0.,0.,-1.));
#2341 = ORIENTED_EDGE('',*,*,#496,.T.);
#2342 = ORIENTED_EDGE('',*,*,#2343,.T.);
#2343 = EDGE_CURVE('',#499,#2344,#2346,.T.);
#2344 = VERTEX_POINT('',#2345);
#2345 = CARTESIAN_POINT('',(-59.9125,123.768176,98.51));
#2346 = LINE('',#2347,#2348);
#2347 = CARTESIAN_POINT('',(-59.9125,123.768176,109.995));
#2348 = VECTOR('',#2349,1.);
#2349 = DIRECTION('',(0.,0.,-1.));
#2350 = ORIENTED_EDGE('',*,*,#2351,.F.);
#2351 = EDGE_CURVE('',#2335,#2344,#2352,.T.);
#2352 = LINE('',#2353,#2354);
#2353 = CARTESIAN_POINT('',(-59.9125,138.168176,98.51));
#2354 = VECTOR('',#2355,1.);
#2355 = DIRECTION('',(0.,-1.,0.));
#2356 = PLANE('',#2357);
#2357 = AXIS2_PLACEMENT_3D('',#2358,#2359,#2360);
#2358 = CARTESIAN_POINT('',(-59.9125,137.768176,109.995));
#2359 = DIRECTION('',(1.,0.,0.));
#2360 = DIRECTION('',(0.,-1.,0.));
#2361 = ADVANCED_FACE('',(#2362),#2380,.F.);
#2362 = FACE_BOUND('',#2363,.F.);
#2363 = EDGE_LOOP('',(#2364,#2372,#2373,#2374));
#2364 = ORIENTED_EDGE('',*,*,#2365,.F.);
#2365 = EDGE_CURVE('',#507,#2366,#2368,.T.);
#2366 = VERTEX_POINT('',#2367);
#2367 = CARTESIAN_POINT('',(-73.9125,137.768176,98.51));
#2368 = LINE('',#2369,#2370);
#2369 = CARTESIAN_POINT('',(-73.9125,137.768176,109.995));
#2370 = VECTOR('',#2371,1.);
#2371 = DIRECTION('',(0.,0.,-1.));
#2372 = ORIENTED_EDGE('',*,*,#506,.T.);
#2373 = ORIENTED_EDGE('',*,*,#2334,.T.);
#2374 = ORIENTED_EDGE('',*,*,#2375,.F.);
#2375 = EDGE_CURVE('',#2366,#2335,#2376,.T.);
#2376 = LINE('',#2377,#2378);
#2377 = CARTESIAN_POINT('',(-66.5125,137.768176,98.51));
#2378 = VECTOR('',#2379,1.);
#2379 = DIRECTION('',(1.,0.,0.));
#2380 = PLANE('',#2381);
#2381 = AXIS2_PLACEMENT_3D('',#2382,#2383,#2384);
#2382 = CARTESIAN_POINT('',(-73.9125,137.768176,109.995));
#2383 = DIRECTION('',(0.,1.,0.));
#2384 = DIRECTION('',(1.,0.,0.));
#2385 = ADVANCED_FACE('',(#2386),#2404,.F.);
#2386 = FACE_BOUND('',#2387,.F.);
#2387 = EDGE_LOOP('',(#2388,#2389,#2390,#2398));
#2388 = ORIENTED_EDGE('',*,*,#2343,.F.);
#2389 = ORIENTED_EDGE('',*,*,#522,.T.);
#2390 = ORIENTED_EDGE('',*,*,#2391,.T.);
#2391 = EDGE_CURVE('',#515,#2392,#2394,.T.);
#2392 = VERTEX_POINT('',#2393);
#2393 = CARTESIAN_POINT('',(-73.9125,123.768176,98.51));
#2394 = LINE('',#2395,#2396);
#2395 = CARTESIAN_POINT('',(-73.9125,123.768176,109.995));
#2396 = VECTOR('',#2397,1.);
#2397 = DIRECTION('',(0.,0.,-1.));
#2398 = ORIENTED_EDGE('',*,*,#2399,.F.);
#2399 = EDGE_CURVE('',#2344,#2392,#2400,.T.);
#2400 = LINE('',#2401,#2402);
#2401 = CARTESIAN_POINT('',(-59.5125,123.768176,98.51));
#2402 = VECTOR('',#2403,1.);
#2403 = DIRECTION('',(-1.,0.,0.));
#2404 = PLANE('',#2405);
#2405 = AXIS2_PLACEMENT_3D('',#2406,#2407,#2408);
#2406 = CARTESIAN_POINT('',(-59.9125,123.768176,109.995));
#2407 = DIRECTION('',(0.,-1.,0.));
#2408 = DIRECTION('',(-1.,0.,0.));
#2409 = ADVANCED_FACE('',(#2410),#2421,.F.);
#2410 = FACE_BOUND('',#2411,.F.);
#2411 = EDGE_LOOP('',(#2412,#2413,#2414,#2415));
#2412 = ORIENTED_EDGE('',*,*,#2391,.F.);
#2413 = ORIENTED_EDGE('',*,*,#514,.T.);
#2414 = ORIENTED_EDGE('',*,*,#2365,.T.);
#2415 = ORIENTED_EDGE('',*,*,#2416,.F.);
#2416 = EDGE_CURVE('',#2392,#2366,#2417,.T.);
#2417 = LINE('',#2418,#2419);
#2418 = CARTESIAN_POINT('',(-73.9125,131.168176,98.51));
#2419 = VECTOR('',#2420,1.);
#2420 = DIRECTION('',(0.,1.,0.));
#2421 = PLANE('',#2422);
#2422 = AXIS2_PLACEMENT_3D('',#2423,#2424,#2425);
#2423 = CARTESIAN_POINT('',(-73.9125,123.768176,109.995));
#2424 = DIRECTION('',(-1.,0.,0.));
#2425 = DIRECTION('',(0.,1.,0.));
#2426 = ADVANCED_FACE('',(#2427),#2446,.F.);
#2427 = FACE_BOUND('',#2428,.F.);
#2428 = EDGE_LOOP('',(#2429,#2430,#2438,#2445));
#2429 = ORIENTED_EDGE('',*,*,#530,.F.);
#2430 = ORIENTED_EDGE('',*,*,#2431,.F.);
#2431 = EDGE_CURVE('',#2432,#531,#2434,.T.);
#2432 = VERTEX_POINT('',#2433);
#2433 = CARTESIAN_POINT('',(-51.525,138.0057,98.01));
#2434 = LINE('',#2435,#2436);
#2435 = CARTESIAN_POINT('',(-51.525,138.0057,97.01));
#2436 = VECTOR('',#2437,1.);
#2437 = DIRECTION('',(0.,0.,1.));
#2438 = ORIENTED_EDGE('',*,*,#2439,.T.);
#2439 = EDGE_CURVE('',#2432,#2432,#2440,.T.);
#2440 = CIRCLE('',#2441,1.1);
#2441 = AXIS2_PLACEMENT_3D('',#2442,#2443,#2444);
#2442 = CARTESIAN_POINT('',(-52.625,138.0057,98.01));
#2443 = DIRECTION('',(0.,0.,1.));
#2444 = DIRECTION('',(1.,0.,-0.));
#2445 = ORIENTED_EDGE('',*,*,#2431,.T.);
#2446 = CYLINDRICAL_SURFACE('',#2447,1.1);
#2447 = AXIS2_PLACEMENT_3D('',#2448,#2449,#2450);
#2448 = CARTESIAN_POINT('',(-52.625,138.0057,97.01));
#2449 = DIRECTION('',(0.,0.,1.));
#2450 = DIRECTION('',(1.,0.,-0.));
#2451 = ADVANCED_FACE('',(#2452),#2477,.F.);
#2452 = FACE_BOUND('',#2453,.F.);
#2453 = EDGE_LOOP('',(#2454,#2462,#2463,#2471));
#2454 = ORIENTED_EDGE('',*,*,#2455,.F.);
#2455 = EDGE_CURVE('',#542,#2456,#2458,.T.);
#2456 = VERTEX_POINT('',#2457);
#2457 = CARTESIAN_POINT('',(-117.0625,118.718176,98.51));
#2458 = LINE('',#2459,#2460);
#2459 = CARTESIAN_POINT('',(-117.0625,118.718176,109.995));
#2460 = VECTOR('',#2461,1.);
#2461 = DIRECTION('',(0.,0.,-1.));
#2462 = ORIENTED_EDGE('',*,*,#541,.T.);
#2463 = ORIENTED_EDGE('',*,*,#2464,.T.);
#2464 = EDGE_CURVE('',#544,#2465,#2467,.T.);
#2465 = VERTEX_POINT('',#2466);
#2466 = CARTESIAN_POINT('',(-117.0625,104.718176,98.51));
#2467 = LINE('',#2468,#2469);
#2468 = CARTESIAN_POINT('',(-117.0625,104.718176,109.995));
#2469 = VECTOR('',#2470,1.);
#2470 = DIRECTION('',(0.,0.,-1.));
#2471 = ORIENTED_EDGE('',*,*,#2472,.F.);
#2472 = EDGE_CURVE('',#2456,#2465,#2473,.T.);
#2473 = LINE('',#2474,#2475);
#2474 = CARTESIAN_POINT('',(-117.0625,119.118176,98.51));
#2475 = VECTOR('',#2476,1.);
#2476 = DIRECTION('',(0.,-1.,0.));
#2477 = PLANE('',#2478);
#2478 = AXIS2_PLACEMENT_3D('',#2479,#2480,#2481);
#2479 = CARTESIAN_POINT('',(-117.0625,118.718176,109.995));
#2480 = DIRECTION('',(1.,0.,0.));
#2481 = DIRECTION('',(0.,-1.,0.));
#2482 = ADVANCED_FACE('',(#2483),#2501,.F.);
#2483 = FACE_BOUND('',#2484,.F.);
#2484 = EDGE_LOOP('',(#2485,#2493,#2494,#2495));
#2485 = ORIENTED_EDGE('',*,*,#2486,.F.);
#2486 = EDGE_CURVE('',#552,#2487,#2489,.T.);
#2487 = VERTEX_POINT('',#2488);
#2488 = CARTESIAN_POINT('',(-131.0625,118.718176,98.51));
#2489 = LINE('',#2490,#2491);
#2490 = CARTESIAN_POINT('',(-131.0625,118.718176,109.995));
#2491 = VECTOR('',#2492,1.);
#2492 = DIRECTION('',(0.,0.,-1.));
#2493 = ORIENTED_EDGE('',*,*,#551,.T.);
#2494 = ORIENTED_EDGE('',*,*,#2455,.T.);
#2495 = ORIENTED_EDGE('',*,*,#2496,.F.);
#2496 = EDGE_CURVE('',#2487,#2456,#2497,.T.);
#2497 = LINE('',#2498,#2499);
#2498 = CARTESIAN_POINT('',(-123.6625,118.718176,98.51));
#2499 = VECTOR('',#2500,1.);
#2500 = DIRECTION('',(1.,0.,0.));
#2501 = PLANE('',#2502);
#2502 = AXIS2_PLACEMENT_3D('',#2503,#2504,#2505);
#2503 = CARTESIAN_POINT('',(-131.0625,118.718176,109.995));
#2504 = DIRECTION('',(0.,1.,0.));
#2505 = DIRECTION('',(1.,0.,0.));
#2506 = ADVANCED_FACE('',(#2507),#2525,.F.);
#2507 = FACE_BOUND('',#2508,.F.);
#2508 = EDGE_LOOP('',(#2509,#2510,#2511,#2519));
#2509 = ORIENTED_EDGE('',*,*,#2464,.F.);
#2510 = ORIENTED_EDGE('',*,*,#567,.T.);
#2511 = ORIENTED_EDGE('',*,*,#2512,.T.);
#2512 = EDGE_CURVE('',#560,#2513,#2515,.T.);
#2513 = VERTEX_POINT('',#2514);
#2514 = CARTESIAN_POINT('',(-131.0625,104.718176,98.51));
#2515 = LINE('',#2516,#2517);
#2516 = CARTESIAN_POINT('',(-131.0625,104.718176,109.995));
#2517 = VECTOR('',#2518,1.);
#2518 = DIRECTION('',(0.,0.,-1.));
#2519 = ORIENTED_EDGE('',*,*,#2520,.F.);
#2520 = EDGE_CURVE('',#2465,#2513,#2521,.T.);
#2521 = LINE('',#2522,#2523);
#2522 = CARTESIAN_POINT('',(-116.6625,104.718176,98.51));
#2523 = VECTOR('',#2524,1.);
#2524 = DIRECTION('',(-1.,0.,0.));
#2525 = PLANE('',#2526);
#2526 = AXIS2_PLACEMENT_3D('',#2527,#2528,#2529);
#2527 = CARTESIAN_POINT('',(-117.0625,104.718176,109.995));
#2528 = DIRECTION('',(0.,-1.,0.));
#2529 = DIRECTION('',(-1.,0.,0.));
#2530 = ADVANCED_FACE('',(#2531),#2542,.F.);
#2531 = FACE_BOUND('',#2532,.F.);
#2532 = EDGE_LOOP('',(#2533,#2534,#2535,#2536));
#2533 = ORIENTED_EDGE('',*,*,#2512,.F.);
#2534 = ORIENTED_EDGE('',*,*,#559,.T.);
#2535 = ORIENTED_EDGE('',*,*,#2486,.T.);
#2536 = ORIENTED_EDGE('',*,*,#2537,.F.);
#2537 = EDGE_CURVE('',#2513,#2487,#2538,.T.);
#2538 = LINE('',#2539,#2540);
#2539 = CARTESIAN_POINT('',(-131.0625,112.118176,98.51));
#2540 = VECTOR('',#2541,1.);
#2541 = DIRECTION('',(0.,1.,0.));
#2542 = PLANE('',#2543);
#2543 = AXIS2_PLACEMENT_3D('',#2544,#2545,#2546);
#2544 = CARTESIAN_POINT('',(-131.0625,104.718176,109.995));
#2545 = DIRECTION('',(-1.,0.,0.));
#2546 = DIRECTION('',(0.,1.,0.));
#2547 = ADVANCED_FACE('',(#2548),#2573,.F.);
#2548 = FACE_BOUND('',#2549,.F.);
#2549 = EDGE_LOOP('',(#2550,#2558,#2559,#2567));
#2550 = ORIENTED_EDGE('',*,*,#2551,.F.);
#2551 = EDGE_CURVE('',#576,#2552,#2554,.T.);
#2552 = VERTEX_POINT('',#2553);
#2553 = CARTESIAN_POINT('',(-98.0125,118.718176,98.51));
#2554 = LINE('',#2555,#2556);
#2555 = CARTESIAN_POINT('',(-98.0125,118.718176,109.995));
#2556 = VECTOR('',#2557,1.);
#2557 = DIRECTION('',(0.,0.,-1.));
#2558 = ORIENTED_EDGE('',*,*,#575,.T.);
#2559 = ORIENTED_EDGE('',*,*,#2560,.T.);
#2560 = EDGE_CURVE('',#578,#2561,#2563,.T.);
#2561 = VERTEX_POINT('',#2562);
#2562 = CARTESIAN_POINT('',(-98.0125,104.718176,98.51));
#2563 = LINE('',#2564,#2565);
#2564 = CARTESIAN_POINT('',(-98.0125,104.718176,109.995));
#2565 = VECTOR('',#2566,1.);
#2566 = DIRECTION('',(0.,0.,-1.));
#2567 = ORIENTED_EDGE('',*,*,#2568,.F.);
#2568 = EDGE_CURVE('',#2552,#2561,#2569,.T.);
#2569 = LINE('',#2570,#2571);
#2570 = CARTESIAN_POINT('',(-98.0125,119.118176,98.51));
#2571 = VECTOR('',#2572,1.);
#2572 = DIRECTION('',(0.,-1.,0.));
#2573 = PLANE('',#2574);
#2574 = AXIS2_PLACEMENT_3D('',#2575,#2576,#2577);
#2575 = CARTESIAN_POINT('',(-98.0125,118.718176,109.995));
#2576 = DIRECTION('',(1.,0.,0.));
#2577 = DIRECTION('',(0.,-1.,0.));
#2578 = ADVANCED_FACE('',(#2579),#2597,.F.);
#2579 = FACE_BOUND('',#2580,.F.);
#2580 = EDGE_LOOP('',(#2581,#2589,#2590,#2591));
#2581 = ORIENTED_EDGE('',*,*,#2582,.F.);
#2582 = EDGE_CURVE('',#586,#2583,#2585,.T.);
#2583 = VERTEX_POINT('',#2584);
#2584 = CARTESIAN_POINT('',(-112.0125,118.718176,98.51));
#2585 = LINE('',#2586,#2587);
#2586 = CARTESIAN_POINT('',(-112.0125,118.718176,109.995));
#2587 = VECTOR('',#2588,1.);
#2588 = DIRECTION('',(0.,0.,-1.));
#2589 = ORIENTED_EDGE('',*,*,#585,.T.);
#2590 = ORIENTED_EDGE('',*,*,#2551,.T.);
#2591 = ORIENTED_EDGE('',*,*,#2592,.F.);
#2592 = EDGE_CURVE('',#2583,#2552,#2593,.T.);
#2593 = LINE('',#2594,#2595);
#2594 = CARTESIAN_POINT('',(-104.6125,118.718176,98.51));
#2595 = VECTOR('',#2596,1.);
#2596 = DIRECTION('',(1.,0.,0.));
#2597 = PLANE('',#2598);
#2598 = AXIS2_PLACEMENT_3D('',#2599,#2600,#2601);
#2599 = CARTESIAN_POINT('',(-112.0125,118.718176,109.995));
#2600 = DIRECTION('',(0.,1.,0.));
#2601 = DIRECTION('',(1.,0.,0.));
#2602 = ADVANCED_FACE('',(#2603),#2621,.F.);
#2603 = FACE_BOUND('',#2604,.F.);
#2604 = EDGE_LOOP('',(#2605,#2606,#2607,#2615));
#2605 = ORIENTED_EDGE('',*,*,#2560,.F.);
#2606 = ORIENTED_EDGE('',*,*,#601,.T.);
#2607 = ORIENTED_EDGE('',*,*,#2608,.T.);
#2608 = EDGE_CURVE('',#594,#2609,#2611,.T.);
#2609 = VERTEX_POINT('',#2610);
#2610 = CARTESIAN_POINT('',(-112.0125,104.718176,98.51));
#2611 = LINE('',#2612,#2613);
#2612 = CARTESIAN_POINT('',(-112.0125,104.718176,109.995));
#2613 = VECTOR('',#2614,1.);
#2614 = DIRECTION('',(0.,0.,-1.));
#2615 = ORIENTED_EDGE('',*,*,#2616,.F.);
#2616 = EDGE_CURVE('',#2561,#2609,#2617,.T.);
#2617 = LINE('',#2618,#2619);
#2618 = CARTESIAN_POINT('',(-97.6125,104.718176,98.51));
#2619 = VECTOR('',#2620,1.);
#2620 = DIRECTION('',(-1.,0.,0.));
#2621 = PLANE('',#2622);
#2622 = AXIS2_PLACEMENT_3D('',#2623,#2624,#2625);
#2623 = CARTESIAN_POINT('',(-98.0125,104.718176,109.995));
#2624 = DIRECTION('',(0.,-1.,0.));
#2625 = DIRECTION('',(-1.,0.,0.));
#2626 = ADVANCED_FACE('',(#2627),#2638,.F.);
#2627 = FACE_BOUND('',#2628,.F.);
#2628 = EDGE_LOOP('',(#2629,#2630,#2631,#2632));
#2629 = ORIENTED_EDGE('',*,*,#2608,.F.);
#2630 = ORIENTED_EDGE('',*,*,#593,.T.);
#2631 = ORIENTED_EDGE('',*,*,#2582,.T.);
#2632 = ORIENTED_EDGE('',*,*,#2633,.F.);
#2633 = EDGE_CURVE('',#2609,#2583,#2634,.T.);
#2634 = LINE('',#2635,#2636);
#2635 = CARTESIAN_POINT('',(-112.0125,112.118176,98.51));
#2636 = VECTOR('',#2637,1.);
#2637 = DIRECTION('',(0.,1.,0.));
#2638 = PLANE('',#2639);
#2639 = AXIS2_PLACEMENT_3D('',#2640,#2641,#2642);
#2640 = CARTESIAN_POINT('',(-112.0125,104.718176,109.995));
#2641 = DIRECTION('',(-1.,0.,0.));
#2642 = DIRECTION('',(0.,1.,0.));
#2643 = ADVANCED_FACE('',(#2644),#2663,.F.);
#2644 = FACE_BOUND('',#2645,.F.);
#2645 = EDGE_LOOP('',(#2646,#2647,#2655,#2662));
#2646 = ORIENTED_EDGE('',*,*,#609,.F.);
#2647 = ORIENTED_EDGE('',*,*,#2648,.F.);
#2648 = EDGE_CURVE('',#2649,#610,#2651,.T.);
#2649 = VERTEX_POINT('',#2650);
#2650 = CARTESIAN_POINT('',(-137.4,108.,98.01));
#2651 = LINE('',#2652,#2653);
#2652 = CARTESIAN_POINT('',(-137.4,108.,97.01));
#2653 = VECTOR('',#2654,1.);
#2654 = DIRECTION('',(0.,0.,1.));
#2655 = ORIENTED_EDGE('',*,*,#2656,.T.);
#2656 = EDGE_CURVE('',#2649,#2649,#2657,.T.);
#2657 = CIRCLE('',#2658,1.1);
#2658 = AXIS2_PLACEMENT_3D('',#2659,#2660,#2661);
#2659 = CARTESIAN_POINT('',(-138.5,108.,98.01));
#2660 = DIRECTION('',(0.,0.,1.));
#2661 = DIRECTION('',(1.,0.,-0.));
#2662 = ORIENTED_EDGE('',*,*,#2648,.T.);
#2663 = CYLINDRICAL_SURFACE('',#2664,1.1);
#2664 = AXIS2_PLACEMENT_3D('',#2665,#2666,#2667);
#2665 = CARTESIAN_POINT('',(-138.5,108.,97.01));
#2666 = DIRECTION('',(0.,0.,1.));
#2667 = DIRECTION('',(1.,0.,-0.));
#2668 = ADVANCED_FACE('',(#2669),#2688,.F.);
#2669 = FACE_BOUND('',#2670,.F.);
#2670 = EDGE_LOOP('',(#2671,#2679,#2686,#2687));
#2671 = ORIENTED_EDGE('',*,*,#2672,.T.);
#2672 = EDGE_CURVE('',#621,#2673,#2675,.T.);
#2673 = VERTEX_POINT('',#2674);
#2674 = CARTESIAN_POINT('',(-132.5000019893,102.50000152736,98.01));
#2675 = LINE('',#2676,#2677);
#2676 = CARTESIAN_POINT('',(-132.5000019893,102.50000152736,100.01));
#2677 = VECTOR('',#2678,1.);
#2678 = DIRECTION('',(0.,0.,-1.));
#2679 = ORIENTED_EDGE('',*,*,#2680,.T.);
#2680 = EDGE_CURVE('',#2673,#2673,#2681,.T.);
#2681 = CIRCLE('',#2682,1.);
#2682 = AXIS2_PLACEMENT_3D('',#2683,#2684,#2685);
#2683 = CARTESIAN_POINT('',(-133.5000019893,102.50000152736,98.01));
#2684 = DIRECTION('',(0.,0.,1.));
#2685 = DIRECTION('',(-1.,0.,0.));
#2686 = ORIENTED_EDGE('',*,*,#2672,.F.);
#2687 = ORIENTED_EDGE('',*,*,#620,.T.);
#2688 = CYLINDRICAL_SURFACE('',#2689,1.);
#2689 = AXIS2_PLACEMENT_3D('',#2690,#2691,#2692);
#2690 = CARTESIAN_POINT('',(-133.5000019893,102.50000152736,100.01));
#2691 = DIRECTION('',(0.,0.,-1.));
#2692 = DIRECTION('',(-1.,0.,0.));
#2693 = ADVANCED_FACE('',(#2694),#2719,.F.);
#2694 = FACE_BOUND('',#2695,.F.);
#2695 = EDGE_LOOP('',(#2696,#2704,#2705,#2713));
#2696 = ORIENTED_EDGE('',*,*,#2697,.F.);
#2697 = EDGE_CURVE('',#632,#2698,#2700,.T.);
#2698 = VERTEX_POINT('',#2699);
#2699 = CARTESIAN_POINT('',(-117.0625,99.668176,98.51));
#2700 = LINE('',#2701,#2702);
#2701 = CARTESIAN_POINT('',(-117.0625,99.668176,109.995));
#2702 = VECTOR('',#2703,1.);
#2703 = DIRECTION('',(0.,0.,-1.));
#2704 = ORIENTED_EDGE('',*,*,#631,.T.);
#2705 = ORIENTED_EDGE('',*,*,#2706,.T.);
#2706 = EDGE_CURVE('',#634,#2707,#2709,.T.);
#2707 = VERTEX_POINT('',#2708);
#2708 = CARTESIAN_POINT('',(-117.0625,85.668176,98.51));
#2709 = LINE('',#2710,#2711);
#2710 = CARTESIAN_POINT('',(-117.0625,85.668176,109.995));
#2711 = VECTOR('',#2712,1.);
#2712 = DIRECTION('',(0.,0.,-1.));
#2713 = ORIENTED_EDGE('',*,*,#2714,.F.);
#2714 = EDGE_CURVE('',#2698,#2707,#2715,.T.);
#2715 = LINE('',#2716,#2717);
#2716 = CARTESIAN_POINT('',(-117.0625,100.068176,98.51));
#2717 = VECTOR('',#2718,1.);
#2718 = DIRECTION('',(0.,-1.,0.));
#2719 = PLANE('',#2720);
#2720 = AXIS2_PLACEMENT_3D('',#2721,#2722,#2723);
#2721 = CARTESIAN_POINT('',(-117.0625,99.668176,109.995));
#2722 = DIRECTION('',(1.,0.,0.));
#2723 = DIRECTION('',(0.,-1.,0.));
#2724 = ADVANCED_FACE('',(#2725),#2743,.F.);
#2725 = FACE_BOUND('',#2726,.F.);
#2726 = EDGE_LOOP('',(#2727,#2735,#2736,#2737));
#2727 = ORIENTED_EDGE('',*,*,#2728,.F.);
#2728 = EDGE_CURVE('',#642,#2729,#2731,.T.);
#2729 = VERTEX_POINT('',#2730);
#2730 = CARTESIAN_POINT('',(-131.0625,99.668176,98.51));
#2731 = LINE('',#2732,#2733);
#2732 = CARTESIAN_POINT('',(-131.0625,99.668176,109.995));
#2733 = VECTOR('',#2734,1.);
#2734 = DIRECTION('',(0.,0.,-1.));
#2735 = ORIENTED_EDGE('',*,*,#641,.T.);
#2736 = ORIENTED_EDGE('',*,*,#2697,.T.);
#2737 = ORIENTED_EDGE('',*,*,#2738,.F.);
#2738 = EDGE_CURVE('',#2729,#2698,#2739,.T.);
#2739 = LINE('',#2740,#2741);
#2740 = CARTESIAN_POINT('',(-123.6625,99.668176,98.51));
#2741 = VECTOR('',#2742,1.);
#2742 = DIRECTION('',(1.,0.,0.));
#2743 = PLANE('',#2744);
#2744 = AXIS2_PLACEMENT_3D('',#2745,#2746,#2747);
#2745 = CARTESIAN_POINT('',(-131.0625,99.668176,109.995));
#2746 = DIRECTION('',(0.,1.,0.));
#2747 = DIRECTION('',(1.,0.,0.));
#2748 = ADVANCED_FACE('',(#2749),#2767,.F.);
#2749 = FACE_BOUND('',#2750,.F.);
#2750 = EDGE_LOOP('',(#2751,#2752,#2753,#2761));
#2751 = ORIENTED_EDGE('',*,*,#2706,.F.);
#2752 = ORIENTED_EDGE('',*,*,#657,.T.);
#2753 = ORIENTED_EDGE('',*,*,#2754,.T.);
#2754 = EDGE_CURVE('',#650,#2755,#2757,.T.);
#2755 = VERTEX_POINT('',#2756);
#2756 = CARTESIAN_POINT('',(-131.0625,85.668176,98.51));
#2757 = LINE('',#2758,#2759);
#2758 = CARTESIAN_POINT('',(-131.0625,85.668176,109.995));
#2759 = VECTOR('',#2760,1.);
#2760 = DIRECTION('',(0.,0.,-1.));
#2761 = ORIENTED_EDGE('',*,*,#2762,.F.);
#2762 = EDGE_CURVE('',#2707,#2755,#2763,.T.);
#2763 = LINE('',#2764,#2765);
#2764 = CARTESIAN_POINT('',(-116.6625,85.668176,98.51));
#2765 = VECTOR('',#2766,1.);
#2766 = DIRECTION('',(-1.,0.,0.));
#2767 = PLANE('',#2768);
#2768 = AXIS2_PLACEMENT_3D('',#2769,#2770,#2771);
#2769 = CARTESIAN_POINT('',(-117.0625,85.668176,109.995));
#2770 = DIRECTION('',(0.,-1.,0.));
#2771 = DIRECTION('',(-1.,0.,0.));
#2772 = ADVANCED_FACE('',(#2773),#2784,.F.);
#2773 = FACE_BOUND('',#2774,.F.);
#2774 = EDGE_LOOP('',(#2775,#2776,#2777,#2778));
#2775 = ORIENTED_EDGE('',*,*,#2754,.F.);
#2776 = ORIENTED_EDGE('',*,*,#649,.T.);
#2777 = ORIENTED_EDGE('',*,*,#2728,.T.);
#2778 = ORIENTED_EDGE('',*,*,#2779,.F.);
#2779 = EDGE_CURVE('',#2755,#2729,#2780,.T.);
#2780 = LINE('',#2781,#2782);
#2781 = CARTESIAN_POINT('',(-131.0625,93.068176,98.51));
#2782 = VECTOR('',#2783,1.);
#2783 = DIRECTION('',(0.,1.,0.));
#2784 = PLANE('',#2785);
#2785 = AXIS2_PLACEMENT_3D('',#2786,#2787,#2788);
#2786 = CARTESIAN_POINT('',(-131.0625,85.668176,109.995));
#2787 = DIRECTION('',(-1.,0.,0.));
#2788 = DIRECTION('',(0.,1.,0.));
#2789 = ADVANCED_FACE('',(#2790),#2815,.F.);
#2790 = FACE_BOUND('',#2791,.F.);
#2791 = EDGE_LOOP('',(#2792,#2800,#2801,#2809));
#2792 = ORIENTED_EDGE('',*,*,#2793,.F.);
#2793 = EDGE_CURVE('',#666,#2794,#2796,.T.);
#2794 = VERTEX_POINT('',#2795);
#2795 = CARTESIAN_POINT('',(-98.0125,99.668176,98.51));
#2796 = LINE('',#2797,#2798);
#2797 = CARTESIAN_POINT('',(-98.0125,99.668176,109.995));
#2798 = VECTOR('',#2799,1.);
#2799 = DIRECTION('',(0.,0.,-1.));
#2800 = ORIENTED_EDGE('',*,*,#665,.T.);
#2801 = ORIENTED_EDGE('',*,*,#2802,.T.);
#2802 = EDGE_CURVE('',#668,#2803,#2805,.T.);
#2803 = VERTEX_POINT('',#2804);
#2804 = CARTESIAN_POINT('',(-98.0125,85.668176,98.51));
#2805 = LINE('',#2806,#2807);
#2806 = CARTESIAN_POINT('',(-98.0125,85.668176,109.995));
#2807 = VECTOR('',#2808,1.);
#2808 = DIRECTION('',(0.,0.,-1.));
#2809 = ORIENTED_EDGE('',*,*,#2810,.F.);
#2810 = EDGE_CURVE('',#2794,#2803,#2811,.T.);
#2811 = LINE('',#2812,#2813);
#2812 = CARTESIAN_POINT('',(-98.0125,100.068176,98.51));
#2813 = VECTOR('',#2814,1.);
#2814 = DIRECTION('',(0.,-1.,0.));
#2815 = PLANE('',#2816);
#2816 = AXIS2_PLACEMENT_3D('',#2817,#2818,#2819);
#2817 = CARTESIAN_POINT('',(-98.0125,99.668176,109.995));
#2818 = DIRECTION('',(1.,0.,0.));
#2819 = DIRECTION('',(0.,-1.,0.));
#2820 = ADVANCED_FACE('',(#2821),#2839,.F.);
#2821 = FACE_BOUND('',#2822,.F.);
#2822 = EDGE_LOOP('',(#2823,#2831,#2832,#2833));
#2823 = ORIENTED_EDGE('',*,*,#2824,.F.);
#2824 = EDGE_CURVE('',#676,#2825,#2827,.T.);
#2825 = VERTEX_POINT('',#2826);
#2826 = CARTESIAN_POINT('',(-112.0125,99.668176,98.51));
#2827 = LINE('',#2828,#2829);
#2828 = CARTESIAN_POINT('',(-112.0125,99.668176,109.995));
#2829 = VECTOR('',#2830,1.);
#2830 = DIRECTION('',(0.,0.,-1.));
#2831 = ORIENTED_EDGE('',*,*,#675,.T.);
#2832 = ORIENTED_EDGE('',*,*,#2793,.T.);
#2833 = ORIENTED_EDGE('',*,*,#2834,.F.);
#2834 = EDGE_CURVE('',#2825,#2794,#2835,.T.);
#2835 = LINE('',#2836,#2837);
#2836 = CARTESIAN_POINT('',(-104.6125,99.668176,98.51));
#2837 = VECTOR('',#2838,1.);
#2838 = DIRECTION('',(1.,0.,0.));
#2839 = PLANE('',#2840);
#2840 = AXIS2_PLACEMENT_3D('',#2841,#2842,#2843);
#2841 = CARTESIAN_POINT('',(-112.0125,99.668176,109.995));
#2842 = DIRECTION('',(0.,1.,0.));
#2843 = DIRECTION('',(1.,0.,0.));
#2844 = ADVANCED_FACE('',(#2845),#2863,.F.);
#2845 = FACE_BOUND('',#2846,.F.);
#2846 = EDGE_LOOP('',(#2847,#2848,#2849,#2857));
#2847 = ORIENTED_EDGE('',*,*,#2802,.F.);
#2848 = ORIENTED_EDGE('',*,*,#691,.T.);
#2849 = ORIENTED_EDGE('',*,*,#2850,.T.);
#2850 = EDGE_CURVE('',#684,#2851,#2853,.T.);
#2851 = VERTEX_POINT('',#2852);
#2852 = CARTESIAN_POINT('',(-112.0125,85.668176,98.51));
#2853 = LINE('',#2854,#2855);
#2854 = CARTESIAN_POINT('',(-112.0125,85.668176,109.995));
#2855 = VECTOR('',#2856,1.);
#2856 = DIRECTION('',(0.,0.,-1.));
#2857 = ORIENTED_EDGE('',*,*,#2858,.F.);
#2858 = EDGE_CURVE('',#2803,#2851,#2859,.T.);
#2859 = LINE('',#2860,#2861);
#2860 = CARTESIAN_POINT('',(-97.6125,85.668176,98.51));
#2861 = VECTOR('',#2862,1.);
#2862 = DIRECTION('',(-1.,0.,0.));
#2863 = PLANE('',#2864);
#2864 = AXIS2_PLACEMENT_3D('',#2865,#2866,#2867);
#2865 = CARTESIAN_POINT('',(-98.0125,85.668176,109.995));
#2866 = DIRECTION('',(0.,-1.,0.));
#2867 = DIRECTION('',(-1.,0.,0.));
#2868 = ADVANCED_FACE('',(#2869),#2880,.F.);
#2869 = FACE_BOUND('',#2870,.F.);
#2870 = EDGE_LOOP('',(#2871,#2872,#2873,#2874));
#2871 = ORIENTED_EDGE('',*,*,#2850,.F.);
#2872 = ORIENTED_EDGE('',*,*,#683,.T.);
#2873 = ORIENTED_EDGE('',*,*,#2824,.T.);
#2874 = ORIENTED_EDGE('',*,*,#2875,.F.);
#2875 = EDGE_CURVE('',#2851,#2825,#2876,.T.);
#2876 = LINE('',#2877,#2878);
#2877 = CARTESIAN_POINT('',(-112.0125,93.068176,98.51));
#2878 = VECTOR('',#2879,1.);
#2879 = DIRECTION('',(0.,1.,0.));
#2880 = PLANE('',#2881);
#2881 = AXIS2_PLACEMENT_3D('',#2882,#2883,#2884);
#2882 = CARTESIAN_POINT('',(-112.0125,85.668176,109.995));
#2883 = DIRECTION('',(-1.,0.,0.));
#2884 = DIRECTION('',(0.,1.,0.));
#2885 = ADVANCED_FACE('',(#2886),#2911,.F.);
#2886 = FACE_BOUND('',#2887,.F.);
#2887 = EDGE_LOOP('',(#2888,#2896,#2897,#2905));
#2888 = ORIENTED_EDGE('',*,*,#2889,.F.);
#2889 = EDGE_CURVE('',#700,#2890,#2892,.T.);
#2890 = VERTEX_POINT('',#2891);
#2891 = CARTESIAN_POINT('',(-78.9625,118.718176,98.51));
#2892 = LINE('',#2893,#2894);
#2893 = CARTESIAN_POINT('',(-78.9625,118.718176,109.995));
#2894 = VECTOR('',#2895,1.);
#2895 = DIRECTION('',(0.,0.,-1.));
#2896 = ORIENTED_EDGE('',*,*,#699,.T.);
#2897 = ORIENTED_EDGE('',*,*,#2898,.T.);
#2898 = EDGE_CURVE('',#702,#2899,#2901,.T.);
#2899 = VERTEX_POINT('',#2900);
#2900 = CARTESIAN_POINT('',(-78.9625,104.718176,98.51));
#2901 = LINE('',#2902,#2903);
#2902 = CARTESIAN_POINT('',(-78.9625,104.718176,109.995));
#2903 = VECTOR('',#2904,1.);
#2904 = DIRECTION('',(0.,0.,-1.));
#2905 = ORIENTED_EDGE('',*,*,#2906,.F.);
#2906 = EDGE_CURVE('',#2890,#2899,#2907,.T.);
#2907 = LINE('',#2908,#2909);
#2908 = CARTESIAN_POINT('',(-78.9625,119.118176,98.51));
#2909 = VECTOR('',#2910,1.);
#2910 = DIRECTION('',(0.,-1.,0.));
#2911 = PLANE('',#2912);
#2912 = AXIS2_PLACEMENT_3D('',#2913,#2914,#2915);
#2913 = CARTESIAN_POINT('',(-78.9625,118.718176,109.995));
#2914 = DIRECTION('',(1.,0.,0.));
#2915 = DIRECTION('',(0.,-1.,0.));
#2916 = ADVANCED_FACE('',(#2917),#2935,.F.);
#2917 = FACE_BOUND('',#2918,.F.);
#2918 = EDGE_LOOP('',(#2919,#2927,#2928,#2929));
#2919 = ORIENTED_EDGE('',*,*,#2920,.F.);
#2920 = EDGE_CURVE('',#710,#2921,#2923,.T.);
#2921 = VERTEX_POINT('',#2922);
#2922 = CARTESIAN_POINT('',(-92.9625,118.718176,98.51));
#2923 = LINE('',#2924,#2925);
#2924 = CARTESIAN_POINT('',(-92.9625,118.718176,109.995));
#2925 = VECTOR('',#2926,1.);
#2926 = DIRECTION('',(0.,0.,-1.));
#2927 = ORIENTED_EDGE('',*,*,#709,.T.);
#2928 = ORIENTED_EDGE('',*,*,#2889,.T.);
#2929 = ORIENTED_EDGE('',*,*,#2930,.F.);
#2930 = EDGE_CURVE('',#2921,#2890,#2931,.T.);
#2931 = LINE('',#2932,#2933);
#2932 = CARTESIAN_POINT('',(-85.5625,118.718176,98.51));
#2933 = VECTOR('',#2934,1.);
#2934 = DIRECTION('',(1.,0.,0.));
#2935 = PLANE('',#2936);
#2936 = AXIS2_PLACEMENT_3D('',#2937,#2938,#2939);
#2937 = CARTESIAN_POINT('',(-92.9625,118.718176,109.995));
#2938 = DIRECTION('',(0.,1.,0.));
#2939 = DIRECTION('',(1.,0.,0.));
#2940 = ADVANCED_FACE('',(#2941),#2959,.F.);
#2941 = FACE_BOUND('',#2942,.F.);
#2942 = EDGE_LOOP('',(#2943,#2944,#2945,#2953));
#2943 = ORIENTED_EDGE('',*,*,#2898,.F.);
#2944 = ORIENTED_EDGE('',*,*,#725,.T.);
#2945 = ORIENTED_EDGE('',*,*,#2946,.T.);
#2946 = EDGE_CURVE('',#718,#2947,#2949,.T.);
#2947 = VERTEX_POINT('',#2948);
#2948 = CARTESIAN_POINT('',(-92.9625,104.718176,98.51));
#2949 = LINE('',#2950,#2951);
#2950 = CARTESIAN_POINT('',(-92.9625,104.718176,109.995));
#2951 = VECTOR('',#2952,1.);
#2952 = DIRECTION('',(0.,0.,-1.));
#2953 = ORIENTED_EDGE('',*,*,#2954,.F.);
#2954 = EDGE_CURVE('',#2899,#2947,#2955,.T.);
#2955 = LINE('',#2956,#2957);
#2956 = CARTESIAN_POINT('',(-78.5625,104.718176,98.51));
#2957 = VECTOR('',#2958,1.);
#2958 = DIRECTION('',(-1.,0.,0.));
#2959 = PLANE('',#2960);
#2960 = AXIS2_PLACEMENT_3D('',#2961,#2962,#2963);
#2961 = CARTESIAN_POINT('',(-78.9625,104.718176,109.995));
#2962 = DIRECTION('',(0.,-1.,0.));
#2963 = DIRECTION('',(-1.,0.,0.));
#2964 = ADVANCED_FACE('',(#2965),#2976,.F.);
#2965 = FACE_BOUND('',#2966,.F.);
#2966 = EDGE_LOOP('',(#2967,#2968,#2969,#2970));
#2967 = ORIENTED_EDGE('',*,*,#2946,.F.);
#2968 = ORIENTED_EDGE('',*,*,#717,.T.);
#2969 = ORIENTED_EDGE('',*,*,#2920,.T.);
#2970 = ORIENTED_EDGE('',*,*,#2971,.F.);
#2971 = EDGE_CURVE('',#2947,#2921,#2972,.T.);
#2972 = LINE('',#2973,#2974);
#2973 = CARTESIAN_POINT('',(-92.9625,112.118176,98.51));
#2974 = VECTOR('',#2975,1.);
#2975 = DIRECTION('',(0.,1.,0.));
#2976 = PLANE('',#2977);
#2977 = AXIS2_PLACEMENT_3D('',#2978,#2979,#2980);
#2978 = CARTESIAN_POINT('',(-92.9625,104.718176,109.995));
#2979 = DIRECTION('',(-1.,0.,0.));
#2980 = DIRECTION('',(0.,1.,0.));
#2981 = ADVANCED_FACE('',(#2982),#3007,.F.);
#2982 = FACE_BOUND('',#2983,.F.);
#2983 = EDGE_LOOP('',(#2984,#2992,#2993,#3001));
#2984 = ORIENTED_EDGE('',*,*,#2985,.F.);
#2985 = EDGE_CURVE('',#734,#2986,#2988,.T.);
#2986 = VERTEX_POINT('',#2987);
#2987 = CARTESIAN_POINT('',(-59.9125,118.718176,98.51));
#2988 = LINE('',#2989,#2990);
#2989 = CARTESIAN_POINT('',(-59.9125,118.718176,109.995));
#2990 = VECTOR('',#2991,1.);
#2991 = DIRECTION('',(0.,0.,-1.));
#2992 = ORIENTED_EDGE('',*,*,#733,.T.);
#2993 = ORIENTED_EDGE('',*,*,#2994,.T.);
#2994 = EDGE_CURVE('',#736,#2995,#2997,.T.);
#2995 = VERTEX_POINT('',#2996);
#2996 = CARTESIAN_POINT('',(-59.9125,104.718176,98.51));
#2997 = LINE('',#2998,#2999);
#2998 = CARTESIAN_POINT('',(-59.9125,104.718176,109.995));
#2999 = VECTOR('',#3000,1.);
#3000 = DIRECTION('',(0.,0.,-1.));
#3001 = ORIENTED_EDGE('',*,*,#3002,.F.);
#3002 = EDGE_CURVE('',#2986,#2995,#3003,.T.);
#3003 = LINE('',#3004,#3005);
#3004 = CARTESIAN_POINT('',(-59.9125,119.118176,98.51));
#3005 = VECTOR('',#3006,1.);
#3006 = DIRECTION('',(0.,-1.,0.));
#3007 = PLANE('',#3008);
#3008 = AXIS2_PLACEMENT_3D('',#3009,#3010,#3011);
#3009 = CARTESIAN_POINT('',(-59.9125,118.718176,109.995));
#3010 = DIRECTION('',(1.,0.,0.));
#3011 = DIRECTION('',(0.,-1.,0.));
#3012 = ADVANCED_FACE('',(#3013),#3031,.F.);
#3013 = FACE_BOUND('',#3014,.F.);
#3014 = EDGE_LOOP('',(#3015,#3023,#3024,#3025));
#3015 = ORIENTED_EDGE('',*,*,#3016,.F.);
#3016 = EDGE_CURVE('',#744,#3017,#3019,.T.);
#3017 = VERTEX_POINT('',#3018);
#3018 = CARTESIAN_POINT('',(-73.9125,118.718176,98.51));
#3019 = LINE('',#3020,#3021);
#3020 = CARTESIAN_POINT('',(-73.9125,118.718176,109.995));
#3021 = VECTOR('',#3022,1.);
#3022 = DIRECTION('',(0.,0.,-1.));
#3023 = ORIENTED_EDGE('',*,*,#743,.T.);
#3024 = ORIENTED_EDGE('',*,*,#2985,.T.);
#3025 = ORIENTED_EDGE('',*,*,#3026,.F.);
#3026 = EDGE_CURVE('',#3017,#2986,#3027,.T.);
#3027 = LINE('',#3028,#3029);
#3028 = CARTESIAN_POINT('',(-66.5125,118.718176,98.51));
#3029 = VECTOR('',#3030,1.);
#3030 = DIRECTION('',(1.,0.,0.));
#3031 = PLANE('',#3032);
#3032 = AXIS2_PLACEMENT_3D('',#3033,#3034,#3035);
#3033 = CARTESIAN_POINT('',(-73.9125,118.718176,109.995));
#3034 = DIRECTION('',(0.,1.,0.));
#3035 = DIRECTION('',(1.,0.,0.));
#3036 = ADVANCED_FACE('',(#3037),#3055,.F.);
#3037 = FACE_BOUND('',#3038,.F.);
#3038 = EDGE_LOOP('',(#3039,#3040,#3041,#3049));
#3039 = ORIENTED_EDGE('',*,*,#2994,.F.);
#3040 = ORIENTED_EDGE('',*,*,#759,.T.);
#3041 = ORIENTED_EDGE('',*,*,#3042,.T.);
#3042 = EDGE_CURVE('',#752,#3043,#3045,.T.);
#3043 = VERTEX_POINT('',#3044);
#3044 = CARTESIAN_POINT('',(-73.9125,104.718176,98.51));
#3045 = LINE('',#3046,#3047);
#3046 = CARTESIAN_POINT('',(-73.9125,104.718176,109.995));
#3047 = VECTOR('',#3048,1.);
#3048 = DIRECTION('',(0.,0.,-1.));
#3049 = ORIENTED_EDGE('',*,*,#3050,.F.);
#3050 = EDGE_CURVE('',#2995,#3043,#3051,.T.);
#3051 = LINE('',#3052,#3053);
#3052 = CARTESIAN_POINT('',(-59.5125,104.718176,98.51));
#3053 = VECTOR('',#3054,1.);
#3054 = DIRECTION('',(-1.,0.,0.));
#3055 = PLANE('',#3056);
#3056 = AXIS2_PLACEMENT_3D('',#3057,#3058,#3059);
#3057 = CARTESIAN_POINT('',(-59.9125,104.718176,109.995));
#3058 = DIRECTION('',(0.,-1.,0.));
#3059 = DIRECTION('',(-1.,0.,0.));
#3060 = ADVANCED_FACE('',(#3061),#3072,.F.);
#3061 = FACE_BOUND('',#3062,.F.);
#3062 = EDGE_LOOP('',(#3063,#3064,#3065,#3066));
#3063 = ORIENTED_EDGE('',*,*,#3042,.F.);
#3064 = ORIENTED_EDGE('',*,*,#751,.T.);
#3065 = ORIENTED_EDGE('',*,*,#3016,.T.);
#3066 = ORIENTED_EDGE('',*,*,#3067,.F.);
#3067 = EDGE_CURVE('',#3043,#3017,#3068,.T.);
#3068 = LINE('',#3069,#3070);
#3069 = CARTESIAN_POINT('',(-73.9125,112.118176,98.51));
#3070 = VECTOR('',#3071,1.);
#3071 = DIRECTION('',(0.,1.,0.));
#3072 = PLANE('',#3073);
#3073 = AXIS2_PLACEMENT_3D('',#3074,#3075,#3076);
#3074 = CARTESIAN_POINT('',(-73.9125,104.718176,109.995));
#3075 = DIRECTION('',(-1.,0.,0.));
#3076 = DIRECTION('',(0.,1.,0.));
#3077 = ADVANCED_FACE('',(#3078),#3097,.F.);
#3078 = FACE_BOUND('',#3079,.F.);
#3079 = EDGE_LOOP('',(#3080,#3088,#3095,#3096));
#3080 = ORIENTED_EDGE('',*,*,#3081,.T.);
#3081 = EDGE_CURVE('',#768,#3082,#3084,.T.);
#3082 = VERTEX_POINT('',#3083);
#3083 = CARTESIAN_POINT('',(-75.50000113993,102.00000151991,98.01));
#3084 = LINE('',#3085,#3086);
#3085 = CARTESIAN_POINT('',(-75.50000113993,102.00000151991,100.01));
#3086 = VECTOR('',#3087,1.);
#3087 = DIRECTION('',(0.,0.,-1.));
#3088 = ORIENTED_EDGE('',*,*,#3089,.T.);
#3089 = EDGE_CURVE('',#3082,#3082,#3090,.T.);
#3090 = CIRCLE('',#3091,1.);
#3091 = AXIS2_PLACEMENT_3D('',#3092,#3093,#3094);
#3092 = CARTESIAN_POINT('',(-76.50000113993,102.00000151991,98.01));
#3093 = DIRECTION('',(0.,0.,1.));
#3094 = DIRECTION('',(-1.,0.,0.));
#3095 = ORIENTED_EDGE('',*,*,#3081,.F.);
#3096 = ORIENTED_EDGE('',*,*,#767,.T.);
#3097 = CYLINDRICAL_SURFACE('',#3098,1.);
#3098 = AXIS2_PLACEMENT_3D('',#3099,#3100,#3101);
#3099 = CARTESIAN_POINT('',(-76.50000113993,102.00000151991,100.01));
#3100 = DIRECTION('',(0.,0.,-1.));
#3101 = DIRECTION('',(-1.,0.,0.));
#3102 = ADVANCED_FACE('',(#3103),#3128,.F.);
#3103 = FACE_BOUND('',#3104,.F.);
#3104 = EDGE_LOOP('',(#3105,#3113,#3114,#3122));
#3105 = ORIENTED_EDGE('',*,*,#3106,.F.);
#3106 = EDGE_CURVE('',#779,#3107,#3109,.T.);
#3107 = VERTEX_POINT('',#3108);
#3108 = CARTESIAN_POINT('',(-78.9625,99.668176,98.51));
#3109 = LINE('',#3110,#3111);
#3110 = CARTESIAN_POINT('',(-78.9625,99.668176,109.995));
#3111 = VECTOR('',#3112,1.);
#3112 = DIRECTION('',(0.,0.,-1.));
#3113 = ORIENTED_EDGE('',*,*,#778,.T.);
#3114 = ORIENTED_EDGE('',*,*,#3115,.T.);
#3115 = EDGE_CURVE('',#781,#3116,#3118,.T.);
#3116 = VERTEX_POINT('',#3117);
#3117 = CARTESIAN_POINT('',(-78.9625,85.668176,98.51));
#3118 = LINE('',#3119,#3120);
#3119 = CARTESIAN_POINT('',(-78.9625,85.668176,109.995));
#3120 = VECTOR('',#3121,1.);
#3121 = DIRECTION('',(0.,0.,-1.));
#3122 = ORIENTED_EDGE('',*,*,#3123,.F.);
#3123 = EDGE_CURVE('',#3107,#3116,#3124,.T.);
#3124 = LINE('',#3125,#3126);
#3125 = CARTESIAN_POINT('',(-78.9625,100.068176,98.51));
#3126 = VECTOR('',#3127,1.);
#3127 = DIRECTION('',(0.,-1.,0.));
#3128 = PLANE('',#3129);
#3129 = AXIS2_PLACEMENT_3D('',#3130,#3131,#3132);
#3130 = CARTESIAN_POINT('',(-78.9625,99.668176,109.995));
#3131 = DIRECTION('',(1.,0.,0.));
#3132 = DIRECTION('',(0.,-1.,0.));
#3133 = ADVANCED_FACE('',(#3134),#3152,.F.);
#3134 = FACE_BOUND('',#3135,.F.);
#3135 = EDGE_LOOP('',(#3136,#3144,#3145,#3146));
#3136 = ORIENTED_EDGE('',*,*,#3137,.F.);
#3137 = EDGE_CURVE('',#789,#3138,#3140,.T.);
#3138 = VERTEX_POINT('',#3139);
#3139 = CARTESIAN_POINT('',(-92.9625,99.668176,98.51));
#3140 = LINE('',#3141,#3142);
#3141 = CARTESIAN_POINT('',(-92.9625,99.668176,109.995));
#3142 = VECTOR('',#3143,1.);
#3143 = DIRECTION('',(0.,0.,-1.));
#3144 = ORIENTED_EDGE('',*,*,#788,.T.);
#3145 = ORIENTED_EDGE('',*,*,#3106,.T.);
#3146 = ORIENTED_EDGE('',*,*,#3147,.F.);
#3147 = EDGE_CURVE('',#3138,#3107,#3148,.T.);
#3148 = LINE('',#3149,#3150);
#3149 = CARTESIAN_POINT('',(-85.5625,99.668176,98.51));
#3150 = VECTOR('',#3151,1.);
#3151 = DIRECTION('',(1.,0.,0.));
#3152 = PLANE('',#3153);
#3153 = AXIS2_PLACEMENT_3D('',#3154,#3155,#3156);
#3154 = CARTESIAN_POINT('',(-92.9625,99.668176,109.995));
#3155 = DIRECTION('',(0.,1.,0.));
#3156 = DIRECTION('',(1.,0.,0.));
#3157 = ADVANCED_FACE('',(#3158),#3176,.F.);
#3158 = FACE_BOUND('',#3159,.F.);
#3159 = EDGE_LOOP('',(#3160,#3161,#3162,#3170));
#3160 = ORIENTED_EDGE('',*,*,#3115,.F.);
#3161 = ORIENTED_EDGE('',*,*,#804,.T.);
#3162 = ORIENTED_EDGE('',*,*,#3163,.T.);
#3163 = EDGE_CURVE('',#797,#3164,#3166,.T.);
#3164 = VERTEX_POINT('',#3165);
#3165 = CARTESIAN_POINT('',(-92.9625,85.668176,98.51));
#3166 = LINE('',#3167,#3168);
#3167 = CARTESIAN_POINT('',(-92.9625,85.668176,109.995));
#3168 = VECTOR('',#3169,1.);
#3169 = DIRECTION('',(0.,0.,-1.));
#3170 = ORIENTED_EDGE('',*,*,#3171,.F.);
#3171 = EDGE_CURVE('',#3116,#3164,#3172,.T.);
#3172 = LINE('',#3173,#3174);
#3173 = CARTESIAN_POINT('',(-78.5625,85.668176,98.51));
#3174 = VECTOR('',#3175,1.);
#3175 = DIRECTION('',(-1.,0.,0.));
#3176 = PLANE('',#3177);
#3177 = AXIS2_PLACEMENT_3D('',#3178,#3179,#3180);
#3178 = CARTESIAN_POINT('',(-78.9625,85.668176,109.995));
#3179 = DIRECTION('',(0.,-1.,0.));
#3180 = DIRECTION('',(-1.,0.,0.));
#3181 = ADVANCED_FACE('',(#3182),#3193,.F.);
#3182 = FACE_BOUND('',#3183,.F.);
#3183 = EDGE_LOOP('',(#3184,#3185,#3186,#3187));
#3184 = ORIENTED_EDGE('',*,*,#3163,.F.);
#3185 = ORIENTED_EDGE('',*,*,#796,.T.);
#3186 = ORIENTED_EDGE('',*,*,#3137,.T.);
#3187 = ORIENTED_EDGE('',*,*,#3188,.F.);
#3188 = EDGE_CURVE('',#3164,#3138,#3189,.T.);
#3189 = LINE('',#3190,#3191);
#3190 = CARTESIAN_POINT('',(-92.9625,93.068176,98.51));
#3191 = VECTOR('',#3192,1.);
#3192 = DIRECTION('',(0.,1.,0.));
#3193 = PLANE('',#3194);
#3194 = AXIS2_PLACEMENT_3D('',#3195,#3196,#3197);
#3195 = CARTESIAN_POINT('',(-92.9625,85.668176,109.995));
#3196 = DIRECTION('',(-1.,0.,0.));
#3197 = DIRECTION('',(0.,1.,0.));
#3198 = ADVANCED_FACE('',(#3199),#3218,.F.);
#3199 = FACE_BOUND('',#3200,.F.);
#3200 = EDGE_LOOP('',(#3201,#3209,#3216,#3217));
#3201 = ORIENTED_EDGE('',*,*,#3202,.T.);
#3202 = EDGE_CURVE('',#813,#3203,#3205,.T.);
#3203 = VERTEX_POINT('',#3204);
#3204 = CARTESIAN_POINT('',(-53.00000080466,108.00000160932,98.01));
#3205 = LINE('',#3206,#3207);
#3206 = CARTESIAN_POINT('',(-53.00000080466,108.00000160932,100.01));
#3207 = VECTOR('',#3208,1.);
#3208 = DIRECTION('',(0.,0.,-1.));
#3209 = ORIENTED_EDGE('',*,*,#3210,.T.);
#3210 = EDGE_CURVE('',#3203,#3203,#3211,.T.);
#3211 = CIRCLE('',#3212,1.);
#3212 = AXIS2_PLACEMENT_3D('',#3213,#3214,#3215);
#3213 = CARTESIAN_POINT('',(-54.00000080466,108.00000160932,98.01));
#3214 = DIRECTION('',(0.,0.,1.));
#3215 = DIRECTION('',(-1.,0.,0.));
#3216 = ORIENTED_EDGE('',*,*,#3202,.F.);
#3217 = ORIENTED_EDGE('',*,*,#812,.T.);
#3218 = CYLINDRICAL_SURFACE('',#3219,1.);
#3219 = AXIS2_PLACEMENT_3D('',#3220,#3221,#3222);
#3220 = CARTESIAN_POINT('',(-54.00000080466,108.00000160932,100.01));
#3221 = DIRECTION('',(0.,0.,-1.));
#3222 = DIRECTION('',(-1.,0.,0.));
#3223 = ADVANCED_FACE('',(#3224),#3249,.F.);
#3224 = FACE_BOUND('',#3225,.F.);
#3225 = EDGE_LOOP('',(#3226,#3234,#3235,#3243));
#3226 = ORIENTED_EDGE('',*,*,#3227,.F.);
#3227 = EDGE_CURVE('',#824,#3228,#3230,.T.);
#3228 = VERTEX_POINT('',#3229);
#3229 = CARTESIAN_POINT('',(-59.9125,99.668176,98.51));
#3230 = LINE('',#3231,#3232);
#3231 = CARTESIAN_POINT('',(-59.9125,99.668176,109.995));
#3232 = VECTOR('',#3233,1.);
#3233 = DIRECTION('',(0.,0.,-1.));
#3234 = ORIENTED_EDGE('',*,*,#823,.T.);
#3235 = ORIENTED_EDGE('',*,*,#3236,.T.);
#3236 = EDGE_CURVE('',#826,#3237,#3239,.T.);
#3237 = VERTEX_POINT('',#3238);
#3238 = CARTESIAN_POINT('',(-59.9125,85.668176,98.51));
#3239 = LINE('',#3240,#3241);
#3240 = CARTESIAN_POINT('',(-59.9125,85.668176,109.995));
#3241 = VECTOR('',#3242,1.);
#3242 = DIRECTION('',(0.,0.,-1.));
#3243 = ORIENTED_EDGE('',*,*,#3244,.F.);
#3244 = EDGE_CURVE('',#3228,#3237,#3245,.T.);
#3245 = LINE('',#3246,#3247);
#3246 = CARTESIAN_POINT('',(-59.9125,100.068176,98.51));
#3247 = VECTOR('',#3248,1.);
#3248 = DIRECTION('',(0.,-1.,0.));
#3249 = PLANE('',#3250);
#3250 = AXIS2_PLACEMENT_3D('',#3251,#3252,#3253);
#3251 = CARTESIAN_POINT('',(-59.9125,99.668176,109.995));
#3252 = DIRECTION('',(1.,0.,0.));
#3253 = DIRECTION('',(0.,-1.,0.));
#3254 = ADVANCED_FACE('',(#3255),#3273,.F.);
#3255 = FACE_BOUND('',#3256,.F.);
#3256 = EDGE_LOOP('',(#3257,#3265,#3266,#3267));
#3257 = ORIENTED_EDGE('',*,*,#3258,.F.);
#3258 = EDGE_CURVE('',#834,#3259,#3261,.T.);
#3259 = VERTEX_POINT('',#3260);
#3260 = CARTESIAN_POINT('',(-73.9125,99.668176,98.51));
#3261 = LINE('',#3262,#3263);
#3262 = CARTESIAN_POINT('',(-73.9125,99.668176,109.995));
#3263 = VECTOR('',#3264,1.);
#3264 = DIRECTION('',(0.,0.,-1.));
#3265 = ORIENTED_EDGE('',*,*,#833,.T.);
#3266 = ORIENTED_EDGE('',*,*,#3227,.T.);
#3267 = ORIENTED_EDGE('',*,*,#3268,.F.);
#3268 = EDGE_CURVE('',#3259,#3228,#3269,.T.);
#3269 = LINE('',#3270,#3271);
#3270 = CARTESIAN_POINT('',(-66.5125,99.668176,98.51));
#3271 = VECTOR('',#3272,1.);
#3272 = DIRECTION('',(1.,0.,0.));
#3273 = PLANE('',#3274);
#3274 = AXIS2_PLACEMENT_3D('',#3275,#3276,#3277);
#3275 = CARTESIAN_POINT('',(-73.9125,99.668176,109.995));
#3276 = DIRECTION('',(0.,1.,0.));
#3277 = DIRECTION('',(1.,0.,0.));
#3278 = ADVANCED_FACE('',(#3279),#3297,.F.);
#3279 = FACE_BOUND('',#3280,.F.);
#3280 = EDGE_LOOP('',(#3281,#3282,#3283,#3291));
#3281 = ORIENTED_EDGE('',*,*,#3236,.F.);
#3282 = ORIENTED_EDGE('',*,*,#849,.T.);
#3283 = ORIENTED_EDGE('',*,*,#3284,.T.);
#3284 = EDGE_CURVE('',#842,#3285,#3287,.T.);
#3285 = VERTEX_POINT('',#3286);
#3286 = CARTESIAN_POINT('',(-73.9125,85.668176,98.51));
#3287 = LINE('',#3288,#3289);
#3288 = CARTESIAN_POINT('',(-73.9125,85.668176,109.995));
#3289 = VECTOR('',#3290,1.);
#3290 = DIRECTION('',(0.,0.,-1.));
#3291 = ORIENTED_EDGE('',*,*,#3292,.F.);
#3292 = EDGE_CURVE('',#3237,#3285,#3293,.T.);
#3293 = LINE('',#3294,#3295);
#3294 = CARTESIAN_POINT('',(-59.5125,85.668176,98.51));
#3295 = VECTOR('',#3296,1.);
#3296 = DIRECTION('',(-1.,0.,0.));
#3297 = PLANE('',#3298);
#3298 = AXIS2_PLACEMENT_3D('',#3299,#3300,#3301);
#3299 = CARTESIAN_POINT('',(-59.9125,85.668176,109.995));
#3300 = DIRECTION('',(0.,-1.,0.));
#3301 = DIRECTION('',(-1.,0.,0.));
#3302 = ADVANCED_FACE('',(#3303),#3314,.F.);
#3303 = FACE_BOUND('',#3304,.F.);
#3304 = EDGE_LOOP('',(#3305,#3306,#3307,#3308));
#3305 = ORIENTED_EDGE('',*,*,#3284,.F.);
#3306 = ORIENTED_EDGE('',*,*,#841,.T.);
#3307 = ORIENTED_EDGE('',*,*,#3258,.T.);
#3308 = ORIENTED_EDGE('',*,*,#3309,.F.);
#3309 = EDGE_CURVE('',#3285,#3259,#3310,.T.);
#3310 = LINE('',#3311,#3312);
#3311 = CARTESIAN_POINT('',(-73.9125,93.068176,98.51));
#3312 = VECTOR('',#3313,1.);
#3313 = DIRECTION('',(0.,1.,0.));
#3314 = PLANE('',#3315);
#3315 = AXIS2_PLACEMENT_3D('',#3316,#3317,#3318);
#3316 = CARTESIAN_POINT('',(-73.9125,85.668176,109.995));
#3317 = DIRECTION('',(-1.,0.,0.));
#3318 = DIRECTION('',(0.,1.,0.));
#3319 = ADVANCED_FACE('',(#3320),#3338,.F.);
#3320 = FACE_BOUND('',#3321,.F.);
#3321 = EDGE_LOOP('',(#3322,#3323,#3331,#3337));
#3322 = ORIENTED_EDGE('',*,*,#913,.F.);
#3323 = ORIENTED_EDGE('',*,*,#3324,.T.);
#3324 = EDGE_CURVE('',#906,#3325,#3327,.T.);
#3325 = VERTEX_POINT('',#3326);
#3326 = CARTESIAN_POINT('',(-144.35,178.225,98.81));
#3327 = LINE('',#3328,#3329);
#3328 = CARTESIAN_POINT('',(-144.35,64.177674999988,98.81));
#3329 = VECTOR('',#3330,1.);
#3330 = DIRECTION('',(0.,1.,0.));
#3331 = ORIENTED_EDGE('',*,*,#3332,.T.);
#3332 = EDGE_CURVE('',#3325,#928,#3333,.T.);
#3333 = LINE('',#3334,#3335);
#3334 = CARTESIAN_POINT('',(-144.35,178.225,-60.));
#3335 = VECTOR('',#3336,1.);
#3336 = DIRECTION('',(0.,0.,1.));
#3337 = ORIENTED_EDGE('',*,*,#936,.T.);
#3338 = PLANE('',#3339);
#3339 = AXIS2_PLACEMENT_3D('',#3340,#3341,#3342);
#3340 = CARTESIAN_POINT('',(-144.35,178.225,-60.));
#3341 = DIRECTION('',(1.,0.,0.));
#3342 = DIRECTION('',(0.,-1.,0.));
#3343 = ADVANCED_FACE('',(#3344),#3421,.F.);
#3344 = FACE_BOUND('',#3345,.F.);
#3345 = EDGE_LOOP('',(#3346,#3355,#3356,#3357,#3365,#3374,#3382,#3391,
    #3397,#3398,#3406,#3415));
#3346 = ORIENTED_EDGE('',*,*,#3347,.F.);
#3347 = EDGE_CURVE('',#3325,#3348,#3350,.T.);
#3348 = VERTEX_POINT('',#3349);
#3349 = CARTESIAN_POINT('',(-138.8499999999,183.725,98.81));
#3350 = CIRCLE('',#3351,5.5);
#3351 = AXIS2_PLACEMENT_3D('',#3352,#3353,#3354);
#3352 = CARTESIAN_POINT('',(-138.85,178.225,98.81));
#3353 = DIRECTION('',(0.,0.,-1.));
#3354 = DIRECTION('',(0.,-1.,0.));
#3355 = ORIENTED_EDGE('',*,*,#3324,.F.);
#3356 = ORIENTED_EDGE('',*,*,#905,.T.);
#3357 = ORIENTED_EDGE('',*,*,#3358,.T.);
#3358 = EDGE_CURVE('',#898,#3359,#3361,.T.);
#3359 = VERTEX_POINT('',#3360);
#3360 = CARTESIAN_POINT('',(-142.85,178.225,98.81));
#3361 = LINE('',#3362,#3363);
#3362 = CARTESIAN_POINT('',(-142.85,64.177674999988,98.81));
#3363 = VECTOR('',#3364,1.);
#3364 = DIRECTION('',(0.,1.,0.));
#3365 = ORIENTED_EDGE('',*,*,#3366,.T.);
#3366 = EDGE_CURVE('',#3359,#3367,#3369,.T.);
#3367 = VERTEX_POINT('',#3368);
#3368 = CARTESIAN_POINT('',(-138.85,182.225,98.81));
#3369 = CIRCLE('',#3370,4.);
#3370 = AXIS2_PLACEMENT_3D('',#3371,#3372,#3373);
#3371 = CARTESIAN_POINT('',(-138.85,178.225,98.81));
#3372 = DIRECTION('',(-0.,-0.,-1.));
#3373 = DIRECTION('',(0.,-1.,0.));
#3374 = ORIENTED_EDGE('',*,*,#3375,.T.);
#3375 = EDGE_CURVE('',#3367,#3376,#3378,.T.);
#3376 = VERTEX_POINT('',#3377);
#3377 = CARTESIAN_POINT('',(-52.125,182.22499999999,98.81));
#3378 = LINE('',#3379,#3380);
#3379 = CARTESIAN_POINT('',(-47.74374999999,182.22499999999,98.81));
#3380 = VECTOR('',#3381,1.);
#3381 = DIRECTION('',(1.,-1.801E-14,0.));
#3382 = ORIENTED_EDGE('',*,*,#3383,.T.);
#3383 = EDGE_CURVE('',#3376,#3384,#3386,.T.);
#3384 = VERTEX_POINT('',#3385);
#3385 = CARTESIAN_POINT('',(-48.125,178.22499999999,98.81));
#3386 = CIRCLE('',#3387,4.);
#3387 = AXIS2_PLACEMENT_3D('',#3388,#3389,#3390);
#3388 = CARTESIAN_POINT('',(-52.125,178.22499999999,98.81));
#3389 = DIRECTION('',(0.,0.,-1.));
#3390 = DIRECTION('',(-1.,1.703E-14,0.));
#3391 = ORIENTED_EDGE('',*,*,#3392,.T.);
#3392 = EDGE_CURVE('',#3384,#1221,#3393,.T.);
#3393 = LINE('',#3394,#3395);
#3394 = CARTESIAN_POINT('',(-48.125,64.177674999999,98.81));
#3395 = VECTOR('',#3396,1.);
#3396 = DIRECTION('',(0.,-1.,0.));
#3397 = ORIENTED_EDGE('',*,*,#1220,.T.);
#3398 = ORIENTED_EDGE('',*,*,#3399,.F.);
#3399 = EDGE_CURVE('',#3400,#1213,#3402,.T.);
#3400 = VERTEX_POINT('',#3401);
#3401 = CARTESIAN_POINT('',(-46.625,178.22499999999,98.81));
#3402 = LINE('',#3403,#3404);
#3403 = CARTESIAN_POINT('',(-46.625,64.177674999999,98.81));
#3404 = VECTOR('',#3405,1.);
#3405 = DIRECTION('',(0.,-1.,0.));
#3406 = ORIENTED_EDGE('',*,*,#3407,.F.);
#3407 = EDGE_CURVE('',#3408,#3400,#3410,.T.);
#3408 = VERTEX_POINT('',#3409);
#3409 = CARTESIAN_POINT('',(-52.125,183.72499999999,98.81));
#3410 = CIRCLE('',#3411,5.5);
#3411 = AXIS2_PLACEMENT_3D('',#3412,#3413,#3414);
#3412 = CARTESIAN_POINT('',(-52.125,178.22499999999,98.81));
#3413 = DIRECTION('',(0.,0.,-1.));
#3414 = DIRECTION('',(-1.,1.703E-14,0.));
#3415 = ORIENTED_EDGE('',*,*,#3416,.F.);
#3416 = EDGE_CURVE('',#3348,#3408,#3417,.T.);
#3417 = LINE('',#3418,#3419);
#3418 = CARTESIAN_POINT('',(-47.74374999999,183.72499999999,98.81));
#3419 = VECTOR('',#3420,1.);
#3420 = DIRECTION('',(1.,-1.801E-14,0.));
#3421 = PLANE('',#3422);
#3422 = AXIS2_PLACEMENT_3D('',#3423,#3424,#3425);
#3423 = CARTESIAN_POINT('',(0.,0.,98.81));
#3424 = DIRECTION('',(0.,0.,1.));
#3425 = DIRECTION('',(1.,0.,0.));
#3426 = ADVANCED_FACE('',(#3427),#3445,.T.);
#3427 = FACE_BOUND('',#3428,.T.);
#3428 = EDGE_LOOP('',(#3429,#3437,#3443,#3444));
#3429 = ORIENTED_EDGE('',*,*,#3430,.F.);
#3430 = EDGE_CURVE('',#3431,#3359,#3433,.T.);
#3431 = VERTEX_POINT('',#3432);
#3432 = CARTESIAN_POINT('',(-142.85,178.225,98.31));
#3433 = LINE('',#3434,#3435);
#3434 = CARTESIAN_POINT('',(-142.85,178.225,97.71));
#3435 = VECTOR('',#3436,1.);
#3436 = DIRECTION('',(0.,0.,1.));
#3437 = ORIENTED_EDGE('',*,*,#3438,.F.);
#3438 = EDGE_CURVE('',#890,#3431,#3439,.T.);
#3439 = LINE('',#3440,#3441);
#3440 = CARTESIAN_POINT('',(-142.85,64.07349769679,98.31));
#3441 = VECTOR('',#3442,1.);
#3442 = DIRECTION('',(0.,1.,0.));
#3443 = ORIENTED_EDGE('',*,*,#897,.T.);
#3444 = ORIENTED_EDGE('',*,*,#3358,.T.);
#3445 = PLANE('',#3446);
#3446 = AXIS2_PLACEMENT_3D('',#3447,#3448,#3449);
#3447 = CARTESIAN_POINT('',(-142.85,78.485699999952,97.71));
#3448 = DIRECTION('',(-1.,0.,0.));
#3449 = DIRECTION('',(0.,1.,0.));
#3450 = ADVANCED_FACE('',(#3451),#3468,.T.);
#3451 = FACE_BOUND('',#3452,.T.);
#3452 = EDGE_LOOP('',(#3453,#3461,#3462,#3463));
#3453 = ORIENTED_EDGE('',*,*,#3454,.F.);
#3454 = EDGE_CURVE('',#882,#3455,#3457,.T.);
#3455 = VERTEX_POINT('',#3456);
#3456 = CARTESIAN_POINT('',(-142.55,178.225,98.01));
#3457 = LINE('',#3458,#3459);
#3458 = CARTESIAN_POINT('',(-142.55,64.07349769679,98.01));
#3459 = VECTOR('',#3460,1.);
#3460 = DIRECTION('',(0.,1.,0.));
#3461 = ORIENTED_EDGE('',*,*,#889,.T.);
#3462 = ORIENTED_EDGE('',*,*,#3438,.T.);
#3463 = ORIENTED_EDGE('',*,*,#3464,.F.);
#3464 = EDGE_CURVE('',#3455,#3431,#3465,.T.);
#3465 = B_SPLINE_CURVE_WITH_KNOTS('',1,(#3466,#3467),.UNSPECIFIED.,.F.,
  .F.,(2,2),(0.,1.),.PIECEWISE_BEZIER_KNOTS.);
#3466 = CARTESIAN_POINT('',(-142.55,178.225,98.01));
#3467 = CARTESIAN_POINT('',(-142.85,178.225,98.31));
#3468 = PLANE('',#3469);
#3469 = AXIS2_PLACEMENT_3D('',#3470,#3471,#3472);
#3470 = CARTESIAN_POINT('',(-142.85,64.07349769679,98.31));
#3471 = DIRECTION('',(-0.707106781187,0.,-0.707106781187));
#3472 = DIRECTION('',(0.,-1.,0.));
#3473 = ADVANCED_FACE('',(#3474,#3555,#3589,#3592,#3626,#3660,#3694,
    #3704,#3707,#3741,#3775,#3778,#3812,#3846,#3849,#3852,#3886,#3920,
    #3923,#3957,#3991,#4025,#4059,#4062,#4065,#4099),#4133,.T.);
#3474 = FACE_BOUND('',#3475,.T.);
#3475 = EDGE_LOOP('',(#3476,#3477,#3478,#3486,#3495,#3503,#3512,#3518,
    #3519,#3520,#3521,#3522,#3531,#3539,#3548,#3554));
#3476 = ORIENTED_EDGE('',*,*,#1301,.T.);
#3477 = ORIENTED_EDGE('',*,*,#1375,.T.);
#3478 = ORIENTED_EDGE('',*,*,#3479,.T.);
#3479 = EDGE_CURVE('',#1368,#3480,#3482,.T.);
#3480 = VERTEX_POINT('',#3481);
#3481 = CARTESIAN_POINT('',(-48.425,78.485699999999,98.01));
#3482 = LINE('',#3483,#3484);
#3483 = CARTESIAN_POINT('',(-48.425,64.073497696801,98.01));
#3484 = VECTOR('',#3485,1.);
#3485 = DIRECTION('',(0.,-1.,0.));
#3486 = ORIENTED_EDGE('',*,*,#3487,.T.);
#3487 = EDGE_CURVE('',#3480,#3488,#3490,.T.);
#3488 = VERTEX_POINT('',#3489);
#3489 = CARTESIAN_POINT('',(-52.12499999999,74.785699999999,98.01));
#3490 = CIRCLE('',#3491,3.7);
#3491 = AXIS2_PLACEMENT_3D('',#3492,#3493,#3494);
#3492 = CARTESIAN_POINT('',(-52.125,78.485699999999,98.01));
#3493 = DIRECTION('',(0.,0.,-1.));
#3494 = DIRECTION('',(0.,1.,0.));
#3495 = ORIENTED_EDGE('',*,*,#3496,.T.);
#3496 = EDGE_CURVE('',#3488,#3497,#3499,.T.);
#3497 = VERTEX_POINT('',#3498);
#3498 = CARTESIAN_POINT('',(-138.8499999999,74.785699999952,98.01));
#3499 = LINE('',#3500,#3501);
#3500 = CARTESIAN_POINT('',(-47.74375000001,74.785700000002,98.01));
#3501 = VECTOR('',#3502,1.);
#3502 = DIRECTION('',(-1.,-5.4582E-13,0.));
#3503 = ORIENTED_EDGE('',*,*,#3504,.T.);
#3504 = EDGE_CURVE('',#3497,#3505,#3507,.T.);
#3505 = VERTEX_POINT('',#3506);
#3506 = CARTESIAN_POINT('',(-142.55,78.485699999952,98.01));
#3507 = CIRCLE('',#3508,3.7);
#3508 = AXIS2_PLACEMENT_3D('',#3509,#3510,#3511);
#3509 = CARTESIAN_POINT('',(-138.85,78.485699999952,98.01));
#3510 = DIRECTION('',(0.,0.,-1.));
#3511 = DIRECTION('',(1.,5.4583E-13,0.));
#3512 = ORIENTED_EDGE('',*,*,#3513,.T.);
#3513 = EDGE_CURVE('',#3505,#1014,#3514,.T.);
#3514 = LINE('',#3515,#3516);
#3515 = CARTESIAN_POINT('',(-142.55,64.07349769679,98.01));
#3516 = VECTOR('',#3517,1.);
#3517 = DIRECTION('',(0.,1.,0.));
#3518 = ORIENTED_EDGE('',*,*,#1013,.T.);
#3519 = ORIENTED_EDGE('',*,*,#960,.F.);
#3520 = ORIENTED_EDGE('',*,*,#881,.F.);
#3521 = ORIENTED_EDGE('',*,*,#3454,.T.);
#3522 = ORIENTED_EDGE('',*,*,#3523,.T.);
#3523 = EDGE_CURVE('',#3455,#3524,#3526,.T.);
#3524 = VERTEX_POINT('',#3525);
#3525 = CARTESIAN_POINT('',(-138.85,181.925,98.01));
#3526 = CIRCLE('',#3527,3.7);
#3527 = AXIS2_PLACEMENT_3D('',#3528,#3529,#3530);
#3528 = CARTESIAN_POINT('',(-138.85,178.225,98.01));
#3529 = DIRECTION('',(-0.,-0.,-1.));
#3530 = DIRECTION('',(0.,-1.,0.));
#3531 = ORIENTED_EDGE('',*,*,#3532,.T.);
#3532 = EDGE_CURVE('',#3524,#3533,#3535,.T.);
#3533 = VERTEX_POINT('',#3534);
#3534 = CARTESIAN_POINT('',(-52.125,181.92499999999,98.01));
#3535 = LINE('',#3536,#3537);
#3536 = CARTESIAN_POINT('',(-47.74374999999,181.92499999999,98.01));
#3537 = VECTOR('',#3538,1.);
#3538 = DIRECTION('',(1.,-1.827E-14,0.));
#3539 = ORIENTED_EDGE('',*,*,#3540,.T.);
#3540 = EDGE_CURVE('',#3533,#3541,#3543,.T.);
#3541 = VERTEX_POINT('',#3542);
#3542 = CARTESIAN_POINT('',(-48.425,178.22499999999,98.01));
#3543 = CIRCLE('',#3544,3.7);
#3544 = AXIS2_PLACEMENT_3D('',#3545,#3546,#3547);
#3545 = CARTESIAN_POINT('',(-52.125,178.22499999999,98.01));
#3546 = DIRECTION('',(0.,0.,-1.));
#3547 = DIRECTION('',(-1.,1.703E-14,0.));
#3548 = ORIENTED_EDGE('',*,*,#3549,.T.);
#3549 = EDGE_CURVE('',#3541,#1237,#3550,.T.);
#3550 = LINE('',#3551,#3552);
#3551 = CARTESIAN_POINT('',(-48.425,64.073497696801,98.01));
#3552 = VECTOR('',#3553,1.);
#3553 = DIRECTION('',(0.,-1.,0.));
#3554 = ORIENTED_EDGE('',*,*,#1244,.F.);
#3555 = FACE_BOUND('',#3556,.T.);
#3556 = EDGE_LOOP('',(#3557,#3567,#3575,#3583));
#3557 = ORIENTED_EDGE('',*,*,#3558,.F.);
#3558 = EDGE_CURVE('',#3559,#3561,#3563,.T.);
#3559 = VERTEX_POINT('',#3560);
#3560 = CARTESIAN_POINT('',(-116.2625,142.018176,98.01));
#3561 = VERTEX_POINT('',#3562);
#3562 = CARTESIAN_POINT('',(-131.8625,142.018176,98.01));
#3563 = LINE('',#3564,#3565);
#3564 = CARTESIAN_POINT('',(-105.875,142.018176,98.01));
#3565 = VECTOR('',#3566,1.);
#3566 = DIRECTION('',(-1.,1.2E-16,0.));
#3567 = ORIENTED_EDGE('',*,*,#3568,.T.);
#3568 = EDGE_CURVE('',#3559,#3569,#3571,.T.);
#3569 = VERTEX_POINT('',#3570);
#3570 = CARTESIAN_POINT('',(-116.2625,157.618176,98.01));
#3571 = LINE('',#3572,#3573);
#3572 = CARTESIAN_POINT('',(-116.2625,142.98676299998,98.01));
#3573 = VECTOR('',#3574,1.);
#3574 = DIRECTION('',(1.2E-16,1.,0.));
#3575 = ORIENTED_EDGE('',*,*,#3576,.T.);
#3576 = EDGE_CURVE('',#3569,#3577,#3579,.T.);
#3577 = VERTEX_POINT('',#3578);
#3578 = CARTESIAN_POINT('',(-131.8625,157.618176,98.01));
#3579 = LINE('',#3580,#3581);
#3580 = CARTESIAN_POINT('',(-105.875,157.618176,98.01));
#3581 = VECTOR('',#3582,1.);
#3582 = DIRECTION('',(-1.,1.2E-16,0.));
#3583 = ORIENTED_EDGE('',*,*,#3584,.F.);
#3584 = EDGE_CURVE('',#3561,#3577,#3585,.T.);
#3585 = LINE('',#3586,#3587);
#3586 = CARTESIAN_POINT('',(-131.8625,142.98676299998,98.01));
#3587 = VECTOR('',#3588,1.);
#3588 = DIRECTION('',(1.2E-16,1.,0.));
#3589 = FACE_BOUND('',#3590,.T.);
#3590 = EDGE_LOOP('',(#3591));
#3591 = ORIENTED_EDGE('',*,*,#1495,.T.);
#3592 = FACE_BOUND('',#3593,.T.);
#3593 = EDGE_LOOP('',(#3594,#3604,#3612,#3620));
#3594 = ORIENTED_EDGE('',*,*,#3595,.F.);
#3595 = EDGE_CURVE('',#3596,#3598,#3600,.T.);
#3596 = VERTEX_POINT('',#3597);
#3597 = CARTESIAN_POINT('',(-116.2625,122.968176,98.01));
#3598 = VERTEX_POINT('',#3599);
#3599 = CARTESIAN_POINT('',(-131.8625,122.968176,98.01));
#3600 = LINE('',#3601,#3602);
#3601 = CARTESIAN_POINT('',(-105.875,122.968176,98.01));
#3602 = VECTOR('',#3603,1.);
#3603 = DIRECTION('',(-1.,1.2E-16,0.));
#3604 = ORIENTED_EDGE('',*,*,#3605,.T.);
#3605 = EDGE_CURVE('',#3596,#3606,#3608,.T.);
#3606 = VERTEX_POINT('',#3607);
#3607 = CARTESIAN_POINT('',(-116.2625,138.568176,98.01));
#3608 = LINE('',#3609,#3610);
#3609 = CARTESIAN_POINT('',(-116.2625,133.46176299998,98.01));
#3610 = VECTOR('',#3611,1.);
#3611 = DIRECTION('',(1.2E-16,1.,0.));
#3612 = ORIENTED_EDGE('',*,*,#3613,.T.);
#3613 = EDGE_CURVE('',#3606,#3614,#3616,.T.);
#3614 = VERTEX_POINT('',#3615);
#3615 = CARTESIAN_POINT('',(-131.8625,138.568176,98.01));
#3616 = LINE('',#3617,#3618);
#3617 = CARTESIAN_POINT('',(-105.875,138.568176,98.01));
#3618 = VECTOR('',#3619,1.);
#3619 = DIRECTION('',(-1.,1.2E-16,0.));
#3620 = ORIENTED_EDGE('',*,*,#3621,.F.);
#3621 = EDGE_CURVE('',#3598,#3614,#3622,.T.);
#3622 = LINE('',#3623,#3624);
#3623 = CARTESIAN_POINT('',(-131.8625,133.46176299998,98.01));
#3624 = VECTOR('',#3625,1.);
#3625 = DIRECTION('',(1.2E-16,1.,0.));
#3626 = FACE_BOUND('',#3627,.T.);
#3627 = EDGE_LOOP('',(#3628,#3638,#3646,#3654));
#3628 = ORIENTED_EDGE('',*,*,#3629,.F.);
#3629 = EDGE_CURVE('',#3630,#3632,#3634,.T.);
#3630 = VERTEX_POINT('',#3631);
#3631 = CARTESIAN_POINT('',(-97.2125,142.018176,98.01));
#3632 = VERTEX_POINT('',#3633);
#3633 = CARTESIAN_POINT('',(-112.8125,142.018176,98.01));
#3634 = LINE('',#3635,#3636);
#3635 = CARTESIAN_POINT('',(-96.35,142.018176,98.01));
#3636 = VECTOR('',#3637,1.);
#3637 = DIRECTION('',(-1.,1.2E-16,0.));
#3638 = ORIENTED_EDGE('',*,*,#3639,.T.);
#3639 = EDGE_CURVE('',#3630,#3640,#3642,.T.);
#3640 = VERTEX_POINT('',#3641);
#3641 = CARTESIAN_POINT('',(-97.2125,157.618176,98.01));
#3642 = LINE('',#3643,#3644);
#3643 = CARTESIAN_POINT('',(-97.2125,142.98676299998,98.01));
#3644 = VECTOR('',#3645,1.);
#3645 = DIRECTION('',(1.2E-16,1.,0.));
#3646 = ORIENTED_EDGE('',*,*,#3647,.T.);
#3647 = EDGE_CURVE('',#3640,#3648,#3650,.T.);
#3648 = VERTEX_POINT('',#3649);
#3649 = CARTESIAN_POINT('',(-112.8125,157.618176,98.01));
#3650 = LINE('',#3651,#3652);
#3651 = CARTESIAN_POINT('',(-96.35,157.618176,98.01));
#3652 = VECTOR('',#3653,1.);
#3653 = DIRECTION('',(-1.,1.2E-16,0.));
#3654 = ORIENTED_EDGE('',*,*,#3655,.F.);
#3655 = EDGE_CURVE('',#3632,#3648,#3656,.T.);
#3656 = LINE('',#3657,#3658);
#3657 = CARTESIAN_POINT('',(-112.8125,142.98676299998,98.01));
#3658 = VECTOR('',#3659,1.);
#3659 = DIRECTION('',(1.2E-16,1.,0.));
#3660 = FACE_BOUND('',#3661,.T.);
#3661 = EDGE_LOOP('',(#3662,#3672,#3680,#3688));
#3662 = ORIENTED_EDGE('',*,*,#3663,.F.);
#3663 = EDGE_CURVE('',#3664,#3666,#3668,.T.);
#3664 = VERTEX_POINT('',#3665);
#3665 = CARTESIAN_POINT('',(-97.2125,122.968176,98.01));
#3666 = VERTEX_POINT('',#3667);
#3667 = CARTESIAN_POINT('',(-112.8125,122.968176,98.01));
#3668 = LINE('',#3669,#3670);
#3669 = CARTESIAN_POINT('',(-96.35,122.968176,98.01));
#3670 = VECTOR('',#3671,1.);
#3671 = DIRECTION('',(-1.,1.2E-16,0.));
#3672 = ORIENTED_EDGE('',*,*,#3673,.T.);
#3673 = EDGE_CURVE('',#3664,#3674,#3676,.T.);
#3674 = VERTEX_POINT('',#3675);
#3675 = CARTESIAN_POINT('',(-97.2125,138.568176,98.01));
#3676 = LINE('',#3677,#3678);
#3677 = CARTESIAN_POINT('',(-97.2125,133.46176299998,98.01));
#3678 = VECTOR('',#3679,1.);
#3679 = DIRECTION('',(1.2E-16,1.,0.));
#3680 = ORIENTED_EDGE('',*,*,#3681,.T.);
#3681 = EDGE_CURVE('',#3674,#3682,#3684,.T.);
#3682 = VERTEX_POINT('',#3683);
#3683 = CARTESIAN_POINT('',(-112.8125,138.568176,98.01));
#3684 = LINE('',#3685,#3686);
#3685 = CARTESIAN_POINT('',(-96.35,138.568176,98.01));
#3686 = VECTOR('',#3687,1.);
#3687 = DIRECTION('',(-1.,1.2E-16,0.));
#3688 = ORIENTED_EDGE('',*,*,#3689,.F.);
#3689 = EDGE_CURVE('',#3666,#3682,#3690,.T.);
#3690 = LINE('',#3691,#3692);
#3691 = CARTESIAN_POINT('',(-112.8125,133.46176299998,98.01));
#3692 = VECTOR('',#3693,1.);
#3693 = DIRECTION('',(1.2E-16,1.,0.));
#3694 = FACE_BOUND('',#3695,.T.);
#3695 = EDGE_LOOP('',(#3696,#3697,#3698,#3699,#3700,#3701,#3702,#3703));
#3696 = ORIENTED_EDGE('',*,*,#1808,.T.);
#3697 = ORIENTED_EDGE('',*,*,#1865,.T.);
#3698 = ORIENTED_EDGE('',*,*,#1906,.T.);
#3699 = ORIENTED_EDGE('',*,*,#1954,.T.);
#3700 = ORIENTED_EDGE('',*,*,#1979,.T.);
#3701 = ORIENTED_EDGE('',*,*,#1939,.F.);
#3702 = ORIENTED_EDGE('',*,*,#1888,.T.);
#3703 = ORIENTED_EDGE('',*,*,#1832,.F.);
#3704 = FACE_BOUND('',#3705,.T.);
#3705 = EDGE_LOOP('',(#3706));
#3706 = ORIENTED_EDGE('',*,*,#2004,.T.);
#3707 = FACE_BOUND('',#3708,.T.);
#3708 = EDGE_LOOP('',(#3709,#3719,#3727,#3735));
#3709 = ORIENTED_EDGE('',*,*,#3710,.F.);
#3710 = EDGE_CURVE('',#3711,#3713,#3715,.T.);
#3711 = VERTEX_POINT('',#3712);
#3712 = CARTESIAN_POINT('',(-78.1625,142.018176,98.01));
#3713 = VERTEX_POINT('',#3714);
#3714 = CARTESIAN_POINT('',(-93.7625,142.018176,98.01));
#3715 = LINE('',#3716,#3717);
#3716 = CARTESIAN_POINT('',(-86.825,142.018176,98.01));
#3717 = VECTOR('',#3718,1.);
#3718 = DIRECTION('',(-1.,1.2E-16,0.));
#3719 = ORIENTED_EDGE('',*,*,#3720,.T.);
#3720 = EDGE_CURVE('',#3711,#3721,#3723,.T.);
#3721 = VERTEX_POINT('',#3722);
#3722 = CARTESIAN_POINT('',(-78.1625,157.618176,98.01));
#3723 = LINE('',#3724,#3725);
#3724 = CARTESIAN_POINT('',(-78.1625,142.98676299998,98.01));
#3725 = VECTOR('',#3726,1.);
#3726 = DIRECTION('',(1.2E-16,1.,0.));
#3727 = ORIENTED_EDGE('',*,*,#3728,.T.);
#3728 = EDGE_CURVE('',#3721,#3729,#3731,.T.);
#3729 = VERTEX_POINT('',#3730);
#3730 = CARTESIAN_POINT('',(-93.7625,157.618176,98.01));
#3731 = LINE('',#3732,#3733);
#3732 = CARTESIAN_POINT('',(-86.825,157.618176,98.01));
#3733 = VECTOR('',#3734,1.);
#3734 = DIRECTION('',(-1.,1.2E-16,0.));
#3735 = ORIENTED_EDGE('',*,*,#3736,.F.);
#3736 = EDGE_CURVE('',#3713,#3729,#3737,.T.);
#3737 = LINE('',#3738,#3739);
#3738 = CARTESIAN_POINT('',(-93.7625,142.98676299998,98.01));
#3739 = VECTOR('',#3740,1.);
#3740 = DIRECTION('',(1.2E-16,1.,0.));
#3741 = FACE_BOUND('',#3742,.T.);
#3742 = EDGE_LOOP('',(#3743,#3753,#3761,#3769));
#3743 = ORIENTED_EDGE('',*,*,#3744,.F.);
#3744 = EDGE_CURVE('',#3745,#3747,#3749,.T.);
#3745 = VERTEX_POINT('',#3746);
#3746 = CARTESIAN_POINT('',(-78.1625,122.968176,98.01));
#3747 = VERTEX_POINT('',#3748);
#3748 = CARTESIAN_POINT('',(-93.7625,122.968176,98.01));
#3749 = LINE('',#3750,#3751);
#3750 = CARTESIAN_POINT('',(-86.825,122.968176,98.01));
#3751 = VECTOR('',#3752,1.);
#3752 = DIRECTION('',(-1.,1.2E-16,0.));
#3753 = ORIENTED_EDGE('',*,*,#3754,.T.);
#3754 = EDGE_CURVE('',#3745,#3755,#3757,.T.);
#3755 = VERTEX_POINT('',#3756);
#3756 = CARTESIAN_POINT('',(-78.1625,138.568176,98.01));
#3757 = LINE('',#3758,#3759);
#3758 = CARTESIAN_POINT('',(-78.1625,133.46176299998,98.01));
#3759 = VECTOR('',#3760,1.);
#3760 = DIRECTION('',(1.2E-16,1.,0.));
#3761 = ORIENTED_EDGE('',*,*,#3762,.T.);
#3762 = EDGE_CURVE('',#3755,#3763,#3765,.T.);
#3763 = VERTEX_POINT('',#3764);
#3764 = CARTESIAN_POINT('',(-93.7625,138.568176,98.01));
#3765 = LINE('',#3766,#3767);
#3766 = CARTESIAN_POINT('',(-86.825,138.568176,98.01));
#3767 = VECTOR('',#3768,1.);
#3768 = DIRECTION('',(-1.,1.2E-16,0.));
#3769 = ORIENTED_EDGE('',*,*,#3770,.F.);
#3770 = EDGE_CURVE('',#3747,#3763,#3771,.T.);
#3771 = LINE('',#3772,#3773);
#3772 = CARTESIAN_POINT('',(-93.7625,133.46176299998,98.01));
#3773 = VECTOR('',#3774,1.);
#3774 = DIRECTION('',(1.2E-16,1.,0.));
#3775 = FACE_BOUND('',#3776,.T.);
#3776 = EDGE_LOOP('',(#3777));
#3777 = ORIENTED_EDGE('',*,*,#2221,.T.);
#3778 = FACE_BOUND('',#3779,.T.);
#3779 = EDGE_LOOP('',(#3780,#3790,#3798,#3806));
#3780 = ORIENTED_EDGE('',*,*,#3781,.F.);
#3781 = EDGE_CURVE('',#3782,#3784,#3786,.T.);
#3782 = VERTEX_POINT('',#3783);
#3783 = CARTESIAN_POINT('',(-59.1125,142.018176,98.01));
#3784 = VERTEX_POINT('',#3785);
#3785 = CARTESIAN_POINT('',(-74.7125,142.018176,98.01));
#3786 = LINE('',#3787,#3788);
#3787 = CARTESIAN_POINT('',(-77.3,142.018176,98.01));
#3788 = VECTOR('',#3789,1.);
#3789 = DIRECTION('',(-1.,1.2E-16,0.));
#3790 = ORIENTED_EDGE('',*,*,#3791,.T.);
#3791 = EDGE_CURVE('',#3782,#3792,#3794,.T.);
#3792 = VERTEX_POINT('',#3793);
#3793 = CARTESIAN_POINT('',(-59.1125,157.618176,98.01));
#3794 = LINE('',#3795,#3796);
#3795 = CARTESIAN_POINT('',(-59.1125,142.98676299998,98.01));
#3796 = VECTOR('',#3797,1.);
#3797 = DIRECTION('',(1.2E-16,1.,0.));
#3798 = ORIENTED_EDGE('',*,*,#3799,.T.);
#3799 = EDGE_CURVE('',#3792,#3800,#3802,.T.);
#3800 = VERTEX_POINT('',#3801);
#3801 = CARTESIAN_POINT('',(-74.7125,157.618176,98.01));
#3802 = LINE('',#3803,#3804);
#3803 = CARTESIAN_POINT('',(-77.3,157.618176,98.01));
#3804 = VECTOR('',#3805,1.);
#3805 = DIRECTION('',(-1.,1.2E-16,0.));
#3806 = ORIENTED_EDGE('',*,*,#3807,.F.);
#3807 = EDGE_CURVE('',#3784,#3800,#3808,.T.);
#3808 = LINE('',#3809,#3810);
#3809 = CARTESIAN_POINT('',(-74.7125,142.98676299998,98.01));
#3810 = VECTOR('',#3811,1.);
#3811 = DIRECTION('',(1.2E-16,1.,0.));
#3812 = FACE_BOUND('',#3813,.T.);
#3813 = EDGE_LOOP('',(#3814,#3824,#3832,#3840));
#3814 = ORIENTED_EDGE('',*,*,#3815,.F.);
#3815 = EDGE_CURVE('',#3816,#3818,#3820,.T.);
#3816 = VERTEX_POINT('',#3817);
#3817 = CARTESIAN_POINT('',(-59.1125,122.968176,98.01));
#3818 = VERTEX_POINT('',#3819);
#3819 = CARTESIAN_POINT('',(-74.7125,122.968176,98.01));
#3820 = LINE('',#3821,#3822);
#3821 = CARTESIAN_POINT('',(-77.3,122.968176,98.01));
#3822 = VECTOR('',#3823,1.);
#3823 = DIRECTION('',(-1.,1.2E-16,0.));
#3824 = ORIENTED_EDGE('',*,*,#3825,.T.);
#3825 = EDGE_CURVE('',#3816,#3826,#3828,.T.);
#3826 = VERTEX_POINT('',#3827);
#3827 = CARTESIAN_POINT('',(-59.1125,138.568176,98.01));
#3828 = LINE('',#3829,#3830);
#3829 = CARTESIAN_POINT('',(-59.1125,133.46176299998,98.01));
#3830 = VECTOR('',#3831,1.);
#3831 = DIRECTION('',(1.2E-16,1.,0.));
#3832 = ORIENTED_EDGE('',*,*,#3833,.T.);
#3833 = EDGE_CURVE('',#3826,#3834,#3836,.T.);
#3834 = VERTEX_POINT('',#3835);
#3835 = CARTESIAN_POINT('',(-74.7125,138.568176,98.01));
#3836 = LINE('',#3837,#3838);
#3837 = CARTESIAN_POINT('',(-77.3,138.568176,98.01));
#3838 = VECTOR('',#3839,1.);
#3839 = DIRECTION('',(-1.,1.2E-16,0.));
#3840 = ORIENTED_EDGE('',*,*,#3841,.F.);
#3841 = EDGE_CURVE('',#3818,#3834,#3842,.T.);
#3842 = LINE('',#3843,#3844);
#3843 = CARTESIAN_POINT('',(-74.7125,133.46176299998,98.01));
#3844 = VECTOR('',#3845,1.);
#3845 = DIRECTION('',(1.2E-16,1.,0.));
#3846 = FACE_BOUND('',#3847,.T.);
#3847 = EDGE_LOOP('',(#3848));
#3848 = ORIENTED_EDGE('',*,*,#2439,.T.);
#3849 = FACE_BOUND('',#3850,.T.);
#3850 = EDGE_LOOP('',(#3851));
#3851 = ORIENTED_EDGE('',*,*,#2656,.T.);
#3852 = FACE_BOUND('',#3853,.T.);
#3853 = EDGE_LOOP('',(#3854,#3864,#3872,#3880));
#3854 = ORIENTED_EDGE('',*,*,#3855,.F.);
#3855 = EDGE_CURVE('',#3856,#3858,#3860,.T.);
#3856 = VERTEX_POINT('',#3857);
#3857 = CARTESIAN_POINT('',(-116.2625,103.918176,98.01));
#3858 = VERTEX_POINT('',#3859);
#3859 = CARTESIAN_POINT('',(-131.8625,103.918176,98.01));
#3860 = LINE('',#3861,#3862);
#3861 = CARTESIAN_POINT('',(-105.875,103.918176,98.01));
#3862 = VECTOR('',#3863,1.);
#3863 = DIRECTION('',(-1.,1.2E-16,0.));
#3864 = ORIENTED_EDGE('',*,*,#3865,.T.);
#3865 = EDGE_CURVE('',#3856,#3866,#3868,.T.);
#3866 = VERTEX_POINT('',#3867);
#3867 = CARTESIAN_POINT('',(-116.2625,119.518176,98.01));
#3868 = LINE('',#3869,#3870);
#3869 = CARTESIAN_POINT('',(-116.2625,123.93676299998,98.01));
#3870 = VECTOR('',#3871,1.);
#3871 = DIRECTION('',(1.2E-16,1.,0.));
#3872 = ORIENTED_EDGE('',*,*,#3873,.T.);
#3873 = EDGE_CURVE('',#3866,#3874,#3876,.T.);
#3874 = VERTEX_POINT('',#3875);
#3875 = CARTESIAN_POINT('',(-131.8625,119.518176,98.01));
#3876 = LINE('',#3877,#3878);
#3877 = CARTESIAN_POINT('',(-105.875,119.518176,98.01));
#3878 = VECTOR('',#3879,1.);
#3879 = DIRECTION('',(-1.,1.2E-16,0.));
#3880 = ORIENTED_EDGE('',*,*,#3881,.F.);
#3881 = EDGE_CURVE('',#3858,#3874,#3882,.T.);
#3882 = LINE('',#3883,#3884);
#3883 = CARTESIAN_POINT('',(-131.8625,123.93676299998,98.01));
#3884 = VECTOR('',#3885,1.);
#3885 = DIRECTION('',(1.2E-16,1.,0.));
#3886 = FACE_BOUND('',#3887,.T.);
#3887 = EDGE_LOOP('',(#3888,#3898,#3906,#3914));
#3888 = ORIENTED_EDGE('',*,*,#3889,.F.);
#3889 = EDGE_CURVE('',#3890,#3892,#3894,.T.);
#3890 = VERTEX_POINT('',#3891);
#3891 = CARTESIAN_POINT('',(-97.2125,103.918176,98.01));
#3892 = VERTEX_POINT('',#3893);
#3893 = CARTESIAN_POINT('',(-112.8125,103.918176,98.01));
#3894 = LINE('',#3895,#3896);
#3895 = CARTESIAN_POINT('',(-96.35,103.918176,98.01));
#3896 = VECTOR('',#3897,1.);
#3897 = DIRECTION('',(-1.,1.2E-16,0.));
#3898 = ORIENTED_EDGE('',*,*,#3899,.T.);
#3899 = EDGE_CURVE('',#3890,#3900,#3902,.T.);
#3900 = VERTEX_POINT('',#3901);
#3901 = CARTESIAN_POINT('',(-97.2125,119.518176,98.01));
#3902 = LINE('',#3903,#3904);
#3903 = CARTESIAN_POINT('',(-97.2125,123.93676299998,98.01));
#3904 = VECTOR('',#3905,1.);
#3905 = DIRECTION('',(1.2E-16,1.,0.));
#3906 = ORIENTED_EDGE('',*,*,#3907,.T.);
#3907 = EDGE_CURVE('',#3900,#3908,#3910,.T.);
#3908 = VERTEX_POINT('',#3909);
#3909 = CARTESIAN_POINT('',(-112.8125,119.518176,98.01));
#3910 = LINE('',#3911,#3912);
#3911 = CARTESIAN_POINT('',(-96.35,119.518176,98.01));
#3912 = VECTOR('',#3913,1.);
#3913 = DIRECTION('',(-1.,1.2E-16,0.));
#3914 = ORIENTED_EDGE('',*,*,#3915,.F.);
#3915 = EDGE_CURVE('',#3892,#3908,#3916,.T.);
#3916 = LINE('',#3917,#3918);
#3917 = CARTESIAN_POINT('',(-112.8125,123.93676299998,98.01));
#3918 = VECTOR('',#3919,1.);
#3919 = DIRECTION('',(1.2E-16,1.,0.));
#3920 = FACE_BOUND('',#3921,.T.);
#3921 = EDGE_LOOP('',(#3922));
#3922 = ORIENTED_EDGE('',*,*,#2680,.T.);
#3923 = FACE_BOUND('',#3924,.T.);
#3924 = EDGE_LOOP('',(#3925,#3935,#3943,#3951));
#3925 = ORIENTED_EDGE('',*,*,#3926,.F.);
#3926 = EDGE_CURVE('',#3927,#3929,#3931,.T.);
#3927 = VERTEX_POINT('',#3928);
#3928 = CARTESIAN_POINT('',(-116.2625,84.868176,98.01));
#3929 = VERTEX_POINT('',#3930);
#3930 = CARTESIAN_POINT('',(-131.8625,84.868176,98.01));
#3931 = LINE('',#3932,#3933);
#3932 = CARTESIAN_POINT('',(-105.875,84.868176,98.01));
#3933 = VECTOR('',#3934,1.);
#3934 = DIRECTION('',(-1.,1.2E-16,0.));
#3935 = ORIENTED_EDGE('',*,*,#3936,.T.);
#3936 = EDGE_CURVE('',#3927,#3937,#3939,.T.);
#3937 = VERTEX_POINT('',#3938);
#3938 = CARTESIAN_POINT('',(-116.2625,100.468176,98.01));
#3939 = LINE('',#3940,#3941);
#3940 = CARTESIAN_POINT('',(-116.2625,114.41176299998,98.01));
#3941 = VECTOR('',#3942,1.);
#3942 = DIRECTION('',(1.2E-16,1.,0.));
#3943 = ORIENTED_EDGE('',*,*,#3944,.T.);
#3944 = EDGE_CURVE('',#3937,#3945,#3947,.T.);
#3945 = VERTEX_POINT('',#3946);
#3946 = CARTESIAN_POINT('',(-131.8625,100.468176,98.01));
#3947 = LINE('',#3948,#3949);
#3948 = CARTESIAN_POINT('',(-105.875,100.468176,98.01));
#3949 = VECTOR('',#3950,1.);
#3950 = DIRECTION('',(-1.,1.2E-16,0.));
#3951 = ORIENTED_EDGE('',*,*,#3952,.F.);
#3952 = EDGE_CURVE('',#3929,#3945,#3953,.T.);
#3953 = LINE('',#3954,#3955);
#3954 = CARTESIAN_POINT('',(-131.8625,114.41176299998,98.01));
#3955 = VECTOR('',#3956,1.);
#3956 = DIRECTION('',(1.2E-16,1.,0.));
#3957 = FACE_BOUND('',#3958,.T.);
#3958 = EDGE_LOOP('',(#3959,#3969,#3977,#3985));
#3959 = ORIENTED_EDGE('',*,*,#3960,.F.);
#3960 = EDGE_CURVE('',#3961,#3963,#3965,.T.);
#3961 = VERTEX_POINT('',#3962);
#3962 = CARTESIAN_POINT('',(-97.2125,84.868176,98.01));
#3963 = VERTEX_POINT('',#3964);
#3964 = CARTESIAN_POINT('',(-112.8125,84.868176,98.01));
#3965 = LINE('',#3966,#3967);
#3966 = CARTESIAN_POINT('',(-96.35,84.868176,98.01));
#3967 = VECTOR('',#3968,1.);
#3968 = DIRECTION('',(-1.,1.2E-16,0.));
#3969 = ORIENTED_EDGE('',*,*,#3970,.T.);
#3970 = EDGE_CURVE('',#3961,#3971,#3973,.T.);
#3971 = VERTEX_POINT('',#3972);
#3972 = CARTESIAN_POINT('',(-97.2125,100.468176,98.01));
#3973 = LINE('',#3974,#3975);
#3974 = CARTESIAN_POINT('',(-97.2125,114.41176299998,98.01));
#3975 = VECTOR('',#3976,1.);
#3976 = DIRECTION('',(1.2E-16,1.,0.));
#3977 = ORIENTED_EDGE('',*,*,#3978,.T.);
#3978 = EDGE_CURVE('',#3971,#3979,#3981,.T.);
#3979 = VERTEX_POINT('',#3980);
#3980 = CARTESIAN_POINT('',(-112.8125,100.468176,98.01));
#3981 = LINE('',#3982,#3983);
#3982 = CARTESIAN_POINT('',(-96.35,100.468176,98.01));
#3983 = VECTOR('',#3984,1.);
#3984 = DIRECTION('',(-1.,1.2E-16,0.));
#3985 = ORIENTED_EDGE('',*,*,#3986,.F.);
#3986 = EDGE_CURVE('',#3963,#3979,#3987,.T.);
#3987 = LINE('',#3988,#3989);
#3988 = CARTESIAN_POINT('',(-112.8125,114.41176299998,98.01));
#3989 = VECTOR('',#3990,1.);
#3990 = DIRECTION('',(1.2E-16,1.,0.));
#3991 = FACE_BOUND('',#3992,.T.);
#3992 = EDGE_LOOP('',(#3993,#4003,#4011,#4019));
#3993 = ORIENTED_EDGE('',*,*,#3994,.F.);
#3994 = EDGE_CURVE('',#3995,#3997,#3999,.T.);
#3995 = VERTEX_POINT('',#3996);
#3996 = CARTESIAN_POINT('',(-78.1625,103.918176,98.01));
#3997 = VERTEX_POINT('',#3998);
#3998 = CARTESIAN_POINT('',(-93.7625,103.918176,98.01));
#3999 = LINE('',#4000,#4001);
#4000 = CARTESIAN_POINT('',(-86.825,103.918176,98.01));
#4001 = VECTOR('',#4002,1.);
#4002 = DIRECTION('',(-1.,1.2E-16,0.));
#4003 = ORIENTED_EDGE('',*,*,#4004,.T.);
#4004 = EDGE_CURVE('',#3995,#4005,#4007,.T.);
#4005 = VERTEX_POINT('',#4006);
#4006 = CARTESIAN_POINT('',(-78.1625,119.518176,98.01));
#4007 = LINE('',#4008,#4009);
#4008 = CARTESIAN_POINT('',(-78.1625,123.93676299998,98.01));
#4009 = VECTOR('',#4010,1.);
#4010 = DIRECTION('',(1.2E-16,1.,0.));
#4011 = ORIENTED_EDGE('',*,*,#4012,.T.);
#4012 = EDGE_CURVE('',#4005,#4013,#4015,.T.);
#4013 = VERTEX_POINT('',#4014);
#4014 = CARTESIAN_POINT('',(-93.7625,119.518176,98.01));
#4015 = LINE('',#4016,#4017);
#4016 = CARTESIAN_POINT('',(-86.825,119.518176,98.01));
#4017 = VECTOR('',#4018,1.);
#4018 = DIRECTION('',(-1.,1.2E-16,0.));
#4019 = ORIENTED_EDGE('',*,*,#4020,.F.);
#4020 = EDGE_CURVE('',#3997,#4013,#4021,.T.);
#4021 = LINE('',#4022,#4023);
#4022 = CARTESIAN_POINT('',(-93.7625,123.93676299998,98.01));
#4023 = VECTOR('',#4024,1.);
#4024 = DIRECTION('',(1.2E-16,1.,0.));
#4025 = FACE_BOUND('',#4026,.T.);
#4026 = EDGE_LOOP('',(#4027,#4037,#4045,#4053));
#4027 = ORIENTED_EDGE('',*,*,#4028,.F.);
#4028 = EDGE_CURVE('',#4029,#4031,#4033,.T.);
#4029 = VERTEX_POINT('',#4030);
#4030 = CARTESIAN_POINT('',(-59.1125,103.918176,98.01));
#4031 = VERTEX_POINT('',#4032);
#4032 = CARTESIAN_POINT('',(-74.7125,103.918176,98.01));
#4033 = LINE('',#4034,#4035);
#4034 = CARTESIAN_POINT('',(-77.3,103.918176,98.01));
#4035 = VECTOR('',#4036,1.);
#4036 = DIRECTION('',(-1.,1.2E-16,0.));
#4037 = ORIENTED_EDGE('',*,*,#4038,.T.);
#4038 = EDGE_CURVE('',#4029,#4039,#4041,.T.);
#4039 = VERTEX_POINT('',#4040);
#4040 = CARTESIAN_POINT('',(-59.1125,119.518176,98.01));
#4041 = LINE('',#4042,#4043);
#4042 = CARTESIAN_POINT('',(-59.1125,123.93676299998,98.01));
#4043 = VECTOR('',#4044,1.);
#4044 = DIRECTION('',(1.2E-16,1.,0.));
#4045 = ORIENTED_EDGE('',*,*,#4046,.T.);
#4046 = EDGE_CURVE('',#4039,#4047,#4049,.T.);
#4047 = VERTEX_POINT('',#4048);
#4048 = CARTESIAN_POINT('',(-74.7125,119.518176,98.01));
#4049 = LINE('',#4050,#4051);
#4050 = CARTESIAN_POINT('',(-77.3,119.518176,98.01));
#4051 = VECTOR('',#4052,1.);
#4052 = DIRECTION('',(-1.,1.2E-16,0.));
#4053 = ORIENTED_EDGE('',*,*,#4054,.F.);
#4054 = EDGE_CURVE('',#4031,#4047,#4055,.T.);
#4055 = LINE('',#4056,#4057);
#4056 = CARTESIAN_POINT('',(-74.7125,123.93676299998,98.01));
#4057 = VECTOR('',#4058,1.);
#4058 = DIRECTION('',(1.2E-16,1.,0.));
#4059 = FACE_BOUND('',#4060,.T.);
#4060 = EDGE_LOOP('',(#4061));
#4061 = ORIENTED_EDGE('',*,*,#3210,.T.);
#4062 = FACE_BOUND('',#4063,.T.);
#4063 = EDGE_LOOP('',(#4064));
#4064 = ORIENTED_EDGE('',*,*,#3089,.T.);
#4065 = FACE_BOUND('',#4066,.T.);
#4066 = EDGE_LOOP('',(#4067,#4077,#4085,#4093));
#4067 = ORIENTED_EDGE('',*,*,#4068,.F.);
#4068 = EDGE_CURVE('',#4069,#4071,#4073,.T.);
#4069 = VERTEX_POINT('',#4070);
#4070 = CARTESIAN_POINT('',(-78.1625,84.868176,98.01));
#4071 = VERTEX_POINT('',#4072);
#4072 = CARTESIAN_POINT('',(-93.7625,84.868176,98.01));
#4073 = LINE('',#4074,#4075);
#4074 = CARTESIAN_POINT('',(-86.825,84.868176,98.01));
#4075 = VECTOR('',#4076,1.);
#4076 = DIRECTION('',(-1.,1.2E-16,0.));
#4077 = ORIENTED_EDGE('',*,*,#4078,.T.);
#4078 = EDGE_CURVE('',#4069,#4079,#4081,.T.);
#4079 = VERTEX_POINT('',#4080);
#4080 = CARTESIAN_POINT('',(-78.1625,100.468176,98.01));
#4081 = LINE('',#4082,#4083);
#4082 = CARTESIAN_POINT('',(-78.1625,114.41176299998,98.01));
#4083 = VECTOR('',#4084,1.);
#4084 = DIRECTION('',(1.2E-16,1.,0.));
#4085 = ORIENTED_EDGE('',*,*,#4086,.T.);
#4086 = EDGE_CURVE('',#4079,#4087,#4089,.T.);
#4087 = VERTEX_POINT('',#4088);
#4088 = CARTESIAN_POINT('',(-93.7625,100.468176,98.01));
#4089 = LINE('',#4090,#4091);
#4090 = CARTESIAN_POINT('',(-86.825,100.468176,98.01));
#4091 = VECTOR('',#4092,1.);
#4092 = DIRECTION('',(-1.,1.2E-16,0.));
#4093 = ORIENTED_EDGE('',*,*,#4094,.F.);
#4094 = EDGE_CURVE('',#4071,#4087,#4095,.T.);
#4095 = LINE('',#4096,#4097);
#4096 = CARTESIAN_POINT('',(-93.7625,114.41176299998,98.01));
#4097 = VECTOR('',#4098,1.);
#4098 = DIRECTION('',(1.2E-16,1.,0.));
#4099 = FACE_BOUND('',#4100,.T.);
#4100 = EDGE_LOOP('',(#4101,#4111,#4119,#4127));
#4101 = ORIENTED_EDGE('',*,*,#4102,.F.);
#4102 = EDGE_CURVE('',#4103,#4105,#4107,.T.);
#4103 = VERTEX_POINT('',#4104);
#4104 = CARTESIAN_POINT('',(-59.1125,84.868176,98.01));
#4105 = VERTEX_POINT('',#4106);
#4106 = CARTESIAN_POINT('',(-74.7125,84.868176,98.01));
#4107 = LINE('',#4108,#4109);
#4108 = CARTESIAN_POINT('',(-77.3,84.868176,98.01));
#4109 = VECTOR('',#4110,1.);
#4110 = DIRECTION('',(-1.,1.2E-16,0.));
#4111 = ORIENTED_EDGE('',*,*,#4112,.T.);
#4112 = EDGE_CURVE('',#4103,#4113,#4115,.T.);
#4113 = VERTEX_POINT('',#4114);
#4114 = CARTESIAN_POINT('',(-59.1125,100.468176,98.01));
#4115 = LINE('',#4116,#4117);
#4116 = CARTESIAN_POINT('',(-59.1125,114.41176299998,98.01));
#4117 = VECTOR('',#4118,1.);
#4118 = DIRECTION('',(1.2E-16,1.,0.));
#4119 = ORIENTED_EDGE('',*,*,#4120,.T.);
#4120 = EDGE_CURVE('',#4113,#4121,#4123,.T.);
#4121 = VERTEX_POINT('',#4122);
#4122 = CARTESIAN_POINT('',(-74.7125,100.468176,98.01));
#4123 = LINE('',#4124,#4125);
#4124 = CARTESIAN_POINT('',(-77.3,100.468176,98.01));
#4125 = VECTOR('',#4126,1.);
#4126 = DIRECTION('',(-1.,1.2E-16,0.));
#4127 = ORIENTED_EDGE('',*,*,#4128,.F.);
#4128 = EDGE_CURVE('',#4105,#4121,#4129,.T.);
#4129 = LINE('',#4130,#4131);
#4130 = CARTESIAN_POINT('',(-74.7125,114.41176299998,98.01));
#4131 = VECTOR('',#4132,1.);
#4132 = DIRECTION('',(1.2E-16,1.,0.));
#4133 = PLANE('',#4134);
#4134 = AXIS2_PLACEMENT_3D('',#4135,#4136,#4137);
#4135 = CARTESIAN_POINT('',(-95.4875,128.35534999997,98.01));
#4136 = DIRECTION('',(0.,0.,-1.));
#4137 = DIRECTION('',(1.,0.,0.));
#4138 = ADVANCED_FACE('',(#4139),#4150,.T.);
#4139 = FACE_BOUND('',#4140,.T.);
#4140 = EDGE_LOOP('',(#4141,#4147,#4148,#4149));
#4141 = ORIENTED_EDGE('',*,*,#4142,.F.);
#4142 = EDGE_CURVE('',#3348,#977,#4143,.T.);
#4143 = LINE('',#4144,#4145);
#4144 = CARTESIAN_POINT('',(-138.8499999999,183.725,-60.));
#4145 = VECTOR('',#4146,1.);
#4146 = DIRECTION('',(0.,0.,1.));
#4147 = ORIENTED_EDGE('',*,*,#3347,.F.);
#4148 = ORIENTED_EDGE('',*,*,#3332,.T.);
#4149 = ORIENTED_EDGE('',*,*,#987,.F.);
#4150 = CYLINDRICAL_SURFACE('',#4151,5.5);
#4151 = AXIS2_PLACEMENT_3D('',#4152,#4153,#4154);
#4152 = CARTESIAN_POINT('',(-138.85,178.225,-60.));
#4153 = DIRECTION('',(0.,0.,-1.));
#4154 = DIRECTION('',(0.,-1.,0.));
#4155 = ADVANCED_FACE('',(#4156),#4174,.F.);
#4156 = FACE_BOUND('',#4157,.F.);
#4157 = EDGE_LOOP('',(#4158,#4166,#4172,#4173));
#4158 = ORIENTED_EDGE('',*,*,#4159,.F.);
#4159 = EDGE_CURVE('',#4160,#1086,#4162,.T.);
#4160 = VERTEX_POINT('',#4161);
#4161 = CARTESIAN_POINT('',(-144.35,78.485699999952,98.81));
#4162 = LINE('',#4163,#4164);
#4163 = CARTESIAN_POINT('',(-144.35,78.485699999952,-60.));
#4164 = VECTOR('',#4165,1.);
#4165 = DIRECTION('',(0.,0.,1.));
#4166 = ORIENTED_EDGE('',*,*,#4167,.T.);
#4167 = EDGE_CURVE('',#4160,#1038,#4168,.T.);
#4168 = LINE('',#4169,#4170);
#4169 = CARTESIAN_POINT('',(-144.35,64.177674999988,98.81));
#4170 = VECTOR('',#4171,1.);
#4171 = DIRECTION('',(0.,1.,0.));
#4172 = ORIENTED_EDGE('',*,*,#1045,.T.);
#4173 = ORIENTED_EDGE('',*,*,#1085,.T.);
#4174 = PLANE('',#4175);
#4175 = AXIS2_PLACEMENT_3D('',#4176,#4177,#4178);
#4176 = CARTESIAN_POINT('',(-144.35,178.225,-60.));
#4177 = DIRECTION('',(1.,0.,0.));
#4178 = DIRECTION('',(0.,-1.,0.));
#4179 = ADVANCED_FACE('',(#4180),#4257,.F.);
#4180 = FACE_BOUND('',#4181,.F.);
#4181 = EDGE_LOOP('',(#4182,#4183,#4184,#4193,#4201,#4210,#4216,#4217,
    #4225,#4234,#4242,#4251));
#4182 = ORIENTED_EDGE('',*,*,#1037,.F.);
#4183 = ORIENTED_EDGE('',*,*,#4167,.F.);
#4184 = ORIENTED_EDGE('',*,*,#4185,.F.);
#4185 = EDGE_CURVE('',#4186,#4160,#4188,.T.);
#4186 = VERTEX_POINT('',#4187);
#4187 = CARTESIAN_POINT('',(-138.8499999999,72.985699999952,98.81));
#4188 = CIRCLE('',#4189,5.5);
#4189 = AXIS2_PLACEMENT_3D('',#4190,#4191,#4192);
#4190 = CARTESIAN_POINT('',(-138.85,78.485699999952,98.81));
#4191 = DIRECTION('',(0.,0.,-1.));
#4192 = DIRECTION('',(1.,5.4583E-13,0.));
#4193 = ORIENTED_EDGE('',*,*,#4194,.F.);
#4194 = EDGE_CURVE('',#4195,#4186,#4197,.T.);
#4195 = VERTEX_POINT('',#4196);
#4196 = CARTESIAN_POINT('',(-52.12499999999,72.985699999999,98.81));
#4197 = LINE('',#4198,#4199);
#4198 = CARTESIAN_POINT('',(-47.74375000001,72.985700000002,98.81));
#4199 = VECTOR('',#4200,1.);
#4200 = DIRECTION('',(-1.,-5.4582E-13,0.));
#4201 = ORIENTED_EDGE('',*,*,#4202,.F.);
#4202 = EDGE_CURVE('',#4203,#4195,#4205,.T.);
#4203 = VERTEX_POINT('',#4204);
#4204 = CARTESIAN_POINT('',(-46.625,78.485699999999,98.81));
#4205 = CIRCLE('',#4206,5.5);
#4206 = AXIS2_PLACEMENT_3D('',#4207,#4208,#4209);
#4207 = CARTESIAN_POINT('',(-52.125,78.485699999999,98.81));
#4208 = DIRECTION('',(0.,0.,-1.));
#4209 = DIRECTION('',(0.,1.,0.));
#4210 = ORIENTED_EDGE('',*,*,#4211,.F.);
#4211 = EDGE_CURVE('',#1344,#4203,#4212,.T.);
#4212 = LINE('',#4213,#4214);
#4213 = CARTESIAN_POINT('',(-46.625,64.177674999999,98.81));
#4214 = VECTOR('',#4215,1.);
#4215 = DIRECTION('',(0.,-1.,0.));
#4216 = ORIENTED_EDGE('',*,*,#1351,.F.);
#4217 = ORIENTED_EDGE('',*,*,#4218,.T.);
#4218 = EDGE_CURVE('',#1352,#4219,#4221,.T.);
#4219 = VERTEX_POINT('',#4220);
#4220 = CARTESIAN_POINT('',(-48.125,78.485699999999,98.81));
#4221 = LINE('',#4222,#4223);
#4222 = CARTESIAN_POINT('',(-48.125,64.177674999999,98.81));
#4223 = VECTOR('',#4224,1.);
#4224 = DIRECTION('',(0.,-1.,0.));
#4225 = ORIENTED_EDGE('',*,*,#4226,.T.);
#4226 = EDGE_CURVE('',#4219,#4227,#4229,.T.);
#4227 = VERTEX_POINT('',#4228);
#4228 = CARTESIAN_POINT('',(-52.12499999999,74.485699999999,98.81));
#4229 = CIRCLE('',#4230,4.);
#4230 = AXIS2_PLACEMENT_3D('',#4231,#4232,#4233);
#4231 = CARTESIAN_POINT('',(-52.125,78.485699999999,98.81));
#4232 = DIRECTION('',(0.,0.,-1.));
#4233 = DIRECTION('',(0.,1.,0.));
#4234 = ORIENTED_EDGE('',*,*,#4235,.T.);
#4235 = EDGE_CURVE('',#4227,#4236,#4238,.T.);
#4236 = VERTEX_POINT('',#4237);
#4237 = CARTESIAN_POINT('',(-138.8499999999,74.485699999952,98.81));
#4238 = LINE('',#4239,#4240);
#4239 = CARTESIAN_POINT('',(-47.74375000001,74.485700000002,98.81));
#4240 = VECTOR('',#4241,1.);
#4241 = DIRECTION('',(-1.,-5.4582E-13,0.));
#4242 = ORIENTED_EDGE('',*,*,#4243,.T.);
#4243 = EDGE_CURVE('',#4236,#4244,#4246,.T.);
#4244 = VERTEX_POINT('',#4245);
#4245 = CARTESIAN_POINT('',(-142.85,78.485699999952,98.81));
#4246 = CIRCLE('',#4247,4.);
#4247 = AXIS2_PLACEMENT_3D('',#4248,#4249,#4250);
#4248 = CARTESIAN_POINT('',(-138.85,78.485699999952,98.81));
#4249 = DIRECTION('',(0.,0.,-1.));
#4250 = DIRECTION('',(1.,5.4583E-13,0.));
#4251 = ORIENTED_EDGE('',*,*,#4252,.T.);
#4252 = EDGE_CURVE('',#4244,#1030,#4253,.T.);
#4253 = LINE('',#4254,#4255);
#4254 = CARTESIAN_POINT('',(-142.85,64.177674999988,98.81));
#4255 = VECTOR('',#4256,1.);
#4256 = DIRECTION('',(0.,1.,0.));
#4257 = PLANE('',#4258);
#4258 = AXIS2_PLACEMENT_3D('',#4259,#4260,#4261);
#4259 = CARTESIAN_POINT('',(0.,0.,98.81));
#4260 = DIRECTION('',(0.,0.,1.));
#4261 = DIRECTION('',(1.,0.,0.));
#4262 = ADVANCED_FACE('',(#4263),#4281,.T.);
#4263 = FACE_BOUND('',#4264,.T.);
#4264 = EDGE_LOOP('',(#4265,#4273,#4279,#4280));
#4265 = ORIENTED_EDGE('',*,*,#4266,.F.);
#4266 = EDGE_CURVE('',#4267,#1022,#4269,.T.);
#4267 = VERTEX_POINT('',#4268);
#4268 = CARTESIAN_POINT('',(-142.85,78.485699999952,98.31));
#4269 = LINE('',#4270,#4271);
#4270 = CARTESIAN_POINT('',(-142.85,64.07349769679,98.31));
#4271 = VECTOR('',#4272,1.);
#4272 = DIRECTION('',(0.,1.,0.));
#4273 = ORIENTED_EDGE('',*,*,#4274,.T.);
#4274 = EDGE_CURVE('',#4267,#4244,#4275,.T.);
#4275 = LINE('',#4276,#4277);
#4276 = CARTESIAN_POINT('',(-142.85,78.485699999952,97.71));
#4277 = VECTOR('',#4278,1.);
#4278 = DIRECTION('',(0.,0.,1.));
#4279 = ORIENTED_EDGE('',*,*,#4252,.T.);
#4280 = ORIENTED_EDGE('',*,*,#1029,.F.);
#4281 = PLANE('',#4282);
#4282 = AXIS2_PLACEMENT_3D('',#4283,#4284,#4285);
#4283 = CARTESIAN_POINT('',(-142.85,78.485699999952,97.71));
#4284 = DIRECTION('',(-1.,0.,0.));
#4285 = DIRECTION('',(0.,1.,0.));
#4286 = ADVANCED_FACE('',(#4287),#4297,.T.);
#4287 = FACE_BOUND('',#4288,.T.);
#4288 = EDGE_LOOP('',(#4289,#4290,#4295,#4296));
#4289 = ORIENTED_EDGE('',*,*,#3513,.F.);
#4290 = ORIENTED_EDGE('',*,*,#4291,.T.);
#4291 = EDGE_CURVE('',#3505,#4267,#4292,.T.);
#4292 = B_SPLINE_CURVE_WITH_KNOTS('',1,(#4293,#4294),.UNSPECIFIED.,.F.,
  .F.,(2,2),(0.,1.),.PIECEWISE_BEZIER_KNOTS.);
#4293 = CARTESIAN_POINT('',(-142.55,78.485699999952,98.01));
#4294 = CARTESIAN_POINT('',(-142.85,78.485699999952,98.31));
#4295 = ORIENTED_EDGE('',*,*,#4266,.T.);
#4296 = ORIENTED_EDGE('',*,*,#1021,.F.);
#4297 = PLANE('',#4298);
#4298 = AXIS2_PLACEMENT_3D('',#4299,#4300,#4301);
#4299 = CARTESIAN_POINT('',(-142.85,64.07349769679,98.31));
#4300 = DIRECTION('',(-0.707106781187,0.,-0.707106781187));
#4301 = DIRECTION('',(0.,-1.,0.));
#4302 = ADVANCED_FACE('',(#4303),#4314,.T.);
#4303 = FACE_BOUND('',#4304,.T.);
#4304 = EDGE_LOOP('',(#4305,#4311,#4312,#4313));
#4305 = ORIENTED_EDGE('',*,*,#4306,.F.);
#4306 = EDGE_CURVE('',#3408,#1060,#4307,.T.);
#4307 = LINE('',#4308,#4309);
#4308 = CARTESIAN_POINT('',(-52.125,183.72499999999,-60.));
#4309 = VECTOR('',#4310,1.);
#4310 = DIRECTION('',(0.,0.,1.));
#4311 = ORIENTED_EDGE('',*,*,#3416,.F.);
#4312 = ORIENTED_EDGE('',*,*,#4142,.T.);
#4313 = ORIENTED_EDGE('',*,*,#1068,.F.);
#4314 = PLANE('',#4315);
#4315 = AXIS2_PLACEMENT_3D('',#4316,#4317,#4318);
#4316 = CARTESIAN_POINT('',(-140.35,183.725,100.51));
#4317 = DIRECTION('',(2.099E-14,1.,0.));
#4318 = DIRECTION('',(1.,-2.099E-14,0.));
#4319 = ADVANCED_FACE('',(#4320),#4331,.T.);
#4320 = FACE_BOUND('',#4321,.T.);
#4321 = EDGE_LOOP('',(#4322,#4328,#4329,#4330));
#4322 = ORIENTED_EDGE('',*,*,#4323,.F.);
#4323 = EDGE_CURVE('',#3400,#1110,#4324,.T.);
#4324 = LINE('',#4325,#4326);
#4325 = CARTESIAN_POINT('',(-46.625,178.22499999999,-60.));
#4326 = VECTOR('',#4327,1.);
#4327 = DIRECTION('',(0.,0.,1.));
#4328 = ORIENTED_EDGE('',*,*,#3407,.F.);
#4329 = ORIENTED_EDGE('',*,*,#4306,.T.);
#4330 = ORIENTED_EDGE('',*,*,#1120,.F.);
#4331 = CYLINDRICAL_SURFACE('',#4332,5.5);
#4332 = AXIS2_PLACEMENT_3D('',#4333,#4334,#4335);
#4333 = CARTESIAN_POINT('',(-52.125,178.22499999999,-60.));
#4334 = DIRECTION('',(0.,0.,-1.));
#4335 = DIRECTION('',(-1.,1.703E-14,0.));
#4336 = ADVANCED_FACE('',(#4337),#4348,.T.);
#4337 = FACE_BOUND('',#4338,.T.);
#4338 = EDGE_LOOP('',(#4339,#4340,#4341,#4347));
#4339 = ORIENTED_EDGE('',*,*,#4159,.F.);
#4340 = ORIENTED_EDGE('',*,*,#4185,.F.);
#4341 = ORIENTED_EDGE('',*,*,#4342,.T.);
#4342 = EDGE_CURVE('',#4186,#1138,#4343,.T.);
#4343 = LINE('',#4344,#4345);
#4344 = CARTESIAN_POINT('',(-138.8499999999,72.985699999952,-60.));
#4345 = VECTOR('',#4346,1.);
#4346 = DIRECTION('',(0.,0.,1.));
#4347 = ORIENTED_EDGE('',*,*,#1146,.F.);
#4348 = CYLINDRICAL_SURFACE('',#4349,5.5);
#4349 = AXIS2_PLACEMENT_3D('',#4350,#4351,#4352);
#4350 = CARTESIAN_POINT('',(-138.85,78.485699999952,-60.));
#4351 = DIRECTION('',(0.,0.,-1.));
#4352 = DIRECTION('',(1.,5.4583E-13,0.));
#4353 = ADVANCED_FACE('',(#4354),#4360,.F.);
#4354 = FACE_BOUND('',#4355,.F.);
#4355 = EDGE_LOOP('',(#4356,#4357,#4358,#4359));
#4356 = ORIENTED_EDGE('',*,*,#4323,.F.);
#4357 = ORIENTED_EDGE('',*,*,#3399,.T.);
#4358 = ORIENTED_EDGE('',*,*,#1212,.F.);
#4359 = ORIENTED_EDGE('',*,*,#1170,.T.);
#4360 = PLANE('',#4361);
#4361 = AXIS2_PLACEMENT_3D('',#4362,#4363,#4364);
#4362 = CARTESIAN_POINT('',(-46.625,78.485699999999,-60.));
#4363 = DIRECTION('',(-1.,0.,0.));
#4364 = DIRECTION('',(0.,1.,0.));
#4365 = ADVANCED_FACE('',(#4366),#4377,.T.);
#4366 = FACE_BOUND('',#4367,.T.);
#4367 = EDGE_LOOP('',(#4368,#4369,#4370,#4376));
#4368 = ORIENTED_EDGE('',*,*,#4342,.F.);
#4369 = ORIENTED_EDGE('',*,*,#4194,.F.);
#4370 = ORIENTED_EDGE('',*,*,#4371,.T.);
#4371 = EDGE_CURVE('',#4195,#1188,#4372,.T.);
#4372 = LINE('',#4373,#4374);
#4373 = CARTESIAN_POINT('',(-52.12499999999,72.985699999999,-60.));
#4374 = VECTOR('',#4375,1.);
#4375 = DIRECTION('',(0.,0.,1.));
#4376 = ORIENTED_EDGE('',*,*,#1187,.F.);
#4377 = PLANE('',#4378);
#4378 = AXIS2_PLACEMENT_3D('',#4379,#4380,#4381);
#4379 = CARTESIAN_POINT('',(-50.625,72.9857,100.51));
#4380 = DIRECTION('',(5.4177E-13,-1.,0.));
#4381 = DIRECTION('',(-1.,-5.4177E-13,0.));
#4382 = ADVANCED_FACE('',(#4383),#4400,.T.);
#4383 = FACE_BOUND('',#4384,.T.);
#4384 = EDGE_LOOP('',(#4385,#4386,#4393,#4399));
#4385 = ORIENTED_EDGE('',*,*,#3549,.F.);
#4386 = ORIENTED_EDGE('',*,*,#4387,.T.);
#4387 = EDGE_CURVE('',#3541,#4388,#4390,.T.);
#4388 = VERTEX_POINT('',#4389);
#4389 = CARTESIAN_POINT('',(-48.125,178.22499999999,98.31));
#4390 = B_SPLINE_CURVE_WITH_KNOTS('',1,(#4391,#4392),.UNSPECIFIED.,.F.,
  .F.,(2,2),(0.,1.),.PIECEWISE_BEZIER_KNOTS.);
#4391 = CARTESIAN_POINT('',(-48.425,178.22499999999,98.01));
#4392 = CARTESIAN_POINT('',(-48.125,178.22499999999,98.31));
#4393 = ORIENTED_EDGE('',*,*,#4394,.T.);
#4394 = EDGE_CURVE('',#4388,#1229,#4395,.T.);
#4395 = LINE('',#4396,#4397);
#4396 = CARTESIAN_POINT('',(-48.125,64.073497696801,98.31));
#4397 = VECTOR('',#4398,1.);
#4398 = DIRECTION('',(0.,-1.,0.));
#4399 = ORIENTED_EDGE('',*,*,#1236,.T.);
#4400 = PLANE('',#4401);
#4401 = AXIS2_PLACEMENT_3D('',#4402,#4403,#4404);
#4402 = CARTESIAN_POINT('',(-48.125,64.073497696801,98.31));
#4403 = DIRECTION('',(0.707106781187,0.,-0.707106781187));
#4404 = DIRECTION('',(0.,1.,0.));
#4405 = ADVANCED_FACE('',(#4406),#4417,.T.);
#4406 = FACE_BOUND('',#4407,.T.);
#4407 = EDGE_LOOP('',(#4408,#4409,#4415,#4416));
#4408 = ORIENTED_EDGE('',*,*,#4394,.F.);
#4409 = ORIENTED_EDGE('',*,*,#4410,.T.);
#4410 = EDGE_CURVE('',#4388,#3384,#4411,.T.);
#4411 = LINE('',#4412,#4413);
#4412 = CARTESIAN_POINT('',(-48.125,178.22499999999,97.71));
#4413 = VECTOR('',#4414,1.);
#4414 = DIRECTION('',(0.,0.,1.));
#4415 = ORIENTED_EDGE('',*,*,#3392,.T.);
#4416 = ORIENTED_EDGE('',*,*,#1228,.T.);
#4417 = PLANE('',#4418);
#4418 = AXIS2_PLACEMENT_3D('',#4419,#4420,#4421);
#4419 = CARTESIAN_POINT('',(-48.125,178.22499999999,97.71));
#4420 = DIRECTION('',(1.,0.,0.));
#4421 = DIRECTION('',(0.,-1.,0.));
#4422 = ADVANCED_FACE('',(#4423),#4434,.T.);
#4423 = FACE_BOUND('',#4424,.T.);
#4424 = EDGE_LOOP('',(#4425,#4426,#4427,#4433));
#4425 = ORIENTED_EDGE('',*,*,#4371,.F.);
#4426 = ORIENTED_EDGE('',*,*,#4202,.F.);
#4427 = ORIENTED_EDGE('',*,*,#4428,.T.);
#4428 = EDGE_CURVE('',#4203,#1270,#4429,.T.);
#4429 = LINE('',#4430,#4431);
#4430 = CARTESIAN_POINT('',(-46.625,78.485699999999,-60.));
#4431 = VECTOR('',#4432,1.);
#4432 = DIRECTION('',(0.,0.,1.));
#4433 = ORIENTED_EDGE('',*,*,#1278,.F.);
#4434 = CYLINDRICAL_SURFACE('',#4435,5.5);
#4435 = AXIS2_PLACEMENT_3D('',#4436,#4437,#4438);
#4436 = CARTESIAN_POINT('',(-52.125,78.485699999999,-60.));
#4437 = DIRECTION('',(0.,0.,-1.));
#4438 = DIRECTION('',(0.,1.,0.));
#4439 = ADVANCED_FACE('',(#4440),#4446,.F.);
#4440 = FACE_BOUND('',#4441,.F.);
#4441 = EDGE_LOOP('',(#4442,#4443,#4444,#4445));
#4442 = ORIENTED_EDGE('',*,*,#1343,.T.);
#4443 = ORIENTED_EDGE('',*,*,#4211,.T.);
#4444 = ORIENTED_EDGE('',*,*,#4428,.T.);
#4445 = ORIENTED_EDGE('',*,*,#1318,.T.);
#4446 = PLANE('',#4447);
#4447 = AXIS2_PLACEMENT_3D('',#4448,#4449,#4450);
#4448 = CARTESIAN_POINT('',(-46.625,78.485699999999,-60.));
#4449 = DIRECTION('',(-1.,0.,0.));
#4450 = DIRECTION('',(0.,1.,0.));
#4451 = ADVANCED_FACE('',(#4452),#4469,.T.);
#4452 = FACE_BOUND('',#4453,.T.);
#4453 = EDGE_LOOP('',(#4454,#4455,#4456,#4464));
#4454 = ORIENTED_EDGE('',*,*,#3479,.F.);
#4455 = ORIENTED_EDGE('',*,*,#1367,.F.);
#4456 = ORIENTED_EDGE('',*,*,#4457,.T.);
#4457 = EDGE_CURVE('',#1360,#4458,#4460,.T.);
#4458 = VERTEX_POINT('',#4459);
#4459 = CARTESIAN_POINT('',(-48.125,78.485699999999,98.31));
#4460 = LINE('',#4461,#4462);
#4461 = CARTESIAN_POINT('',(-48.125,64.073497696801,98.31));
#4462 = VECTOR('',#4463,1.);
#4463 = DIRECTION('',(0.,-1.,0.));
#4464 = ORIENTED_EDGE('',*,*,#4465,.F.);
#4465 = EDGE_CURVE('',#3480,#4458,#4466,.T.);
#4466 = B_SPLINE_CURVE_WITH_KNOTS('',1,(#4467,#4468),.UNSPECIFIED.,.F.,
  .F.,(2,2),(0.,1.),.PIECEWISE_BEZIER_KNOTS.);
#4467 = CARTESIAN_POINT('',(-48.425,78.485699999999,98.01));
#4468 = CARTESIAN_POINT('',(-48.125,78.485699999999,98.31));
#4469 = PLANE('',#4470);
#4470 = AXIS2_PLACEMENT_3D('',#4471,#4472,#4473);
#4471 = CARTESIAN_POINT('',(-48.125,64.073497696801,98.31));
#4472 = DIRECTION('',(0.707106781187,0.,-0.707106781187));
#4473 = DIRECTION('',(0.,1.,0.));
#4474 = ADVANCED_FACE('',(#4475),#4486,.T.);
#4475 = FACE_BOUND('',#4476,.T.);
#4476 = EDGE_LOOP('',(#4477,#4483,#4484,#4485));
#4477 = ORIENTED_EDGE('',*,*,#4478,.F.);
#4478 = EDGE_CURVE('',#4458,#4219,#4479,.T.);
#4479 = LINE('',#4480,#4481);
#4480 = CARTESIAN_POINT('',(-48.125,78.485699999999,97.71));
#4481 = VECTOR('',#4482,1.);
#4482 = DIRECTION('',(0.,0.,1.));
#4483 = ORIENTED_EDGE('',*,*,#4457,.F.);
#4484 = ORIENTED_EDGE('',*,*,#1359,.F.);
#4485 = ORIENTED_EDGE('',*,*,#4218,.T.);
#4486 = PLANE('',#4487);
#4487 = AXIS2_PLACEMENT_3D('',#4488,#4489,#4490);
#4488 = CARTESIAN_POINT('',(-48.125,178.22499999999,97.71));
#4489 = DIRECTION('',(1.,0.,0.));
#4490 = DIRECTION('',(0.,-1.,0.));
#4491 = ADVANCED_FACE('',(#4492,#4526),#4532,.F.);
#4492 = FACE_BOUND('',#4493,.F.);
#4493 = EDGE_LOOP('',(#4494,#4504,#4512,#4520));
#4494 = ORIENTED_EDGE('',*,*,#4495,.F.);
#4495 = EDGE_CURVE('',#4496,#4498,#4500,.T.);
#4496 = VERTEX_POINT('',#4497);
#4497 = CARTESIAN_POINT('',(-116.2625,157.618176,98.51));
#4498 = VERTEX_POINT('',#4499);
#4499 = CARTESIAN_POINT('',(-116.2625,142.018176,98.51));
#4500 = LINE('',#4501,#4502);
#4501 = CARTESIAN_POINT('',(-116.2625,157.618176,98.51));
#4502 = VECTOR('',#4503,1.);
#4503 = DIRECTION('',(0.,-1.,0.));
#4504 = ORIENTED_EDGE('',*,*,#4505,.T.);
#4505 = EDGE_CURVE('',#4496,#4506,#4508,.T.);
#4506 = VERTEX_POINT('',#4507);
#4507 = CARTESIAN_POINT('',(-131.8625,157.618176,98.51));
#4508 = LINE('',#4509,#4510);
#4509 = CARTESIAN_POINT('',(-116.2625,157.618176,98.51));
#4510 = VECTOR('',#4511,1.);
#4511 = DIRECTION('',(-1.,0.,0.));
#4512 = ORIENTED_EDGE('',*,*,#4513,.T.);
#4513 = EDGE_CURVE('',#4506,#4514,#4516,.T.);
#4514 = VERTEX_POINT('',#4515);
#4515 = CARTESIAN_POINT('',(-131.8625,142.018176,98.51));
#4516 = LINE('',#4517,#4518);
#4517 = CARTESIAN_POINT('',(-131.8625,157.618176,98.51));
#4518 = VECTOR('',#4519,1.);
#4519 = DIRECTION('',(0.,-1.,0.));
#4520 = ORIENTED_EDGE('',*,*,#4521,.F.);
#4521 = EDGE_CURVE('',#4498,#4514,#4522,.T.);
#4522 = LINE('',#4523,#4524);
#4523 = CARTESIAN_POINT('',(-116.2625,142.018176,98.51));
#4524 = VECTOR('',#4525,1.);
#4525 = DIRECTION('',(-1.,0.,0.));
#4526 = FACE_BOUND('',#4527,.F.);
#4527 = EDGE_LOOP('',(#4528,#4529,#4530,#4531));
#4528 = ORIENTED_EDGE('',*,*,#1432,.T.);
#4529 = ORIENTED_EDGE('',*,*,#1408,.T.);
#4530 = ORIENTED_EDGE('',*,*,#1456,.T.);
#4531 = ORIENTED_EDGE('',*,*,#1473,.T.);
#4532 = PLANE('',#4533);
#4533 = AXIS2_PLACEMENT_3D('',#4534,#4535,#4536);
#4534 = CARTESIAN_POINT('',(-116.2625,157.618176,98.51));
#4535 = DIRECTION('',(0.,0.,1.));
#4536 = DIRECTION('',(-1.,0.,0.));
#4537 = ADVANCED_FACE('',(#4538,#4572),#4578,.F.);
#4538 = FACE_BOUND('',#4539,.F.);
#4539 = EDGE_LOOP('',(#4540,#4550,#4558,#4566));
#4540 = ORIENTED_EDGE('',*,*,#4541,.F.);
#4541 = EDGE_CURVE('',#4542,#4544,#4546,.T.);
#4542 = VERTEX_POINT('',#4543);
#4543 = CARTESIAN_POINT('',(-116.2625,138.568176,98.51));
#4544 = VERTEX_POINT('',#4545);
#4545 = CARTESIAN_POINT('',(-116.2625,122.968176,98.51));
#4546 = LINE('',#4547,#4548);
#4547 = CARTESIAN_POINT('',(-116.2625,138.568176,98.51));
#4548 = VECTOR('',#4549,1.);
#4549 = DIRECTION('',(0.,-1.,0.));
#4550 = ORIENTED_EDGE('',*,*,#4551,.T.);
#4551 = EDGE_CURVE('',#4542,#4552,#4554,.T.);
#4552 = VERTEX_POINT('',#4553);
#4553 = CARTESIAN_POINT('',(-131.8625,138.568176,98.51));
#4554 = LINE('',#4555,#4556);
#4555 = CARTESIAN_POINT('',(-116.2625,138.568176,98.51));
#4556 = VECTOR('',#4557,1.);
#4557 = DIRECTION('',(-1.,0.,0.));
#4558 = ORIENTED_EDGE('',*,*,#4559,.T.);
#4559 = EDGE_CURVE('',#4552,#4560,#4562,.T.);
#4560 = VERTEX_POINT('',#4561);
#4561 = CARTESIAN_POINT('',(-131.8625,122.968176,98.51));
#4562 = LINE('',#4563,#4564);
#4563 = CARTESIAN_POINT('',(-131.8625,138.568176,98.51));
#4564 = VECTOR('',#4565,1.);
#4565 = DIRECTION('',(0.,-1.,0.));
#4566 = ORIENTED_EDGE('',*,*,#4567,.F.);
#4567 = EDGE_CURVE('',#4544,#4560,#4568,.T.);
#4568 = LINE('',#4569,#4570);
#4569 = CARTESIAN_POINT('',(-116.2625,122.968176,98.51));
#4570 = VECTOR('',#4571,1.);
#4571 = DIRECTION('',(-1.,0.,0.));
#4572 = FACE_BOUND('',#4573,.F.);
#4573 = EDGE_LOOP('',(#4574,#4575,#4576,#4577));
#4574 = ORIENTED_EDGE('',*,*,#1553,.T.);
#4575 = ORIENTED_EDGE('',*,*,#1529,.T.);
#4576 = ORIENTED_EDGE('',*,*,#1577,.T.);
#4577 = ORIENTED_EDGE('',*,*,#1594,.T.);
#4578 = PLANE('',#4579);
#4579 = AXIS2_PLACEMENT_3D('',#4580,#4581,#4582);
#4580 = CARTESIAN_POINT('',(-116.2625,138.568176,98.51));
#4581 = DIRECTION('',(0.,0.,1.));
#4582 = DIRECTION('',(-1.,0.,0.));
#4583 = ADVANCED_FACE('',(#4584,#4618),#4624,.F.);
#4584 = FACE_BOUND('',#4585,.F.);
#4585 = EDGE_LOOP('',(#4586,#4596,#4604,#4612));
#4586 = ORIENTED_EDGE('',*,*,#4587,.F.);
#4587 = EDGE_CURVE('',#4588,#4590,#4592,.T.);
#4588 = VERTEX_POINT('',#4589);
#4589 = CARTESIAN_POINT('',(-97.2125,157.618176,98.51));
#4590 = VERTEX_POINT('',#4591);
#4591 = CARTESIAN_POINT('',(-97.2125,142.018176,98.51));
#4592 = LINE('',#4593,#4594);
#4593 = CARTESIAN_POINT('',(-97.2125,157.618176,98.51));
#4594 = VECTOR('',#4595,1.);
#4595 = DIRECTION('',(0.,-1.,0.));
#4596 = ORIENTED_EDGE('',*,*,#4597,.T.);
#4597 = EDGE_CURVE('',#4588,#4598,#4600,.T.);
#4598 = VERTEX_POINT('',#4599);
#4599 = CARTESIAN_POINT('',(-112.8125,157.618176,98.51));
#4600 = LINE('',#4601,#4602);
#4601 = CARTESIAN_POINT('',(-97.2125,157.618176,98.51));
#4602 = VECTOR('',#4603,1.);
#4603 = DIRECTION('',(-1.,0.,0.));
#4604 = ORIENTED_EDGE('',*,*,#4605,.T.);
#4605 = EDGE_CURVE('',#4598,#4606,#4608,.T.);
#4606 = VERTEX_POINT('',#4607);
#4607 = CARTESIAN_POINT('',(-112.8125,142.018176,98.51));
#4608 = LINE('',#4609,#4610);
#4609 = CARTESIAN_POINT('',(-112.8125,157.618176,98.51));
#4610 = VECTOR('',#4611,1.);
#4611 = DIRECTION('',(0.,-1.,0.));
#4612 = ORIENTED_EDGE('',*,*,#4613,.F.);
#4613 = EDGE_CURVE('',#4590,#4606,#4614,.T.);
#4614 = LINE('',#4615,#4616);
#4615 = CARTESIAN_POINT('',(-97.2125,142.018176,98.51));
#4616 = VECTOR('',#4617,1.);
#4617 = DIRECTION('',(-1.,0.,0.));
#4618 = FACE_BOUND('',#4619,.F.);
#4619 = EDGE_LOOP('',(#4620,#4621,#4622,#4623));
#4620 = ORIENTED_EDGE('',*,*,#1649,.T.);
#4621 = ORIENTED_EDGE('',*,*,#1625,.T.);
#4622 = ORIENTED_EDGE('',*,*,#1673,.T.);
#4623 = ORIENTED_EDGE('',*,*,#1690,.T.);
#4624 = PLANE('',#4625);
#4625 = AXIS2_PLACEMENT_3D('',#4626,#4627,#4628);
#4626 = CARTESIAN_POINT('',(-97.2125,157.618176,98.51));
#4627 = DIRECTION('',(0.,0.,1.));
#4628 = DIRECTION('',(-1.,0.,0.));
#4629 = ADVANCED_FACE('',(#4630,#4664),#4670,.F.);
#4630 = FACE_BOUND('',#4631,.F.);
#4631 = EDGE_LOOP('',(#4632,#4642,#4650,#4658));
#4632 = ORIENTED_EDGE('',*,*,#4633,.F.);
#4633 = EDGE_CURVE('',#4634,#4636,#4638,.T.);
#4634 = VERTEX_POINT('',#4635);
#4635 = CARTESIAN_POINT('',(-97.2125,138.568176,98.51));
#4636 = VERTEX_POINT('',#4637);
#4637 = CARTESIAN_POINT('',(-97.2125,122.968176,98.51));
#4638 = LINE('',#4639,#4640);
#4639 = CARTESIAN_POINT('',(-97.2125,138.568176,98.51));
#4640 = VECTOR('',#4641,1.);
#4641 = DIRECTION('',(0.,-1.,0.));
#4642 = ORIENTED_EDGE('',*,*,#4643,.T.);
#4643 = EDGE_CURVE('',#4634,#4644,#4646,.T.);
#4644 = VERTEX_POINT('',#4645);
#4645 = CARTESIAN_POINT('',(-112.8125,138.568176,98.51));
#4646 = LINE('',#4647,#4648);
#4647 = CARTESIAN_POINT('',(-97.2125,138.568176,98.51));
#4648 = VECTOR('',#4649,1.);
#4649 = DIRECTION('',(-1.,0.,0.));
#4650 = ORIENTED_EDGE('',*,*,#4651,.T.);
#4651 = EDGE_CURVE('',#4644,#4652,#4654,.T.);
#4652 = VERTEX_POINT('',#4653);
#4653 = CARTESIAN_POINT('',(-112.8125,122.968176,98.51));
#4654 = LINE('',#4655,#4656);
#4655 = CARTESIAN_POINT('',(-112.8125,138.568176,98.51));
#4656 = VECTOR('',#4657,1.);
#4657 = DIRECTION('',(0.,-1.,0.));
#4658 = ORIENTED_EDGE('',*,*,#4659,.F.);
#4659 = EDGE_CURVE('',#4636,#4652,#4660,.T.);
#4660 = LINE('',#4661,#4662);
#4661 = CARTESIAN_POINT('',(-97.2125,122.968176,98.51));
#4662 = VECTOR('',#4663,1.);
#4663 = DIRECTION('',(-1.,0.,0.));
#4664 = FACE_BOUND('',#4665,.F.);
#4665 = EDGE_LOOP('',(#4666,#4667,#4668,#4669));
#4666 = ORIENTED_EDGE('',*,*,#1745,.T.);
#4667 = ORIENTED_EDGE('',*,*,#1721,.T.);
#4668 = ORIENTED_EDGE('',*,*,#1769,.T.);
#4669 = ORIENTED_EDGE('',*,*,#1786,.T.);
#4670 = PLANE('',#4671);
#4671 = AXIS2_PLACEMENT_3D('',#4672,#4673,#4674);
#4672 = CARTESIAN_POINT('',(-97.2125,138.568176,98.51));
#4673 = DIRECTION('',(0.,0.,1.));
#4674 = DIRECTION('',(-1.,0.,0.));
#4675 = ADVANCED_FACE('',(#4676,#4710),#4716,.F.);
#4676 = FACE_BOUND('',#4677,.F.);
#4677 = EDGE_LOOP('',(#4678,#4688,#4696,#4704));
#4678 = ORIENTED_EDGE('',*,*,#4679,.F.);
#4679 = EDGE_CURVE('',#4680,#4682,#4684,.T.);
#4680 = VERTEX_POINT('',#4681);
#4681 = CARTESIAN_POINT('',(-78.1625,157.618176,98.51));
#4682 = VERTEX_POINT('',#4683);
#4683 = CARTESIAN_POINT('',(-78.1625,142.018176,98.51));
#4684 = LINE('',#4685,#4686);
#4685 = CARTESIAN_POINT('',(-78.1625,157.618176,98.51));
#4686 = VECTOR('',#4687,1.);
#4687 = DIRECTION('',(0.,-1.,0.));
#4688 = ORIENTED_EDGE('',*,*,#4689,.T.);
#4689 = EDGE_CURVE('',#4680,#4690,#4692,.T.);
#4690 = VERTEX_POINT('',#4691);
#4691 = CARTESIAN_POINT('',(-93.7625,157.618176,98.51));
#4692 = LINE('',#4693,#4694);
#4693 = CARTESIAN_POINT('',(-78.1625,157.618176,98.51));
#4694 = VECTOR('',#4695,1.);
#4695 = DIRECTION('',(-1.,0.,0.));
#4696 = ORIENTED_EDGE('',*,*,#4697,.T.);
#4697 = EDGE_CURVE('',#4690,#4698,#4700,.T.);
#4698 = VERTEX_POINT('',#4699);
#4699 = CARTESIAN_POINT('',(-93.7625,142.018176,98.51));
#4700 = LINE('',#4701,#4702);
#4701 = CARTESIAN_POINT('',(-93.7625,157.618176,98.51));
#4702 = VECTOR('',#4703,1.);
#4703 = DIRECTION('',(0.,-1.,0.));
#4704 = ORIENTED_EDGE('',*,*,#4705,.F.);
#4705 = EDGE_CURVE('',#4682,#4698,#4706,.T.);
#4706 = LINE('',#4707,#4708);
#4707 = CARTESIAN_POINT('',(-78.1625,142.018176,98.51));
#4708 = VECTOR('',#4709,1.);
#4709 = DIRECTION('',(-1.,0.,0.));
#4710 = FACE_BOUND('',#4711,.F.);
#4711 = EDGE_LOOP('',(#4712,#4713,#4714,#4715));
#4712 = ORIENTED_EDGE('',*,*,#2086,.T.);
#4713 = ORIENTED_EDGE('',*,*,#2103,.T.);
#4714 = ORIENTED_EDGE('',*,*,#2062,.T.);
#4715 = ORIENTED_EDGE('',*,*,#2038,.T.);
#4716 = PLANE('',#4717);
#4717 = AXIS2_PLACEMENT_3D('',#4718,#4719,#4720);
#4718 = CARTESIAN_POINT('',(-78.1625,157.618176,98.51));
#4719 = DIRECTION('',(0.,0.,1.));
#4720 = DIRECTION('',(-1.,0.,0.));
#4721 = ADVANCED_FACE('',(#4722,#4756),#4762,.F.);
#4722 = FACE_BOUND('',#4723,.F.);
#4723 = EDGE_LOOP('',(#4724,#4734,#4742,#4750));
#4724 = ORIENTED_EDGE('',*,*,#4725,.F.);
#4725 = EDGE_CURVE('',#4726,#4728,#4730,.T.);
#4726 = VERTEX_POINT('',#4727);
#4727 = CARTESIAN_POINT('',(-78.1625,138.568176,98.51));
#4728 = VERTEX_POINT('',#4729);
#4729 = CARTESIAN_POINT('',(-78.1625,122.968176,98.51));
#4730 = LINE('',#4731,#4732);
#4731 = CARTESIAN_POINT('',(-78.1625,138.568176,98.51));
#4732 = VECTOR('',#4733,1.);
#4733 = DIRECTION('',(0.,-1.,0.));
#4734 = ORIENTED_EDGE('',*,*,#4735,.T.);
#4735 = EDGE_CURVE('',#4726,#4736,#4738,.T.);
#4736 = VERTEX_POINT('',#4737);
#4737 = CARTESIAN_POINT('',(-93.7625,138.568176,98.51));
#4738 = LINE('',#4739,#4740);
#4739 = CARTESIAN_POINT('',(-78.1625,138.568176,98.51));
#4740 = VECTOR('',#4741,1.);
#4741 = DIRECTION('',(-1.,0.,0.));
#4742 = ORIENTED_EDGE('',*,*,#4743,.T.);
#4743 = EDGE_CURVE('',#4736,#4744,#4746,.T.);
#4744 = VERTEX_POINT('',#4745);
#4745 = CARTESIAN_POINT('',(-93.7625,122.968176,98.51));
#4746 = LINE('',#4747,#4748);
#4747 = CARTESIAN_POINT('',(-93.7625,138.568176,98.51));
#4748 = VECTOR('',#4749,1.);
#4749 = DIRECTION('',(0.,-1.,0.));
#4750 = ORIENTED_EDGE('',*,*,#4751,.F.);
#4751 = EDGE_CURVE('',#4728,#4744,#4752,.T.);
#4752 = LINE('',#4753,#4754);
#4753 = CARTESIAN_POINT('',(-78.1625,122.968176,98.51));
#4754 = VECTOR('',#4755,1.);
#4755 = DIRECTION('',(-1.,0.,0.));
#4756 = FACE_BOUND('',#4757,.F.);
#4757 = EDGE_LOOP('',(#4758,#4759,#4760,#4761));
#4758 = ORIENTED_EDGE('',*,*,#2158,.T.);
#4759 = ORIENTED_EDGE('',*,*,#2134,.T.);
#4760 = ORIENTED_EDGE('',*,*,#2182,.T.);
#4761 = ORIENTED_EDGE('',*,*,#2199,.T.);
#4762 = PLANE('',#4763);
#4763 = AXIS2_PLACEMENT_3D('',#4764,#4765,#4766);
#4764 = CARTESIAN_POINT('',(-78.1625,138.568176,98.51));
#4765 = DIRECTION('',(0.,0.,1.));
#4766 = DIRECTION('',(-1.,0.,0.));
#4767 = ADVANCED_FACE('',(#4768,#4802),#4808,.F.);
#4768 = FACE_BOUND('',#4769,.F.);
#4769 = EDGE_LOOP('',(#4770,#4780,#4788,#4796));
#4770 = ORIENTED_EDGE('',*,*,#4771,.F.);
#4771 = EDGE_CURVE('',#4772,#4774,#4776,.T.);
#4772 = VERTEX_POINT('',#4773);
#4773 = CARTESIAN_POINT('',(-59.1125,157.618176,98.51));
#4774 = VERTEX_POINT('',#4775);
#4775 = CARTESIAN_POINT('',(-59.1125,142.018176,98.51));
#4776 = LINE('',#4777,#4778);
#4777 = CARTESIAN_POINT('',(-59.1125,157.618176,98.51));
#4778 = VECTOR('',#4779,1.);
#4779 = DIRECTION('',(0.,-1.,0.));
#4780 = ORIENTED_EDGE('',*,*,#4781,.T.);
#4781 = EDGE_CURVE('',#4772,#4782,#4784,.T.);
#4782 = VERTEX_POINT('',#4783);
#4783 = CARTESIAN_POINT('',(-74.7125,157.618176,98.51));
#4784 = LINE('',#4785,#4786);
#4785 = CARTESIAN_POINT('',(-59.1125,157.618176,98.51));
#4786 = VECTOR('',#4787,1.);
#4787 = DIRECTION('',(-1.,0.,0.));
#4788 = ORIENTED_EDGE('',*,*,#4789,.T.);
#4789 = EDGE_CURVE('',#4782,#4790,#4792,.T.);
#4790 = VERTEX_POINT('',#4791);
#4791 = CARTESIAN_POINT('',(-74.7125,142.018176,98.51));
#4792 = LINE('',#4793,#4794);
#4793 = CARTESIAN_POINT('',(-74.7125,157.618176,98.51));
#4794 = VECTOR('',#4795,1.);
#4795 = DIRECTION('',(0.,-1.,0.));
#4796 = ORIENTED_EDGE('',*,*,#4797,.F.);
#4797 = EDGE_CURVE('',#4774,#4790,#4798,.T.);
#4798 = LINE('',#4799,#4800);
#4799 = CARTESIAN_POINT('',(-59.1125,142.018176,98.51));
#4800 = VECTOR('',#4801,1.);
#4801 = DIRECTION('',(-1.,0.,0.));
#4802 = FACE_BOUND('',#4803,.F.);
#4803 = EDGE_LOOP('',(#4804,#4805,#4806,#4807));
#4804 = ORIENTED_EDGE('',*,*,#2279,.T.);
#4805 = ORIENTED_EDGE('',*,*,#2255,.T.);
#4806 = ORIENTED_EDGE('',*,*,#2303,.T.);
#4807 = ORIENTED_EDGE('',*,*,#2320,.T.);
#4808 = PLANE('',#4809);
#4809 = AXIS2_PLACEMENT_3D('',#4810,#4811,#4812);
#4810 = CARTESIAN_POINT('',(-59.1125,157.618176,98.51));
#4811 = DIRECTION('',(0.,0.,1.));
#4812 = DIRECTION('',(-1.,0.,0.));
#4813 = ADVANCED_FACE('',(#4814,#4848),#4854,.F.);
#4814 = FACE_BOUND('',#4815,.F.);
#4815 = EDGE_LOOP('',(#4816,#4826,#4834,#4842));
#4816 = ORIENTED_EDGE('',*,*,#4817,.F.);
#4817 = EDGE_CURVE('',#4818,#4820,#4822,.T.);
#4818 = VERTEX_POINT('',#4819);
#4819 = CARTESIAN_POINT('',(-59.1125,138.568176,98.51));
#4820 = VERTEX_POINT('',#4821);
#4821 = CARTESIAN_POINT('',(-59.1125,122.968176,98.51));
#4822 = LINE('',#4823,#4824);
#4823 = CARTESIAN_POINT('',(-59.1125,138.568176,98.51));
#4824 = VECTOR('',#4825,1.);
#4825 = DIRECTION('',(0.,-1.,0.));
#4826 = ORIENTED_EDGE('',*,*,#4827,.T.);
#4827 = EDGE_CURVE('',#4818,#4828,#4830,.T.);
#4828 = VERTEX_POINT('',#4829);
#4829 = CARTESIAN_POINT('',(-74.7125,138.568176,98.51));
#4830 = LINE('',#4831,#4832);
#4831 = CARTESIAN_POINT('',(-59.1125,138.568176,98.51));
#4832 = VECTOR('',#4833,1.);
#4833 = DIRECTION('',(-1.,0.,0.));
#4834 = ORIENTED_EDGE('',*,*,#4835,.T.);
#4835 = EDGE_CURVE('',#4828,#4836,#4838,.T.);
#4836 = VERTEX_POINT('',#4837);
#4837 = CARTESIAN_POINT('',(-74.7125,122.968176,98.51));
#4838 = LINE('',#4839,#4840);
#4839 = CARTESIAN_POINT('',(-74.7125,138.568176,98.51));
#4840 = VECTOR('',#4841,1.);
#4841 = DIRECTION('',(0.,-1.,0.));
#4842 = ORIENTED_EDGE('',*,*,#4843,.F.);
#4843 = EDGE_CURVE('',#4820,#4836,#4844,.T.);
#4844 = LINE('',#4845,#4846);
#4845 = CARTESIAN_POINT('',(-59.1125,122.968176,98.51));
#4846 = VECTOR('',#4847,1.);
#4847 = DIRECTION('',(-1.,0.,0.));
#4848 = FACE_BOUND('',#4849,.F.);
#4849 = EDGE_LOOP('',(#4850,#4851,#4852,#4853));
#4850 = ORIENTED_EDGE('',*,*,#2375,.T.);
#4851 = ORIENTED_EDGE('',*,*,#2351,.T.);
#4852 = ORIENTED_EDGE('',*,*,#2399,.T.);
#4853 = ORIENTED_EDGE('',*,*,#2416,.T.);
#4854 = PLANE('',#4855);
#4855 = AXIS2_PLACEMENT_3D('',#4856,#4857,#4858);
#4856 = CARTESIAN_POINT('',(-59.1125,138.568176,98.51));
#4857 = DIRECTION('',(0.,0.,1.));
#4858 = DIRECTION('',(-1.,0.,0.));
#4859 = ADVANCED_FACE('',(#4860,#4894),#4900,.F.);
#4860 = FACE_BOUND('',#4861,.F.);
#4861 = EDGE_LOOP('',(#4862,#4872,#4880,#4888));
#4862 = ORIENTED_EDGE('',*,*,#4863,.F.);
#4863 = EDGE_CURVE('',#4864,#4866,#4868,.T.);
#4864 = VERTEX_POINT('',#4865);
#4865 = CARTESIAN_POINT('',(-116.2625,119.518176,98.51));
#4866 = VERTEX_POINT('',#4867);
#4867 = CARTESIAN_POINT('',(-116.2625,103.918176,98.51));
#4868 = LINE('',#4869,#4870);
#4869 = CARTESIAN_POINT('',(-116.2625,119.518176,98.51));
#4870 = VECTOR('',#4871,1.);
#4871 = DIRECTION('',(0.,-1.,0.));
#4872 = ORIENTED_EDGE('',*,*,#4873,.T.);
#4873 = EDGE_CURVE('',#4864,#4874,#4876,.T.);
#4874 = VERTEX_POINT('',#4875);
#4875 = CARTESIAN_POINT('',(-131.8625,119.518176,98.51));
#4876 = LINE('',#4877,#4878);
#4877 = CARTESIAN_POINT('',(-116.2625,119.518176,98.51));
#4878 = VECTOR('',#4879,1.);
#4879 = DIRECTION('',(-1.,0.,0.));
#4880 = ORIENTED_EDGE('',*,*,#4881,.T.);
#4881 = EDGE_CURVE('',#4874,#4882,#4884,.T.);
#4882 = VERTEX_POINT('',#4883);
#4883 = CARTESIAN_POINT('',(-131.8625,103.918176,98.51));
#4884 = LINE('',#4885,#4886);
#4885 = CARTESIAN_POINT('',(-131.8625,119.518176,98.51));
#4886 = VECTOR('',#4887,1.);
#4887 = DIRECTION('',(0.,-1.,0.));
#4888 = ORIENTED_EDGE('',*,*,#4889,.F.);
#4889 = EDGE_CURVE('',#4866,#4882,#4890,.T.);
#4890 = LINE('',#4891,#4892);
#4891 = CARTESIAN_POINT('',(-116.2625,103.918176,98.51));
#4892 = VECTOR('',#4893,1.);
#4893 = DIRECTION('',(-1.,0.,0.));
#4894 = FACE_BOUND('',#4895,.F.);
#4895 = EDGE_LOOP('',(#4896,#4897,#4898,#4899));
#4896 = ORIENTED_EDGE('',*,*,#2496,.T.);
#4897 = ORIENTED_EDGE('',*,*,#2472,.T.);
#4898 = ORIENTED_EDGE('',*,*,#2520,.T.);
#4899 = ORIENTED_EDGE('',*,*,#2537,.T.);
#4900 = PLANE('',#4901);
#4901 = AXIS2_PLACEMENT_3D('',#4902,#4903,#4904);
#4902 = CARTESIAN_POINT('',(-116.2625,119.518176,98.51));
#4903 = DIRECTION('',(0.,0.,1.));
#4904 = DIRECTION('',(-1.,0.,0.));
#4905 = ADVANCED_FACE('',(#4906,#4940),#4946,.F.);
#4906 = FACE_BOUND('',#4907,.F.);
#4907 = EDGE_LOOP('',(#4908,#4918,#4926,#4934));
#4908 = ORIENTED_EDGE('',*,*,#4909,.F.);
#4909 = EDGE_CURVE('',#4910,#4912,#4914,.T.);
#4910 = VERTEX_POINT('',#4911);
#4911 = CARTESIAN_POINT('',(-97.2125,119.518176,98.51));
#4912 = VERTEX_POINT('',#4913);
#4913 = CARTESIAN_POINT('',(-97.2125,103.918176,98.51));
#4914 = LINE('',#4915,#4916);
#4915 = CARTESIAN_POINT('',(-97.2125,119.518176,98.51));
#4916 = VECTOR('',#4917,1.);
#4917 = DIRECTION('',(0.,-1.,0.));
#4918 = ORIENTED_EDGE('',*,*,#4919,.T.);
#4919 = EDGE_CURVE('',#4910,#4920,#4922,.T.);
#4920 = VERTEX_POINT('',#4921);
#4921 = CARTESIAN_POINT('',(-112.8125,119.518176,98.51));
#4922 = LINE('',#4923,#4924);
#4923 = CARTESIAN_POINT('',(-97.2125,119.518176,98.51));
#4924 = VECTOR('',#4925,1.);
#4925 = DIRECTION('',(-1.,0.,0.));
#4926 = ORIENTED_EDGE('',*,*,#4927,.T.);
#4927 = EDGE_CURVE('',#4920,#4928,#4930,.T.);
#4928 = VERTEX_POINT('',#4929);
#4929 = CARTESIAN_POINT('',(-112.8125,103.918176,98.51));
#4930 = LINE('',#4931,#4932);
#4931 = CARTESIAN_POINT('',(-112.8125,119.518176,98.51));
#4932 = VECTOR('',#4933,1.);
#4933 = DIRECTION('',(0.,-1.,0.));
#4934 = ORIENTED_EDGE('',*,*,#4935,.F.);
#4935 = EDGE_CURVE('',#4912,#4928,#4936,.T.);
#4936 = LINE('',#4937,#4938);
#4937 = CARTESIAN_POINT('',(-97.2125,103.918176,98.51));
#4938 = VECTOR('',#4939,1.);
#4939 = DIRECTION('',(-1.,0.,0.));
#4940 = FACE_BOUND('',#4941,.F.);
#4941 = EDGE_LOOP('',(#4942,#4943,#4944,#4945));
#4942 = ORIENTED_EDGE('',*,*,#2592,.T.);
#4943 = ORIENTED_EDGE('',*,*,#2568,.T.);
#4944 = ORIENTED_EDGE('',*,*,#2616,.T.);
#4945 = ORIENTED_EDGE('',*,*,#2633,.T.);
#4946 = PLANE('',#4947);
#4947 = AXIS2_PLACEMENT_3D('',#4948,#4949,#4950);
#4948 = CARTESIAN_POINT('',(-97.2125,119.518176,98.51));
#4949 = DIRECTION('',(0.,0.,1.));
#4950 = DIRECTION('',(-1.,0.,0.));
#4951 = ADVANCED_FACE('',(#4952,#4986),#4992,.F.);
#4952 = FACE_BOUND('',#4953,.F.);
#4953 = EDGE_LOOP('',(#4954,#4964,#4972,#4980));
#4954 = ORIENTED_EDGE('',*,*,#4955,.F.);
#4955 = EDGE_CURVE('',#4956,#4958,#4960,.T.);
#4956 = VERTEX_POINT('',#4957);
#4957 = CARTESIAN_POINT('',(-116.2625,100.468176,98.51));
#4958 = VERTEX_POINT('',#4959);
#4959 = CARTESIAN_POINT('',(-116.2625,84.868176,98.51));
#4960 = LINE('',#4961,#4962);
#4961 = CARTESIAN_POINT('',(-116.2625,100.468176,98.51));
#4962 = VECTOR('',#4963,1.);
#4963 = DIRECTION('',(0.,-1.,0.));
#4964 = ORIENTED_EDGE('',*,*,#4965,.T.);
#4965 = EDGE_CURVE('',#4956,#4966,#4968,.T.);
#4966 = VERTEX_POINT('',#4967);
#4967 = CARTESIAN_POINT('',(-131.8625,100.468176,98.51));
#4968 = LINE('',#4969,#4970);
#4969 = CARTESIAN_POINT('',(-116.2625,100.468176,98.51));
#4970 = VECTOR('',#4971,1.);
#4971 = DIRECTION('',(-1.,0.,0.));
#4972 = ORIENTED_EDGE('',*,*,#4973,.T.);
#4973 = EDGE_CURVE('',#4966,#4974,#4976,.T.);
#4974 = VERTEX_POINT('',#4975);
#4975 = CARTESIAN_POINT('',(-131.8625,84.868176,98.51));
#4976 = LINE('',#4977,#4978);
#4977 = CARTESIAN_POINT('',(-131.8625,100.468176,98.51));
#4978 = VECTOR('',#4979,1.);
#4979 = DIRECTION('',(0.,-1.,0.));
#4980 = ORIENTED_EDGE('',*,*,#4981,.F.);
#4981 = EDGE_CURVE('',#4958,#4974,#4982,.T.);
#4982 = LINE('',#4983,#4984);
#4983 = CARTESIAN_POINT('',(-116.2625,84.868176,98.51));
#4984 = VECTOR('',#4985,1.);
#4985 = DIRECTION('',(-1.,0.,0.));
#4986 = FACE_BOUND('',#4987,.F.);
#4987 = EDGE_LOOP('',(#4988,#4989,#4990,#4991));
#4988 = ORIENTED_EDGE('',*,*,#2738,.T.);
#4989 = ORIENTED_EDGE('',*,*,#2714,.T.);
#4990 = ORIENTED_EDGE('',*,*,#2762,.T.);
#4991 = ORIENTED_EDGE('',*,*,#2779,.T.);
#4992 = PLANE('',#4993);
#4993 = AXIS2_PLACEMENT_3D('',#4994,#4995,#4996);
#4994 = CARTESIAN_POINT('',(-116.2625,100.468176,98.51));
#4995 = DIRECTION('',(0.,0.,1.));
#4996 = DIRECTION('',(-1.,0.,0.));
#4997 = ADVANCED_FACE('',(#4998,#5032),#5038,.F.);
#4998 = FACE_BOUND('',#4999,.F.);
#4999 = EDGE_LOOP('',(#5000,#5010,#5018,#5026));
#5000 = ORIENTED_EDGE('',*,*,#5001,.F.);
#5001 = EDGE_CURVE('',#5002,#5004,#5006,.T.);
#5002 = VERTEX_POINT('',#5003);
#5003 = CARTESIAN_POINT('',(-97.2125,100.468176,98.51));
#5004 = VERTEX_POINT('',#5005);
#5005 = CARTESIAN_POINT('',(-97.2125,84.868176,98.51));
#5006 = LINE('',#5007,#5008);
#5007 = CARTESIAN_POINT('',(-97.2125,100.468176,98.51));
#5008 = VECTOR('',#5009,1.);
#5009 = DIRECTION('',(0.,-1.,0.));
#5010 = ORIENTED_EDGE('',*,*,#5011,.T.);
#5011 = EDGE_CURVE('',#5002,#5012,#5014,.T.);
#5012 = VERTEX_POINT('',#5013);
#5013 = CARTESIAN_POINT('',(-112.8125,100.468176,98.51));
#5014 = LINE('',#5015,#5016);
#5015 = CARTESIAN_POINT('',(-97.2125,100.468176,98.51));
#5016 = VECTOR('',#5017,1.);
#5017 = DIRECTION('',(-1.,0.,0.));
#5018 = ORIENTED_EDGE('',*,*,#5019,.T.);
#5019 = EDGE_CURVE('',#5012,#5020,#5022,.T.);
#5020 = VERTEX_POINT('',#5021);
#5021 = CARTESIAN_POINT('',(-112.8125,84.868176,98.51));
#5022 = LINE('',#5023,#5024);
#5023 = CARTESIAN_POINT('',(-112.8125,100.468176,98.51));
#5024 = VECTOR('',#5025,1.);
#5025 = DIRECTION('',(0.,-1.,0.));
#5026 = ORIENTED_EDGE('',*,*,#5027,.F.);
#5027 = EDGE_CURVE('',#5004,#5020,#5028,.T.);
#5028 = LINE('',#5029,#5030);
#5029 = CARTESIAN_POINT('',(-97.2125,84.868176,98.51));
#5030 = VECTOR('',#5031,1.);
#5031 = DIRECTION('',(-1.,0.,0.));
#5032 = FACE_BOUND('',#5033,.F.);
#5033 = EDGE_LOOP('',(#5034,#5035,#5036,#5037));
#5034 = ORIENTED_EDGE('',*,*,#2834,.T.);
#5035 = ORIENTED_EDGE('',*,*,#2810,.T.);
#5036 = ORIENTED_EDGE('',*,*,#2858,.T.);
#5037 = ORIENTED_EDGE('',*,*,#2875,.T.);
#5038 = PLANE('',#5039);
#5039 = AXIS2_PLACEMENT_3D('',#5040,#5041,#5042);
#5040 = CARTESIAN_POINT('',(-97.2125,100.468176,98.51));
#5041 = DIRECTION('',(0.,0.,1.));
#5042 = DIRECTION('',(-1.,0.,0.));
#5043 = ADVANCED_FACE('',(#5044,#5078),#5084,.F.);
#5044 = FACE_BOUND('',#5045,.F.);
#5045 = EDGE_LOOP('',(#5046,#5056,#5064,#5072));
#5046 = ORIENTED_EDGE('',*,*,#5047,.F.);
#5047 = EDGE_CURVE('',#5048,#5050,#5052,.T.);
#5048 = VERTEX_POINT('',#5049);
#5049 = CARTESIAN_POINT('',(-78.1625,119.518176,98.51));
#5050 = VERTEX_POINT('',#5051);
#5051 = CARTESIAN_POINT('',(-78.1625,103.918176,98.51));
#5052 = LINE('',#5053,#5054);
#5053 = CARTESIAN_POINT('',(-78.1625,119.518176,98.51));
#5054 = VECTOR('',#5055,1.);
#5055 = DIRECTION('',(0.,-1.,0.));
#5056 = ORIENTED_EDGE('',*,*,#5057,.T.);
#5057 = EDGE_CURVE('',#5048,#5058,#5060,.T.);
#5058 = VERTEX_POINT('',#5059);
#5059 = CARTESIAN_POINT('',(-93.7625,119.518176,98.51));
#5060 = LINE('',#5061,#5062);
#5061 = CARTESIAN_POINT('',(-78.1625,119.518176,98.51));
#5062 = VECTOR('',#5063,1.);
#5063 = DIRECTION('',(-1.,0.,0.));
#5064 = ORIENTED_EDGE('',*,*,#5065,.T.);
#5065 = EDGE_CURVE('',#5058,#5066,#5068,.T.);
#5066 = VERTEX_POINT('',#5067);
#5067 = CARTESIAN_POINT('',(-93.7625,103.918176,98.51));
#5068 = LINE('',#5069,#5070);
#5069 = CARTESIAN_POINT('',(-93.7625,119.518176,98.51));
#5070 = VECTOR('',#5071,1.);
#5071 = DIRECTION('',(0.,-1.,0.));
#5072 = ORIENTED_EDGE('',*,*,#5073,.F.);
#5073 = EDGE_CURVE('',#5050,#5066,#5074,.T.);
#5074 = LINE('',#5075,#5076);
#5075 = CARTESIAN_POINT('',(-78.1625,103.918176,98.51));
#5076 = VECTOR('',#5077,1.);
#5077 = DIRECTION('',(-1.,0.,0.));
#5078 = FACE_BOUND('',#5079,.F.);
#5079 = EDGE_LOOP('',(#5080,#5081,#5082,#5083));
#5080 = ORIENTED_EDGE('',*,*,#2930,.T.);
#5081 = ORIENTED_EDGE('',*,*,#2906,.T.);
#5082 = ORIENTED_EDGE('',*,*,#2954,.T.);
#5083 = ORIENTED_EDGE('',*,*,#2971,.T.);
#5084 = PLANE('',#5085);
#5085 = AXIS2_PLACEMENT_3D('',#5086,#5087,#5088);
#5086 = CARTESIAN_POINT('',(-78.1625,119.518176,98.51));
#5087 = DIRECTION('',(0.,0.,1.));
#5088 = DIRECTION('',(-1.,0.,0.));
#5089 = ADVANCED_FACE('',(#5090,#5124),#5130,.F.);
#5090 = FACE_BOUND('',#5091,.F.);
#5091 = EDGE_LOOP('',(#5092,#5102,#5110,#5118));
#5092 = ORIENTED_EDGE('',*,*,#5093,.F.);
#5093 = EDGE_CURVE('',#5094,#5096,#5098,.T.);
#5094 = VERTEX_POINT('',#5095);
#5095 = CARTESIAN_POINT('',(-59.1125,119.518176,98.51));
#5096 = VERTEX_POINT('',#5097);
#5097 = CARTESIAN_POINT('',(-59.1125,103.918176,98.51));
#5098 = LINE('',#5099,#5100);
#5099 = CARTESIAN_POINT('',(-59.1125,119.518176,98.51));
#5100 = VECTOR('',#5101,1.);
#5101 = DIRECTION('',(0.,-1.,0.));
#5102 = ORIENTED_EDGE('',*,*,#5103,.T.);
#5103 = EDGE_CURVE('',#5094,#5104,#5106,.T.);
#5104 = VERTEX_POINT('',#5105);
#5105 = CARTESIAN_POINT('',(-74.7125,119.518176,98.51));
#5106 = LINE('',#5107,#5108);
#5107 = CARTESIAN_POINT('',(-59.1125,119.518176,98.51));
#5108 = VECTOR('',#5109,1.);
#5109 = DIRECTION('',(-1.,0.,0.));
#5110 = ORIENTED_EDGE('',*,*,#5111,.T.);
#5111 = EDGE_CURVE('',#5104,#5112,#5114,.T.);
#5112 = VERTEX_POINT('',#5113);
#5113 = CARTESIAN_POINT('',(-74.7125,103.918176,98.51));
#5114 = LINE('',#5115,#5116);
#5115 = CARTESIAN_POINT('',(-74.7125,119.518176,98.51));
#5116 = VECTOR('',#5117,1.);
#5117 = DIRECTION('',(0.,-1.,0.));
#5118 = ORIENTED_EDGE('',*,*,#5119,.F.);
#5119 = EDGE_CURVE('',#5096,#5112,#5120,.T.);
#5120 = LINE('',#5121,#5122);
#5121 = CARTESIAN_POINT('',(-59.1125,103.918176,98.51));
#5122 = VECTOR('',#5123,1.);
#5123 = DIRECTION('',(-1.,0.,0.));
#5124 = FACE_BOUND('',#5125,.F.);
#5125 = EDGE_LOOP('',(#5126,#5127,#5128,#5129));
#5126 = ORIENTED_EDGE('',*,*,#3026,.T.);
#5127 = ORIENTED_EDGE('',*,*,#3002,.T.);
#5128 = ORIENTED_EDGE('',*,*,#3050,.T.);
#5129 = ORIENTED_EDGE('',*,*,#3067,.T.);
#5130 = PLANE('',#5131);
#5131 = AXIS2_PLACEMENT_3D('',#5132,#5133,#5134);
#5132 = CARTESIAN_POINT('',(-59.1125,119.518176,98.51));
#5133 = DIRECTION('',(0.,0.,1.));
#5134 = DIRECTION('',(-1.,0.,0.));
#5135 = ADVANCED_FACE('',(#5136,#5170),#5176,.F.);
#5136 = FACE_BOUND('',#5137,.F.);
#5137 = EDGE_LOOP('',(#5138,#5148,#5156,#5164));
#5138 = ORIENTED_EDGE('',*,*,#5139,.F.);
#5139 = EDGE_CURVE('',#5140,#5142,#5144,.T.);
#5140 = VERTEX_POINT('',#5141);
#5141 = CARTESIAN_POINT('',(-78.1625,100.468176,98.51));
#5142 = VERTEX_POINT('',#5143);
#5143 = CARTESIAN_POINT('',(-78.1625,84.868176,98.51));
#5144 = LINE('',#5145,#5146);
#5145 = CARTESIAN_POINT('',(-78.1625,100.468176,98.51));
#5146 = VECTOR('',#5147,1.);
#5147 = DIRECTION('',(0.,-1.,0.));
#5148 = ORIENTED_EDGE('',*,*,#5149,.T.);
#5149 = EDGE_CURVE('',#5140,#5150,#5152,.T.);
#5150 = VERTEX_POINT('',#5151);
#5151 = CARTESIAN_POINT('',(-93.7625,100.468176,98.51));
#5152 = LINE('',#5153,#5154);
#5153 = CARTESIAN_POINT('',(-78.1625,100.468176,98.51));
#5154 = VECTOR('',#5155,1.);
#5155 = DIRECTION('',(-1.,0.,0.));
#5156 = ORIENTED_EDGE('',*,*,#5157,.T.);
#5157 = EDGE_CURVE('',#5150,#5158,#5160,.T.);
#5158 = VERTEX_POINT('',#5159);
#5159 = CARTESIAN_POINT('',(-93.7625,84.868176,98.51));
#5160 = LINE('',#5161,#5162);
#5161 = CARTESIAN_POINT('',(-93.7625,100.468176,98.51));
#5162 = VECTOR('',#5163,1.);
#5163 = DIRECTION('',(0.,-1.,0.));
#5164 = ORIENTED_EDGE('',*,*,#5165,.F.);
#5165 = EDGE_CURVE('',#5142,#5158,#5166,.T.);
#5166 = LINE('',#5167,#5168);
#5167 = CARTESIAN_POINT('',(-78.1625,84.868176,98.51));
#5168 = VECTOR('',#5169,1.);
#5169 = DIRECTION('',(-1.,0.,0.));
#5170 = FACE_BOUND('',#5171,.F.);
#5171 = EDGE_LOOP('',(#5172,#5173,#5174,#5175));
#5172 = ORIENTED_EDGE('',*,*,#3147,.T.);
#5173 = ORIENTED_EDGE('',*,*,#3123,.T.);
#5174 = ORIENTED_EDGE('',*,*,#3171,.T.);
#5175 = ORIENTED_EDGE('',*,*,#3188,.T.);
#5176 = PLANE('',#5177);
#5177 = AXIS2_PLACEMENT_3D('',#5178,#5179,#5180);
#5178 = CARTESIAN_POINT('',(-78.1625,100.468176,98.51));
#5179 = DIRECTION('',(0.,0.,1.));
#5180 = DIRECTION('',(-1.,0.,0.));
#5181 = ADVANCED_FACE('',(#5182,#5216),#5222,.F.);
#5182 = FACE_BOUND('',#5183,.F.);
#5183 = EDGE_LOOP('',(#5184,#5194,#5202,#5210));
#5184 = ORIENTED_EDGE('',*,*,#5185,.F.);
#5185 = EDGE_CURVE('',#5186,#5188,#5190,.T.);
#5186 = VERTEX_POINT('',#5187);
#5187 = CARTESIAN_POINT('',(-59.1125,100.468176,98.51));
#5188 = VERTEX_POINT('',#5189);
#5189 = CARTESIAN_POINT('',(-59.1125,84.868176,98.51));
#5190 = LINE('',#5191,#5192);
#5191 = CARTESIAN_POINT('',(-59.1125,100.468176,98.51));
#5192 = VECTOR('',#5193,1.);
#5193 = DIRECTION('',(0.,-1.,0.));
#5194 = ORIENTED_EDGE('',*,*,#5195,.T.);
#5195 = EDGE_CURVE('',#5186,#5196,#5198,.T.);
#5196 = VERTEX_POINT('',#5197);
#5197 = CARTESIAN_POINT('',(-74.7125,100.468176,98.51));
#5198 = LINE('',#5199,#5200);
#5199 = CARTESIAN_POINT('',(-59.1125,100.468176,98.51));
#5200 = VECTOR('',#5201,1.);
#5201 = DIRECTION('',(-1.,0.,0.));
#5202 = ORIENTED_EDGE('',*,*,#5203,.T.);
#5203 = EDGE_CURVE('',#5196,#5204,#5206,.T.);
#5204 = VERTEX_POINT('',#5205);
#5205 = CARTESIAN_POINT('',(-74.7125,84.868176,98.51));
#5206 = LINE('',#5207,#5208);
#5207 = CARTESIAN_POINT('',(-74.7125,100.468176,98.51));
#5208 = VECTOR('',#5209,1.);
#5209 = DIRECTION('',(0.,-1.,0.));
#5210 = ORIENTED_EDGE('',*,*,#5211,.F.);
#5211 = EDGE_CURVE('',#5188,#5204,#5212,.T.);
#5212 = LINE('',#5213,#5214);
#5213 = CARTESIAN_POINT('',(-59.1125,84.868176,98.51));
#5214 = VECTOR('',#5215,1.);
#5215 = DIRECTION('',(-1.,0.,0.));
#5216 = FACE_BOUND('',#5217,.F.);
#5217 = EDGE_LOOP('',(#5218,#5219,#5220,#5221));
#5218 = ORIENTED_EDGE('',*,*,#3268,.T.);
#5219 = ORIENTED_EDGE('',*,*,#3244,.T.);
#5220 = ORIENTED_EDGE('',*,*,#3292,.T.);
#5221 = ORIENTED_EDGE('',*,*,#3309,.T.);
#5222 = PLANE('',#5223);
#5223 = AXIS2_PLACEMENT_3D('',#5224,#5225,#5226);
#5224 = CARTESIAN_POINT('',(-59.1125,100.468176,98.51));
#5225 = DIRECTION('',(0.,0.,1.));
#5226 = DIRECTION('',(-1.,0.,0.));
#5227 = ADVANCED_FACE('',(#5228),#5247,.T.);
#5228 = FACE_BOUND('',#5229,.T.);
#5229 = EDGE_LOOP('',(#5230,#5239,#5245,#5246));
#5230 = ORIENTED_EDGE('',*,*,#5231,.F.);
#5231 = EDGE_CURVE('',#5232,#4388,#5234,.T.);
#5232 = VERTEX_POINT('',#5233);
#5233 = CARTESIAN_POINT('',(-52.125,182.22499999999,98.31));
#5234 = CIRCLE('',#5235,4.);
#5235 = AXIS2_PLACEMENT_3D('',#5236,#5237,#5238);
#5236 = CARTESIAN_POINT('',(-52.125,178.22499999999,98.31));
#5237 = DIRECTION('',(0.,0.,-1.));
#5238 = DIRECTION('',(-1.,1.703E-14,0.));
#5239 = ORIENTED_EDGE('',*,*,#5240,.T.);
#5240 = EDGE_CURVE('',#5232,#3376,#5241,.T.);
#5241 = LINE('',#5242,#5243);
#5242 = CARTESIAN_POINT('',(-52.125,182.22499999999,97.71));
#5243 = VECTOR('',#5244,1.);
#5244 = DIRECTION('',(0.,0.,1.));
#5245 = ORIENTED_EDGE('',*,*,#3383,.T.);
#5246 = ORIENTED_EDGE('',*,*,#4410,.F.);
#5247 = CYLINDRICAL_SURFACE('',#5248,4.);
#5248 = AXIS2_PLACEMENT_3D('',#5249,#5250,#5251);
#5249 = CARTESIAN_POINT('',(-52.125,178.22499999999,97.71));
#5250 = DIRECTION('',(0.,0.,-1.));
#5251 = DIRECTION('',(-1.,1.703E-14,0.));
#5252 = ADVANCED_FACE('',(#5253),#5271,.T.);
#5253 = FACE_BOUND('',#5254,.T.);
#5254 = EDGE_LOOP('',(#5255,#5263,#5269,#5270));
#5255 = ORIENTED_EDGE('',*,*,#5256,.F.);
#5256 = EDGE_CURVE('',#5257,#5232,#5259,.T.);
#5257 = VERTEX_POINT('',#5258);
#5258 = CARTESIAN_POINT('',(-138.85,182.225,98.31));
#5259 = LINE('',#5260,#5261);
#5260 = CARTESIAN_POINT('',(-47.74374999999,182.22499999999,98.31));
#5261 = VECTOR('',#5262,1.);
#5262 = DIRECTION('',(1.,-1.827E-14,0.));
#5263 = ORIENTED_EDGE('',*,*,#5264,.T.);
#5264 = EDGE_CURVE('',#5257,#3367,#5265,.T.);
#5265 = LINE('',#5266,#5267);
#5266 = CARTESIAN_POINT('',(-138.85,182.225,97.71));
#5267 = VECTOR('',#5268,1.);
#5268 = DIRECTION('',(0.,0.,1.));
#5269 = ORIENTED_EDGE('',*,*,#3375,.T.);
#5270 = ORIENTED_EDGE('',*,*,#5240,.F.);
#5271 = PLANE('',#5272);
#5272 = AXIS2_PLACEMENT_3D('',#5273,#5274,#5275);
#5273 = CARTESIAN_POINT('',(-138.85,182.225,97.71));
#5274 = DIRECTION('',(1.801E-14,1.,0.));
#5275 = DIRECTION('',(1.,-1.801E-14,0.));
#5276 = ADVANCED_FACE('',(#5277),#5289,.T.);
#5277 = FACE_BOUND('',#5278,.T.);
#5278 = EDGE_LOOP('',(#5279,#5286,#5287,#5288));
#5279 = ORIENTED_EDGE('',*,*,#5280,.F.);
#5280 = EDGE_CURVE('',#3431,#5257,#5281,.T.);
#5281 = CIRCLE('',#5282,4.);
#5282 = AXIS2_PLACEMENT_3D('',#5283,#5284,#5285);
#5283 = CARTESIAN_POINT('',(-138.85,178.225,98.31));
#5284 = DIRECTION('',(-0.,-0.,-1.));
#5285 = DIRECTION('',(0.,-1.,0.));
#5286 = ORIENTED_EDGE('',*,*,#3430,.T.);
#5287 = ORIENTED_EDGE('',*,*,#3366,.T.);
#5288 = ORIENTED_EDGE('',*,*,#5264,.F.);
#5289 = CYLINDRICAL_SURFACE('',#5290,4.);
#5290 = AXIS2_PLACEMENT_3D('',#5291,#5292,#5293);
#5291 = CARTESIAN_POINT('',(-138.85,178.225,97.71));
#5292 = DIRECTION('',(0.,0.,-1.));
#5293 = DIRECTION('',(0.,-1.,0.));
#5294 = ADVANCED_FACE('',(#5295),#5305,.T.);
#5295 = FACE_BOUND('',#5296,.T.);
#5296 = EDGE_LOOP('',(#5297,#5298,#5299,#5300));
#5297 = ORIENTED_EDGE('',*,*,#3523,.F.);
#5298 = ORIENTED_EDGE('',*,*,#3464,.T.);
#5299 = ORIENTED_EDGE('',*,*,#5280,.T.);
#5300 = ORIENTED_EDGE('',*,*,#5301,.F.);
#5301 = EDGE_CURVE('',#3524,#5257,#5302,.T.);
#5302 = B_SPLINE_CURVE_WITH_KNOTS('',1,(#5303,#5304),.UNSPECIFIED.,.F.,
  .F.,(2,2),(0.,1.),.PIECEWISE_BEZIER_KNOTS.);
#5303 = CARTESIAN_POINT('',(-138.85,181.925,98.01));
#5304 = CARTESIAN_POINT('',(-138.85,182.225,98.31));
#5305 = CONICAL_SURFACE('',#5306,3.7,0.785398163397);
#5306 = AXIS2_PLACEMENT_3D('',#5307,#5308,#5309);
#5307 = CARTESIAN_POINT('',(-138.85,178.225,98.01));
#5308 = DIRECTION('',(0.,0.,1.));
#5309 = DIRECTION('',(0.,-1.,0.));
#5310 = ADVANCED_FACE('',(#5311),#5321,.T.);
#5311 = FACE_BOUND('',#5312,.T.);
#5312 = EDGE_LOOP('',(#5313,#5314,#5319,#5320));
#5313 = ORIENTED_EDGE('',*,*,#3540,.F.);
#5314 = ORIENTED_EDGE('',*,*,#5315,.T.);
#5315 = EDGE_CURVE('',#3533,#5232,#5316,.T.);
#5316 = B_SPLINE_CURVE_WITH_KNOTS('',1,(#5317,#5318),.UNSPECIFIED.,.F.,
  .F.,(2,2),(0.,1.),.PIECEWISE_BEZIER_KNOTS.);
#5317 = CARTESIAN_POINT('',(-52.125,181.92499999999,98.01));
#5318 = CARTESIAN_POINT('',(-52.125,182.22499999999,98.31));
#5319 = ORIENTED_EDGE('',*,*,#5231,.T.);
#5320 = ORIENTED_EDGE('',*,*,#4387,.F.);
#5321 = CONICAL_SURFACE('',#5322,3.7,0.785398163397);
#5322 = AXIS2_PLACEMENT_3D('',#5323,#5324,#5325);
#5323 = CARTESIAN_POINT('',(-52.125,178.22499999999,98.01));
#5324 = DIRECTION('',(0.,0.,1.));
#5325 = DIRECTION('',(-1.,1.703E-14,0.));
#5326 = ADVANCED_FACE('',(#5327),#5345,.T.);
#5327 = FACE_BOUND('',#5328,.T.);
#5328 = EDGE_LOOP('',(#5329,#5330,#5331,#5340));
#5329 = ORIENTED_EDGE('',*,*,#3487,.F.);
#5330 = ORIENTED_EDGE('',*,*,#4465,.T.);
#5331 = ORIENTED_EDGE('',*,*,#5332,.T.);
#5332 = EDGE_CURVE('',#4458,#5333,#5335,.T.);
#5333 = VERTEX_POINT('',#5334);
#5334 = CARTESIAN_POINT('',(-52.12499999999,74.485699999999,98.31));
#5335 = CIRCLE('',#5336,4.);
#5336 = AXIS2_PLACEMENT_3D('',#5337,#5338,#5339);
#5337 = CARTESIAN_POINT('',(-52.125,78.485699999999,98.31));
#5338 = DIRECTION('',(0.,0.,-1.));
#5339 = DIRECTION('',(0.,1.,0.));
#5340 = ORIENTED_EDGE('',*,*,#5341,.F.);
#5341 = EDGE_CURVE('',#3488,#5333,#5342,.T.);
#5342 = B_SPLINE_CURVE_WITH_KNOTS('',1,(#5343,#5344),.UNSPECIFIED.,.F.,
  .F.,(2,2),(0.,1.),.PIECEWISE_BEZIER_KNOTS.);
#5343 = CARTESIAN_POINT('',(-52.12499999999,74.785699999999,98.01));
#5344 = CARTESIAN_POINT('',(-52.12499999999,74.485699999999,98.31));
#5345 = CONICAL_SURFACE('',#5346,3.7,0.785398163397);
#5346 = AXIS2_PLACEMENT_3D('',#5347,#5348,#5349);
#5347 = CARTESIAN_POINT('',(-52.125,78.485699999999,98.01));
#5348 = DIRECTION('',(0.,0.,1.));
#5349 = DIRECTION('',(0.,1.,0.));
#5350 = ADVANCED_FACE('',(#5351),#5357,.T.);
#5351 = FACE_BOUND('',#5352,.T.);
#5352 = EDGE_LOOP('',(#5353,#5354,#5355,#5356));
#5353 = ORIENTED_EDGE('',*,*,#3532,.F.);
#5354 = ORIENTED_EDGE('',*,*,#5301,.T.);
#5355 = ORIENTED_EDGE('',*,*,#5256,.T.);
#5356 = ORIENTED_EDGE('',*,*,#5315,.F.);
#5357 = PLANE('',#5358);
#5358 = AXIS2_PLACEMENT_3D('',#5359,#5360,#5361);
#5359 = CARTESIAN_POINT('',(-47.74374999999,182.22499999999,98.31));
#5360 = DIRECTION('',(1.292E-14,0.707106781187,-0.707106781187));
#5361 = DIRECTION('',(-1.,1.827081961293E-14,-8.196129304092E-19));
#5362 = ADVANCED_FACE('',(#5363),#5380,.T.);
#5363 = FACE_BOUND('',#5364,.T.);
#5364 = EDGE_LOOP('',(#5365,#5366,#5367,#5375));
#5365 = ORIENTED_EDGE('',*,*,#3496,.F.);
#5366 = ORIENTED_EDGE('',*,*,#5341,.T.);
#5367 = ORIENTED_EDGE('',*,*,#5368,.T.);
#5368 = EDGE_CURVE('',#5333,#5369,#5371,.T.);
#5369 = VERTEX_POINT('',#5370);
#5370 = CARTESIAN_POINT('',(-138.8499999999,74.485699999952,98.31));
#5371 = LINE('',#5372,#5373);
#5372 = CARTESIAN_POINT('',(-47.74375000001,74.485700000002,98.31));
#5373 = VECTOR('',#5374,1.);
#5374 = DIRECTION('',(-1.,-5.4582E-13,0.));
#5375 = ORIENTED_EDGE('',*,*,#5376,.F.);
#5376 = EDGE_CURVE('',#3497,#5369,#5377,.T.);
#5377 = B_SPLINE_CURVE_WITH_KNOTS('',1,(#5378,#5379),.UNSPECIFIED.,.F.,
  .F.,(2,2),(0.,1.),.PIECEWISE_BEZIER_KNOTS.);
#5378 = CARTESIAN_POINT('',(-138.8499999999,74.785699999952,98.01));
#5379 = CARTESIAN_POINT('',(-138.8499999999,74.485699999952,98.31));
#5380 = PLANE('',#5381);
#5381 = AXIS2_PLACEMENT_3D('',#5382,#5383,#5384);
#5382 = CARTESIAN_POINT('',(-47.74375000001,74.485700000002,98.31));
#5383 = DIRECTION('',(3.8595E-13,-0.707106781187,-0.707106781187));
#5384 = DIRECTION('',(1.,5.458178621989E-13,-2.137801052012E-18));
#5385 = ADVANCED_FACE('',(#5386),#5398,.T.);
#5386 = FACE_BOUND('',#5387,.T.);
#5387 = EDGE_LOOP('',(#5388,#5389,#5390,#5397));
#5388 = ORIENTED_EDGE('',*,*,#3504,.F.);
#5389 = ORIENTED_EDGE('',*,*,#5376,.T.);
#5390 = ORIENTED_EDGE('',*,*,#5391,.T.);
#5391 = EDGE_CURVE('',#5369,#4267,#5392,.T.);
#5392 = CIRCLE('',#5393,4.);
#5393 = AXIS2_PLACEMENT_3D('',#5394,#5395,#5396);
#5394 = CARTESIAN_POINT('',(-138.85,78.485699999952,98.31));
#5395 = DIRECTION('',(0.,0.,-1.));
#5396 = DIRECTION('',(1.,5.4583E-13,0.));
#5397 = ORIENTED_EDGE('',*,*,#4291,.F.);
#5398 = CONICAL_SURFACE('',#5399,3.7,0.785398163397);
#5399 = AXIS2_PLACEMENT_3D('',#5400,#5401,#5402);
#5400 = CARTESIAN_POINT('',(-138.85,78.485699999952,98.01));
#5401 = DIRECTION('',(0.,0.,1.));
#5402 = DIRECTION('',(1.,5.4583E-13,0.));
#5403 = ADVANCED_FACE('',(#5404),#5420,.F.);
#5404 = FACE_BOUND('',#5405,.F.);
#5405 = EDGE_LOOP('',(#5406,#5412,#5413,#5419));
#5406 = ORIENTED_EDGE('',*,*,#5407,.F.);
#5407 = EDGE_CURVE('',#3561,#4514,#5408,.T.);
#5408 = LINE('',#5409,#5410);
#5409 = CARTESIAN_POINT('',(-131.8625,142.018176,97.81));
#5410 = VECTOR('',#5411,1.);
#5411 = DIRECTION('',(0.,0.,1.));
#5412 = ORIENTED_EDGE('',*,*,#3558,.F.);
#5413 = ORIENTED_EDGE('',*,*,#5414,.T.);
#5414 = EDGE_CURVE('',#3559,#4498,#5415,.T.);
#5415 = LINE('',#5416,#5417);
#5416 = CARTESIAN_POINT('',(-116.2625,142.018176,97.81));
#5417 = VECTOR('',#5418,1.);
#5418 = DIRECTION('',(0.,0.,1.));
#5419 = ORIENTED_EDGE('',*,*,#4521,.T.);
#5420 = PLANE('',#5421);
#5421 = AXIS2_PLACEMENT_3D('',#5422,#5423,#5424);
#5422 = CARTESIAN_POINT('',(-116.2625,142.018176,97.81));
#5423 = DIRECTION('',(0.,-1.,0.));
#5424 = DIRECTION('',(0.,0.,1.));
#5425 = ADVANCED_FACE('',(#5426),#5437,.T.);
#5426 = FACE_BOUND('',#5427,.T.);
#5427 = EDGE_LOOP('',(#5428,#5434,#5435,#5436));
#5428 = ORIENTED_EDGE('',*,*,#5429,.F.);
#5429 = EDGE_CURVE('',#3569,#4496,#5430,.T.);
#5430 = LINE('',#5431,#5432);
#5431 = CARTESIAN_POINT('',(-116.2625,157.618176,97.81));
#5432 = VECTOR('',#5433,1.);
#5433 = DIRECTION('',(0.,0.,1.));
#5434 = ORIENTED_EDGE('',*,*,#3568,.F.);
#5435 = ORIENTED_EDGE('',*,*,#5414,.T.);
#5436 = ORIENTED_EDGE('',*,*,#4495,.F.);
#5437 = PLANE('',#5438);
#5438 = AXIS2_PLACEMENT_3D('',#5439,#5440,#5441);
#5439 = CARTESIAN_POINT('',(-116.2625,157.618176,97.81));
#5440 = DIRECTION('',(-1.,0.,0.));
#5441 = DIRECTION('',(0.,0.,1.));
#5442 = ADVANCED_FACE('',(#5443),#5454,.F.);
#5443 = FACE_BOUND('',#5444,.F.);
#5444 = EDGE_LOOP('',(#5445,#5451,#5452,#5453));
#5445 = ORIENTED_EDGE('',*,*,#5446,.F.);
#5446 = EDGE_CURVE('',#3577,#4506,#5447,.T.);
#5447 = LINE('',#5448,#5449);
#5448 = CARTESIAN_POINT('',(-131.8625,157.618176,97.81));
#5449 = VECTOR('',#5450,1.);
#5450 = DIRECTION('',(0.,0.,1.));
#5451 = ORIENTED_EDGE('',*,*,#3584,.F.);
#5452 = ORIENTED_EDGE('',*,*,#5407,.T.);
#5453 = ORIENTED_EDGE('',*,*,#4513,.F.);
#5454 = PLANE('',#5455);
#5455 = AXIS2_PLACEMENT_3D('',#5456,#5457,#5458);
#5456 = CARTESIAN_POINT('',(-131.8625,157.618176,97.81));
#5457 = DIRECTION('',(-1.,0.,0.));
#5458 = DIRECTION('',(0.,0.,1.));
#5459 = ADVANCED_FACE('',(#5460),#5466,.T.);
#5460 = FACE_BOUND('',#5461,.T.);
#5461 = EDGE_LOOP('',(#5462,#5463,#5464,#5465));
#5462 = ORIENTED_EDGE('',*,*,#5446,.F.);
#5463 = ORIENTED_EDGE('',*,*,#3576,.F.);
#5464 = ORIENTED_EDGE('',*,*,#5429,.T.);
#5465 = ORIENTED_EDGE('',*,*,#4505,.T.);
#5466 = PLANE('',#5467);
#5467 = AXIS2_PLACEMENT_3D('',#5468,#5469,#5470);
#5468 = CARTESIAN_POINT('',(-116.2625,157.618176,97.81));
#5469 = DIRECTION('',(0.,-1.,0.));
#5470 = DIRECTION('',(0.,0.,1.));
#5471 = ADVANCED_FACE('',(#5472),#5488,.F.);
#5472 = FACE_BOUND('',#5473,.F.);
#5473 = EDGE_LOOP('',(#5474,#5480,#5481,#5487));
#5474 = ORIENTED_EDGE('',*,*,#5475,.F.);
#5475 = EDGE_CURVE('',#3598,#4560,#5476,.T.);
#5476 = LINE('',#5477,#5478);
#5477 = CARTESIAN_POINT('',(-131.8625,122.968176,97.81));
#5478 = VECTOR('',#5479,1.);
#5479 = DIRECTION('',(0.,0.,1.));
#5480 = ORIENTED_EDGE('',*,*,#3595,.F.);
#5481 = ORIENTED_EDGE('',*,*,#5482,.T.);
#5482 = EDGE_CURVE('',#3596,#4544,#5483,.T.);
#5483 = LINE('',#5484,#5485);
#5484 = CARTESIAN_POINT('',(-116.2625,122.968176,97.81));
#5485 = VECTOR('',#5486,1.);
#5486 = DIRECTION('',(0.,0.,1.));
#5487 = ORIENTED_EDGE('',*,*,#4567,.T.);
#5488 = PLANE('',#5489);
#5489 = AXIS2_PLACEMENT_3D('',#5490,#5491,#5492);
#5490 = CARTESIAN_POINT('',(-116.2625,122.968176,97.81));
#5491 = DIRECTION('',(0.,-1.,0.));
#5492 = DIRECTION('',(0.,0.,1.));
#5493 = ADVANCED_FACE('',(#5494),#5505,.T.);
#5494 = FACE_BOUND('',#5495,.T.);
#5495 = EDGE_LOOP('',(#5496,#5502,#5503,#5504));
#5496 = ORIENTED_EDGE('',*,*,#5497,.F.);
#5497 = EDGE_CURVE('',#3606,#4542,#5498,.T.);
#5498 = LINE('',#5499,#5500);
#5499 = CARTESIAN_POINT('',(-116.2625,138.568176,97.81));
#5500 = VECTOR('',#5501,1.);
#5501 = DIRECTION('',(0.,0.,1.));
#5502 = ORIENTED_EDGE('',*,*,#3605,.F.);
#5503 = ORIENTED_EDGE('',*,*,#5482,.T.);
#5504 = ORIENTED_EDGE('',*,*,#4541,.F.);
#5505 = PLANE('',#5506);
#5506 = AXIS2_PLACEMENT_3D('',#5507,#5508,#5509);
#5507 = CARTESIAN_POINT('',(-116.2625,138.568176,97.81));
#5508 = DIRECTION('',(-1.,0.,0.));
#5509 = DIRECTION('',(0.,0.,1.));
#5510 = ADVANCED_FACE('',(#5511),#5522,.F.);
#5511 = FACE_BOUND('',#5512,.F.);
#5512 = EDGE_LOOP('',(#5513,#5519,#5520,#5521));
#5513 = ORIENTED_EDGE('',*,*,#5514,.F.);
#5514 = EDGE_CURVE('',#3614,#4552,#5515,.T.);
#5515 = LINE('',#5516,#5517);
#5516 = CARTESIAN_POINT('',(-131.8625,138.568176,97.81));
#5517 = VECTOR('',#5518,1.);
#5518 = DIRECTION('',(0.,0.,1.));
#5519 = ORIENTED_EDGE('',*,*,#3621,.F.);
#5520 = ORIENTED_EDGE('',*,*,#5475,.T.);
#5521 = ORIENTED_EDGE('',*,*,#4559,.F.);
#5522 = PLANE('',#5523);
#5523 = AXIS2_PLACEMENT_3D('',#5524,#5525,#5526);
#5524 = CARTESIAN_POINT('',(-131.8625,138.568176,97.81));
#5525 = DIRECTION('',(-1.,0.,0.));
#5526 = DIRECTION('',(0.,0.,1.));
#5527 = ADVANCED_FACE('',(#5528),#5534,.T.);
#5528 = FACE_BOUND('',#5529,.T.);
#5529 = EDGE_LOOP('',(#5530,#5531,#5532,#5533));
#5530 = ORIENTED_EDGE('',*,*,#5514,.F.);
#5531 = ORIENTED_EDGE('',*,*,#3613,.F.);
#5532 = ORIENTED_EDGE('',*,*,#5497,.T.);
#5533 = ORIENTED_EDGE('',*,*,#4551,.T.);
#5534 = PLANE('',#5535);
#5535 = AXIS2_PLACEMENT_3D('',#5536,#5537,#5538);
#5536 = CARTESIAN_POINT('',(-116.2625,138.568176,97.81));
#5537 = DIRECTION('',(0.,-1.,0.));
#5538 = DIRECTION('',(0.,0.,1.));
#5539 = ADVANCED_FACE('',(#5540),#5556,.F.);
#5540 = FACE_BOUND('',#5541,.F.);
#5541 = EDGE_LOOP('',(#5542,#5548,#5549,#5555));
#5542 = ORIENTED_EDGE('',*,*,#5543,.F.);
#5543 = EDGE_CURVE('',#3632,#4606,#5544,.T.);
#5544 = LINE('',#5545,#5546);
#5545 = CARTESIAN_POINT('',(-112.8125,142.018176,97.81));
#5546 = VECTOR('',#5547,1.);
#5547 = DIRECTION('',(0.,0.,1.));
#5548 = ORIENTED_EDGE('',*,*,#3629,.F.);
#5549 = ORIENTED_EDGE('',*,*,#5550,.T.);
#5550 = EDGE_CURVE('',#3630,#4590,#5551,.T.);
#5551 = LINE('',#5552,#5553);
#5552 = CARTESIAN_POINT('',(-97.2125,142.018176,97.81));
#5553 = VECTOR('',#5554,1.);
#5554 = DIRECTION('',(0.,0.,1.));
#5555 = ORIENTED_EDGE('',*,*,#4613,.T.);
#5556 = PLANE('',#5557);
#5557 = AXIS2_PLACEMENT_3D('',#5558,#5559,#5560);
#5558 = CARTESIAN_POINT('',(-97.2125,142.018176,97.81));
#5559 = DIRECTION('',(0.,-1.,0.));
#5560 = DIRECTION('',(0.,0.,1.));
#5561 = ADVANCED_FACE('',(#5562),#5573,.T.);
#5562 = FACE_BOUND('',#5563,.T.);
#5563 = EDGE_LOOP('',(#5564,#5570,#5571,#5572));
#5564 = ORIENTED_EDGE('',*,*,#5565,.F.);
#5565 = EDGE_CURVE('',#3640,#4588,#5566,.T.);
#5566 = LINE('',#5567,#5568);
#5567 = CARTESIAN_POINT('',(-97.2125,157.618176,97.81));
#5568 = VECTOR('',#5569,1.);
#5569 = DIRECTION('',(0.,0.,1.));
#5570 = ORIENTED_EDGE('',*,*,#3639,.F.);
#5571 = ORIENTED_EDGE('',*,*,#5550,.T.);
#5572 = ORIENTED_EDGE('',*,*,#4587,.F.);
#5573 = PLANE('',#5574);
#5574 = AXIS2_PLACEMENT_3D('',#5575,#5576,#5577);
#5575 = CARTESIAN_POINT('',(-97.2125,157.618176,97.81));
#5576 = DIRECTION('',(-1.,0.,0.));
#5577 = DIRECTION('',(0.,0.,1.));
#5578 = ADVANCED_FACE('',(#5579),#5590,.F.);
#5579 = FACE_BOUND('',#5580,.F.);
#5580 = EDGE_LOOP('',(#5581,#5587,#5588,#5589));
#5581 = ORIENTED_EDGE('',*,*,#5582,.F.);
#5582 = EDGE_CURVE('',#3648,#4598,#5583,.T.);
#5583 = LINE('',#5584,#5585);
#5584 = CARTESIAN_POINT('',(-112.8125,157.618176,97.81));
#5585 = VECTOR('',#5586,1.);
#5586 = DIRECTION('',(0.,0.,1.));
#5587 = ORIENTED_EDGE('',*,*,#3655,.F.);
#5588 = ORIENTED_EDGE('',*,*,#5543,.T.);
#5589 = ORIENTED_EDGE('',*,*,#4605,.F.);
#5590 = PLANE('',#5591);
#5591 = AXIS2_PLACEMENT_3D('',#5592,#5593,#5594);
#5592 = CARTESIAN_POINT('',(-112.8125,157.618176,97.81));
#5593 = DIRECTION('',(-1.,0.,0.));
#5594 = DIRECTION('',(0.,0.,1.));
#5595 = ADVANCED_FACE('',(#5596),#5602,.T.);
#5596 = FACE_BOUND('',#5597,.T.);
#5597 = EDGE_LOOP('',(#5598,#5599,#5600,#5601));
#5598 = ORIENTED_EDGE('',*,*,#5582,.F.);
#5599 = ORIENTED_EDGE('',*,*,#3647,.F.);
#5600 = ORIENTED_EDGE('',*,*,#5565,.T.);
#5601 = ORIENTED_EDGE('',*,*,#4597,.T.);
#5602 = PLANE('',#5603);
#5603 = AXIS2_PLACEMENT_3D('',#5604,#5605,#5606);
#5604 = CARTESIAN_POINT('',(-97.2125,157.618176,97.81));
#5605 = DIRECTION('',(0.,-1.,0.));
#5606 = DIRECTION('',(0.,0.,1.));
#5607 = ADVANCED_FACE('',(#5608),#5624,.F.);
#5608 = FACE_BOUND('',#5609,.F.);
#5609 = EDGE_LOOP('',(#5610,#5616,#5617,#5623));
#5610 = ORIENTED_EDGE('',*,*,#5611,.F.);
#5611 = EDGE_CURVE('',#3666,#4652,#5612,.T.);
#5612 = LINE('',#5613,#5614);
#5613 = CARTESIAN_POINT('',(-112.8125,122.968176,97.81));
#5614 = VECTOR('',#5615,1.);
#5615 = DIRECTION('',(0.,0.,1.));
#5616 = ORIENTED_EDGE('',*,*,#3663,.F.);
#5617 = ORIENTED_EDGE('',*,*,#5618,.T.);
#5618 = EDGE_CURVE('',#3664,#4636,#5619,.T.);
#5619 = LINE('',#5620,#5621);
#5620 = CARTESIAN_POINT('',(-97.2125,122.968176,97.81));
#5621 = VECTOR('',#5622,1.);
#5622 = DIRECTION('',(0.,0.,1.));
#5623 = ORIENTED_EDGE('',*,*,#4659,.T.);
#5624 = PLANE('',#5625);
#5625 = AXIS2_PLACEMENT_3D('',#5626,#5627,#5628);
#5626 = CARTESIAN_POINT('',(-97.2125,122.968176,97.81));
#5627 = DIRECTION('',(0.,-1.,0.));
#5628 = DIRECTION('',(0.,0.,1.));
#5629 = ADVANCED_FACE('',(#5630),#5641,.T.);
#5630 = FACE_BOUND('',#5631,.T.);
#5631 = EDGE_LOOP('',(#5632,#5638,#5639,#5640));
#5632 = ORIENTED_EDGE('',*,*,#5633,.F.);
#5633 = EDGE_CURVE('',#3674,#4634,#5634,.T.);
#5634 = LINE('',#5635,#5636);
#5635 = CARTESIAN_POINT('',(-97.2125,138.568176,97.81));
#5636 = VECTOR('',#5637,1.);
#5637 = DIRECTION('',(0.,0.,1.));
#5638 = ORIENTED_EDGE('',*,*,#3673,.F.);
#5639 = ORIENTED_EDGE('',*,*,#5618,.T.);
#5640 = ORIENTED_EDGE('',*,*,#4633,.F.);
#5641 = PLANE('',#5642);
#5642 = AXIS2_PLACEMENT_3D('',#5643,#5644,#5645);
#5643 = CARTESIAN_POINT('',(-97.2125,138.568176,97.81));
#5644 = DIRECTION('',(-1.,0.,0.));
#5645 = DIRECTION('',(0.,0.,1.));
#5646 = ADVANCED_FACE('',(#5647),#5658,.F.);
#5647 = FACE_BOUND('',#5648,.F.);
#5648 = EDGE_LOOP('',(#5649,#5655,#5656,#5657));
#5649 = ORIENTED_EDGE('',*,*,#5650,.F.);
#5650 = EDGE_CURVE('',#3682,#4644,#5651,.T.);
#5651 = LINE('',#5652,#5653);
#5652 = CARTESIAN_POINT('',(-112.8125,138.568176,97.81));
#5653 = VECTOR('',#5654,1.);
#5654 = DIRECTION('',(0.,0.,1.));
#5655 = ORIENTED_EDGE('',*,*,#3689,.F.);
#5656 = ORIENTED_EDGE('',*,*,#5611,.T.);
#5657 = ORIENTED_EDGE('',*,*,#4651,.F.);
#5658 = PLANE('',#5659);
#5659 = AXIS2_PLACEMENT_3D('',#5660,#5661,#5662);
#5660 = CARTESIAN_POINT('',(-112.8125,138.568176,97.81));
#5661 = DIRECTION('',(-1.,0.,0.));
#5662 = DIRECTION('',(0.,0.,1.));
#5663 = ADVANCED_FACE('',(#5664),#5670,.T.);
#5664 = FACE_BOUND('',#5665,.T.);
#5665 = EDGE_LOOP('',(#5666,#5667,#5668,#5669));
#5666 = ORIENTED_EDGE('',*,*,#5650,.F.);
#5667 = ORIENTED_EDGE('',*,*,#3681,.F.);
#5668 = ORIENTED_EDGE('',*,*,#5633,.T.);
#5669 = ORIENTED_EDGE('',*,*,#4643,.T.);
#5670 = PLANE('',#5671);
#5671 = AXIS2_PLACEMENT_3D('',#5672,#5673,#5674);
#5672 = CARTESIAN_POINT('',(-97.2125,138.568176,97.81));
#5673 = DIRECTION('',(0.,-1.,0.));
#5674 = DIRECTION('',(0.,0.,1.));
#5675 = ADVANCED_FACE('',(#5676),#5692,.F.);
#5676 = FACE_BOUND('',#5677,.F.);
#5677 = EDGE_LOOP('',(#5678,#5684,#5685,#5691));
#5678 = ORIENTED_EDGE('',*,*,#5679,.F.);
#5679 = EDGE_CURVE('',#3713,#4698,#5680,.T.);
#5680 = LINE('',#5681,#5682);
#5681 = CARTESIAN_POINT('',(-93.7625,142.018176,97.81));
#5682 = VECTOR('',#5683,1.);
#5683 = DIRECTION('',(0.,0.,1.));
#5684 = ORIENTED_EDGE('',*,*,#3710,.F.);
#5685 = ORIENTED_EDGE('',*,*,#5686,.T.);
#5686 = EDGE_CURVE('',#3711,#4682,#5687,.T.);
#5687 = LINE('',#5688,#5689);
#5688 = CARTESIAN_POINT('',(-78.1625,142.018176,97.81));
#5689 = VECTOR('',#5690,1.);
#5690 = DIRECTION('',(0.,0.,1.));
#5691 = ORIENTED_EDGE('',*,*,#4705,.T.);
#5692 = PLANE('',#5693);
#5693 = AXIS2_PLACEMENT_3D('',#5694,#5695,#5696);
#5694 = CARTESIAN_POINT('',(-78.1625,142.018176,97.81));
#5695 = DIRECTION('',(0.,-1.,0.));
#5696 = DIRECTION('',(0.,0.,1.));
#5697 = ADVANCED_FACE('',(#5698),#5709,.T.);
#5698 = FACE_BOUND('',#5699,.T.);
#5699 = EDGE_LOOP('',(#5700,#5706,#5707,#5708));
#5700 = ORIENTED_EDGE('',*,*,#5701,.F.);
#5701 = EDGE_CURVE('',#3721,#4680,#5702,.T.);
#5702 = LINE('',#5703,#5704);
#5703 = CARTESIAN_POINT('',(-78.1625,157.618176,97.81));
#5704 = VECTOR('',#5705,1.);
#5705 = DIRECTION('',(0.,0.,1.));
#5706 = ORIENTED_EDGE('',*,*,#3720,.F.);
#5707 = ORIENTED_EDGE('',*,*,#5686,.T.);
#5708 = ORIENTED_EDGE('',*,*,#4679,.F.);
#5709 = PLANE('',#5710);
#5710 = AXIS2_PLACEMENT_3D('',#5711,#5712,#5713);
#5711 = CARTESIAN_POINT('',(-78.1625,157.618176,97.81));
#5712 = DIRECTION('',(-1.,0.,0.));
#5713 = DIRECTION('',(0.,0.,1.));
#5714 = ADVANCED_FACE('',(#5715),#5726,.F.);
#5715 = FACE_BOUND('',#5716,.F.);
#5716 = EDGE_LOOP('',(#5717,#5723,#5724,#5725));
#5717 = ORIENTED_EDGE('',*,*,#5718,.F.);
#5718 = EDGE_CURVE('',#3729,#4690,#5719,.T.);
#5719 = LINE('',#5720,#5721);
#5720 = CARTESIAN_POINT('',(-93.7625,157.618176,97.81));
#5721 = VECTOR('',#5722,1.);
#5722 = DIRECTION('',(0.,0.,1.));
#5723 = ORIENTED_EDGE('',*,*,#3736,.F.);
#5724 = ORIENTED_EDGE('',*,*,#5679,.T.);
#5725 = ORIENTED_EDGE('',*,*,#4697,.F.);
#5726 = PLANE('',#5727);
#5727 = AXIS2_PLACEMENT_3D('',#5728,#5729,#5730);
#5728 = CARTESIAN_POINT('',(-93.7625,157.618176,97.81));
#5729 = DIRECTION('',(-1.,0.,0.));
#5730 = DIRECTION('',(0.,0.,1.));
#5731 = ADVANCED_FACE('',(#5732),#5738,.T.);
#5732 = FACE_BOUND('',#5733,.T.);
#5733 = EDGE_LOOP('',(#5734,#5735,#5736,#5737));
#5734 = ORIENTED_EDGE('',*,*,#5718,.F.);
#5735 = ORIENTED_EDGE('',*,*,#3728,.F.);
#5736 = ORIENTED_EDGE('',*,*,#5701,.T.);
#5737 = ORIENTED_EDGE('',*,*,#4689,.T.);
#5738 = PLANE('',#5739);
#5739 = AXIS2_PLACEMENT_3D('',#5740,#5741,#5742);
#5740 = CARTESIAN_POINT('',(-78.1625,157.618176,97.81));
#5741 = DIRECTION('',(0.,-1.,0.));
#5742 = DIRECTION('',(0.,0.,1.));
#5743 = ADVANCED_FACE('',(#5744),#5760,.F.);
#5744 = FACE_BOUND('',#5745,.F.);
#5745 = EDGE_LOOP('',(#5746,#5752,#5753,#5759));
#5746 = ORIENTED_EDGE('',*,*,#5747,.F.);
#5747 = EDGE_CURVE('',#3747,#4744,#5748,.T.);
#5748 = LINE('',#5749,#5750);
#5749 = CARTESIAN_POINT('',(-93.7625,122.968176,97.81));
#5750 = VECTOR('',#5751,1.);
#5751 = DIRECTION('',(0.,0.,1.));
#5752 = ORIENTED_EDGE('',*,*,#3744,.F.);
#5753 = ORIENTED_EDGE('',*,*,#5754,.T.);
#5754 = EDGE_CURVE('',#3745,#4728,#5755,.T.);
#5755 = LINE('',#5756,#5757);
#5756 = CARTESIAN_POINT('',(-78.1625,122.968176,97.81));
#5757 = VECTOR('',#5758,1.);
#5758 = DIRECTION('',(0.,0.,1.));
#5759 = ORIENTED_EDGE('',*,*,#4751,.T.);
#5760 = PLANE('',#5761);
#5761 = AXIS2_PLACEMENT_3D('',#5762,#5763,#5764);
#5762 = CARTESIAN_POINT('',(-78.1625,122.968176,97.81));
#5763 = DIRECTION('',(0.,-1.,0.));
#5764 = DIRECTION('',(0.,0.,1.));
#5765 = ADVANCED_FACE('',(#5766),#5777,.T.);
#5766 = FACE_BOUND('',#5767,.T.);
#5767 = EDGE_LOOP('',(#5768,#5774,#5775,#5776));
#5768 = ORIENTED_EDGE('',*,*,#5769,.F.);
#5769 = EDGE_CURVE('',#3755,#4726,#5770,.T.);
#5770 = LINE('',#5771,#5772);
#5771 = CARTESIAN_POINT('',(-78.1625,138.568176,97.81));
#5772 = VECTOR('',#5773,1.);
#5773 = DIRECTION('',(0.,0.,1.));
#5774 = ORIENTED_EDGE('',*,*,#3754,.F.);
#5775 = ORIENTED_EDGE('',*,*,#5754,.T.);
#5776 = ORIENTED_EDGE('',*,*,#4725,.F.);
#5777 = PLANE('',#5778);
#5778 = AXIS2_PLACEMENT_3D('',#5779,#5780,#5781);
#5779 = CARTESIAN_POINT('',(-78.1625,138.568176,97.81));
#5780 = DIRECTION('',(-1.,0.,0.));
#5781 = DIRECTION('',(0.,0.,1.));
#5782 = ADVANCED_FACE('',(#5783),#5794,.F.);
#5783 = FACE_BOUND('',#5784,.F.);
#5784 = EDGE_LOOP('',(#5785,#5791,#5792,#5793));
#5785 = ORIENTED_EDGE('',*,*,#5786,.F.);
#5786 = EDGE_CURVE('',#3763,#4736,#5787,.T.);
#5787 = LINE('',#5788,#5789);
#5788 = CARTESIAN_POINT('',(-93.7625,138.568176,97.81));
#5789 = VECTOR('',#5790,1.);
#5790 = DIRECTION('',(0.,0.,1.));
#5791 = ORIENTED_EDGE('',*,*,#3770,.F.);
#5792 = ORIENTED_EDGE('',*,*,#5747,.T.);
#5793 = ORIENTED_EDGE('',*,*,#4743,.F.);
#5794 = PLANE('',#5795);
#5795 = AXIS2_PLACEMENT_3D('',#5796,#5797,#5798);
#5796 = CARTESIAN_POINT('',(-93.7625,138.568176,97.81));
#5797 = DIRECTION('',(-1.,0.,0.));
#5798 = DIRECTION('',(0.,0.,1.));
#5799 = ADVANCED_FACE('',(#5800),#5806,.T.);
#5800 = FACE_BOUND('',#5801,.T.);
#5801 = EDGE_LOOP('',(#5802,#5803,#5804,#5805));
#5802 = ORIENTED_EDGE('',*,*,#5786,.F.);
#5803 = ORIENTED_EDGE('',*,*,#3762,.F.);
#5804 = ORIENTED_EDGE('',*,*,#5769,.T.);
#5805 = ORIENTED_EDGE('',*,*,#4735,.T.);
#5806 = PLANE('',#5807);
#5807 = AXIS2_PLACEMENT_3D('',#5808,#5809,#5810);
#5808 = CARTESIAN_POINT('',(-78.1625,138.568176,97.81));
#5809 = DIRECTION('',(0.,-1.,0.));
#5810 = DIRECTION('',(0.,0.,1.));
#5811 = ADVANCED_FACE('',(#5812),#5828,.F.);
#5812 = FACE_BOUND('',#5813,.F.);
#5813 = EDGE_LOOP('',(#5814,#5820,#5821,#5827));
#5814 = ORIENTED_EDGE('',*,*,#5815,.F.);
#5815 = EDGE_CURVE('',#3784,#4790,#5816,.T.);
#5816 = LINE('',#5817,#5818);
#5817 = CARTESIAN_POINT('',(-74.7125,142.018176,97.81));
#5818 = VECTOR('',#5819,1.);
#5819 = DIRECTION('',(0.,0.,1.));
#5820 = ORIENTED_EDGE('',*,*,#3781,.F.);
#5821 = ORIENTED_EDGE('',*,*,#5822,.T.);
#5822 = EDGE_CURVE('',#3782,#4774,#5823,.T.);
#5823 = LINE('',#5824,#5825);
#5824 = CARTESIAN_POINT('',(-59.1125,142.018176,97.81));
#5825 = VECTOR('',#5826,1.);
#5826 = DIRECTION('',(0.,0.,1.));
#5827 = ORIENTED_EDGE('',*,*,#4797,.T.);
#5828 = PLANE('',#5829);
#5829 = AXIS2_PLACEMENT_3D('',#5830,#5831,#5832);
#5830 = CARTESIAN_POINT('',(-59.1125,142.018176,97.81));
#5831 = DIRECTION('',(0.,-1.,0.));
#5832 = DIRECTION('',(0.,0.,1.));
#5833 = ADVANCED_FACE('',(#5834),#5845,.T.);
#5834 = FACE_BOUND('',#5835,.T.);
#5835 = EDGE_LOOP('',(#5836,#5842,#5843,#5844));
#5836 = ORIENTED_EDGE('',*,*,#5837,.F.);
#5837 = EDGE_CURVE('',#3792,#4772,#5838,.T.);
#5838 = LINE('',#5839,#5840);
#5839 = CARTESIAN_POINT('',(-59.1125,157.618176,97.81));
#5840 = VECTOR('',#5841,1.);
#5841 = DIRECTION('',(0.,0.,1.));
#5842 = ORIENTED_EDGE('',*,*,#3791,.F.);
#5843 = ORIENTED_EDGE('',*,*,#5822,.T.);
#5844 = ORIENTED_EDGE('',*,*,#4771,.F.);
#5845 = PLANE('',#5846);
#5846 = AXIS2_PLACEMENT_3D('',#5847,#5848,#5849);
#5847 = CARTESIAN_POINT('',(-59.1125,157.618176,97.81));
#5848 = DIRECTION('',(-1.,0.,0.));
#5849 = DIRECTION('',(0.,0.,1.));
#5850 = ADVANCED_FACE('',(#5851),#5862,.F.);
#5851 = FACE_BOUND('',#5852,.F.);
#5852 = EDGE_LOOP('',(#5853,#5859,#5860,#5861));
#5853 = ORIENTED_EDGE('',*,*,#5854,.F.);
#5854 = EDGE_CURVE('',#3800,#4782,#5855,.T.);
#5855 = LINE('',#5856,#5857);
#5856 = CARTESIAN_POINT('',(-74.7125,157.618176,97.81));
#5857 = VECTOR('',#5858,1.);
#5858 = DIRECTION('',(0.,0.,1.));
#5859 = ORIENTED_EDGE('',*,*,#3807,.F.);
#5860 = ORIENTED_EDGE('',*,*,#5815,.T.);
#5861 = ORIENTED_EDGE('',*,*,#4789,.F.);
#5862 = PLANE('',#5863);
#5863 = AXIS2_PLACEMENT_3D('',#5864,#5865,#5866);
#5864 = CARTESIAN_POINT('',(-74.7125,157.618176,97.81));
#5865 = DIRECTION('',(-1.,0.,0.));
#5866 = DIRECTION('',(0.,0.,1.));
#5867 = ADVANCED_FACE('',(#5868),#5874,.T.);
#5868 = FACE_BOUND('',#5869,.T.);
#5869 = EDGE_LOOP('',(#5870,#5871,#5872,#5873));
#5870 = ORIENTED_EDGE('',*,*,#5854,.F.);
#5871 = ORIENTED_EDGE('',*,*,#3799,.F.);
#5872 = ORIENTED_EDGE('',*,*,#5837,.T.);
#5873 = ORIENTED_EDGE('',*,*,#4781,.T.);
#5874 = PLANE('',#5875);
#5875 = AXIS2_PLACEMENT_3D('',#5876,#5877,#5878);
#5876 = CARTESIAN_POINT('',(-59.1125,157.618176,97.81));
#5877 = DIRECTION('',(0.,-1.,0.));
#5878 = DIRECTION('',(0.,0.,1.));
#5879 = ADVANCED_FACE('',(#5880),#5896,.F.);
#5880 = FACE_BOUND('',#5881,.F.);
#5881 = EDGE_LOOP('',(#5882,#5888,#5889,#5895));
#5882 = ORIENTED_EDGE('',*,*,#5883,.F.);
#5883 = EDGE_CURVE('',#3818,#4836,#5884,.T.);
#5884 = LINE('',#5885,#5886);
#5885 = CARTESIAN_POINT('',(-74.7125,122.968176,97.81));
#5886 = VECTOR('',#5887,1.);
#5887 = DIRECTION('',(0.,0.,1.));
#5888 = ORIENTED_EDGE('',*,*,#3815,.F.);
#5889 = ORIENTED_EDGE('',*,*,#5890,.T.);
#5890 = EDGE_CURVE('',#3816,#4820,#5891,.T.);
#5891 = LINE('',#5892,#5893);
#5892 = CARTESIAN_POINT('',(-59.1125,122.968176,97.81));
#5893 = VECTOR('',#5894,1.);
#5894 = DIRECTION('',(0.,0.,1.));
#5895 = ORIENTED_EDGE('',*,*,#4843,.T.);
#5896 = PLANE('',#5897);
#5897 = AXIS2_PLACEMENT_3D('',#5898,#5899,#5900);
#5898 = CARTESIAN_POINT('',(-59.1125,122.968176,97.81));
#5899 = DIRECTION('',(0.,-1.,0.));
#5900 = DIRECTION('',(0.,0.,1.));
#5901 = ADVANCED_FACE('',(#5902),#5913,.T.);
#5902 = FACE_BOUND('',#5903,.T.);
#5903 = EDGE_LOOP('',(#5904,#5910,#5911,#5912));
#5904 = ORIENTED_EDGE('',*,*,#5905,.F.);
#5905 = EDGE_CURVE('',#3826,#4818,#5906,.T.);
#5906 = LINE('',#5907,#5908);
#5907 = CARTESIAN_POINT('',(-59.1125,138.568176,97.81));
#5908 = VECTOR('',#5909,1.);
#5909 = DIRECTION('',(0.,0.,1.));
#5910 = ORIENTED_EDGE('',*,*,#3825,.F.);
#5911 = ORIENTED_EDGE('',*,*,#5890,.T.);
#5912 = ORIENTED_EDGE('',*,*,#4817,.F.);
#5913 = PLANE('',#5914);
#5914 = AXIS2_PLACEMENT_3D('',#5915,#5916,#5917);
#5915 = CARTESIAN_POINT('',(-59.1125,138.568176,97.81));
#5916 = DIRECTION('',(-1.,0.,0.));
#5917 = DIRECTION('',(0.,0.,1.));
#5918 = ADVANCED_FACE('',(#5919),#5930,.F.);
#5919 = FACE_BOUND('',#5920,.F.);
#5920 = EDGE_LOOP('',(#5921,#5927,#5928,#5929));
#5921 = ORIENTED_EDGE('',*,*,#5922,.F.);
#5922 = EDGE_CURVE('',#3834,#4828,#5923,.T.);
#5923 = LINE('',#5924,#5925);
#5924 = CARTESIAN_POINT('',(-74.7125,138.568176,97.81));
#5925 = VECTOR('',#5926,1.);
#5926 = DIRECTION('',(0.,0.,1.));
#5927 = ORIENTED_EDGE('',*,*,#3841,.F.);
#5928 = ORIENTED_EDGE('',*,*,#5883,.T.);
#5929 = ORIENTED_EDGE('',*,*,#4835,.F.);
#5930 = PLANE('',#5931);
#5931 = AXIS2_PLACEMENT_3D('',#5932,#5933,#5934);
#5932 = CARTESIAN_POINT('',(-74.7125,138.568176,97.81));
#5933 = DIRECTION('',(-1.,0.,0.));
#5934 = DIRECTION('',(0.,0.,1.));
#5935 = ADVANCED_FACE('',(#5936),#5942,.T.);
#5936 = FACE_BOUND('',#5937,.T.);
#5937 = EDGE_LOOP('',(#5938,#5939,#5940,#5941));
#5938 = ORIENTED_EDGE('',*,*,#5922,.F.);
#5939 = ORIENTED_EDGE('',*,*,#3833,.F.);
#5940 = ORIENTED_EDGE('',*,*,#5905,.T.);
#5941 = ORIENTED_EDGE('',*,*,#4827,.T.);
#5942 = PLANE('',#5943);
#5943 = AXIS2_PLACEMENT_3D('',#5944,#5945,#5946);
#5944 = CARTESIAN_POINT('',(-59.1125,138.568176,97.81));
#5945 = DIRECTION('',(0.,-1.,0.));
#5946 = DIRECTION('',(0.,0.,1.));
#5947 = ADVANCED_FACE('',(#5948),#5964,.F.);
#5948 = FACE_BOUND('',#5949,.F.);
#5949 = EDGE_LOOP('',(#5950,#5956,#5957,#5963));
#5950 = ORIENTED_EDGE('',*,*,#5951,.F.);
#5951 = EDGE_CURVE('',#3858,#4882,#5952,.T.);
#5952 = LINE('',#5953,#5954);
#5953 = CARTESIAN_POINT('',(-131.8625,103.918176,97.81));
#5954 = VECTOR('',#5955,1.);
#5955 = DIRECTION('',(0.,0.,1.));
#5956 = ORIENTED_EDGE('',*,*,#3855,.F.);
#5957 = ORIENTED_EDGE('',*,*,#5958,.T.);
#5958 = EDGE_CURVE('',#3856,#4866,#5959,.T.);
#5959 = LINE('',#5960,#5961);
#5960 = CARTESIAN_POINT('',(-116.2625,103.918176,97.81));
#5961 = VECTOR('',#5962,1.);
#5962 = DIRECTION('',(0.,0.,1.));
#5963 = ORIENTED_EDGE('',*,*,#4889,.T.);
#5964 = PLANE('',#5965);
#5965 = AXIS2_PLACEMENT_3D('',#5966,#5967,#5968);
#5966 = CARTESIAN_POINT('',(-116.2625,103.918176,97.81));
#5967 = DIRECTION('',(0.,-1.,0.));
#5968 = DIRECTION('',(0.,0.,1.));
#5969 = ADVANCED_FACE('',(#5970),#5981,.T.);
#5970 = FACE_BOUND('',#5971,.T.);
#5971 = EDGE_LOOP('',(#5972,#5978,#5979,#5980));
#5972 = ORIENTED_EDGE('',*,*,#5973,.F.);
#5973 = EDGE_CURVE('',#3866,#4864,#5974,.T.);
#5974 = LINE('',#5975,#5976);
#5975 = CARTESIAN_POINT('',(-116.2625,119.518176,97.81));
#5976 = VECTOR('',#5977,1.);
#5977 = DIRECTION('',(0.,0.,1.));
#5978 = ORIENTED_EDGE('',*,*,#3865,.F.);
#5979 = ORIENTED_EDGE('',*,*,#5958,.T.);
#5980 = ORIENTED_EDGE('',*,*,#4863,.F.);
#5981 = PLANE('',#5982);
#5982 = AXIS2_PLACEMENT_3D('',#5983,#5984,#5985);
#5983 = CARTESIAN_POINT('',(-116.2625,119.518176,97.81));
#5984 = DIRECTION('',(-1.,0.,0.));
#5985 = DIRECTION('',(0.,0.,1.));
#5986 = ADVANCED_FACE('',(#5987),#5998,.F.);
#5987 = FACE_BOUND('',#5988,.F.);
#5988 = EDGE_LOOP('',(#5989,#5995,#5996,#5997));
#5989 = ORIENTED_EDGE('',*,*,#5990,.F.);
#5990 = EDGE_CURVE('',#3874,#4874,#5991,.T.);
#5991 = LINE('',#5992,#5993);
#5992 = CARTESIAN_POINT('',(-131.8625,119.518176,97.81));
#5993 = VECTOR('',#5994,1.);
#5994 = DIRECTION('',(0.,0.,1.));
#5995 = ORIENTED_EDGE('',*,*,#3881,.F.);
#5996 = ORIENTED_EDGE('',*,*,#5951,.T.);
#5997 = ORIENTED_EDGE('',*,*,#4881,.F.);
#5998 = PLANE('',#5999);
#5999 = AXIS2_PLACEMENT_3D('',#6000,#6001,#6002);
#6000 = CARTESIAN_POINT('',(-131.8625,119.518176,97.81));
#6001 = DIRECTION('',(-1.,0.,0.));
#6002 = DIRECTION('',(0.,0.,1.));
#6003 = ADVANCED_FACE('',(#6004),#6010,.T.);
#6004 = FACE_BOUND('',#6005,.T.);
#6005 = EDGE_LOOP('',(#6006,#6007,#6008,#6009));
#6006 = ORIENTED_EDGE('',*,*,#5990,.F.);
#6007 = ORIENTED_EDGE('',*,*,#3873,.F.);
#6008 = ORIENTED_EDGE('',*,*,#5973,.T.);
#6009 = ORIENTED_EDGE('',*,*,#4873,.T.);
#6010 = PLANE('',#6011);
#6011 = AXIS2_PLACEMENT_3D('',#6012,#6013,#6014);
#6012 = CARTESIAN_POINT('',(-116.2625,119.518176,97.81));
#6013 = DIRECTION('',(0.,-1.,0.));
#6014 = DIRECTION('',(0.,0.,1.));
#6015 = ADVANCED_FACE('',(#6016),#6032,.F.);
#6016 = FACE_BOUND('',#6017,.F.);
#6017 = EDGE_LOOP('',(#6018,#6024,#6025,#6031));
#6018 = ORIENTED_EDGE('',*,*,#6019,.F.);
#6019 = EDGE_CURVE('',#3892,#4928,#6020,.T.);
#6020 = LINE('',#6021,#6022);
#6021 = CARTESIAN_POINT('',(-112.8125,103.918176,97.81));
#6022 = VECTOR('',#6023,1.);
#6023 = DIRECTION('',(0.,0.,1.));
#6024 = ORIENTED_EDGE('',*,*,#3889,.F.);
#6025 = ORIENTED_EDGE('',*,*,#6026,.T.);
#6026 = EDGE_CURVE('',#3890,#4912,#6027,.T.);
#6027 = LINE('',#6028,#6029);
#6028 = CARTESIAN_POINT('',(-97.2125,103.918176,97.81));
#6029 = VECTOR('',#6030,1.);
#6030 = DIRECTION('',(0.,0.,1.));
#6031 = ORIENTED_EDGE('',*,*,#4935,.T.);
#6032 = PLANE('',#6033);
#6033 = AXIS2_PLACEMENT_3D('',#6034,#6035,#6036);
#6034 = CARTESIAN_POINT('',(-97.2125,103.918176,97.81));
#6035 = DIRECTION('',(0.,-1.,0.));
#6036 = DIRECTION('',(0.,0.,1.));
#6037 = ADVANCED_FACE('',(#6038),#6049,.T.);
#6038 = FACE_BOUND('',#6039,.T.);
#6039 = EDGE_LOOP('',(#6040,#6046,#6047,#6048));
#6040 = ORIENTED_EDGE('',*,*,#6041,.F.);
#6041 = EDGE_CURVE('',#3900,#4910,#6042,.T.);
#6042 = LINE('',#6043,#6044);
#6043 = CARTESIAN_POINT('',(-97.2125,119.518176,97.81));
#6044 = VECTOR('',#6045,1.);
#6045 = DIRECTION('',(0.,0.,1.));
#6046 = ORIENTED_EDGE('',*,*,#3899,.F.);
#6047 = ORIENTED_EDGE('',*,*,#6026,.T.);
#6048 = ORIENTED_EDGE('',*,*,#4909,.F.);
#6049 = PLANE('',#6050);
#6050 = AXIS2_PLACEMENT_3D('',#6051,#6052,#6053);
#6051 = CARTESIAN_POINT('',(-97.2125,119.518176,97.81));
#6052 = DIRECTION('',(-1.,0.,0.));
#6053 = DIRECTION('',(0.,0.,1.));
#6054 = ADVANCED_FACE('',(#6055),#6066,.F.);
#6055 = FACE_BOUND('',#6056,.F.);
#6056 = EDGE_LOOP('',(#6057,#6063,#6064,#6065));
#6057 = ORIENTED_EDGE('',*,*,#6058,.F.);
#6058 = EDGE_CURVE('',#3908,#4920,#6059,.T.);
#6059 = LINE('',#6060,#6061);
#6060 = CARTESIAN_POINT('',(-112.8125,119.518176,97.81));
#6061 = VECTOR('',#6062,1.);
#6062 = DIRECTION('',(0.,0.,1.));
#6063 = ORIENTED_EDGE('',*,*,#3915,.F.);
#6064 = ORIENTED_EDGE('',*,*,#6019,.T.);
#6065 = ORIENTED_EDGE('',*,*,#4927,.F.);
#6066 = PLANE('',#6067);
#6067 = AXIS2_PLACEMENT_3D('',#6068,#6069,#6070);
#6068 = CARTESIAN_POINT('',(-112.8125,119.518176,97.81));
#6069 = DIRECTION('',(-1.,0.,0.));
#6070 = DIRECTION('',(0.,0.,1.));
#6071 = ADVANCED_FACE('',(#6072),#6078,.T.);
#6072 = FACE_BOUND('',#6073,.T.);
#6073 = EDGE_LOOP('',(#6074,#6075,#6076,#6077));
#6074 = ORIENTED_EDGE('',*,*,#6058,.F.);
#6075 = ORIENTED_EDGE('',*,*,#3907,.F.);
#6076 = ORIENTED_EDGE('',*,*,#6041,.T.);
#6077 = ORIENTED_EDGE('',*,*,#4919,.T.);
#6078 = PLANE('',#6079);
#6079 = AXIS2_PLACEMENT_3D('',#6080,#6081,#6082);
#6080 = CARTESIAN_POINT('',(-97.2125,119.518176,97.81));
#6081 = DIRECTION('',(0.,-1.,0.));
#6082 = DIRECTION('',(0.,0.,1.));
#6083 = ADVANCED_FACE('',(#6084),#6100,.F.);
#6084 = FACE_BOUND('',#6085,.F.);
#6085 = EDGE_LOOP('',(#6086,#6092,#6093,#6099));
#6086 = ORIENTED_EDGE('',*,*,#6087,.F.);
#6087 = EDGE_CURVE('',#3929,#4974,#6088,.T.);
#6088 = LINE('',#6089,#6090);
#6089 = CARTESIAN_POINT('',(-131.8625,84.868176,97.81));
#6090 = VECTOR('',#6091,1.);
#6091 = DIRECTION('',(0.,0.,1.));
#6092 = ORIENTED_EDGE('',*,*,#3926,.F.);
#6093 = ORIENTED_EDGE('',*,*,#6094,.T.);
#6094 = EDGE_CURVE('',#3927,#4958,#6095,.T.);
#6095 = LINE('',#6096,#6097);
#6096 = CARTESIAN_POINT('',(-116.2625,84.868176,97.81));
#6097 = VECTOR('',#6098,1.);
#6098 = DIRECTION('',(0.,0.,1.));
#6099 = ORIENTED_EDGE('',*,*,#4981,.T.);
#6100 = PLANE('',#6101);
#6101 = AXIS2_PLACEMENT_3D('',#6102,#6103,#6104);
#6102 = CARTESIAN_POINT('',(-116.2625,84.868176,97.81));
#6103 = DIRECTION('',(0.,-1.,0.));
#6104 = DIRECTION('',(0.,0.,1.));
#6105 = ADVANCED_FACE('',(#6106),#6117,.T.);
#6106 = FACE_BOUND('',#6107,.T.);
#6107 = EDGE_LOOP('',(#6108,#6114,#6115,#6116));
#6108 = ORIENTED_EDGE('',*,*,#6109,.F.);
#6109 = EDGE_CURVE('',#3937,#4956,#6110,.T.);
#6110 = LINE('',#6111,#6112);
#6111 = CARTESIAN_POINT('',(-116.2625,100.468176,97.81));
#6112 = VECTOR('',#6113,1.);
#6113 = DIRECTION('',(0.,0.,1.));
#6114 = ORIENTED_EDGE('',*,*,#3936,.F.);
#6115 = ORIENTED_EDGE('',*,*,#6094,.T.);
#6116 = ORIENTED_EDGE('',*,*,#4955,.F.);
#6117 = PLANE('',#6118);
#6118 = AXIS2_PLACEMENT_3D('',#6119,#6120,#6121);
#6119 = CARTESIAN_POINT('',(-116.2625,100.468176,97.81));
#6120 = DIRECTION('',(-1.,0.,0.));
#6121 = DIRECTION('',(0.,0.,1.));
#6122 = ADVANCED_FACE('',(#6123),#6134,.F.);
#6123 = FACE_BOUND('',#6124,.F.);
#6124 = EDGE_LOOP('',(#6125,#6131,#6132,#6133));
#6125 = ORIENTED_EDGE('',*,*,#6126,.F.);
#6126 = EDGE_CURVE('',#3945,#4966,#6127,.T.);
#6127 = LINE('',#6128,#6129);
#6128 = CARTESIAN_POINT('',(-131.8625,100.468176,97.81));
#6129 = VECTOR('',#6130,1.);
#6130 = DIRECTION('',(0.,0.,1.));
#6131 = ORIENTED_EDGE('',*,*,#3952,.F.);
#6132 = ORIENTED_EDGE('',*,*,#6087,.T.);
#6133 = ORIENTED_EDGE('',*,*,#4973,.F.);
#6134 = PLANE('',#6135);
#6135 = AXIS2_PLACEMENT_3D('',#6136,#6137,#6138);
#6136 = CARTESIAN_POINT('',(-131.8625,100.468176,97.81));
#6137 = DIRECTION('',(-1.,0.,0.));
#6138 = DIRECTION('',(0.,0.,1.));
#6139 = ADVANCED_FACE('',(#6140),#6146,.T.);
#6140 = FACE_BOUND('',#6141,.T.);
#6141 = EDGE_LOOP('',(#6142,#6143,#6144,#6145));
#6142 = ORIENTED_EDGE('',*,*,#6126,.F.);
#6143 = ORIENTED_EDGE('',*,*,#3944,.F.);
#6144 = ORIENTED_EDGE('',*,*,#6109,.T.);
#6145 = ORIENTED_EDGE('',*,*,#4965,.T.);
#6146 = PLANE('',#6147);
#6147 = AXIS2_PLACEMENT_3D('',#6148,#6149,#6150);
#6148 = CARTESIAN_POINT('',(-116.2625,100.468176,97.81));
#6149 = DIRECTION('',(0.,-1.,0.));
#6150 = DIRECTION('',(0.,0.,1.));
#6151 = ADVANCED_FACE('',(#6152),#6168,.F.);
#6152 = FACE_BOUND('',#6153,.F.);
#6153 = EDGE_LOOP('',(#6154,#6160,#6161,#6167));
#6154 = ORIENTED_EDGE('',*,*,#6155,.F.);
#6155 = EDGE_CURVE('',#3963,#5020,#6156,.T.);
#6156 = LINE('',#6157,#6158);
#6157 = CARTESIAN_POINT('',(-112.8125,84.868176,97.81));
#6158 = VECTOR('',#6159,1.);
#6159 = DIRECTION('',(0.,0.,1.));
#6160 = ORIENTED_EDGE('',*,*,#3960,.F.);
#6161 = ORIENTED_EDGE('',*,*,#6162,.T.);
#6162 = EDGE_CURVE('',#3961,#5004,#6163,.T.);
#6163 = LINE('',#6164,#6165);
#6164 = CARTESIAN_POINT('',(-97.2125,84.868176,97.81));
#6165 = VECTOR('',#6166,1.);
#6166 = DIRECTION('',(0.,0.,1.));
#6167 = ORIENTED_EDGE('',*,*,#5027,.T.);
#6168 = PLANE('',#6169);
#6169 = AXIS2_PLACEMENT_3D('',#6170,#6171,#6172);
#6170 = CARTESIAN_POINT('',(-97.2125,84.868176,97.81));
#6171 = DIRECTION('',(0.,-1.,0.));
#6172 = DIRECTION('',(0.,0.,1.));
#6173 = ADVANCED_FACE('',(#6174),#6185,.T.);
#6174 = FACE_BOUND('',#6175,.T.);
#6175 = EDGE_LOOP('',(#6176,#6182,#6183,#6184));
#6176 = ORIENTED_EDGE('',*,*,#6177,.F.);
#6177 = EDGE_CURVE('',#3971,#5002,#6178,.T.);
#6178 = LINE('',#6179,#6180);
#6179 = CARTESIAN_POINT('',(-97.2125,100.468176,97.81));
#6180 = VECTOR('',#6181,1.);
#6181 = DIRECTION('',(0.,0.,1.));
#6182 = ORIENTED_EDGE('',*,*,#3970,.F.);
#6183 = ORIENTED_EDGE('',*,*,#6162,.T.);
#6184 = ORIENTED_EDGE('',*,*,#5001,.F.);
#6185 = PLANE('',#6186);
#6186 = AXIS2_PLACEMENT_3D('',#6187,#6188,#6189);
#6187 = CARTESIAN_POINT('',(-97.2125,100.468176,97.81));
#6188 = DIRECTION('',(-1.,0.,0.));
#6189 = DIRECTION('',(0.,0.,1.));
#6190 = ADVANCED_FACE('',(#6191),#6202,.F.);
#6191 = FACE_BOUND('',#6192,.F.);
#6192 = EDGE_LOOP('',(#6193,#6199,#6200,#6201));
#6193 = ORIENTED_EDGE('',*,*,#6194,.F.);
#6194 = EDGE_CURVE('',#3979,#5012,#6195,.T.);
#6195 = LINE('',#6196,#6197);
#6196 = CARTESIAN_POINT('',(-112.8125,100.468176,97.81));
#6197 = VECTOR('',#6198,1.);
#6198 = DIRECTION('',(0.,0.,1.));
#6199 = ORIENTED_EDGE('',*,*,#3986,.F.);
#6200 = ORIENTED_EDGE('',*,*,#6155,.T.);
#6201 = ORIENTED_EDGE('',*,*,#5019,.F.);
#6202 = PLANE('',#6203);
#6203 = AXIS2_PLACEMENT_3D('',#6204,#6205,#6206);
#6204 = CARTESIAN_POINT('',(-112.8125,100.468176,97.81));
#6205 = DIRECTION('',(-1.,0.,0.));
#6206 = DIRECTION('',(0.,0.,1.));
#6207 = ADVANCED_FACE('',(#6208),#6214,.T.);
#6208 = FACE_BOUND('',#6209,.T.);
#6209 = EDGE_LOOP('',(#6210,#6211,#6212,#6213));
#6210 = ORIENTED_EDGE('',*,*,#6194,.F.);
#6211 = ORIENTED_EDGE('',*,*,#3978,.F.);
#6212 = ORIENTED_EDGE('',*,*,#6177,.T.);
#6213 = ORIENTED_EDGE('',*,*,#5011,.T.);
#6214 = PLANE('',#6215);
#6215 = AXIS2_PLACEMENT_3D('',#6216,#6217,#6218);
#6216 = CARTESIAN_POINT('',(-97.2125,100.468176,97.81));
#6217 = DIRECTION('',(0.,-1.,0.));
#6218 = DIRECTION('',(0.,0.,1.));
#6219 = ADVANCED_FACE('',(#6220),#6236,.F.);
#6220 = FACE_BOUND('',#6221,.F.);
#6221 = EDGE_LOOP('',(#6222,#6228,#6229,#6235));
#6222 = ORIENTED_EDGE('',*,*,#6223,.F.);
#6223 = EDGE_CURVE('',#3997,#5066,#6224,.T.);
#6224 = LINE('',#6225,#6226);
#6225 = CARTESIAN_POINT('',(-93.7625,103.918176,97.81));
#6226 = VECTOR('',#6227,1.);
#6227 = DIRECTION('',(0.,0.,1.));
#6228 = ORIENTED_EDGE('',*,*,#3994,.F.);
#6229 = ORIENTED_EDGE('',*,*,#6230,.T.);
#6230 = EDGE_CURVE('',#3995,#5050,#6231,.T.);
#6231 = LINE('',#6232,#6233);
#6232 = CARTESIAN_POINT('',(-78.1625,103.918176,97.81));
#6233 = VECTOR('',#6234,1.);
#6234 = DIRECTION('',(0.,0.,1.));
#6235 = ORIENTED_EDGE('',*,*,#5073,.T.);
#6236 = PLANE('',#6237);
#6237 = AXIS2_PLACEMENT_3D('',#6238,#6239,#6240);
#6238 = CARTESIAN_POINT('',(-78.1625,103.918176,97.81));
#6239 = DIRECTION('',(0.,-1.,0.));
#6240 = DIRECTION('',(0.,0.,1.));
#6241 = ADVANCED_FACE('',(#6242),#6253,.T.);
#6242 = FACE_BOUND('',#6243,.T.);
#6243 = EDGE_LOOP('',(#6244,#6250,#6251,#6252));
#6244 = ORIENTED_EDGE('',*,*,#6245,.F.);
#6245 = EDGE_CURVE('',#4005,#5048,#6246,.T.);
#6246 = LINE('',#6247,#6248);
#6247 = CARTESIAN_POINT('',(-78.1625,119.518176,97.81));
#6248 = VECTOR('',#6249,1.);
#6249 = DIRECTION('',(0.,0.,1.));
#6250 = ORIENTED_EDGE('',*,*,#4004,.F.);
#6251 = ORIENTED_EDGE('',*,*,#6230,.T.);
#6252 = ORIENTED_EDGE('',*,*,#5047,.F.);
#6253 = PLANE('',#6254);
#6254 = AXIS2_PLACEMENT_3D('',#6255,#6256,#6257);
#6255 = CARTESIAN_POINT('',(-78.1625,119.518176,97.81));
#6256 = DIRECTION('',(-1.,0.,0.));
#6257 = DIRECTION('',(0.,0.,1.));
#6258 = ADVANCED_FACE('',(#6259),#6270,.F.);
#6259 = FACE_BOUND('',#6260,.F.);
#6260 = EDGE_LOOP('',(#6261,#6267,#6268,#6269));
#6261 = ORIENTED_EDGE('',*,*,#6262,.F.);
#6262 = EDGE_CURVE('',#4013,#5058,#6263,.T.);
#6263 = LINE('',#6264,#6265);
#6264 = CARTESIAN_POINT('',(-93.7625,119.518176,97.81));
#6265 = VECTOR('',#6266,1.);
#6266 = DIRECTION('',(0.,0.,1.));
#6267 = ORIENTED_EDGE('',*,*,#4020,.F.);
#6268 = ORIENTED_EDGE('',*,*,#6223,.T.);
#6269 = ORIENTED_EDGE('',*,*,#5065,.F.);
#6270 = PLANE('',#6271);
#6271 = AXIS2_PLACEMENT_3D('',#6272,#6273,#6274);
#6272 = CARTESIAN_POINT('',(-93.7625,119.518176,97.81));
#6273 = DIRECTION('',(-1.,0.,0.));
#6274 = DIRECTION('',(0.,0.,1.));
#6275 = ADVANCED_FACE('',(#6276),#6282,.T.);
#6276 = FACE_BOUND('',#6277,.T.);
#6277 = EDGE_LOOP('',(#6278,#6279,#6280,#6281));
#6278 = ORIENTED_EDGE('',*,*,#6262,.F.);
#6279 = ORIENTED_EDGE('',*,*,#4012,.F.);
#6280 = ORIENTED_EDGE('',*,*,#6245,.T.);
#6281 = ORIENTED_EDGE('',*,*,#5057,.T.);
#6282 = PLANE('',#6283);
#6283 = AXIS2_PLACEMENT_3D('',#6284,#6285,#6286);
#6284 = CARTESIAN_POINT('',(-78.1625,119.518176,97.81));
#6285 = DIRECTION('',(0.,-1.,0.));
#6286 = DIRECTION('',(0.,0.,1.));
#6287 = ADVANCED_FACE('',(#6288),#6304,.F.);
#6288 = FACE_BOUND('',#6289,.F.);
#6289 = EDGE_LOOP('',(#6290,#6296,#6297,#6303));
#6290 = ORIENTED_EDGE('',*,*,#6291,.F.);
#6291 = EDGE_CURVE('',#4031,#5112,#6292,.T.);
#6292 = LINE('',#6293,#6294);
#6293 = CARTESIAN_POINT('',(-74.7125,103.918176,97.81));
#6294 = VECTOR('',#6295,1.);
#6295 = DIRECTION('',(0.,0.,1.));
#6296 = ORIENTED_EDGE('',*,*,#4028,.F.);
#6297 = ORIENTED_EDGE('',*,*,#6298,.T.);
#6298 = EDGE_CURVE('',#4029,#5096,#6299,.T.);
#6299 = LINE('',#6300,#6301);
#6300 = CARTESIAN_POINT('',(-59.1125,103.918176,97.81));
#6301 = VECTOR('',#6302,1.);
#6302 = DIRECTION('',(0.,0.,1.));
#6303 = ORIENTED_EDGE('',*,*,#5119,.T.);
#6304 = PLANE('',#6305);
#6305 = AXIS2_PLACEMENT_3D('',#6306,#6307,#6308);
#6306 = CARTESIAN_POINT('',(-59.1125,103.918176,97.81));
#6307 = DIRECTION('',(0.,-1.,0.));
#6308 = DIRECTION('',(0.,0.,1.));
#6309 = ADVANCED_FACE('',(#6310),#6321,.T.);
#6310 = FACE_BOUND('',#6311,.T.);
#6311 = EDGE_LOOP('',(#6312,#6318,#6319,#6320));
#6312 = ORIENTED_EDGE('',*,*,#6313,.F.);
#6313 = EDGE_CURVE('',#4039,#5094,#6314,.T.);
#6314 = LINE('',#6315,#6316);
#6315 = CARTESIAN_POINT('',(-59.1125,119.518176,97.81));
#6316 = VECTOR('',#6317,1.);
#6317 = DIRECTION('',(0.,0.,1.));
#6318 = ORIENTED_EDGE('',*,*,#4038,.F.);
#6319 = ORIENTED_EDGE('',*,*,#6298,.T.);
#6320 = ORIENTED_EDGE('',*,*,#5093,.F.);
#6321 = PLANE('',#6322);
#6322 = AXIS2_PLACEMENT_3D('',#6323,#6324,#6325);
#6323 = CARTESIAN_POINT('',(-59.1125,119.518176,97.81));
#6324 = DIRECTION('',(-1.,0.,0.));
#6325 = DIRECTION('',(0.,0.,1.));
#6326 = ADVANCED_FACE('',(#6327),#6338,.F.);
#6327 = FACE_BOUND('',#6328,.F.);
#6328 = EDGE_LOOP('',(#6329,#6335,#6336,#6337));
#6329 = ORIENTED_EDGE('',*,*,#6330,.F.);
#6330 = EDGE_CURVE('',#4047,#5104,#6331,.T.);
#6331 = LINE('',#6332,#6333);
#6332 = CARTESIAN_POINT('',(-74.7125,119.518176,97.81));
#6333 = VECTOR('',#6334,1.);
#6334 = DIRECTION('',(0.,0.,1.));
#6335 = ORIENTED_EDGE('',*,*,#4054,.F.);
#6336 = ORIENTED_EDGE('',*,*,#6291,.T.);
#6337 = ORIENTED_EDGE('',*,*,#5111,.F.);
#6338 = PLANE('',#6339);
#6339 = AXIS2_PLACEMENT_3D('',#6340,#6341,#6342);
#6340 = CARTESIAN_POINT('',(-74.7125,119.518176,97.81));
#6341 = DIRECTION('',(-1.,0.,0.));
#6342 = DIRECTION('',(0.,0.,1.));
#6343 = ADVANCED_FACE('',(#6344),#6350,.T.);
#6344 = FACE_BOUND('',#6345,.T.);
#6345 = EDGE_LOOP('',(#6346,#6347,#6348,#6349));
#6346 = ORIENTED_EDGE('',*,*,#6330,.F.);
#6347 = ORIENTED_EDGE('',*,*,#4046,.F.);
#6348 = ORIENTED_EDGE('',*,*,#6313,.T.);
#6349 = ORIENTED_EDGE('',*,*,#5103,.T.);
#6350 = PLANE('',#6351);
#6351 = AXIS2_PLACEMENT_3D('',#6352,#6353,#6354);
#6352 = CARTESIAN_POINT('',(-59.1125,119.518176,97.81));
#6353 = DIRECTION('',(0.,-1.,0.));
#6354 = DIRECTION('',(0.,0.,1.));
#6355 = ADVANCED_FACE('',(#6356),#6372,.F.);
#6356 = FACE_BOUND('',#6357,.F.);
#6357 = EDGE_LOOP('',(#6358,#6364,#6365,#6371));
#6358 = ORIENTED_EDGE('',*,*,#6359,.F.);
#6359 = EDGE_CURVE('',#4071,#5158,#6360,.T.);
#6360 = LINE('',#6361,#6362);
#6361 = CARTESIAN_POINT('',(-93.7625,84.868176,97.81));
#6362 = VECTOR('',#6363,1.);
#6363 = DIRECTION('',(0.,0.,1.));
#6364 = ORIENTED_EDGE('',*,*,#4068,.F.);
#6365 = ORIENTED_EDGE('',*,*,#6366,.T.);
#6366 = EDGE_CURVE('',#4069,#5142,#6367,.T.);
#6367 = LINE('',#6368,#6369);
#6368 = CARTESIAN_POINT('',(-78.1625,84.868176,97.81));
#6369 = VECTOR('',#6370,1.);
#6370 = DIRECTION('',(0.,0.,1.));
#6371 = ORIENTED_EDGE('',*,*,#5165,.T.);
#6372 = PLANE('',#6373);
#6373 = AXIS2_PLACEMENT_3D('',#6374,#6375,#6376);
#6374 = CARTESIAN_POINT('',(-78.1625,84.868176,97.81));
#6375 = DIRECTION('',(0.,-1.,0.));
#6376 = DIRECTION('',(0.,0.,1.));
#6377 = ADVANCED_FACE('',(#6378),#6389,.T.);
#6378 = FACE_BOUND('',#6379,.T.);
#6379 = EDGE_LOOP('',(#6380,#6386,#6387,#6388));
#6380 = ORIENTED_EDGE('',*,*,#6381,.F.);
#6381 = EDGE_CURVE('',#4079,#5140,#6382,.T.);
#6382 = LINE('',#6383,#6384);
#6383 = CARTESIAN_POINT('',(-78.1625,100.468176,97.81));
#6384 = VECTOR('',#6385,1.);
#6385 = DIRECTION('',(0.,0.,1.));
#6386 = ORIENTED_EDGE('',*,*,#4078,.F.);
#6387 = ORIENTED_EDGE('',*,*,#6366,.T.);
#6388 = ORIENTED_EDGE('',*,*,#5139,.F.);
#6389 = PLANE('',#6390);
#6390 = AXIS2_PLACEMENT_3D('',#6391,#6392,#6393);
#6391 = CARTESIAN_POINT('',(-78.1625,100.468176,97.81));
#6392 = DIRECTION('',(-1.,0.,0.));
#6393 = DIRECTION('',(0.,0.,1.));
#6394 = ADVANCED_FACE('',(#6395),#6406,.F.);
#6395 = FACE_BOUND('',#6396,.F.);
#6396 = EDGE_LOOP('',(#6397,#6403,#6404,#6405));
#6397 = ORIENTED_EDGE('',*,*,#6398,.F.);
#6398 = EDGE_CURVE('',#4087,#5150,#6399,.T.);
#6399 = LINE('',#6400,#6401);
#6400 = CARTESIAN_POINT('',(-93.7625,100.468176,97.81));
#6401 = VECTOR('',#6402,1.);
#6402 = DIRECTION('',(0.,0.,1.));
#6403 = ORIENTED_EDGE('',*,*,#4094,.F.);
#6404 = ORIENTED_EDGE('',*,*,#6359,.T.);
#6405 = ORIENTED_EDGE('',*,*,#5157,.F.);
#6406 = PLANE('',#6407);
#6407 = AXIS2_PLACEMENT_3D('',#6408,#6409,#6410);
#6408 = CARTESIAN_POINT('',(-93.7625,100.468176,97.81));
#6409 = DIRECTION('',(-1.,0.,0.));
#6410 = DIRECTION('',(0.,0.,1.));
#6411 = ADVANCED_FACE('',(#6412),#6418,.T.);
#6412 = FACE_BOUND('',#6413,.T.);
#6413 = EDGE_LOOP('',(#6414,#6415,#6416,#6417));
#6414 = ORIENTED_EDGE('',*,*,#6398,.F.);
#6415 = ORIENTED_EDGE('',*,*,#4086,.F.);
#6416 = ORIENTED_EDGE('',*,*,#6381,.T.);
#6417 = ORIENTED_EDGE('',*,*,#5149,.T.);
#6418 = PLANE('',#6419);
#6419 = AXIS2_PLACEMENT_3D('',#6420,#6421,#6422);
#6420 = CARTESIAN_POINT('',(-78.1625,100.468176,97.81));
#6421 = DIRECTION('',(0.,-1.,0.));
#6422 = DIRECTION('',(0.,0.,1.));
#6423 = ADVANCED_FACE('',(#6424),#6440,.F.);
#6424 = FACE_BOUND('',#6425,.F.);
#6425 = EDGE_LOOP('',(#6426,#6432,#6433,#6439));
#6426 = ORIENTED_EDGE('',*,*,#6427,.F.);
#6427 = EDGE_CURVE('',#4105,#5204,#6428,.T.);
#6428 = LINE('',#6429,#6430);
#6429 = CARTESIAN_POINT('',(-74.7125,84.868176,97.81));
#6430 = VECTOR('',#6431,1.);
#6431 = DIRECTION('',(0.,0.,1.));
#6432 = ORIENTED_EDGE('',*,*,#4102,.F.);
#6433 = ORIENTED_EDGE('',*,*,#6434,.T.);
#6434 = EDGE_CURVE('',#4103,#5188,#6435,.T.);
#6435 = LINE('',#6436,#6437);
#6436 = CARTESIAN_POINT('',(-59.1125,84.868176,97.81));
#6437 = VECTOR('',#6438,1.);
#6438 = DIRECTION('',(0.,0.,1.));
#6439 = ORIENTED_EDGE('',*,*,#5211,.T.);
#6440 = PLANE('',#6441);
#6441 = AXIS2_PLACEMENT_3D('',#6442,#6443,#6444);
#6442 = CARTESIAN_POINT('',(-59.1125,84.868176,97.81));
#6443 = DIRECTION('',(0.,-1.,0.));
#6444 = DIRECTION('',(0.,0.,1.));
#6445 = ADVANCED_FACE('',(#6446),#6457,.T.);
#6446 = FACE_BOUND('',#6447,.T.);
#6447 = EDGE_LOOP('',(#6448,#6454,#6455,#6456));
#6448 = ORIENTED_EDGE('',*,*,#6449,.F.);
#6449 = EDGE_CURVE('',#4113,#5186,#6450,.T.);
#6450 = LINE('',#6451,#6452);
#6451 = CARTESIAN_POINT('',(-59.1125,100.468176,97.81));
#6452 = VECTOR('',#6453,1.);
#6453 = DIRECTION('',(0.,0.,1.));
#6454 = ORIENTED_EDGE('',*,*,#4112,.F.);
#6455 = ORIENTED_EDGE('',*,*,#6434,.T.);
#6456 = ORIENTED_EDGE('',*,*,#5185,.F.);
#6457 = PLANE('',#6458);
#6458 = AXIS2_PLACEMENT_3D('',#6459,#6460,#6461);
#6459 = CARTESIAN_POINT('',(-59.1125,100.468176,97.81));
#6460 = DIRECTION('',(-1.,0.,0.));
#6461 = DIRECTION('',(0.,0.,1.));
#6462 = ADVANCED_FACE('',(#6463),#6474,.F.);
#6463 = FACE_BOUND('',#6464,.F.);
#6464 = EDGE_LOOP('',(#6465,#6471,#6472,#6473));
#6465 = ORIENTED_EDGE('',*,*,#6466,.F.);
#6466 = EDGE_CURVE('',#4121,#5196,#6467,.T.);
#6467 = LINE('',#6468,#6469);
#6468 = CARTESIAN_POINT('',(-74.7125,100.468176,97.81));
#6469 = VECTOR('',#6470,1.);
#6470 = DIRECTION('',(0.,0.,1.));
#6471 = ORIENTED_EDGE('',*,*,#4128,.F.);
#6472 = ORIENTED_EDGE('',*,*,#6427,.T.);
#6473 = ORIENTED_EDGE('',*,*,#5203,.F.);
#6474 = PLANE('',#6475);
#6475 = AXIS2_PLACEMENT_3D('',#6476,#6477,#6478);
#6476 = CARTESIAN_POINT('',(-74.7125,100.468176,97.81));
#6477 = DIRECTION('',(-1.,0.,0.));
#6478 = DIRECTION('',(0.,0.,1.));
#6479 = ADVANCED_FACE('',(#6480),#6486,.T.);
#6480 = FACE_BOUND('',#6481,.T.);
#6481 = EDGE_LOOP('',(#6482,#6483,#6484,#6485));
#6482 = ORIENTED_EDGE('',*,*,#6466,.F.);
#6483 = ORIENTED_EDGE('',*,*,#4120,.F.);
#6484 = ORIENTED_EDGE('',*,*,#6449,.T.);
#6485 = ORIENTED_EDGE('',*,*,#5195,.T.);
#6486 = PLANE('',#6487);
#6487 = AXIS2_PLACEMENT_3D('',#6488,#6489,#6490);
#6488 = CARTESIAN_POINT('',(-59.1125,100.468176,97.81));
#6489 = DIRECTION('',(0.,-1.,0.));
#6490 = DIRECTION('',(0.,0.,1.));
#6491 = ADVANCED_FACE('',(#6492),#6503,.T.);
#6492 = FACE_BOUND('',#6493,.T.);
#6493 = EDGE_LOOP('',(#6494,#6495,#6501,#6502));
#6494 = ORIENTED_EDGE('',*,*,#5391,.F.);
#6495 = ORIENTED_EDGE('',*,*,#6496,.T.);
#6496 = EDGE_CURVE('',#5369,#4236,#6497,.T.);
#6497 = LINE('',#6498,#6499);
#6498 = CARTESIAN_POINT('',(-138.8499999999,74.485699999952,97.71));
#6499 = VECTOR('',#6500,1.);
#6500 = DIRECTION('',(0.,0.,1.));
#6501 = ORIENTED_EDGE('',*,*,#4243,.T.);
#6502 = ORIENTED_EDGE('',*,*,#4274,.F.);
#6503 = CYLINDRICAL_SURFACE('',#6504,4.);
#6504 = AXIS2_PLACEMENT_3D('',#6505,#6506,#6507);
#6505 = CARTESIAN_POINT('',(-138.85,78.485699999952,97.71));
#6506 = DIRECTION('',(0.,0.,-1.));
#6507 = DIRECTION('',(1.,5.4583E-13,0.));
#6508 = ADVANCED_FACE('',(#6509),#6520,.T.);
#6509 = FACE_BOUND('',#6510,.T.);
#6510 = EDGE_LOOP('',(#6511,#6512,#6518,#6519));
#6511 = ORIENTED_EDGE('',*,*,#5368,.F.);
#6512 = ORIENTED_EDGE('',*,*,#6513,.T.);
#6513 = EDGE_CURVE('',#5333,#4227,#6514,.T.);
#6514 = LINE('',#6515,#6516);
#6515 = CARTESIAN_POINT('',(-52.12499999999,74.485699999999,97.71));
#6516 = VECTOR('',#6517,1.);
#6517 = DIRECTION('',(0.,0.,1.));
#6518 = ORIENTED_EDGE('',*,*,#4235,.T.);
#6519 = ORIENTED_EDGE('',*,*,#6496,.F.);
#6520 = PLANE('',#6521);
#6521 = AXIS2_PLACEMENT_3D('',#6522,#6523,#6524);
#6522 = CARTESIAN_POINT('',(-52.12499999999,74.485699999999,97.71));
#6523 = DIRECTION('',(5.4582E-13,-1.,0.));
#6524 = DIRECTION('',(-1.,-5.4582E-13,0.));
#6525 = ADVANCED_FACE('',(#6526),#6532,.T.);
#6526 = FACE_BOUND('',#6527,.T.);
#6527 = EDGE_LOOP('',(#6528,#6529,#6530,#6531));
#6528 = ORIENTED_EDGE('',*,*,#5332,.F.);
#6529 = ORIENTED_EDGE('',*,*,#4478,.T.);
#6530 = ORIENTED_EDGE('',*,*,#4226,.T.);
#6531 = ORIENTED_EDGE('',*,*,#6513,.F.);
#6532 = CYLINDRICAL_SURFACE('',#6533,4.);
#6533 = AXIS2_PLACEMENT_3D('',#6534,#6535,#6536);
#6534 = CARTESIAN_POINT('',(-52.125,78.485699999999,97.71));
#6535 = DIRECTION('',(0.,0.,-1.));
#6536 = DIRECTION('',(0.,1.,0.));
#6537 = ( GEOMETRIC_REPRESENTATION_CONTEXT(3) 
GLOBAL_UNCERTAINTY_ASSIGNED_CONTEXT((#6541)) 
GLOBAL_UNIT_ASSIGNED_CONTEXT((#6538,#6539,#6540)) REPRESENTATION_CONTEXT
('Context #1','3D Context with UNIT and UNCERTAINTY') );
#6538 = ( LENGTH_UNIT() NAMED_UNIT(*) SI_UNIT(.MILLI.,.METRE.) );
#6539 = ( NAMED_UNIT(*) PLANE_ANGLE_UNIT() SI_UNIT($,.RADIAN.) );
#6540 = ( NAMED_UNIT(*) SI_UNIT($,.STERADIAN.) SOLID_ANGLE_UNIT() );
#6541 = UNCERTAINTY_MEASURE_WITH_UNIT(LENGTH_MEASURE(2.E-05),#6538,
  'distance_accuracy_value','confusion accuracy');
#6542 = PRODUCT_RELATED_PRODUCT_CATEGORY('part',$,(#7));
ENDSEC;
END-ISO-10303-21;
