ISO-10303-21;
HEADER;
FILE_DESCRIPTION(('FreeCAD Model'),'2;1');
FILE_NAME('Open CASCADE Shape Model','2026-09-25T18:28:58',('Author'),(
    ''),'Open CASCADE STEP processor 7.8','FreeCAD','Unknown');
FILE_SCHEMA(('AUTOMOTIVE_DESIGN { 1 0 10303 214 1 1 1 1 }'));
ENDSEC;
DATA;
#1 = APPLICATION_PROTOCOL_DEFINITION('international standard',
  'automotive_design',2000,#2);
#2 = APPLICATION_CONTEXT(
  'core data for automotive mechanical design processes');
#3 = SHAPE_DEFINITION_REPRESENTATION(#4,#10);
#4 = PRODUCT_DEFINITION_SHAPE('','',#5);
#5 = PRODUCT_DEFINITION('design','',#6,#9);
#6 = PRODUCT_DEFINITION_FORMATION('','',#7);
#7 = PRODUCT('Plate_Numpad','Plate_Numpad','',(#8));
#8 = PRODUCT_CONTEXT('',#2,'mechanical');
#9 = PRODUCT_DEFINITION_CONTEXT('part definition',#2,'design');
#10 = ADVANCED_BREP_SHAPE_REPRESENTATION('',(#11,#15),#9987);
#11 = AXIS2_PLACEMENT_3D('',#12,#13,#14);
#12 = CARTESIAN_POINT('',(0.,0.,0.));
#13 = DIRECTION('',(0.,0.,1.));
#14 = DIRECTION('',(1.,0.,-0.));
#15 = MANIFOLD_SOLID_BREP('',#16);
#16 = CLOSED_SHELL('',(#17,#90,#122,#146,#342,#366,#389,#1593,#1617,
    #2842,#2868,#2885,#2916,#2941,#2965,#2990,#3014,#3048,#3072,#3097,
    #3121,#3137,#3162,#3178,#3202,#3218,#3243,#3259,#3283,#3301,#3325,
    #3343,#3359,#3375,#3391,#3407,#3422,#3438,#3453,#3469,#3484,#3500,
    #3515,#3527,#3558,#3582,#3606,#3623,#3648,#3679,#3703,#3727,#3744,
    #3761,#3792,#3816,#3840,#3857,#3888,#3912,#3936,#3953,#3984,#4008,
    #4032,#4049,#4080,#4104,#4128,#4145,#4176,#4200,#4224,#4241,#4272,
    #4296,#4320,#4337,#4368,#4392,#4416,#4433,#4464,#4488,#4512,#4529,
    #4546,#4577,#4601,#4625,#4642,#4673,#4697,#4721,#4738,#4769,#4793,
    #4817,#4834,#4851,#4882,#4906,#4930,#4947,#4978,#5002,#5026,#5043,
    #5074,#5098,#5122,#5139,#5170,#5194,#5218,#5242,#5266,#5290,#5314,
    #5338,#5362,#5386,#5410,#5434,#5458,#5482,#5506,#5530,#5554,#5578,
    #5602,#5626,#5650,#5674,#5698,#5722,#5746,#5770,#5794,#5811,#5828,
    #5859,#5883,#5907,#5924,#5955,#5979,#6003,#6020,#6051,#6075,#6099,
    #6116,#6147,#6171,#6195,#6212,#6243,#6267,#6291,#6308,#6339,#6363,
    #6387,#6404,#6421,#6439,#6457,#6475,#6493,#6511,#6529,#6541,#6572,
    #6596,#6620,#6644,#6668,#6692,#6716,#6740,#6764,#6788,#6812,#6836,
    #6860,#6884,#6908,#6932,#6956,#6980,#7004,#7028,#7052,#7076,#7100,
    #7124,#7148,#7172,#7196,#7220,#7244,#7268,#7292,#7316,#7340,#7364,
    #7388,#7405,#7436,#7460,#7484,#7501,#7532,#7556,#7580,#7597,#7628,
    #7652,#7676,#7693,#7724,#7748,#7772,#7789,#7820,#7844,#7868,#7885,
    #7916,#7940,#7964,#7981,#8012,#8036,#8060,#8077,#8108,#8132,#8156,
    #8173,#8204,#8228,#8252,#8269,#8300,#8324,#8348,#8365,#8396,#8420,
    #8444,#8461,#8492,#8516,#8540,#8557,#8588,#8612,#8636,#8653,#8684,
    #8708,#8732,#8749,#8780,#8804,#8828,#8845,#8876,#8900,#8924,#8941,
    #8972,#8996,#9020,#9037,#9068,#9092,#9116,#9133,#9164,#9188,#9212,
    #9229,#9260,#9284,#9308,#9325,#9356,#9380,#9404,#9421,#9452,#9476,
    #9500,#9517,#9535,#9553,#9571,#9589,#9607,#9625,#9643,#9661,#9679,
    #9697,#9715,#9733,#9751,#9769,#9787,#9805,#9879,#9897,#9915,#9933,
    #9951,#9969));
#17 = ADVANCED_FACE('',(#18),#85,.F.);
#18 = FACE_BOUND('',#19,.F.);
#19 = EDGE_LOOP('',(#20,#31,#39,#47,#55,#63,#71,#79));
#20 = ORIENTED_EDGE('',*,*,#21,.F.);
#21 = EDGE_CURVE('',#22,#24,#26,.T.);
#22 = VERTEX_POINT('',#23);
#23 = CARTESIAN_POINT('',(399.6125,132.396,127.51));
#24 = VERTEX_POINT('',#25);
#25 = CARTESIAN_POINT('',(398.8125,132.396,126.71));
#26 = CIRCLE('',#27,0.8);
#27 = AXIS2_PLACEMENT_3D('',#28,#29,#30);
#28 = CARTESIAN_POINT('',(399.6125,132.396,126.71));
#29 = DIRECTION('',(0.,-1.,0.));
#30 = DIRECTION('',(0.,0.,1.));
#31 = ORIENTED_EDGE('',*,*,#32,.T.);
#32 = EDGE_CURVE('',#22,#33,#35,.T.);
#33 = VERTEX_POINT('',#34);
#34 = CARTESIAN_POINT('',(403.1125,132.396,127.51));
#35 = LINE('',#36,#37);
#36 = CARTESIAN_POINT('',(420.080625,132.396,127.51));
#37 = VECTOR('',#38,1.);
#38 = DIRECTION('',(1.,0.,0.));
#39 = ORIENTED_EDGE('',*,*,#40,.F.);
#40 = EDGE_CURVE('',#41,#33,#43,.T.);
#41 = VERTEX_POINT('',#42);
#42 = CARTESIAN_POINT('',(403.1125,132.396,125.51));
#43 = LINE('',#44,#45);
#44 = CARTESIAN_POINT('',(403.1125,132.396,-100.));
#45 = VECTOR('',#46,1.);
#46 = DIRECTION('',(0.,0.,1.));
#47 = ORIENTED_EDGE('',*,*,#48,.F.);
#48 = EDGE_CURVE('',#49,#41,#51,.T.);
#49 = VERTEX_POINT('',#50);
#50 = CARTESIAN_POINT('',(400.6125,132.396,125.51));
#51 = LINE('',#52,#53);
#52 = CARTESIAN_POINT('',(420.080625,132.396,125.51));
#53 = VECTOR('',#54,1.);
#54 = DIRECTION('',(1.,0.,0.));
#55 = ORIENTED_EDGE('',*,*,#56,.T.);
#56 = EDGE_CURVE('',#49,#57,#59,.T.);
#57 = VERTEX_POINT('',#58);
#58 = CARTESIAN_POINT('',(400.3125,132.396,125.81));
#59 = LINE('',#60,#61);
#60 = CARTESIAN_POINT('',(455.64,132.396,70.482500000003));
#61 = VECTOR('',#62,1.);
#62 = DIRECTION('',(-0.707106781187,0.,0.707106781187));
#63 = ORIENTED_EDGE('',*,*,#64,.T.);
#64 = EDGE_CURVE('',#57,#65,#67,.T.);
#65 = VERTEX_POINT('',#66);
#66 = CARTESIAN_POINT('',(400.3125,132.396,126.31));
#67 = LINE('',#68,#69);
#68 = CARTESIAN_POINT('',(400.3125,132.396,12.605));
#69 = VECTOR('',#70,1.);
#70 = DIRECTION('',(0.,0.,1.));
#71 = ORIENTED_EDGE('',*,*,#72,.F.);
#72 = EDGE_CURVE('',#73,#65,#75,.T.);
#73 = VERTEX_POINT('',#74);
#74 = CARTESIAN_POINT('',(398.8125,132.396,126.31));
#75 = LINE('',#76,#77);
#76 = CARTESIAN_POINT('',(197.90625,132.396,126.31));
#77 = VECTOR('',#78,1.);
#78 = DIRECTION('',(1.,0.,0.));
#79 = ORIENTED_EDGE('',*,*,#80,.T.);
#80 = EDGE_CURVE('',#73,#24,#81,.T.);
#81 = LINE('',#82,#83);
#82 = CARTESIAN_POINT('',(398.8125,132.396,-80.));
#83 = VECTOR('',#84,1.);
#84 = DIRECTION('',(0.,0.,1.));
#85 = PLANE('',#86);
#86 = AXIS2_PLACEMENT_3D('',#87,#88,#89);
#87 = CARTESIAN_POINT('',(395.8125,132.396,-100.));
#88 = DIRECTION('',(0.,1.,0.));
#89 = DIRECTION('',(0.,0.,1.));
#90 = ADVANCED_FACE('',(#91),#117,.T.);
#91 = FACE_BOUND('',#92,.F.);
#92 = EDGE_LOOP('',(#93,#94,#102,#111));
#93 = ORIENTED_EDGE('',*,*,#21,.T.);
#94 = ORIENTED_EDGE('',*,*,#95,.T.);
#95 = EDGE_CURVE('',#24,#96,#98,.T.);
#96 = VERTEX_POINT('',#97);
#97 = CARTESIAN_POINT('',(398.8125,157.5482,126.71));
#98 = LINE('',#99,#100);
#99 = CARTESIAN_POINT('',(398.8125,132.396,126.71));
#100 = VECTOR('',#101,1.);
#101 = DIRECTION('',(-0.,1.,-0.));
#102 = ORIENTED_EDGE('',*,*,#103,.F.);
#103 = EDGE_CURVE('',#104,#96,#106,.T.);
#104 = VERTEX_POINT('',#105);
#105 = CARTESIAN_POINT('',(399.6125,157.5482,127.51));
#106 = CIRCLE('',#107,0.8);
#107 = AXIS2_PLACEMENT_3D('',#108,#109,#110);
#108 = CARTESIAN_POINT('',(399.6125,157.5482,126.71));
#109 = DIRECTION('',(0.,-1.,0.));
#110 = DIRECTION('',(-0.,0.,1.));
#111 = ORIENTED_EDGE('',*,*,#112,.F.);
#112 = EDGE_CURVE('',#22,#104,#113,.T.);
#113 = LINE('',#114,#115);
#114 = CARTESIAN_POINT('',(399.6125,132.396,127.51));
#115 = VECTOR('',#116,1.);
#116 = DIRECTION('',(-0.,1.,-0.));
#117 = CYLINDRICAL_SURFACE('',#118,0.8);
#118 = AXIS2_PLACEMENT_3D('',#119,#120,#121);
#119 = CARTESIAN_POINT('',(399.6125,132.396,126.71));
#120 = DIRECTION('',(-0.,1.,-0.));
#121 = DIRECTION('',(0.,0.,1.));
#122 = ADVANCED_FACE('',(#123),#141,.F.);
#123 = FACE_BOUND('',#124,.F.);
#124 = EDGE_LOOP('',(#125,#126,#134,#140));
#125 = ORIENTED_EDGE('',*,*,#80,.F.);
#126 = ORIENTED_EDGE('',*,*,#127,.T.);
#127 = EDGE_CURVE('',#73,#128,#130,.T.);
#128 = VERTEX_POINT('',#129);
#129 = CARTESIAN_POINT('',(398.8125,157.5482,126.31));
#130 = LINE('',#131,#132);
#131 = CARTESIAN_POINT('',(398.8125,42.339725,126.31));
#132 = VECTOR('',#133,1.);
#133 = DIRECTION('',(0.,1.,0.));
#134 = ORIENTED_EDGE('',*,*,#135,.T.);
#135 = EDGE_CURVE('',#128,#96,#136,.T.);
#136 = LINE('',#137,#138);
#137 = CARTESIAN_POINT('',(398.8125,157.5482,-60.));
#138 = VECTOR('',#139,1.);
#139 = DIRECTION('',(0.,0.,1.));
#140 = ORIENTED_EDGE('',*,*,#95,.F.);
#141 = PLANE('',#142);
#142 = AXIS2_PLACEMENT_3D('',#143,#144,#145);
#143 = CARTESIAN_POINT('',(398.8125,157.5482,-60.));
#144 = DIRECTION('',(1.,0.,0.));
#145 = DIRECTION('',(0.,-1.,0.));
#146 = ADVANCED_FACE('',(#147),#337,.F.);
#147 = FACE_BOUND('',#148,.F.);
#148 = EDGE_LOOP('',(#149,#159,#168,#176,#183,#184,#185,#193,#202,#210,
    #219,#228,#237,#245,#254,#263,#272,#280,#289,#297,#305,#313,#322,
    #330));
#149 = ORIENTED_EDGE('',*,*,#150,.F.);
#150 = EDGE_CURVE('',#151,#153,#155,.T.);
#151 = VERTEX_POINT('',#152);
#152 = CARTESIAN_POINT('',(491.385,157.5482,126.31));
#153 = VERTEX_POINT('',#154);
#154 = CARTESIAN_POINT('',(491.38499999999,11.810702614764,126.31));
#155 = LINE('',#156,#157);
#156 = CARTESIAN_POINT('',(491.38499999999,5.905351307381,126.31));
#157 = VECTOR('',#158,1.);
#158 = DIRECTION('',(-3.9E-15,-1.,0.));
#159 = ORIENTED_EDGE('',*,*,#160,.T.);
#160 = EDGE_CURVE('',#151,#161,#163,.T.);
#161 = VERTEX_POINT('',#162);
#162 = CARTESIAN_POINT('',(485.88499738523,163.04819999999,126.31));
#163 = CIRCLE('',#164,5.49999850585);
#164 = AXIS2_PLACEMENT_3D('',#165,#166,#167);
#165 = CARTESIAN_POINT('',(485.88500149415,157.54820149415,126.31));
#166 = DIRECTION('',(-0.,0.,1.));
#167 = DIRECTION('',(1.,-2.7166369631E-07,0.));
#168 = ORIENTED_EDGE('',*,*,#169,.F.);
#169 = EDGE_CURVE('',#170,#161,#172,.T.);
#170 = VERTEX_POINT('',#171);
#171 = CARTESIAN_POINT('',(404.3125,163.0482,126.31));
#172 = LINE('',#173,#174);
#173 = CARTESIAN_POINT('',(222.54937434631,163.0482,126.31));
#174 = VECTOR('',#175,1.);
#175 = DIRECTION('',(1.,-2.258E-14,0.));
#176 = ORIENTED_EDGE('',*,*,#177,.F.);
#177 = EDGE_CURVE('',#128,#170,#178,.T.);
#178 = CIRCLE('',#179,5.5);
#179 = AXIS2_PLACEMENT_3D('',#180,#181,#182);
#180 = CARTESIAN_POINT('',(404.3125,157.5482,126.31));
#181 = DIRECTION('',(0.,0.,-1.));
#182 = DIRECTION('',(0.,-1.,0.));
#183 = ORIENTED_EDGE('',*,*,#127,.F.);
#184 = ORIENTED_EDGE('',*,*,#72,.T.);
#185 = ORIENTED_EDGE('',*,*,#186,.T.);
#186 = EDGE_CURVE('',#65,#187,#189,.T.);
#187 = VERTEX_POINT('',#188);
#188 = CARTESIAN_POINT('',(400.3125,157.5482,126.31));
#189 = LINE('',#190,#191);
#190 = CARTESIAN_POINT('',(400.3125,42.339725,126.31));
#191 = VECTOR('',#192,1.);
#192 = DIRECTION('',(0.,1.,0.));
#193 = ORIENTED_EDGE('',*,*,#194,.T.);
#194 = EDGE_CURVE('',#187,#195,#197,.T.);
#195 = VERTEX_POINT('',#196);
#196 = CARTESIAN_POINT('',(404.3125,161.5482,126.31));
#197 = CIRCLE('',#198,4.);
#198 = AXIS2_PLACEMENT_3D('',#199,#200,#201);
#199 = CARTESIAN_POINT('',(404.3125,157.5482,126.31));
#200 = DIRECTION('',(-0.,-0.,-1.));
#201 = DIRECTION('',(0.,-1.,0.));
#202 = ORIENTED_EDGE('',*,*,#203,.T.);
#203 = EDGE_CURVE('',#195,#204,#206,.T.);
#204 = VERTEX_POINT('',#205);
#205 = CARTESIAN_POINT('',(485.88499738523,161.54819999999,126.31));
#206 = LINE('',#207,#208);
#207 = CARTESIAN_POINT('',(222.54937434631,161.5482,126.31));
#208 = VECTOR('',#209,1.);
#209 = DIRECTION('',(1.,-2.258E-14,0.));
#210 = ORIENTED_EDGE('',*,*,#211,.F.);
#211 = EDGE_CURVE('',#212,#204,#214,.T.);
#212 = VERTEX_POINT('',#213);
#213 = CARTESIAN_POINT('',(485.88499850584,161.54819999999,126.31));
#214 = CIRCLE('',#215,1.5);
#215 = AXIS2_PLACEMENT_3D('',#216,#217,#218);
#216 = CARTESIAN_POINT('',(485.88499738523,163.04819999999,126.31));
#217 = DIRECTION('',(0.,0.,-1.));
#218 = DIRECTION('',(1.,7.4707552195E-07,0.));
#219 = ORIENTED_EDGE('',*,*,#220,.F.);
#220 = EDGE_CURVE('',#221,#212,#223,.T.);
#221 = VERTEX_POINT('',#222);
#222 = CARTESIAN_POINT('',(489.885,157.54820040749,126.31));
#223 = CIRCLE('',#224,3.99999850585);
#224 = AXIS2_PLACEMENT_3D('',#225,#226,#227);
#225 = CARTESIAN_POINT('',(485.88500149415,157.54820149415,126.31));
#226 = DIRECTION('',(-0.,0.,1.));
#227 = DIRECTION('',(1.,-2.7166369631E-07,0.));
#228 = ORIENTED_EDGE('',*,*,#229,.F.);
#229 = EDGE_CURVE('',#230,#221,#232,.T.);
#230 = VERTEX_POINT('',#231);
#231 = CARTESIAN_POINT('',(489.885,157.5482,126.31));
#232 = CIRCLE('',#233,1.5);
#233 = AXIS2_PLACEMENT_3D('',#234,#235,#236);
#234 = CARTESIAN_POINT('',(491.385,157.5482,126.31));
#235 = DIRECTION('',(-0.,0.,-1.));
#236 = DIRECTION('',(-3.9E-15,-1.,0.));
#237 = ORIENTED_EDGE('',*,*,#238,.T.);
#238 = EDGE_CURVE('',#230,#239,#241,.T.);
#239 = VERTEX_POINT('',#240);
#240 = CARTESIAN_POINT('',(489.88499999999,11.810702614764,126.31));
#241 = LINE('',#242,#243);
#242 = CARTESIAN_POINT('',(489.88499999999,5.905351307381,126.31));
#243 = VECTOR('',#244,1.);
#244 = DIRECTION('',(-3.9E-15,-1.,0.));
#245 = ORIENTED_EDGE('',*,*,#246,.F.);
#246 = EDGE_CURVE('',#247,#239,#249,.T.);
#247 = VERTEX_POINT('',#248);
#248 = CARTESIAN_POINT('',(489.88499999999,11.810701494151,126.31));
#249 = CIRCLE('',#250,1.5);
#250 = AXIS2_PLACEMENT_3D('',#251,#252,#253);
#251 = CARTESIAN_POINT('',(491.38499999999,11.810702614764,126.31));
#252 = DIRECTION('',(0.,-0.,-1.));
#253 = DIRECTION('',(7.4707551783E-07,-1.,0.));
#254 = ORIENTED_EDGE('',*,*,#255,.F.);
#255 = EDGE_CURVE('',#256,#247,#258,.T.);
#256 = VERTEX_POINT('',#257);
#257 = CARTESIAN_POINT('',(485.88500040749,7.8107,126.31));
#258 = CIRCLE('',#259,3.999998505851);
#259 = AXIS2_PLACEMENT_3D('',#260,#261,#262);
#260 = CARTESIAN_POINT('',(485.88500149415,11.81069850585,126.31));
#261 = DIRECTION('',(0.,0.,1.));
#262 = DIRECTION('',(-2.7166369954E-07,-1.,0.));
#263 = ORIENTED_EDGE('',*,*,#264,.F.);
#264 = EDGE_CURVE('',#265,#256,#267,.T.);
#265 = VERTEX_POINT('',#266);
#266 = CARTESIAN_POINT('',(485.885,7.8107,126.31));
#267 = CIRCLE('',#268,1.5);
#268 = AXIS2_PLACEMENT_3D('',#269,#270,#271);
#269 = CARTESIAN_POINT('',(485.885,6.3107,126.31));
#270 = DIRECTION('',(0.,0.,-1.));
#271 = DIRECTION('',(-1.,1.917E-14,0.));
#272 = ORIENTED_EDGE('',*,*,#273,.T.);
#273 = EDGE_CURVE('',#265,#274,#276,.T.);
#274 = VERTEX_POINT('',#275);
#275 = CARTESIAN_POINT('',(404.3125,7.810700000001,126.31));
#276 = LINE('',#277,#278);
#277 = CARTESIAN_POINT('',(222.549375,7.810700000005,126.31));
#278 = VECTOR('',#279,1.);
#279 = DIRECTION('',(-1.,1.917E-14,0.));
#280 = ORIENTED_EDGE('',*,*,#281,.T.);
#281 = EDGE_CURVE('',#274,#282,#284,.T.);
#282 = VERTEX_POINT('',#283);
#283 = CARTESIAN_POINT('',(400.3125,11.810700000001,126.31));
#284 = CIRCLE('',#285,4.);
#285 = AXIS2_PLACEMENT_3D('',#286,#287,#288);
#286 = CARTESIAN_POINT('',(404.3125,11.810700000001,126.31));
#287 = DIRECTION('',(0.,-0.,-1.));
#288 = DIRECTION('',(1.,-1.9E-14,0.));
#289 = ORIENTED_EDGE('',*,*,#290,.T.);
#290 = EDGE_CURVE('',#282,#291,#293,.T.);
#291 = VERTEX_POINT('',#292);
#292 = CARTESIAN_POINT('',(400.3125,111.996,126.31));
#293 = LINE('',#294,#295);
#294 = CARTESIAN_POINT('',(400.3125,42.339725,126.31));
#295 = VECTOR('',#296,1.);
#296 = DIRECTION('',(0.,1.,0.));
#297 = ORIENTED_EDGE('',*,*,#298,.F.);
#298 = EDGE_CURVE('',#299,#291,#301,.T.);
#299 = VERTEX_POINT('',#300);
#300 = CARTESIAN_POINT('',(398.8125,111.996,126.31));
#301 = LINE('',#302,#303);
#302 = CARTESIAN_POINT('',(197.90625,111.996,126.31));
#303 = VECTOR('',#304,1.);
#304 = DIRECTION('',(1.,0.,0.));
#305 = ORIENTED_EDGE('',*,*,#306,.F.);
#306 = EDGE_CURVE('',#307,#299,#309,.T.);
#307 = VERTEX_POINT('',#308);
#308 = CARTESIAN_POINT('',(398.8125,11.810700000001,126.31));
#309 = LINE('',#310,#311);
#310 = CARTESIAN_POINT('',(398.8125,42.339725,126.31));
#311 = VECTOR('',#312,1.);
#312 = DIRECTION('',(0.,1.,0.));
#313 = ORIENTED_EDGE('',*,*,#314,.F.);
#314 = EDGE_CURVE('',#315,#307,#317,.T.);
#315 = VERTEX_POINT('',#316);
#316 = CARTESIAN_POINT('',(404.3125,6.310700000001,126.31));
#317 = CIRCLE('',#318,5.5);
#318 = AXIS2_PLACEMENT_3D('',#319,#320,#321);
#319 = CARTESIAN_POINT('',(404.3125,11.810700000001,126.31));
#320 = DIRECTION('',(0.,0.,-1.));
#321 = DIRECTION('',(1.,-1.9E-14,0.));
#322 = ORIENTED_EDGE('',*,*,#323,.F.);
#323 = EDGE_CURVE('',#324,#315,#326,.T.);
#324 = VERTEX_POINT('',#325);
#325 = CARTESIAN_POINT('',(485.885,6.3107,126.31));
#326 = LINE('',#327,#328);
#327 = CARTESIAN_POINT('',(222.549375,6.310700000005,126.31));
#328 = VECTOR('',#329,1.);
#329 = DIRECTION('',(-1.,1.917E-14,0.));
#330 = ORIENTED_EDGE('',*,*,#331,.T.);
#331 = EDGE_CURVE('',#324,#153,#332,.T.);
#332 = CIRCLE('',#333,5.499998505851);
#333 = AXIS2_PLACEMENT_3D('',#334,#335,#336);
#334 = CARTESIAN_POINT('',(485.88500149415,11.81069850585,126.31));
#335 = DIRECTION('',(0.,0.,1.));
#336 = DIRECTION('',(-2.7166369954E-07,-1.,0.));
#337 = PLANE('',#338);
#338 = AXIS2_PLACEMENT_3D('',#339,#340,#341);
#339 = CARTESIAN_POINT('',(0.,0.,126.31));
#340 = DIRECTION('',(0.,0.,1.));
#341 = DIRECTION('',(1.,0.,0.));
#342 = ADVANCED_FACE('',(#343),#361,.T.);
#343 = FACE_BOUND('',#344,.T.);
#344 = EDGE_LOOP('',(#345,#353,#359,#360));
#345 = ORIENTED_EDGE('',*,*,#346,.F.);
#346 = EDGE_CURVE('',#347,#187,#349,.T.);
#347 = VERTEX_POINT('',#348);
#348 = CARTESIAN_POINT('',(400.3125,157.5482,125.81));
#349 = LINE('',#350,#351);
#350 = CARTESIAN_POINT('',(400.3125,157.5482,125.21));
#351 = VECTOR('',#352,1.);
#352 = DIRECTION('',(0.,0.,1.));
#353 = ORIENTED_EDGE('',*,*,#354,.F.);
#354 = EDGE_CURVE('',#57,#347,#355,.T.);
#355 = LINE('',#356,#357);
#356 = CARTESIAN_POINT('',(400.3125,42.796861588219,125.81));
#357 = VECTOR('',#358,1.);
#358 = DIRECTION('',(0.,1.,0.));
#359 = ORIENTED_EDGE('',*,*,#64,.T.);
#360 = ORIENTED_EDGE('',*,*,#186,.T.);
#361 = PLANE('',#362);
#362 = AXIS2_PLACEMENT_3D('',#363,#364,#365);
#363 = CARTESIAN_POINT('',(400.3125,11.810700000001,125.21));
#364 = DIRECTION('',(-1.,0.,0.));
#365 = DIRECTION('',(0.,1.,0.));
#366 = ADVANCED_FACE('',(#367),#384,.T.);
#367 = FACE_BOUND('',#368,.T.);
#368 = EDGE_LOOP('',(#369,#377,#378,#379));
#369 = ORIENTED_EDGE('',*,*,#370,.F.);
#370 = EDGE_CURVE('',#49,#371,#373,.T.);
#371 = VERTEX_POINT('',#372);
#372 = CARTESIAN_POINT('',(400.6125,157.5482,125.51));
#373 = LINE('',#374,#375);
#374 = CARTESIAN_POINT('',(400.6125,42.796861588219,125.51));
#375 = VECTOR('',#376,1.);
#376 = DIRECTION('',(0.,1.,0.));
#377 = ORIENTED_EDGE('',*,*,#56,.T.);
#378 = ORIENTED_EDGE('',*,*,#354,.T.);
#379 = ORIENTED_EDGE('',*,*,#380,.F.);
#380 = EDGE_CURVE('',#371,#347,#381,.T.);
#381 = B_SPLINE_CURVE_WITH_KNOTS('',1,(#382,#383),.UNSPECIFIED.,.F.,.F.,
  (2,2),(0.,1.),.PIECEWISE_BEZIER_KNOTS.);
#382 = CARTESIAN_POINT('',(400.6125,157.5482,125.51));
#383 = CARTESIAN_POINT('',(400.3125,157.5482,125.81));
#384 = PLANE('',#385);
#385 = AXIS2_PLACEMENT_3D('',#386,#387,#388);
#386 = CARTESIAN_POINT('',(400.3125,42.796861588219,125.81));
#387 = DIRECTION('',(-0.707106781187,0.,-0.707106781187));
#388 = DIRECTION('',(0.,-1.,-0.));
#389 = ADVANCED_FACE('',(#390,#512,#546,#593,#627,#638,#672,#706,#740,
    #774,#808,#842,#876,#910,#921,#955,#989,#1023,#1034,#1068,#1102,
    #1136,#1362,#1373,#1407,#1441,#1475,#1509,#1543,#1577),#1588,.T.);
#390 = FACE_BOUND('',#391,.T.);
#391 = EDGE_LOOP('',(#392,#393,#394,#403,#411,#420,#429,#438,#446,#455,
    #464,#473,#481,#490,#498,#506));
#392 = ORIENTED_EDGE('',*,*,#48,.F.);
#393 = ORIENTED_EDGE('',*,*,#370,.T.);
#394 = ORIENTED_EDGE('',*,*,#395,.T.);
#395 = EDGE_CURVE('',#371,#396,#398,.T.);
#396 = VERTEX_POINT('',#397);
#397 = CARTESIAN_POINT('',(404.3125,161.2482,125.51));
#398 = CIRCLE('',#399,3.7);
#399 = AXIS2_PLACEMENT_3D('',#400,#401,#402);
#400 = CARTESIAN_POINT('',(404.3125,157.5482,125.51));
#401 = DIRECTION('',(-0.,-0.,-1.));
#402 = DIRECTION('',(0.,-1.,0.));
#403 = ORIENTED_EDGE('',*,*,#404,.T.);
#404 = EDGE_CURVE('',#396,#405,#407,.T.);
#405 = VERTEX_POINT('',#406);
#406 = CARTESIAN_POINT('',(485.88499738523,161.24819999999,125.51));
#407 = LINE('',#408,#409);
#408 = CARTESIAN_POINT('',(222.54937434631,161.2482,125.51));
#409 = VECTOR('',#410,1.);
#410 = DIRECTION('',(1.,-2.265E-14,0.));
#411 = ORIENTED_EDGE('',*,*,#412,.F.);
#412 = EDGE_CURVE('',#413,#405,#415,.T.);
#413 = VERTEX_POINT('',#414);
#414 = CARTESIAN_POINT('',(485.88499872997,161.24819999999,125.51));
#415 = CIRCLE('',#416,1.8);
#416 = AXIS2_PLACEMENT_3D('',#417,#418,#419);
#417 = CARTESIAN_POINT('',(485.88499738523,163.04819999999,125.51));
#418 = DIRECTION('',(0.,0.,-1.));
#419 = DIRECTION('',(1.,7.4707553172E-07,0.));
#420 = ORIENTED_EDGE('',*,*,#421,.F.);
#421 = EDGE_CURVE('',#422,#413,#424,.T.);
#422 = VERTEX_POINT('',#423);
#423 = CARTESIAN_POINT('',(489.585,157.54820048899,125.51));
#424 = CIRCLE('',#425,3.69999850585);
#425 = AXIS2_PLACEMENT_3D('',#426,#427,#428);
#426 = CARTESIAN_POINT('',(485.88500149415,157.54820149415,125.51));
#427 = DIRECTION('',(-0.,0.,1.));
#428 = DIRECTION('',(1.,-2.7166369631E-07,0.));
#429 = ORIENTED_EDGE('',*,*,#430,.F.);
#430 = EDGE_CURVE('',#431,#422,#433,.T.);
#431 = VERTEX_POINT('',#432);
#432 = CARTESIAN_POINT('',(489.585,157.5482,125.51));
#433 = CIRCLE('',#434,1.8);
#434 = AXIS2_PLACEMENT_3D('',#435,#436,#437);
#435 = CARTESIAN_POINT('',(491.385,157.5482,125.51));
#436 = DIRECTION('',(-0.,0.,-1.));
#437 = DIRECTION('',(-4.15E-15,-1.,0.));
#438 = ORIENTED_EDGE('',*,*,#439,.T.);
#439 = EDGE_CURVE('',#431,#440,#442,.T.);
#440 = VERTEX_POINT('',#441);
#441 = CARTESIAN_POINT('',(489.585,11.810702614764,125.51));
#442 = LINE('',#443,#444);
#443 = CARTESIAN_POINT('',(489.585,42.33972565369,125.51));
#444 = VECTOR('',#445,1.);
#445 = DIRECTION('',(-4.15E-15,-1.,0.));
#446 = ORIENTED_EDGE('',*,*,#447,.F.);
#447 = EDGE_CURVE('',#448,#440,#450,.T.);
#448 = VERTEX_POINT('',#449);
#449 = CARTESIAN_POINT('',(489.58499999999,11.810701270028,125.51));
#450 = CIRCLE('',#451,1.8);
#451 = AXIS2_PLACEMENT_3D('',#452,#453,#454);
#452 = CARTESIAN_POINT('',(491.38499999999,11.810702614764,125.51));
#453 = DIRECTION('',(0.,-0.,-1.));
#454 = DIRECTION('',(7.4707553115E-07,-1.,0.));
#455 = ORIENTED_EDGE('',*,*,#456,.F.);
#456 = EDGE_CURVE('',#457,#448,#459,.T.);
#457 = VERTEX_POINT('',#458);
#458 = CARTESIAN_POINT('',(485.88500048899,8.1107,125.51));
#459 = CIRCLE('',#460,3.699998505851);
#460 = AXIS2_PLACEMENT_3D('',#461,#462,#463);
#461 = CARTESIAN_POINT('',(485.88500149415,11.81069850585,125.51));
#462 = DIRECTION('',(0.,0.,1.));
#463 = DIRECTION('',(-2.7166369954E-07,-1.,0.));
#464 = ORIENTED_EDGE('',*,*,#465,.F.);
#465 = EDGE_CURVE('',#466,#457,#468,.T.);
#466 = VERTEX_POINT('',#467);
#467 = CARTESIAN_POINT('',(485.885,8.1107,125.51));
#468 = CIRCLE('',#469,1.8);
#469 = AXIS2_PLACEMENT_3D('',#470,#471,#472);
#470 = CARTESIAN_POINT('',(485.885,6.3107,125.51));
#471 = DIRECTION('',(0.,0.,-1.));
#472 = DIRECTION('',(-1.,1.925E-14,0.));
#473 = ORIENTED_EDGE('',*,*,#474,.T.);
#474 = EDGE_CURVE('',#466,#475,#477,.T.);
#475 = VERTEX_POINT('',#476);
#476 = CARTESIAN_POINT('',(404.3125,8.110700000001,125.51));
#477 = LINE('',#478,#479);
#478 = CARTESIAN_POINT('',(222.549375,8.110700000005,125.51));
#479 = VECTOR('',#480,1.);
#480 = DIRECTION('',(-1.,1.925E-14,0.));
#481 = ORIENTED_EDGE('',*,*,#482,.T.);
#482 = EDGE_CURVE('',#475,#483,#485,.T.);
#483 = VERTEX_POINT('',#484);
#484 = CARTESIAN_POINT('',(400.6125,11.810700000001,125.51));
#485 = CIRCLE('',#486,3.7);
#486 = AXIS2_PLACEMENT_3D('',#487,#488,#489);
#487 = CARTESIAN_POINT('',(404.3125,11.810700000001,125.51));
#488 = DIRECTION('',(0.,-0.,-1.));
#489 = DIRECTION('',(1.,-1.9E-14,0.));
#490 = ORIENTED_EDGE('',*,*,#491,.T.);
#491 = EDGE_CURVE('',#483,#492,#494,.T.);
#492 = VERTEX_POINT('',#493);
#493 = CARTESIAN_POINT('',(400.6125,111.996,125.51));
#494 = LINE('',#495,#496);
#495 = CARTESIAN_POINT('',(400.6125,42.796861588219,125.51));
#496 = VECTOR('',#497,1.);
#497 = DIRECTION('',(0.,1.,0.));
#498 = ORIENTED_EDGE('',*,*,#499,.T.);
#499 = EDGE_CURVE('',#492,#500,#502,.T.);
#500 = VERTEX_POINT('',#501);
#501 = CARTESIAN_POINT('',(403.1125,111.996,125.51));
#502 = LINE('',#503,#504);
#503 = CARTESIAN_POINT('',(420.080625,111.996,125.51));
#504 = VECTOR('',#505,1.);
#505 = DIRECTION('',(1.,0.,0.));
#506 = ORIENTED_EDGE('',*,*,#507,.F.);
#507 = EDGE_CURVE('',#41,#500,#508,.T.);
#508 = LINE('',#509,#510);
#509 = CARTESIAN_POINT('',(403.1125,98.337725,125.51));
#510 = VECTOR('',#511,1.);
#511 = DIRECTION('',(0.,-1.,0.));
#512 = FACE_BOUND('',#513,.T.);
#513 = EDGE_LOOP('',(#514,#524,#532,#540));
#514 = ORIENTED_EDGE('',*,*,#515,.F.);
#515 = EDGE_CURVE('',#516,#518,#520,.T.);
#516 = VERTEX_POINT('',#517);
#517 = CARTESIAN_POINT('',(426.9,142.018176,125.51));
#518 = VERTEX_POINT('',#519);
#519 = CARTESIAN_POINT('',(411.3,142.018176,125.51));
#520 = LINE('',#521,#522);
#521 = CARTESIAN_POINT('',(435.624375,142.018176,125.51));
#522 = VECTOR('',#523,1.);
#523 = DIRECTION('',(-1.,1.2E-16,0.));
#524 = ORIENTED_EDGE('',*,*,#525,.T.);
#525 = EDGE_CURVE('',#516,#526,#528,.T.);
#526 = VERTEX_POINT('',#527);
#527 = CARTESIAN_POINT('',(426.9,157.618176,125.51));
#528 = LINE('',#529,#530);
#529 = CARTESIAN_POINT('',(426.9,121.148813,125.51));
#530 = VECTOR('',#531,1.);
#531 = DIRECTION('',(1.2E-16,1.,0.));
#532 = ORIENTED_EDGE('',*,*,#533,.T.);
#533 = EDGE_CURVE('',#526,#534,#536,.T.);
#534 = VERTEX_POINT('',#535);
#535 = CARTESIAN_POINT('',(411.3,157.618176,125.51));
#536 = LINE('',#537,#538);
#537 = CARTESIAN_POINT('',(435.624375,157.618176,125.51));
#538 = VECTOR('',#539,1.);
#539 = DIRECTION('',(-1.,1.2E-16,0.));
#540 = ORIENTED_EDGE('',*,*,#541,.F.);
#541 = EDGE_CURVE('',#518,#534,#542,.T.);
#542 = LINE('',#543,#544);
#543 = CARTESIAN_POINT('',(411.3,121.148813,125.51));
#544 = VECTOR('',#545,1.);
#545 = DIRECTION('',(1.2E-16,1.,0.));
#546 = FACE_BOUND('',#547,.T.);
#547 = EDGE_LOOP('',(#548,#559,#568,#577,#586));
#548 = ORIENTED_EDGE('',*,*,#549,.T.);
#549 = EDGE_CURVE('',#550,#552,#554,.T.);
#550 = VERTEX_POINT('',#551);
#551 = CARTESIAN_POINT('',(405.9125,138.005676,125.51));
#552 = VERTEX_POINT('',#553);
#553 = CARTESIAN_POINT('',(405.90148260547,138.1609721202,125.51));
#554 = CIRCLE('',#555,1.1);
#555 = AXIS2_PLACEMENT_3D('',#556,#557,#558);
#556 = CARTESIAN_POINT('',(404.8125,138.005676,125.51));
#557 = DIRECTION('',(0.,0.,1.));
#558 = DIRECTION('',(1.,0.,0.));
#559 = ORIENTED_EDGE('',*,*,#560,.T.);
#560 = EDGE_CURVE('',#552,#561,#563,.T.);
#561 = VERTEX_POINT('',#562);
#562 = CARTESIAN_POINT('',(405.90098271797,138.16443799994,125.51));
#563 = CIRCLE('',#564,1.1);
#564 = AXIS2_PLACEMENT_3D('',#565,#566,#567);
#565 = CARTESIAN_POINT('',(404.8125,138.005676,125.51));
#566 = DIRECTION('',(0.,0.,1.));
#567 = DIRECTION('',(1.,0.,0.));
#568 = ORIENTED_EDGE('',*,*,#569,.T.);
#569 = EDGE_CURVE('',#561,#570,#572,.T.);
#570 = VERTEX_POINT('',#571);
#571 = CARTESIAN_POINT('',(403.72401728202,138.16443799994,125.51));
#572 = CIRCLE('',#573,1.1);
#573 = AXIS2_PLACEMENT_3D('',#574,#575,#576);
#574 = CARTESIAN_POINT('',(404.8125,138.005676,125.51));
#575 = DIRECTION('',(0.,0.,1.));
#576 = DIRECTION('',(1.,0.,0.));
#577 = ORIENTED_EDGE('',*,*,#578,.T.);
#578 = EDGE_CURVE('',#570,#579,#581,.T.);
#579 = VERTEX_POINT('',#580);
#580 = CARTESIAN_POINT('',(403.72351739453,138.1609721202,125.51));
#581 = CIRCLE('',#582,1.1);
#582 = AXIS2_PLACEMENT_3D('',#583,#584,#585);
#583 = CARTESIAN_POINT('',(404.8125,138.005676,125.51));
#584 = DIRECTION('',(0.,0.,1.));
#585 = DIRECTION('',(1.,0.,0.));
#586 = ORIENTED_EDGE('',*,*,#587,.T.);
#587 = EDGE_CURVE('',#579,#550,#588,.T.);
#588 = CIRCLE('',#589,1.1);
#589 = AXIS2_PLACEMENT_3D('',#590,#591,#592);
#590 = CARTESIAN_POINT('',(404.8125,138.005676,125.51));
#591 = DIRECTION('',(0.,0.,1.));
#592 = DIRECTION('',(1.,0.,0.));
#593 = FACE_BOUND('',#594,.T.);
#594 = EDGE_LOOP('',(#595,#605,#613,#621));
#595 = ORIENTED_EDGE('',*,*,#596,.F.);
#596 = EDGE_CURVE('',#597,#599,#601,.T.);
#597 = VERTEX_POINT('',#598);
#598 = CARTESIAN_POINT('',(426.9,122.968176,125.51));
#599 = VERTEX_POINT('',#600);
#600 = CARTESIAN_POINT('',(411.3,122.968176,125.51));
#601 = LINE('',#602,#603);
#602 = CARTESIAN_POINT('',(435.624375,122.968176,125.51));
#603 = VECTOR('',#604,1.);
#604 = DIRECTION('',(-1.,1.2E-16,0.));
#605 = ORIENTED_EDGE('',*,*,#606,.T.);
#606 = EDGE_CURVE('',#597,#607,#609,.T.);
#607 = VERTEX_POINT('',#608);
#608 = CARTESIAN_POINT('',(426.9,138.568176,125.51));
#609 = LINE('',#610,#611);
#610 = CARTESIAN_POINT('',(426.9,111.623813,125.51));
#611 = VECTOR('',#612,1.);
#612 = DIRECTION('',(1.2E-16,1.,0.));
#613 = ORIENTED_EDGE('',*,*,#614,.T.);
#614 = EDGE_CURVE('',#607,#615,#617,.T.);
#615 = VERTEX_POINT('',#616);
#616 = CARTESIAN_POINT('',(411.3,138.568176,125.51));
#617 = LINE('',#618,#619);
#618 = CARTESIAN_POINT('',(435.624375,138.568176,125.51));
#619 = VECTOR('',#620,1.);
#620 = DIRECTION('',(-1.,1.2E-16,0.));
#621 = ORIENTED_EDGE('',*,*,#622,.F.);
#622 = EDGE_CURVE('',#599,#615,#623,.T.);
#623 = LINE('',#624,#625);
#624 = CARTESIAN_POINT('',(411.3,111.623813,125.51));
#625 = VECTOR('',#626,1.);
#626 = DIRECTION('',(1.2E-16,1.,0.));
#627 = FACE_BOUND('',#628,.T.);
#628 = EDGE_LOOP('',(#629));
#629 = ORIENTED_EDGE('',*,*,#630,.T.);
#630 = EDGE_CURVE('',#631,#631,#633,.T.);
#631 = VERTEX_POINT('',#632);
#632 = CARTESIAN_POINT('',(429.6,140.5,125.51));
#633 = CIRCLE('',#634,1.1);
#634 = AXIS2_PLACEMENT_3D('',#635,#636,#637);
#635 = CARTESIAN_POINT('',(428.5,140.5,125.51));
#636 = DIRECTION('',(0.,0.,1.));
#637 = DIRECTION('',(-1.,0.,0.));
#638 = FACE_BOUND('',#639,.T.);
#639 = EDGE_LOOP('',(#640,#650,#658,#666));
#640 = ORIENTED_EDGE('',*,*,#641,.F.);
#641 = EDGE_CURVE('',#642,#644,#646,.T.);
#642 = VERTEX_POINT('',#643);
#643 = CARTESIAN_POINT('',(445.95,142.018176,125.51));
#644 = VERTEX_POINT('',#645);
#645 = CARTESIAN_POINT('',(430.35,142.018176,125.51));
#646 = LINE('',#647,#648);
#647 = CARTESIAN_POINT('',(445.149375,142.018176,125.51));
#648 = VECTOR('',#649,1.);
#649 = DIRECTION('',(-1.,1.2E-16,0.));
#650 = ORIENTED_EDGE('',*,*,#651,.T.);
#651 = EDGE_CURVE('',#642,#652,#654,.T.);
#652 = VERTEX_POINT('',#653);
#653 = CARTESIAN_POINT('',(445.95,157.618176,125.51));
#654 = LINE('',#655,#656);
#655 = CARTESIAN_POINT('',(445.95,121.148813,125.51));
#656 = VECTOR('',#657,1.);
#657 = DIRECTION('',(1.2E-16,1.,0.));
#658 = ORIENTED_EDGE('',*,*,#659,.T.);
#659 = EDGE_CURVE('',#652,#660,#662,.T.);
#660 = VERTEX_POINT('',#661);
#661 = CARTESIAN_POINT('',(430.35,157.618176,125.51));
#662 = LINE('',#663,#664);
#663 = CARTESIAN_POINT('',(445.149375,157.618176,125.51));
#664 = VECTOR('',#665,1.);
#665 = DIRECTION('',(-1.,1.2E-16,0.));
#666 = ORIENTED_EDGE('',*,*,#667,.F.);
#667 = EDGE_CURVE('',#644,#660,#668,.T.);
#668 = LINE('',#669,#670);
#669 = CARTESIAN_POINT('',(430.35,121.148813,125.51));
#670 = VECTOR('',#671,1.);
#671 = DIRECTION('',(1.2E-16,1.,0.));
#672 = FACE_BOUND('',#673,.T.);
#673 = EDGE_LOOP('',(#674,#684,#692,#700));
#674 = ORIENTED_EDGE('',*,*,#675,.F.);
#675 = EDGE_CURVE('',#676,#678,#680,.T.);
#676 = VERTEX_POINT('',#677);
#677 = CARTESIAN_POINT('',(445.95,122.968176,125.51));
#678 = VERTEX_POINT('',#679);
#679 = CARTESIAN_POINT('',(430.35,122.968176,125.51));
#680 = LINE('',#681,#682);
#681 = CARTESIAN_POINT('',(445.149375,122.968176,125.51));
#682 = VECTOR('',#683,1.);
#683 = DIRECTION('',(-1.,1.2E-16,0.));
#684 = ORIENTED_EDGE('',*,*,#685,.T.);
#685 = EDGE_CURVE('',#676,#686,#688,.T.);
#686 = VERTEX_POINT('',#687);
#687 = CARTESIAN_POINT('',(445.95,138.568176,125.51));
#688 = LINE('',#689,#690);
#689 = CARTESIAN_POINT('',(445.95,111.623813,125.51));
#690 = VECTOR('',#691,1.);
#691 = DIRECTION('',(1.2E-16,1.,0.));
#692 = ORIENTED_EDGE('',*,*,#693,.T.);
#693 = EDGE_CURVE('',#686,#694,#696,.T.);
#694 = VERTEX_POINT('',#695);
#695 = CARTESIAN_POINT('',(430.35,138.568176,125.51));
#696 = LINE('',#697,#698);
#697 = CARTESIAN_POINT('',(445.149375,138.568176,125.51));
#698 = VECTOR('',#699,1.);
#699 = DIRECTION('',(-1.,1.2E-16,0.));
#700 = ORIENTED_EDGE('',*,*,#701,.F.);
#701 = EDGE_CURVE('',#678,#694,#702,.T.);
#702 = LINE('',#703,#704);
#703 = CARTESIAN_POINT('',(430.35,111.623813,125.51));
#704 = VECTOR('',#705,1.);
#705 = DIRECTION('',(1.2E-16,1.,0.));
#706 = FACE_BOUND('',#707,.T.);
#707 = EDGE_LOOP('',(#708,#718,#726,#734));
#708 = ORIENTED_EDGE('',*,*,#709,.F.);
#709 = EDGE_CURVE('',#710,#712,#714,.T.);
#710 = VERTEX_POINT('',#711);
#711 = CARTESIAN_POINT('',(426.9,103.918176,125.51));
#712 = VERTEX_POINT('',#713);
#713 = CARTESIAN_POINT('',(411.3,103.918176,125.51));
#714 = LINE('',#715,#716);
#715 = CARTESIAN_POINT('',(435.624375,103.918176,125.51));
#716 = VECTOR('',#717,1.);
#717 = DIRECTION('',(-1.,1.2E-16,0.));
#718 = ORIENTED_EDGE('',*,*,#719,.T.);
#719 = EDGE_CURVE('',#710,#720,#722,.T.);
#720 = VERTEX_POINT('',#721);
#721 = CARTESIAN_POINT('',(426.9,119.518176,125.51));
#722 = LINE('',#723,#724);
#723 = CARTESIAN_POINT('',(426.9,102.098813,125.51));
#724 = VECTOR('',#725,1.);
#725 = DIRECTION('',(1.2E-16,1.,0.));
#726 = ORIENTED_EDGE('',*,*,#727,.T.);
#727 = EDGE_CURVE('',#720,#728,#730,.T.);
#728 = VERTEX_POINT('',#729);
#729 = CARTESIAN_POINT('',(411.3,119.518176,125.51));
#730 = LINE('',#731,#732);
#731 = CARTESIAN_POINT('',(435.624375,119.518176,125.51));
#732 = VECTOR('',#733,1.);
#733 = DIRECTION('',(-1.,1.2E-16,0.));
#734 = ORIENTED_EDGE('',*,*,#735,.F.);
#735 = EDGE_CURVE('',#712,#728,#736,.T.);
#736 = LINE('',#737,#738);
#737 = CARTESIAN_POINT('',(411.3,102.098813,125.51));
#738 = VECTOR('',#739,1.);
#739 = DIRECTION('',(1.2E-16,1.,0.));
#740 = FACE_BOUND('',#741,.T.);
#741 = EDGE_LOOP('',(#742,#752,#760,#768));
#742 = ORIENTED_EDGE('',*,*,#743,.F.);
#743 = EDGE_CURVE('',#744,#746,#748,.T.);
#744 = VERTEX_POINT('',#745);
#745 = CARTESIAN_POINT('',(426.9,84.868176,125.51));
#746 = VERTEX_POINT('',#747);
#747 = CARTESIAN_POINT('',(411.3,84.868176,125.51));
#748 = LINE('',#749,#750);
#749 = CARTESIAN_POINT('',(435.624375,84.868176,125.51));
#750 = VECTOR('',#751,1.);
#751 = DIRECTION('',(-1.,1.2E-16,0.));
#752 = ORIENTED_EDGE('',*,*,#753,.T.);
#753 = EDGE_CURVE('',#744,#754,#756,.T.);
#754 = VERTEX_POINT('',#755);
#755 = CARTESIAN_POINT('',(426.9,100.468176,125.51));
#756 = LINE('',#757,#758);
#757 = CARTESIAN_POINT('',(426.9,92.573813,125.51));
#758 = VECTOR('',#759,1.);
#759 = DIRECTION('',(1.2E-16,1.,0.));
#760 = ORIENTED_EDGE('',*,*,#761,.T.);
#761 = EDGE_CURVE('',#754,#762,#764,.T.);
#762 = VERTEX_POINT('',#763);
#763 = CARTESIAN_POINT('',(411.3,100.468176,125.51));
#764 = LINE('',#765,#766);
#765 = CARTESIAN_POINT('',(435.624375,100.468176,125.51));
#766 = VECTOR('',#767,1.);
#767 = DIRECTION('',(-1.,1.2E-16,0.));
#768 = ORIENTED_EDGE('',*,*,#769,.F.);
#769 = EDGE_CURVE('',#746,#762,#770,.T.);
#770 = LINE('',#771,#772);
#771 = CARTESIAN_POINT('',(411.3,92.573813,125.51));
#772 = VECTOR('',#773,1.);
#773 = DIRECTION('',(1.2E-16,1.,0.));
#774 = FACE_BOUND('',#775,.T.);
#775 = EDGE_LOOP('',(#776,#786,#794,#802));
#776 = ORIENTED_EDGE('',*,*,#777,.F.);
#777 = EDGE_CURVE('',#778,#780,#782,.T.);
#778 = VERTEX_POINT('',#779);
#779 = CARTESIAN_POINT('',(445.95,103.918176,125.51));
#780 = VERTEX_POINT('',#781);
#781 = CARTESIAN_POINT('',(430.35,103.918176,125.51));
#782 = LINE('',#783,#784);
#783 = CARTESIAN_POINT('',(445.149375,103.918176,125.51));
#784 = VECTOR('',#785,1.);
#785 = DIRECTION('',(-1.,1.2E-16,0.));
#786 = ORIENTED_EDGE('',*,*,#787,.T.);
#787 = EDGE_CURVE('',#778,#788,#790,.T.);
#788 = VERTEX_POINT('',#789);
#789 = CARTESIAN_POINT('',(445.95,119.518176,125.51));
#790 = LINE('',#791,#792);
#791 = CARTESIAN_POINT('',(445.95,102.098813,125.51));
#792 = VECTOR('',#793,1.);
#793 = DIRECTION('',(1.2E-16,1.,0.));
#794 = ORIENTED_EDGE('',*,*,#795,.T.);
#795 = EDGE_CURVE('',#788,#796,#798,.T.);
#796 = VERTEX_POINT('',#797);
#797 = CARTESIAN_POINT('',(430.35,119.518176,125.51));
#798 = LINE('',#799,#800);
#799 = CARTESIAN_POINT('',(445.149375,119.518176,125.51));
#800 = VECTOR('',#801,1.);
#801 = DIRECTION('',(-1.,1.2E-16,0.));
#802 = ORIENTED_EDGE('',*,*,#803,.F.);
#803 = EDGE_CURVE('',#780,#796,#804,.T.);
#804 = LINE('',#805,#806);
#805 = CARTESIAN_POINT('',(430.35,102.098813,125.51));
#806 = VECTOR('',#807,1.);
#807 = DIRECTION('',(1.2E-16,1.,0.));
#808 = FACE_BOUND('',#809,.T.);
#809 = EDGE_LOOP('',(#810,#820,#828,#836));
#810 = ORIENTED_EDGE('',*,*,#811,.F.);
#811 = EDGE_CURVE('',#812,#814,#816,.T.);
#812 = VERTEX_POINT('',#813);
#813 = CARTESIAN_POINT('',(445.95,84.868176,125.51));
#814 = VERTEX_POINT('',#815);
#815 = CARTESIAN_POINT('',(430.35,84.868176,125.51));
#816 = LINE('',#817,#818);
#817 = CARTESIAN_POINT('',(445.149375,84.868176,125.51));
#818 = VECTOR('',#819,1.);
#819 = DIRECTION('',(-1.,1.2E-16,0.));
#820 = ORIENTED_EDGE('',*,*,#821,.T.);
#821 = EDGE_CURVE('',#812,#822,#824,.T.);
#822 = VERTEX_POINT('',#823);
#823 = CARTESIAN_POINT('',(445.95,100.468176,125.51));
#824 = LINE('',#825,#826);
#825 = CARTESIAN_POINT('',(445.95,92.573813,125.51));
#826 = VECTOR('',#827,1.);
#827 = DIRECTION('',(1.2E-16,1.,0.));
#828 = ORIENTED_EDGE('',*,*,#829,.T.);
#829 = EDGE_CURVE('',#822,#830,#832,.T.);
#830 = VERTEX_POINT('',#831);
#831 = CARTESIAN_POINT('',(430.35,100.468176,125.51));
#832 = LINE('',#833,#834);
#833 = CARTESIAN_POINT('',(445.149375,100.468176,125.51));
#834 = VECTOR('',#835,1.);
#835 = DIRECTION('',(-1.,1.2E-16,0.));
#836 = ORIENTED_EDGE('',*,*,#837,.F.);
#837 = EDGE_CURVE('',#814,#830,#838,.T.);
#838 = LINE('',#839,#840);
#839 = CARTESIAN_POINT('',(430.35,92.573813,125.51));
#840 = VECTOR('',#841,1.);
#841 = DIRECTION('',(1.2E-16,1.,0.));
#842 = FACE_BOUND('',#843,.T.);
#843 = EDGE_LOOP('',(#844,#854,#862,#870));
#844 = ORIENTED_EDGE('',*,*,#845,.F.);
#845 = EDGE_CURVE('',#846,#848,#850,.T.);
#846 = VERTEX_POINT('',#847);
#847 = CARTESIAN_POINT('',(465.,142.018176,125.51));
#848 = VERTEX_POINT('',#849);
#849 = CARTESIAN_POINT('',(449.4,142.018176,125.51));
#850 = LINE('',#851,#852);
#851 = CARTESIAN_POINT('',(454.674375,142.018176,125.51));
#852 = VECTOR('',#853,1.);
#853 = DIRECTION('',(-1.,1.2E-16,0.));
#854 = ORIENTED_EDGE('',*,*,#855,.T.);
#855 = EDGE_CURVE('',#846,#856,#858,.T.);
#856 = VERTEX_POINT('',#857);
#857 = CARTESIAN_POINT('',(465.,157.618176,125.51));
#858 = LINE('',#859,#860);
#859 = CARTESIAN_POINT('',(465.,121.148813,125.51));
#860 = VECTOR('',#861,1.);
#861 = DIRECTION('',(1.2E-16,1.,0.));
#862 = ORIENTED_EDGE('',*,*,#863,.T.);
#863 = EDGE_CURVE('',#856,#864,#866,.T.);
#864 = VERTEX_POINT('',#865);
#865 = CARTESIAN_POINT('',(449.4,157.618176,125.51));
#866 = LINE('',#867,#868);
#867 = CARTESIAN_POINT('',(454.674375,157.618176,125.51));
#868 = VECTOR('',#869,1.);
#869 = DIRECTION('',(-1.,1.2E-16,0.));
#870 = ORIENTED_EDGE('',*,*,#871,.F.);
#871 = EDGE_CURVE('',#848,#864,#872,.T.);
#872 = LINE('',#873,#874);
#873 = CARTESIAN_POINT('',(449.4,121.148813,125.51));
#874 = VECTOR('',#875,1.);
#875 = DIRECTION('',(1.2E-16,1.,0.));
#876 = FACE_BOUND('',#877,.T.);
#877 = EDGE_LOOP('',(#878,#888,#896,#904));
#878 = ORIENTED_EDGE('',*,*,#879,.F.);
#879 = EDGE_CURVE('',#880,#882,#884,.T.);
#880 = VERTEX_POINT('',#881);
#881 = CARTESIAN_POINT('',(465.,122.968176,125.51));
#882 = VERTEX_POINT('',#883);
#883 = CARTESIAN_POINT('',(449.4,122.968176,125.51));
#884 = LINE('',#885,#886);
#885 = CARTESIAN_POINT('',(454.674375,122.968176,125.51));
#886 = VECTOR('',#887,1.);
#887 = DIRECTION('',(-1.,1.2E-16,0.));
#888 = ORIENTED_EDGE('',*,*,#889,.T.);
#889 = EDGE_CURVE('',#880,#890,#892,.T.);
#890 = VERTEX_POINT('',#891);
#891 = CARTESIAN_POINT('',(465.,138.568176,125.51));
#892 = LINE('',#893,#894);
#893 = CARTESIAN_POINT('',(465.,111.623813,125.51));
#894 = VECTOR('',#895,1.);
#895 = DIRECTION('',(1.2E-16,1.,0.));
#896 = ORIENTED_EDGE('',*,*,#897,.T.);
#897 = EDGE_CURVE('',#890,#898,#900,.T.);
#898 = VERTEX_POINT('',#899);
#899 = CARTESIAN_POINT('',(449.4,138.568176,125.51));
#900 = LINE('',#901,#902);
#901 = CARTESIAN_POINT('',(454.674375,138.568176,125.51));
#902 = VECTOR('',#903,1.);
#903 = DIRECTION('',(-1.,1.2E-16,0.));
#904 = ORIENTED_EDGE('',*,*,#905,.F.);
#905 = EDGE_CURVE('',#882,#898,#906,.T.);
#906 = LINE('',#907,#908);
#907 = CARTESIAN_POINT('',(449.4,111.623813,125.51));
#908 = VECTOR('',#909,1.);
#909 = DIRECTION('',(1.2E-16,1.,0.));
#910 = FACE_BOUND('',#911,.T.);
#911 = EDGE_LOOP('',(#912));
#912 = ORIENTED_EDGE('',*,*,#913,.T.);
#913 = EDGE_CURVE('',#914,#914,#916,.T.);
#914 = VERTEX_POINT('',#915);
#915 = CARTESIAN_POINT('',(467.6,140.5,125.51));
#916 = CIRCLE('',#917,1.1);
#917 = AXIS2_PLACEMENT_3D('',#918,#919,#920);
#918 = CARTESIAN_POINT('',(466.5,140.5,125.51));
#919 = DIRECTION('',(0.,0.,1.));
#920 = DIRECTION('',(-1.,0.,0.));
#921 = FACE_BOUND('',#922,.T.);
#922 = EDGE_LOOP('',(#923,#933,#941,#949));
#923 = ORIENTED_EDGE('',*,*,#924,.F.);
#924 = EDGE_CURVE('',#925,#927,#929,.T.);
#925 = VERTEX_POINT('',#926);
#926 = CARTESIAN_POINT('',(484.05,142.018176,125.51));
#927 = VERTEX_POINT('',#928);
#928 = CARTESIAN_POINT('',(468.45,142.018176,125.51));
#929 = LINE('',#930,#931);
#930 = CARTESIAN_POINT('',(464.199375,142.018176,125.51));
#931 = VECTOR('',#932,1.);
#932 = DIRECTION('',(-1.,1.2E-16,0.));
#933 = ORIENTED_EDGE('',*,*,#934,.T.);
#934 = EDGE_CURVE('',#925,#935,#937,.T.);
#935 = VERTEX_POINT('',#936);
#936 = CARTESIAN_POINT('',(484.05,157.618176,125.51));
#937 = LINE('',#938,#939);
#938 = CARTESIAN_POINT('',(484.05,121.148813,125.51));
#939 = VECTOR('',#940,1.);
#940 = DIRECTION('',(1.2E-16,1.,0.));
#941 = ORIENTED_EDGE('',*,*,#942,.T.);
#942 = EDGE_CURVE('',#935,#943,#945,.T.);
#943 = VERTEX_POINT('',#944);
#944 = CARTESIAN_POINT('',(468.45,157.618176,125.51));
#945 = LINE('',#946,#947);
#946 = CARTESIAN_POINT('',(464.199375,157.618176,125.51));
#947 = VECTOR('',#948,1.);
#948 = DIRECTION('',(-1.,1.2E-16,0.));
#949 = ORIENTED_EDGE('',*,*,#950,.F.);
#950 = EDGE_CURVE('',#927,#943,#951,.T.);
#951 = LINE('',#952,#953);
#952 = CARTESIAN_POINT('',(468.45,121.148813,125.51));
#953 = VECTOR('',#954,1.);
#954 = DIRECTION('',(1.2E-16,1.,0.));
#955 = FACE_BOUND('',#956,.T.);
#956 = EDGE_LOOP('',(#957,#967,#975,#983));
#957 = ORIENTED_EDGE('',*,*,#958,.F.);
#958 = EDGE_CURVE('',#959,#961,#963,.T.);
#959 = VERTEX_POINT('',#960);
#960 = CARTESIAN_POINT('',(484.05,122.968176,125.51));
#961 = VERTEX_POINT('',#962);
#962 = CARTESIAN_POINT('',(468.45,122.968176,125.51));
#963 = LINE('',#964,#965);
#964 = CARTESIAN_POINT('',(464.199375,122.968176,125.51));
#965 = VECTOR('',#966,1.);
#966 = DIRECTION('',(-1.,1.2E-16,0.));
#967 = ORIENTED_EDGE('',*,*,#968,.T.);
#968 = EDGE_CURVE('',#959,#969,#971,.T.);
#969 = VERTEX_POINT('',#970);
#970 = CARTESIAN_POINT('',(484.05,138.568176,125.51));
#971 = LINE('',#972,#973);
#972 = CARTESIAN_POINT('',(484.05,111.623813,125.51));
#973 = VECTOR('',#974,1.);
#974 = DIRECTION('',(1.2E-16,1.,0.));
#975 = ORIENTED_EDGE('',*,*,#976,.T.);
#976 = EDGE_CURVE('',#969,#977,#979,.T.);
#977 = VERTEX_POINT('',#978);
#978 = CARTESIAN_POINT('',(468.45,138.568176,125.51));
#979 = LINE('',#980,#981);
#980 = CARTESIAN_POINT('',(464.199375,138.568176,125.51));
#981 = VECTOR('',#982,1.);
#982 = DIRECTION('',(-1.,1.2E-16,0.));
#983 = ORIENTED_EDGE('',*,*,#984,.F.);
#984 = EDGE_CURVE('',#961,#977,#985,.T.);
#985 = LINE('',#986,#987);
#986 = CARTESIAN_POINT('',(468.45,111.623813,125.51));
#987 = VECTOR('',#988,1.);
#988 = DIRECTION('',(1.2E-16,1.,0.));
#989 = FACE_BOUND('',#990,.T.);
#990 = EDGE_LOOP('',(#991,#1001,#1009,#1017));
#991 = ORIENTED_EDGE('',*,*,#992,.F.);
#992 = EDGE_CURVE('',#993,#995,#997,.T.);
#993 = VERTEX_POINT('',#994);
#994 = CARTESIAN_POINT('',(465.,103.918176,125.51));
#995 = VERTEX_POINT('',#996);
#996 = CARTESIAN_POINT('',(449.4,103.918176,125.51));
#997 = LINE('',#998,#999);
#998 = CARTESIAN_POINT('',(454.674375,103.918176,125.51));
#999 = VECTOR('',#1000,1.);
#1000 = DIRECTION('',(-1.,1.2E-16,0.));
#1001 = ORIENTED_EDGE('',*,*,#1002,.T.);
#1002 = EDGE_CURVE('',#993,#1003,#1005,.T.);
#1003 = VERTEX_POINT('',#1004);
#1004 = CARTESIAN_POINT('',(465.,119.518176,125.51));
#1005 = LINE('',#1006,#1007);
#1006 = CARTESIAN_POINT('',(465.,102.098813,125.51));
#1007 = VECTOR('',#1008,1.);
#1008 = DIRECTION('',(1.2E-16,1.,0.));
#1009 = ORIENTED_EDGE('',*,*,#1010,.T.);
#1010 = EDGE_CURVE('',#1003,#1011,#1013,.T.);
#1011 = VERTEX_POINT('',#1012);
#1012 = CARTESIAN_POINT('',(449.4,119.518176,125.51));
#1013 = LINE('',#1014,#1015);
#1014 = CARTESIAN_POINT('',(454.674375,119.518176,125.51));
#1015 = VECTOR('',#1016,1.);
#1016 = DIRECTION('',(-1.,1.2E-16,0.));
#1017 = ORIENTED_EDGE('',*,*,#1018,.F.);
#1018 = EDGE_CURVE('',#995,#1011,#1019,.T.);
#1019 = LINE('',#1020,#1021);
#1020 = CARTESIAN_POINT('',(449.4,102.098813,125.51));
#1021 = VECTOR('',#1022,1.);
#1022 = DIRECTION('',(1.2E-16,1.,0.));
#1023 = FACE_BOUND('',#1024,.T.);
#1024 = EDGE_LOOP('',(#1025));
#1025 = ORIENTED_EDGE('',*,*,#1026,.T.);
#1026 = EDGE_CURVE('',#1027,#1027,#1029,.T.);
#1027 = VERTEX_POINT('',#1028);
#1028 = CARTESIAN_POINT('',(448.6,102.,125.51));
#1029 = CIRCLE('',#1030,1.1);
#1030 = AXIS2_PLACEMENT_3D('',#1031,#1032,#1033);
#1031 = CARTESIAN_POINT('',(447.5,102.,125.51));
#1032 = DIRECTION('',(0.,0.,1.));
#1033 = DIRECTION('',(-1.,0.,0.));
#1034 = FACE_BOUND('',#1035,.T.);
#1035 = EDGE_LOOP('',(#1036,#1046,#1054,#1062));
#1036 = ORIENTED_EDGE('',*,*,#1037,.F.);
#1037 = EDGE_CURVE('',#1038,#1040,#1042,.T.);
#1038 = VERTEX_POINT('',#1039);
#1039 = CARTESIAN_POINT('',(465.,84.868176,125.51));
#1040 = VERTEX_POINT('',#1041);
#1041 = CARTESIAN_POINT('',(449.4,84.868176,125.51));
#1042 = LINE('',#1043,#1044);
#1043 = CARTESIAN_POINT('',(454.674375,84.868176,125.51));
#1044 = VECTOR('',#1045,1.);
#1045 = DIRECTION('',(-1.,1.2E-16,0.));
#1046 = ORIENTED_EDGE('',*,*,#1047,.T.);
#1047 = EDGE_CURVE('',#1038,#1048,#1050,.T.);
#1048 = VERTEX_POINT('',#1049);
#1049 = CARTESIAN_POINT('',(465.,100.468176,125.51));
#1050 = LINE('',#1051,#1052);
#1051 = CARTESIAN_POINT('',(465.,92.573813,125.51));
#1052 = VECTOR('',#1053,1.);
#1053 = DIRECTION('',(1.2E-16,1.,0.));
#1054 = ORIENTED_EDGE('',*,*,#1055,.T.);
#1055 = EDGE_CURVE('',#1048,#1056,#1058,.T.);
#1056 = VERTEX_POINT('',#1057);
#1057 = CARTESIAN_POINT('',(449.4,100.468176,125.51));
#1058 = LINE('',#1059,#1060);
#1059 = CARTESIAN_POINT('',(454.674375,100.468176,125.51));
#1060 = VECTOR('',#1061,1.);
#1061 = DIRECTION('',(-1.,1.2E-16,0.));
#1062 = ORIENTED_EDGE('',*,*,#1063,.F.);
#1063 = EDGE_CURVE('',#1040,#1056,#1064,.T.);
#1064 = LINE('',#1065,#1066);
#1065 = CARTESIAN_POINT('',(449.4,92.573813,125.51));
#1066 = VECTOR('',#1067,1.);
#1067 = DIRECTION('',(1.2E-16,1.,0.));
#1068 = FACE_BOUND('',#1069,.T.);
#1069 = EDGE_LOOP('',(#1070,#1080,#1088,#1096));
#1070 = ORIENTED_EDGE('',*,*,#1071,.F.);
#1071 = EDGE_CURVE('',#1072,#1074,#1076,.T.);
#1072 = VERTEX_POINT('',#1073);
#1073 = CARTESIAN_POINT('',(484.05,103.918176,125.51));
#1074 = VERTEX_POINT('',#1075);
#1075 = CARTESIAN_POINT('',(468.45,103.918176,125.51));
#1076 = LINE('',#1077,#1078);
#1077 = CARTESIAN_POINT('',(464.199375,103.918176,125.51));
#1078 = VECTOR('',#1079,1.);
#1079 = DIRECTION('',(-1.,1.2E-16,0.));
#1080 = ORIENTED_EDGE('',*,*,#1081,.T.);
#1081 = EDGE_CURVE('',#1072,#1082,#1084,.T.);
#1082 = VERTEX_POINT('',#1083);
#1083 = CARTESIAN_POINT('',(484.05,119.518176,125.51));
#1084 = LINE('',#1085,#1086);
#1085 = CARTESIAN_POINT('',(484.05,102.098813,125.51));
#1086 = VECTOR('',#1087,1.);
#1087 = DIRECTION('',(1.2E-16,1.,0.));
#1088 = ORIENTED_EDGE('',*,*,#1089,.T.);
#1089 = EDGE_CURVE('',#1082,#1090,#1092,.T.);
#1090 = VERTEX_POINT('',#1091);
#1091 = CARTESIAN_POINT('',(468.45,119.518176,125.51));
#1092 = LINE('',#1093,#1094);
#1093 = CARTESIAN_POINT('',(464.199375,119.518176,125.51));
#1094 = VECTOR('',#1095,1.);
#1095 = DIRECTION('',(-1.,1.2E-16,0.));
#1096 = ORIENTED_EDGE('',*,*,#1097,.F.);
#1097 = EDGE_CURVE('',#1074,#1090,#1098,.T.);
#1098 = LINE('',#1099,#1100);
#1099 = CARTESIAN_POINT('',(468.45,102.098813,125.51));
#1100 = VECTOR('',#1101,1.);
#1101 = DIRECTION('',(1.2E-16,1.,0.));
#1102 = FACE_BOUND('',#1103,.T.);
#1103 = EDGE_LOOP('',(#1104,#1114,#1122,#1130));
#1104 = ORIENTED_EDGE('',*,*,#1105,.F.);
#1105 = EDGE_CURVE('',#1106,#1108,#1110,.T.);
#1106 = VERTEX_POINT('',#1107);
#1107 = CARTESIAN_POINT('',(484.05,84.868176,125.51));
#1108 = VERTEX_POINT('',#1109);
#1109 = CARTESIAN_POINT('',(468.45,84.868176,125.51));
#1110 = LINE('',#1111,#1112);
#1111 = CARTESIAN_POINT('',(464.199375,84.868176,125.51));
#1112 = VECTOR('',#1113,1.);
#1113 = DIRECTION('',(-1.,1.2E-16,0.));
#1114 = ORIENTED_EDGE('',*,*,#1115,.T.);
#1115 = EDGE_CURVE('',#1106,#1116,#1118,.T.);
#1116 = VERTEX_POINT('',#1117);
#1117 = CARTESIAN_POINT('',(484.05,100.468176,125.51));
#1118 = LINE('',#1119,#1120);
#1119 = CARTESIAN_POINT('',(484.05,92.573813,125.51));
#1120 = VECTOR('',#1121,1.);
#1121 = DIRECTION('',(1.2E-16,1.,0.));
#1122 = ORIENTED_EDGE('',*,*,#1123,.T.);
#1123 = EDGE_CURVE('',#1116,#1124,#1126,.T.);
#1124 = VERTEX_POINT('',#1125);
#1125 = CARTESIAN_POINT('',(468.45,100.468176,125.51));
#1126 = LINE('',#1127,#1128);
#1127 = CARTESIAN_POINT('',(464.199375,100.468176,125.51));
#1128 = VECTOR('',#1129,1.);
#1129 = DIRECTION('',(-1.,1.2E-16,0.));
#1130 = ORIENTED_EDGE('',*,*,#1131,.F.);
#1131 = EDGE_CURVE('',#1108,#1124,#1132,.T.);
#1132 = LINE('',#1133,#1134);
#1133 = CARTESIAN_POINT('',(468.45,92.573813,125.51));
#1134 = VECTOR('',#1135,1.);
#1135 = DIRECTION('',(1.2E-16,1.,0.));
#1136 = FACE_BOUND('',#1137,.T.);
#1137 = EDGE_LOOP('',(#1138,#1148,#1156,#1164,#1172,#1180,#1188,#1196,
    #1204,#1212,#1220,#1228,#1236,#1244,#1252,#1260,#1268,#1276,#1284,
    #1292,#1300,#1308,#1316,#1324,#1332,#1340,#1348,#1356));
#1138 = ORIENTED_EDGE('',*,*,#1139,.F.);
#1139 = EDGE_CURVE('',#1140,#1142,#1144,.T.);
#1140 = VERTEX_POINT('',#1141);
#1141 = CARTESIAN_POINT('',(436.425,80.433176,125.51));
#1142 = VERTEX_POINT('',#1143);
#1143 = CARTESIAN_POINT('',(444.7,80.433176,125.51));
#1144 = LINE('',#1145,#1146);
#1145 = CARTESIAN_POINT('',(440.386875,80.433176,125.51));
#1146 = VECTOR('',#1147,1.);
#1147 = DIRECTION('',(1.,0.,0.));
#1148 = ORIENTED_EDGE('',*,*,#1149,.F.);
#1149 = EDGE_CURVE('',#1150,#1140,#1152,.T.);
#1150 = VERTEX_POINT('',#1151);
#1151 = CARTESIAN_POINT('',(436.425,81.418176,125.51));
#1152 = LINE('',#1153,#1154);
#1153 = CARTESIAN_POINT('',(436.425,83.048813,125.51));
#1154 = VECTOR('',#1155,1.);
#1155 = DIRECTION('',(0.,-1.,0.));
#1156 = ORIENTED_EDGE('',*,*,#1157,.T.);
#1157 = EDGE_CURVE('',#1150,#1158,#1160,.T.);
#1158 = VERTEX_POINT('',#1159);
#1159 = CARTESIAN_POINT('',(420.825,81.418176,125.51));
#1160 = LINE('',#1161,#1162);
#1161 = CARTESIAN_POINT('',(440.386875,81.418176,125.51));
#1162 = VECTOR('',#1163,1.);
#1163 = DIRECTION('',(-1.,1.2E-16,0.));
#1164 = ORIENTED_EDGE('',*,*,#1165,.F.);
#1165 = EDGE_CURVE('',#1166,#1158,#1168,.T.);
#1166 = VERTEX_POINT('',#1167);
#1167 = CARTESIAN_POINT('',(420.825,80.433176,125.51));
#1168 = LINE('',#1169,#1170);
#1169 = CARTESIAN_POINT('',(420.825,82.556313,125.51));
#1170 = VECTOR('',#1171,1.);
#1171 = DIRECTION('',(0.,1.,0.));
#1172 = ORIENTED_EDGE('',*,*,#1173,.F.);
#1173 = EDGE_CURVE('',#1174,#1166,#1176,.T.);
#1174 = VERTEX_POINT('',#1175);
#1175 = CARTESIAN_POINT('',(412.55,80.433176,125.51));
#1176 = LINE('',#1177,#1178);
#1177 = CARTESIAN_POINT('',(428.449375,80.433176,125.51));
#1178 = VECTOR('',#1179,1.);
#1179 = DIRECTION('',(1.,0.,0.));
#1180 = ORIENTED_EDGE('',*,*,#1181,.F.);
#1181 = EDGE_CURVE('',#1182,#1174,#1184,.T.);
#1182 = VERTEX_POINT('',#1183);
#1183 = CARTESIAN_POINT('',(412.55,77.203176,125.51));
#1184 = LINE('',#1185,#1186);
#1185 = CARTESIAN_POINT('',(412.55,80.941313,125.51));
#1186 = VECTOR('',#1187,1.);
#1187 = DIRECTION('',(0.,1.,0.));
#1188 = ORIENTED_EDGE('',*,*,#1189,.F.);
#1189 = EDGE_CURVE('',#1190,#1182,#1192,.T.);
#1190 = VERTEX_POINT('',#1191);
#1191 = CARTESIAN_POINT('',(411.725,77.203176,125.51));
#1192 = LINE('',#1193,#1194);
#1193 = CARTESIAN_POINT('',(428.036875,77.203176,125.51));
#1194 = VECTOR('',#1195,1.);
#1195 = DIRECTION('',(1.,0.,0.));
#1196 = ORIENTED_EDGE('',*,*,#1197,.F.);
#1197 = EDGE_CURVE('',#1198,#1190,#1200,.T.);
#1198 = VERTEX_POINT('',#1199);
#1199 = CARTESIAN_POINT('',(411.725,72.818176,125.51));
#1200 = LINE('',#1201,#1202);
#1201 = CARTESIAN_POINT('',(411.725,78.748813,125.51));
#1202 = VECTOR('',#1203,1.);
#1203 = DIRECTION('',(0.,1.,0.));
#1204 = ORIENTED_EDGE('',*,*,#1205,.F.);
#1205 = EDGE_CURVE('',#1206,#1198,#1208,.T.);
#1206 = VERTEX_POINT('',#1207);
#1207 = CARTESIAN_POINT('',(412.55,72.818176,125.51));
#1208 = LINE('',#1209,#1210);
#1209 = CARTESIAN_POINT('',(428.449375,72.818176,125.51));
#1210 = VECTOR('',#1211,1.);
#1211 = DIRECTION('',(-1.,-0.,-0.));
#1212 = ORIENTED_EDGE('',*,*,#1213,.F.);
#1213 = EDGE_CURVE('',#1214,#1206,#1216,.T.);
#1214 = VERTEX_POINT('',#1215);
#1215 = CARTESIAN_POINT('',(412.55,66.533176,125.51));
#1216 = LINE('',#1217,#1218);
#1217 = CARTESIAN_POINT('',(412.55,75.606313,125.51));
#1218 = VECTOR('',#1219,1.);
#1219 = DIRECTION('',(0.,1.,0.));
#1220 = ORIENTED_EDGE('',*,*,#1221,.F.);
#1221 = EDGE_CURVE('',#1222,#1214,#1224,.T.);
#1222 = VERTEX_POINT('',#1223);
#1223 = CARTESIAN_POINT('',(414.275,66.533176,125.51));
#1224 = LINE('',#1225,#1226);
#1225 = CARTESIAN_POINT('',(429.311875,66.533176,125.51));
#1226 = VECTOR('',#1227,1.);
#1227 = DIRECTION('',(-1.,-0.,-0.));
#1228 = ORIENTED_EDGE('',*,*,#1229,.F.);
#1229 = EDGE_CURVE('',#1230,#1222,#1232,.T.);
#1230 = VERTEX_POINT('',#1231);
#1231 = CARTESIAN_POINT('',(414.275,65.333176,125.51));
#1232 = LINE('',#1233,#1234);
#1233 = CARTESIAN_POINT('',(414.275,75.006313,125.51));
#1234 = VECTOR('',#1235,1.);
#1235 = DIRECTION('',(0.,1.,0.));
#1236 = ORIENTED_EDGE('',*,*,#1237,.F.);
#1237 = EDGE_CURVE('',#1238,#1230,#1240,.T.);
#1238 = VERTEX_POINT('',#1239);
#1239 = CARTESIAN_POINT('',(419.175,65.333176,125.51));
#1240 = LINE('',#1241,#1242);
#1241 = CARTESIAN_POINT('',(431.761875,65.333176,125.51));
#1242 = VECTOR('',#1243,1.);
#1243 = DIRECTION('',(-1.,-0.,-0.));
#1244 = ORIENTED_EDGE('',*,*,#1245,.F.);
#1245 = EDGE_CURVE('',#1246,#1238,#1248,.T.);
#1246 = VERTEX_POINT('',#1247);
#1247 = CARTESIAN_POINT('',(419.175,66.533176,125.51));
#1248 = LINE('',#1249,#1250);
#1249 = CARTESIAN_POINT('',(419.175,75.606313,125.51));
#1250 = VECTOR('',#1251,1.);
#1251 = DIRECTION('',(0.,-1.,0.));
#1252 = ORIENTED_EDGE('',*,*,#1253,.F.);
#1253 = EDGE_CURVE('',#1254,#1246,#1256,.T.);
#1254 = VERTEX_POINT('',#1255);
#1255 = CARTESIAN_POINT('',(420.825,66.533175999998,125.51));
#1256 = LINE('',#1257,#1258);
#1257 = CARTESIAN_POINT('',(432.586875,66.533176,125.51));
#1258 = VECTOR('',#1259,1.);
#1259 = DIRECTION('',(-1.,-0.,-0.));
#1260 = ORIENTED_EDGE('',*,*,#1261,.T.);
#1261 = EDGE_CURVE('',#1254,#1262,#1264,.T.);
#1262 = VERTEX_POINT('',#1263);
#1263 = CARTESIAN_POINT('',(420.825,65.818176,125.51));
#1264 = LINE('',#1265,#1266);
#1265 = CARTESIAN_POINT('',(420.825,75.606313000003,125.51));
#1266 = VECTOR('',#1267,1.);
#1267 = DIRECTION('',(-3.5041E-13,-1.,-0.));
#1268 = ORIENTED_EDGE('',*,*,#1269,.F.);
#1269 = EDGE_CURVE('',#1270,#1262,#1272,.T.);
#1270 = VERTEX_POINT('',#1271);
#1271 = CARTESIAN_POINT('',(436.425,65.818176,125.51));
#1272 = LINE('',#1273,#1274);
#1273 = CARTESIAN_POINT('',(440.386875,65.818176,125.51));
#1274 = VECTOR('',#1275,1.);
#1275 = DIRECTION('',(-1.,1.2E-16,0.));
#1276 = ORIENTED_EDGE('',*,*,#1277,.T.);
#1277 = EDGE_CURVE('',#1270,#1278,#1280,.T.);
#1278 = VERTEX_POINT('',#1279);
#1279 = CARTESIAN_POINT('',(436.425,66.533175999999,125.51));
#1280 = LINE('',#1281,#1282);
#1281 = CARTESIAN_POINT('',(436.425,75.248813,125.51));
#1282 = VECTOR('',#1283,1.);
#1283 = DIRECTION('',(2.6531E-13,1.,0.));
#1284 = ORIENTED_EDGE('',*,*,#1285,.F.);
#1285 = EDGE_CURVE('',#1286,#1278,#1288,.T.);
#1286 = VERTEX_POINT('',#1287);
#1287 = CARTESIAN_POINT('',(438.075,66.533176,125.51));
#1288 = LINE('',#1289,#1290);
#1289 = CARTESIAN_POINT('',(441.211875,66.533176,125.51));
#1290 = VECTOR('',#1291,1.);
#1291 = DIRECTION('',(-1.,-0.,-0.));
#1292 = ORIENTED_EDGE('',*,*,#1293,.F.);
#1293 = EDGE_CURVE('',#1294,#1286,#1296,.T.);
#1294 = VERTEX_POINT('',#1295);
#1295 = CARTESIAN_POINT('',(438.075,65.333176,125.51));
#1296 = LINE('',#1297,#1298);
#1297 = CARTESIAN_POINT('',(438.075,75.006313,125.51));
#1298 = VECTOR('',#1299,1.);
#1299 = DIRECTION('',(0.,1.,0.));
#1300 = ORIENTED_EDGE('',*,*,#1301,.F.);
#1301 = EDGE_CURVE('',#1302,#1294,#1304,.T.);
#1302 = VERTEX_POINT('',#1303);
#1303 = CARTESIAN_POINT('',(442.975,65.333176,125.51));
#1304 = LINE('',#1305,#1306);
#1305 = CARTESIAN_POINT('',(443.661875,65.333176,125.51));
#1306 = VECTOR('',#1307,1.);
#1307 = DIRECTION('',(-1.,-0.,-0.));
#1308 = ORIENTED_EDGE('',*,*,#1309,.F.);
#1309 = EDGE_CURVE('',#1310,#1302,#1312,.T.);
#1310 = VERTEX_POINT('',#1311);
#1311 = CARTESIAN_POINT('',(442.975,66.533176,125.51));
#1312 = LINE('',#1313,#1314);
#1313 = CARTESIAN_POINT('',(442.975,75.606313,125.51));
#1314 = VECTOR('',#1315,1.);
#1315 = DIRECTION('',(0.,-1.,0.));
#1316 = ORIENTED_EDGE('',*,*,#1317,.F.);
#1317 = EDGE_CURVE('',#1318,#1310,#1320,.T.);
#1318 = VERTEX_POINT('',#1319);
#1319 = CARTESIAN_POINT('',(444.7,66.533176,125.51));
#1320 = LINE('',#1321,#1322);
#1321 = CARTESIAN_POINT('',(444.524375,66.533176,125.51));
#1322 = VECTOR('',#1323,1.);
#1323 = DIRECTION('',(-1.,-0.,-0.));
#1324 = ORIENTED_EDGE('',*,*,#1325,.F.);
#1325 = EDGE_CURVE('',#1326,#1318,#1328,.T.);
#1326 = VERTEX_POINT('',#1327);
#1327 = CARTESIAN_POINT('',(444.7,72.818176,125.51));
#1328 = LINE('',#1329,#1330);
#1329 = CARTESIAN_POINT('',(444.7,78.748813,125.51));
#1330 = VECTOR('',#1331,1.);
#1331 = DIRECTION('',(0.,-1.,0.));
#1332 = ORIENTED_EDGE('',*,*,#1333,.F.);
#1333 = EDGE_CURVE('',#1334,#1326,#1336,.T.);
#1334 = VERTEX_POINT('',#1335);
#1335 = CARTESIAN_POINT('',(445.525,72.818176,125.51));
#1336 = LINE('',#1337,#1338);
#1337 = CARTESIAN_POINT('',(444.936875,72.818176,125.51));
#1338 = VECTOR('',#1339,1.);
#1339 = DIRECTION('',(-1.,-0.,-0.));
#1340 = ORIENTED_EDGE('',*,*,#1341,.F.);
#1341 = EDGE_CURVE('',#1342,#1334,#1344,.T.);
#1342 = VERTEX_POINT('',#1343);
#1343 = CARTESIAN_POINT('',(445.525,77.203176,125.51));
#1344 = LINE('',#1345,#1346);
#1345 = CARTESIAN_POINT('',(445.525,80.941313,125.51));
#1346 = VECTOR('',#1347,1.);
#1347 = DIRECTION('',(0.,-1.,0.));
#1348 = ORIENTED_EDGE('',*,*,#1349,.F.);
#1349 = EDGE_CURVE('',#1350,#1342,#1352,.T.);
#1350 = VERTEX_POINT('',#1351);
#1351 = CARTESIAN_POINT('',(444.7,77.203176,125.51));
#1352 = LINE('',#1353,#1354);
#1353 = CARTESIAN_POINT('',(444.524375,77.203176,125.51));
#1354 = VECTOR('',#1355,1.);
#1355 = DIRECTION('',(1.,0.,0.));
#1356 = ORIENTED_EDGE('',*,*,#1357,.F.);
#1357 = EDGE_CURVE('',#1142,#1350,#1358,.T.);
#1358 = LINE('',#1359,#1360);
#1359 = CARTESIAN_POINT('',(444.7,82.556313,125.51));
#1360 = VECTOR('',#1361,1.);
#1361 = DIRECTION('',(0.,-1.,0.));
#1362 = FACE_BOUND('',#1363,.T.);
#1363 = EDGE_LOOP('',(#1364));
#1364 = ORIENTED_EDGE('',*,*,#1365,.T.);
#1365 = EDGE_CURVE('',#1366,#1366,#1368,.T.);
#1366 = VERTEX_POINT('',#1367);
#1367 = CARTESIAN_POINT('',(413.1,20.,125.51));
#1368 = CIRCLE('',#1369,1.1);
#1369 = AXIS2_PLACEMENT_3D('',#1370,#1371,#1372);
#1370 = CARTESIAN_POINT('',(412.,20.,125.51));
#1371 = DIRECTION('',(0.,0.,1.));
#1372 = DIRECTION('',(-1.,0.,0.));
#1373 = FACE_BOUND('',#1374,.T.);
#1374 = EDGE_LOOP('',(#1375,#1385,#1393,#1401));
#1375 = ORIENTED_EDGE('',*,*,#1376,.F.);
#1376 = EDGE_CURVE('',#1377,#1379,#1381,.T.);
#1377 = VERTEX_POINT('',#1378);
#1378 = CARTESIAN_POINT('',(436.425,18.193176,125.51));
#1379 = VERTEX_POINT('',#1380);
#1380 = CARTESIAN_POINT('',(420.825,18.193176,125.51));
#1381 = LINE('',#1382,#1383);
#1382 = CARTESIAN_POINT('',(440.386875,18.193176,125.51));
#1383 = VECTOR('',#1384,1.);
#1384 = DIRECTION('',(-1.,1.2E-16,0.));
#1385 = ORIENTED_EDGE('',*,*,#1386,.T.);
#1386 = EDGE_CURVE('',#1377,#1387,#1389,.T.);
#1387 = VERTEX_POINT('',#1388);
#1388 = CARTESIAN_POINT('',(436.425,33.793176,125.51));
#1389 = LINE('',#1390,#1391);
#1390 = CARTESIAN_POINT('',(436.425,59.236313,125.51));
#1391 = VECTOR('',#1392,1.);
#1392 = DIRECTION('',(1.2E-16,1.,0.));
#1393 = ORIENTED_EDGE('',*,*,#1394,.T.);
#1394 = EDGE_CURVE('',#1387,#1395,#1397,.T.);
#1395 = VERTEX_POINT('',#1396);
#1396 = CARTESIAN_POINT('',(420.825,33.793176,125.51));
#1397 = LINE('',#1398,#1399);
#1398 = CARTESIAN_POINT('',(440.386875,33.793176,125.51));
#1399 = VECTOR('',#1400,1.);
#1400 = DIRECTION('',(-1.,1.2E-16,0.));
#1401 = ORIENTED_EDGE('',*,*,#1402,.F.);
#1402 = EDGE_CURVE('',#1379,#1395,#1403,.T.);
#1403 = LINE('',#1404,#1405);
#1404 = CARTESIAN_POINT('',(420.825,59.236313,125.51));
#1405 = VECTOR('',#1406,1.);
#1406 = DIRECTION('',(1.2E-16,1.,0.));
#1407 = FACE_BOUND('',#1408,.T.);
#1408 = EDGE_LOOP('',(#1409,#1419,#1427,#1435));
#1409 = ORIENTED_EDGE('',*,*,#1410,.F.);
#1410 = EDGE_CURVE('',#1411,#1413,#1415,.T.);
#1411 = VERTEX_POINT('',#1412);
#1412 = CARTESIAN_POINT('',(465.,65.818176,125.51));
#1413 = VERTEX_POINT('',#1414);
#1414 = CARTESIAN_POINT('',(449.4,65.818176,125.51));
#1415 = LINE('',#1416,#1417);
#1416 = CARTESIAN_POINT('',(454.674375,65.818176,125.51));
#1417 = VECTOR('',#1418,1.);
#1418 = DIRECTION('',(-1.,1.2E-16,0.));
#1419 = ORIENTED_EDGE('',*,*,#1420,.T.);
#1420 = EDGE_CURVE('',#1411,#1421,#1423,.T.);
#1421 = VERTEX_POINT('',#1422);
#1422 = CARTESIAN_POINT('',(465.,81.418176,125.51));
#1423 = LINE('',#1424,#1425);
#1424 = CARTESIAN_POINT('',(465.,83.048813,125.51));
#1425 = VECTOR('',#1426,1.);
#1426 = DIRECTION('',(1.2E-16,1.,0.));
#1427 = ORIENTED_EDGE('',*,*,#1428,.T.);
#1428 = EDGE_CURVE('',#1421,#1429,#1431,.T.);
#1429 = VERTEX_POINT('',#1430);
#1430 = CARTESIAN_POINT('',(449.4,81.418176,125.51));
#1431 = LINE('',#1432,#1433);
#1432 = CARTESIAN_POINT('',(454.674375,81.418176,125.51));
#1433 = VECTOR('',#1434,1.);
#1434 = DIRECTION('',(-1.,1.2E-16,0.));
#1435 = ORIENTED_EDGE('',*,*,#1436,.F.);
#1436 = EDGE_CURVE('',#1413,#1429,#1437,.T.);
#1437 = LINE('',#1438,#1439);
#1438 = CARTESIAN_POINT('',(449.4,83.048813,125.51));
#1439 = VECTOR('',#1440,1.);
#1440 = DIRECTION('',(1.2E-16,1.,0.));
#1441 = FACE_BOUND('',#1442,.T.);
#1442 = EDGE_LOOP('',(#1443,#1453,#1461,#1469));
#1443 = ORIENTED_EDGE('',*,*,#1444,.F.);
#1444 = EDGE_CURVE('',#1445,#1447,#1449,.T.);
#1445 = VERTEX_POINT('',#1446);
#1446 = CARTESIAN_POINT('',(484.05,65.818176,125.51));
#1447 = VERTEX_POINT('',#1448);
#1448 = CARTESIAN_POINT('',(468.45,65.818176,125.51));
#1449 = LINE('',#1450,#1451);
#1450 = CARTESIAN_POINT('',(464.199375,65.818176,125.51));
#1451 = VECTOR('',#1452,1.);
#1452 = DIRECTION('',(-1.,1.2E-16,0.));
#1453 = ORIENTED_EDGE('',*,*,#1454,.T.);
#1454 = EDGE_CURVE('',#1445,#1455,#1457,.T.);
#1455 = VERTEX_POINT('',#1456);
#1456 = CARTESIAN_POINT('',(484.05,81.418176,125.51));
#1457 = LINE('',#1458,#1459);
#1458 = CARTESIAN_POINT('',(484.05,83.048813,125.51));
#1459 = VECTOR('',#1460,1.);
#1460 = DIRECTION('',(1.2E-16,1.,0.));
#1461 = ORIENTED_EDGE('',*,*,#1462,.T.);
#1462 = EDGE_CURVE('',#1455,#1463,#1465,.T.);
#1463 = VERTEX_POINT('',#1464);
#1464 = CARTESIAN_POINT('',(468.45,81.418176,125.51));
#1465 = LINE('',#1466,#1467);
#1466 = CARTESIAN_POINT('',(464.199375,81.418176,125.51));
#1467 = VECTOR('',#1468,1.);
#1468 = DIRECTION('',(-1.,1.2E-16,0.));
#1469 = ORIENTED_EDGE('',*,*,#1470,.F.);
#1470 = EDGE_CURVE('',#1447,#1463,#1471,.T.);
#1471 = LINE('',#1472,#1473);
#1472 = CARTESIAN_POINT('',(468.45,83.048813,125.51));
#1473 = VECTOR('',#1474,1.);
#1474 = DIRECTION('',(1.2E-16,1.,0.));
#1475 = FACE_BOUND('',#1476,.T.);
#1476 = EDGE_LOOP('',(#1477,#1487,#1495,#1503));
#1477 = ORIENTED_EDGE('',*,*,#1478,.F.);
#1478 = EDGE_CURVE('',#1479,#1481,#1483,.T.);
#1479 = VERTEX_POINT('',#1480);
#1480 = CARTESIAN_POINT('',(455.475,37.243176,125.51));
#1481 = VERTEX_POINT('',#1482);
#1482 = CARTESIAN_POINT('',(439.875,37.243176,125.51));
#1483 = LINE('',#1484,#1485);
#1484 = CARTESIAN_POINT('',(449.911875,37.243176,125.51));
#1485 = VECTOR('',#1486,1.);
#1486 = DIRECTION('',(-1.,1.2E-16,0.));
#1487 = ORIENTED_EDGE('',*,*,#1488,.T.);
#1488 = EDGE_CURVE('',#1479,#1489,#1491,.T.);
#1489 = VERTEX_POINT('',#1490);
#1490 = CARTESIAN_POINT('',(455.475,52.843176,125.51));
#1491 = LINE('',#1492,#1493);
#1492 = CARTESIAN_POINT('',(455.475,68.761313,125.51));
#1493 = VECTOR('',#1494,1.);
#1494 = DIRECTION('',(1.2E-16,1.,0.));
#1495 = ORIENTED_EDGE('',*,*,#1496,.T.);
#1496 = EDGE_CURVE('',#1489,#1497,#1499,.T.);
#1497 = VERTEX_POINT('',#1498);
#1498 = CARTESIAN_POINT('',(439.875,52.843176,125.51));
#1499 = LINE('',#1500,#1501);
#1500 = CARTESIAN_POINT('',(449.911875,52.843176,125.51));
#1501 = VECTOR('',#1502,1.);
#1502 = DIRECTION('',(-1.,1.2E-16,0.));
#1503 = ORIENTED_EDGE('',*,*,#1504,.F.);
#1504 = EDGE_CURVE('',#1481,#1497,#1505,.T.);
#1505 = LINE('',#1506,#1507);
#1506 = CARTESIAN_POINT('',(439.875,68.761313,125.51));
#1507 = VECTOR('',#1508,1.);
#1508 = DIRECTION('',(1.2E-16,1.,0.));
#1509 = FACE_BOUND('',#1510,.T.);
#1510 = EDGE_LOOP('',(#1511,#1521,#1529,#1537));
#1511 = ORIENTED_EDGE('',*,*,#1512,.F.);
#1512 = EDGE_CURVE('',#1513,#1515,#1517,.T.);
#1513 = VERTEX_POINT('',#1514);
#1514 = CARTESIAN_POINT('',(455.475,18.193176,125.51));
#1515 = VERTEX_POINT('',#1516);
#1516 = CARTESIAN_POINT('',(439.875,18.193176,125.51));
#1517 = LINE('',#1518,#1519);
#1518 = CARTESIAN_POINT('',(449.911875,18.193176,125.51));
#1519 = VECTOR('',#1520,1.);
#1520 = DIRECTION('',(-1.,1.2E-16,0.));
#1521 = ORIENTED_EDGE('',*,*,#1522,.T.);
#1522 = EDGE_CURVE('',#1513,#1523,#1525,.T.);
#1523 = VERTEX_POINT('',#1524);
#1524 = CARTESIAN_POINT('',(455.475,33.793176,125.51));
#1525 = LINE('',#1526,#1527);
#1526 = CARTESIAN_POINT('',(455.475,59.236313,125.51));
#1527 = VECTOR('',#1528,1.);
#1528 = DIRECTION('',(1.2E-16,1.,0.));
#1529 = ORIENTED_EDGE('',*,*,#1530,.T.);
#1530 = EDGE_CURVE('',#1523,#1531,#1533,.T.);
#1531 = VERTEX_POINT('',#1532);
#1532 = CARTESIAN_POINT('',(439.875,33.793176,125.51));
#1533 = LINE('',#1534,#1535);
#1534 = CARTESIAN_POINT('',(449.911875,33.793176,125.51));
#1535 = VECTOR('',#1536,1.);
#1536 = DIRECTION('',(-1.,1.2E-16,0.));
#1537 = ORIENTED_EDGE('',*,*,#1538,.F.);
#1538 = EDGE_CURVE('',#1515,#1531,#1539,.T.);
#1539 = LINE('',#1540,#1541);
#1540 = CARTESIAN_POINT('',(439.875,59.236313,125.51));
#1541 = VECTOR('',#1542,1.);
#1542 = DIRECTION('',(1.2E-16,1.,0.));
#1543 = FACE_BOUND('',#1544,.T.);
#1544 = EDGE_LOOP('',(#1545,#1555,#1563,#1571));
#1545 = ORIENTED_EDGE('',*,*,#1546,.F.);
#1546 = EDGE_CURVE('',#1547,#1549,#1551,.T.);
#1547 = VERTEX_POINT('',#1548);
#1548 = CARTESIAN_POINT('',(474.525,18.193176,125.51));
#1549 = VERTEX_POINT('',#1550);
#1550 = CARTESIAN_POINT('',(458.925,18.193176,125.51));
#1551 = LINE('',#1552,#1553);
#1552 = CARTESIAN_POINT('',(459.436875,18.193176,125.51));
#1553 = VECTOR('',#1554,1.);
#1554 = DIRECTION('',(-1.,1.2E-16,0.));
#1555 = ORIENTED_EDGE('',*,*,#1556,.T.);
#1556 = EDGE_CURVE('',#1547,#1557,#1559,.T.);
#1557 = VERTEX_POINT('',#1558);
#1558 = CARTESIAN_POINT('',(474.525,33.793176,125.51));
#1559 = LINE('',#1560,#1561);
#1560 = CARTESIAN_POINT('',(474.525,59.236313,125.51));
#1561 = VECTOR('',#1562,1.);
#1562 = DIRECTION('',(1.2E-16,1.,0.));
#1563 = ORIENTED_EDGE('',*,*,#1564,.T.);
#1564 = EDGE_CURVE('',#1557,#1565,#1567,.T.);
#1565 = VERTEX_POINT('',#1566);
#1566 = CARTESIAN_POINT('',(458.925,33.793176,125.51));
#1567 = LINE('',#1568,#1569);
#1568 = CARTESIAN_POINT('',(459.436875,33.793176,125.51));
#1569 = VECTOR('',#1570,1.);
#1570 = DIRECTION('',(-1.,1.2E-16,0.));
#1571 = ORIENTED_EDGE('',*,*,#1572,.F.);
#1572 = EDGE_CURVE('',#1549,#1565,#1573,.T.);
#1573 = LINE('',#1574,#1575);
#1574 = CARTESIAN_POINT('',(458.925,59.236313,125.51));
#1575 = VECTOR('',#1576,1.);
#1576 = DIRECTION('',(1.2E-16,1.,0.));
#1577 = FACE_BOUND('',#1578,.T.);
#1578 = EDGE_LOOP('',(#1579));
#1579 = ORIENTED_EDGE('',*,*,#1580,.T.);
#1580 = EDGE_CURVE('',#1581,#1581,#1583,.T.);
#1581 = VERTEX_POINT('',#1582);
#1582 = CARTESIAN_POINT('',(484.6,20.,125.51));
#1583 = CIRCLE('',#1584,1.1);
#1584 = AXIS2_PLACEMENT_3D('',#1585,#1586,#1587);
#1585 = CARTESIAN_POINT('',(483.5,20.,125.51));
#1586 = DIRECTION('',(0.,0.,1.));
#1587 = DIRECTION('',(-1.,0.,0.));
#1588 = PLANE('',#1589);
#1589 = AXIS2_PLACEMENT_3D('',#1590,#1591,#1592);
#1590 = CARTESIAN_POINT('',(444.34875,84.67945,125.51));
#1591 = DIRECTION('',(0.,0.,-1.));
#1592 = DIRECTION('',(1.,0.,0.));
#1593 = ADVANCED_FACE('',(#1594),#1612,.F.);
#1594 = FACE_BOUND('',#1595,.F.);
#1595 = EDGE_LOOP('',(#1596,#1604,#1605,#1606));
#1596 = ORIENTED_EDGE('',*,*,#1597,.F.);
#1597 = EDGE_CURVE('',#500,#1598,#1600,.T.);
#1598 = VERTEX_POINT('',#1599);
#1599 = CARTESIAN_POINT('',(403.1125,111.996,127.51));
#1600 = LINE('',#1601,#1602);
#1601 = CARTESIAN_POINT('',(403.1125,111.996,-100.));
#1602 = VECTOR('',#1603,1.);
#1603 = DIRECTION('',(0.,0.,1.));
#1604 = ORIENTED_EDGE('',*,*,#507,.F.);
#1605 = ORIENTED_EDGE('',*,*,#40,.T.);
#1606 = ORIENTED_EDGE('',*,*,#1607,.T.);
#1607 = EDGE_CURVE('',#33,#1598,#1608,.T.);
#1608 = LINE('',#1609,#1610);
#1609 = CARTESIAN_POINT('',(403.1125,98.337725,127.51));
#1610 = VECTOR('',#1611,1.);
#1611 = DIRECTION('',(0.,-1.,0.));
#1612 = PLANE('',#1613);
#1613 = AXIS2_PLACEMENT_3D('',#1614,#1615,#1616);
#1614 = CARTESIAN_POINT('',(403.1125,111.996,-100.));
#1615 = DIRECTION('',(1.,0.,0.));
#1616 = DIRECTION('',(0.,0.,1.));
#1617 = ADVANCED_FACE('',(#1618,#1697,#1987,#2021,#2055,#2089,#2123,
    #2157,#2191,#2225,#2259,#2293,#2327,#2361,#2395,#2429,#2463,#2497,
    #2531,#2565,#2599,#2633,#2667,#2701,#2735,#2746,#2757,#2768,#2779,
    #2790),#2837,.F.);
#1618 = FACE_BOUND('',#1619,.F.);
#1619 = EDGE_LOOP('',(#1620,#1621,#1622,#1631,#1639,#1648,#1656,#1665,
    #1673,#1682,#1690,#1696));
#1620 = ORIENTED_EDGE('',*,*,#32,.F.);
#1621 = ORIENTED_EDGE('',*,*,#112,.T.);
#1622 = ORIENTED_EDGE('',*,*,#1623,.T.);
#1623 = EDGE_CURVE('',#104,#1624,#1626,.T.);
#1624 = VERTEX_POINT('',#1625);
#1625 = CARTESIAN_POINT('',(404.3125,162.2482,127.51));
#1626 = CIRCLE('',#1627,4.7);
#1627 = AXIS2_PLACEMENT_3D('',#1628,#1629,#1630);
#1628 = CARTESIAN_POINT('',(404.3125,157.5482,127.51));
#1629 = DIRECTION('',(0.,0.,-1.));
#1630 = DIRECTION('',(-1.,-2.067E-14,-0.));
#1631 = ORIENTED_EDGE('',*,*,#1632,.T.);
#1632 = EDGE_CURVE('',#1624,#1633,#1635,.T.);
#1633 = VERTEX_POINT('',#1634);
#1634 = CARTESIAN_POINT('',(485.88499738523,162.24819999999,127.51));
#1635 = LINE('',#1636,#1637);
#1636 = CARTESIAN_POINT('',(404.3125,162.2482,127.51));
#1637 = VECTOR('',#1638,1.);
#1638 = DIRECTION('',(1.,-2.352E-14,0.));
#1639 = ORIENTED_EDGE('',*,*,#1640,.T.);
#1640 = EDGE_CURVE('',#1633,#1641,#1643,.T.);
#1641 = VERTEX_POINT('',#1642);
#1642 = CARTESIAN_POINT('',(490.585,157.54820021733,127.51));
#1643 = CIRCLE('',#1644,4.69999850585);
#1644 = AXIS2_PLACEMENT_3D('',#1645,#1646,#1647);
#1645 = CARTESIAN_POINT('',(485.88500149415,157.54820149415,127.51));
#1646 = DIRECTION('',(0.,0.,-1.));
#1647 = DIRECTION('',(-7.4707551156E-07,1.,0.));
#1648 = ORIENTED_EDGE('',*,*,#1649,.T.);
#1649 = EDGE_CURVE('',#1641,#1650,#1652,.T.);
#1650 = VERTEX_POINT('',#1651);
#1651 = CARTESIAN_POINT('',(490.58499999999,11.810702614764,127.51));
#1652 = LINE('',#1653,#1654);
#1653 = CARTESIAN_POINT('',(490.585,157.5482,127.51));
#1654 = VECTOR('',#1655,1.);
#1655 = DIRECTION('',(-3.9E-15,-1.,0.));
#1656 = ORIENTED_EDGE('',*,*,#1657,.T.);
#1657 = EDGE_CURVE('',#1650,#1658,#1660,.T.);
#1658 = VERTEX_POINT('',#1659);
#1659 = CARTESIAN_POINT('',(485.88500021733,7.1107,127.51));
#1660 = CIRCLE('',#1661,4.699998505851);
#1661 = AXIS2_PLACEMENT_3D('',#1662,#1663,#1664);
#1662 = CARTESIAN_POINT('',(485.88500149415,11.81069850585,127.51));
#1663 = DIRECTION('',(0.,0.,-1.));
#1664 = DIRECTION('',(1.,7.4707551866E-07,0.));
#1665 = ORIENTED_EDGE('',*,*,#1666,.T.);
#1666 = EDGE_CURVE('',#1658,#1667,#1669,.T.);
#1667 = VERTEX_POINT('',#1668);
#1668 = CARTESIAN_POINT('',(404.3125,7.110700000001,127.51));
#1669 = LINE('',#1670,#1671);
#1670 = CARTESIAN_POINT('',(485.885,7.1107,127.51));
#1671 = VECTOR('',#1672,1.);
#1672 = DIRECTION('',(-1.,1.938E-14,0.));
#1673 = ORIENTED_EDGE('',*,*,#1674,.T.);
#1674 = EDGE_CURVE('',#1667,#1675,#1677,.T.);
#1675 = VERTEX_POINT('',#1676);
#1676 = CARTESIAN_POINT('',(399.6125,11.810700000001,127.51));
#1677 = CIRCLE('',#1678,4.7);
#1678 = AXIS2_PLACEMENT_3D('',#1679,#1680,#1681);
#1679 = CARTESIAN_POINT('',(404.3125,11.810700000001,127.51));
#1680 = DIRECTION('',(0.,0.,-1.));
#1681 = DIRECTION('',(-2.067E-14,-1.,-0.));
#1682 = ORIENTED_EDGE('',*,*,#1683,.T.);
#1683 = EDGE_CURVE('',#1675,#1684,#1686,.T.);
#1684 = VERTEX_POINT('',#1685);
#1685 = CARTESIAN_POINT('',(399.6125,111.996,127.51));
#1686 = LINE('',#1687,#1688);
#1687 = CARTESIAN_POINT('',(399.6125,11.810700000001,127.51));
#1688 = VECTOR('',#1689,1.);
#1689 = DIRECTION('',(-0.,1.,-0.));
#1690 = ORIENTED_EDGE('',*,*,#1691,.T.);
#1691 = EDGE_CURVE('',#1684,#1598,#1692,.T.);
#1692 = LINE('',#1693,#1694);
#1693 = CARTESIAN_POINT('',(420.080625,111.996,127.51));
#1694 = VECTOR('',#1695,1.);
#1695 = DIRECTION('',(1.,0.,0.));
#1696 = ORIENTED_EDGE('',*,*,#1607,.F.);
#1697 = FACE_BOUND('',#1698,.F.);
#1698 = EDGE_LOOP('',(#1699,#1709,#1717,#1725,#1733,#1741,#1749,#1757,
    #1765,#1773,#1781,#1789,#1797,#1805,#1813,#1821,#1829,#1837,#1845,
    #1853,#1861,#1869,#1877,#1885,#1893,#1901,#1909,#1917,#1925,#1933,
    #1941,#1949,#1957,#1965,#1973,#1981));
#1699 = ORIENTED_EDGE('',*,*,#1700,.F.);
#1700 = EDGE_CURVE('',#1701,#1703,#1705,.T.);
#1701 = VERTEX_POINT('',#1702);
#1702 = CARTESIAN_POINT('',(435.625,80.618176,127.51));
#1703 = VERTEX_POINT('',#1704);
#1704 = CARTESIAN_POINT('',(435.625,76.403176,127.51));
#1705 = LINE('',#1706,#1707);
#1706 = CARTESIAN_POINT('',(435.625,82.891313,127.51));
#1707 = VECTOR('',#1708,1.);
#1708 = DIRECTION('',(0.,-1.,0.));
#1709 = ORIENTED_EDGE('',*,*,#1710,.T.);
#1710 = EDGE_CURVE('',#1701,#1711,#1713,.T.);
#1711 = VERTEX_POINT('',#1712);
#1712 = CARTESIAN_POINT('',(421.625,80.618176,127.51));
#1713 = LINE('',#1714,#1715);
#1714 = CARTESIAN_POINT('',(435.625,80.618176,127.51));
#1715 = VECTOR('',#1716,1.);
#1716 = DIRECTION('',(-1.,0.,0.));
#1717 = ORIENTED_EDGE('',*,*,#1718,.F.);
#1718 = EDGE_CURVE('',#1719,#1711,#1721,.T.);
#1719 = VERTEX_POINT('',#1720);
#1720 = CARTESIAN_POINT('',(421.625,76.403176,127.51));
#1721 = LINE('',#1722,#1723);
#1722 = CARTESIAN_POINT('',(421.625,80.541313,127.51));
#1723 = VECTOR('',#1724,1.);
#1724 = DIRECTION('',(0.,1.,0.));
#1725 = ORIENTED_EDGE('',*,*,#1726,.F.);
#1726 = EDGE_CURVE('',#1727,#1719,#1729,.T.);
#1727 = VERTEX_POINT('',#1728);
#1728 = CARTESIAN_POINT('',(420.1,76.403176,127.51));
#1729 = LINE('',#1730,#1731);
#1730 = CARTESIAN_POINT('',(432.224375,76.403176,127.51));
#1731 = VECTOR('',#1732,1.);
#1732 = DIRECTION('',(1.,0.,0.));
#1733 = ORIENTED_EDGE('',*,*,#1734,.F.);
#1734 = EDGE_CURVE('',#1735,#1727,#1737,.T.);
#1735 = VERTEX_POINT('',#1736);
#1736 = CARTESIAN_POINT('',(420.1,79.633176,127.51));
#1737 = LINE('',#1738,#1739);
#1738 = CARTESIAN_POINT('',(420.1,82.156313,127.51));
#1739 = VECTOR('',#1740,1.);
#1740 = DIRECTION('',(0.,-1.,0.));
#1741 = ORIENTED_EDGE('',*,*,#1742,.F.);
#1742 = EDGE_CURVE('',#1743,#1735,#1745,.T.);
#1743 = VERTEX_POINT('',#1744);
#1744 = CARTESIAN_POINT('',(413.35,79.633176,127.51));
#1745 = LINE('',#1746,#1747);
#1746 = CARTESIAN_POINT('',(428.849375,79.633176,127.51));
#1747 = VECTOR('',#1748,1.);
#1748 = DIRECTION('',(1.,0.,0.));
#1749 = ORIENTED_EDGE('',*,*,#1750,.F.);
#1750 = EDGE_CURVE('',#1751,#1743,#1753,.T.);
#1751 = VERTEX_POINT('',#1752);
#1752 = CARTESIAN_POINT('',(413.35,76.403176,127.51));
#1753 = LINE('',#1754,#1755);
#1754 = CARTESIAN_POINT('',(413.35,80.541313,127.51));
#1755 = VECTOR('',#1756,1.);
#1756 = DIRECTION('',(0.,1.,0.));
#1757 = ORIENTED_EDGE('',*,*,#1758,.F.);
#1758 = EDGE_CURVE('',#1759,#1751,#1761,.T.);
#1759 = VERTEX_POINT('',#1760);
#1760 = CARTESIAN_POINT('',(412.525,76.403176,127.51));
#1761 = LINE('',#1762,#1763);
#1762 = CARTESIAN_POINT('',(428.436875,76.403176,127.51));
#1763 = VECTOR('',#1764,1.);
#1764 = DIRECTION('',(1.,0.,0.));
#1765 = ORIENTED_EDGE('',*,*,#1766,.F.);
#1766 = EDGE_CURVE('',#1767,#1759,#1769,.T.);
#1767 = VERTEX_POINT('',#1768);
#1768 = CARTESIAN_POINT('',(412.525,73.618176,127.51));
#1769 = LINE('',#1770,#1771);
#1770 = CARTESIAN_POINT('',(412.525,79.148813,127.51));
#1771 = VECTOR('',#1772,1.);
#1772 = DIRECTION('',(0.,1.,0.));
#1773 = ORIENTED_EDGE('',*,*,#1774,.F.);
#1774 = EDGE_CURVE('',#1775,#1767,#1777,.T.);
#1775 = VERTEX_POINT('',#1776);
#1776 = CARTESIAN_POINT('',(413.35,73.618176,127.51));
#1777 = LINE('',#1778,#1779);
#1778 = CARTESIAN_POINT('',(428.849375,73.618176,127.51));
#1779 = VECTOR('',#1780,1.);
#1780 = DIRECTION('',(-1.,0.,0.));
#1781 = ORIENTED_EDGE('',*,*,#1782,.F.);
#1782 = EDGE_CURVE('',#1783,#1775,#1785,.T.);
#1783 = VERTEX_POINT('',#1784);
#1784 = CARTESIAN_POINT('',(413.35,67.333176,127.51));
#1785 = LINE('',#1786,#1787);
#1786 = CARTESIAN_POINT('',(413.35,76.006313,127.51));
#1787 = VECTOR('',#1788,1.);
#1788 = DIRECTION('',(0.,1.,0.));
#1789 = ORIENTED_EDGE('',*,*,#1790,.F.);
#1790 = EDGE_CURVE('',#1791,#1783,#1793,.T.);
#1791 = VERTEX_POINT('',#1792);
#1792 = CARTESIAN_POINT('',(415.075,67.333176,127.51));
#1793 = LINE('',#1794,#1795);
#1794 = CARTESIAN_POINT('',(429.711875,67.333176,127.51));
#1795 = VECTOR('',#1796,1.);
#1796 = DIRECTION('',(-1.,0.,0.));
#1797 = ORIENTED_EDGE('',*,*,#1798,.F.);
#1798 = EDGE_CURVE('',#1799,#1791,#1801,.T.);
#1799 = VERTEX_POINT('',#1800);
#1800 = CARTESIAN_POINT('',(415.075,66.133176,127.51));
#1801 = LINE('',#1802,#1803);
#1802 = CARTESIAN_POINT('',(415.075,75.406313,127.51));
#1803 = VECTOR('',#1804,1.);
#1804 = DIRECTION('',(0.,1.,0.));
#1805 = ORIENTED_EDGE('',*,*,#1806,.F.);
#1806 = EDGE_CURVE('',#1807,#1799,#1809,.T.);
#1807 = VERTEX_POINT('',#1808);
#1808 = CARTESIAN_POINT('',(418.375,66.133176,127.51));
#1809 = LINE('',#1810,#1811);
#1810 = CARTESIAN_POINT('',(431.361875,66.133176,127.51));
#1811 = VECTOR('',#1812,1.);
#1812 = DIRECTION('',(-1.,0.,0.));
#1813 = ORIENTED_EDGE('',*,*,#1814,.F.);
#1814 = EDGE_CURVE('',#1815,#1807,#1817,.T.);
#1815 = VERTEX_POINT('',#1816);
#1816 = CARTESIAN_POINT('',(418.375,67.333176,127.51));
#1817 = LINE('',#1818,#1819);
#1818 = CARTESIAN_POINT('',(418.375,76.006313,127.51));
#1819 = VECTOR('',#1820,1.);
#1820 = DIRECTION('',(0.,-1.,0.));
#1821 = ORIENTED_EDGE('',*,*,#1822,.F.);
#1822 = EDGE_CURVE('',#1823,#1815,#1825,.T.);
#1823 = VERTEX_POINT('',#1824);
#1824 = CARTESIAN_POINT('',(420.1,67.333176,127.51));
#1825 = LINE('',#1826,#1827);
#1826 = CARTESIAN_POINT('',(432.224375,67.333176,127.51));
#1827 = VECTOR('',#1828,1.);
#1828 = DIRECTION('',(-1.,0.,0.));
#1829 = ORIENTED_EDGE('',*,*,#1830,.F.);
#1830 = EDGE_CURVE('',#1831,#1823,#1833,.T.);
#1831 = VERTEX_POINT('',#1832);
#1832 = CARTESIAN_POINT('',(420.1,71.803176,127.51));
#1833 = LINE('',#1834,#1835);
#1834 = CARTESIAN_POINT('',(420.1,78.241313,127.51));
#1835 = VECTOR('',#1836,1.);
#1836 = DIRECTION('',(0.,-1.,0.));
#1837 = ORIENTED_EDGE('',*,*,#1838,.F.);
#1838 = EDGE_CURVE('',#1839,#1831,#1841,.T.);
#1839 = VERTEX_POINT('',#1840);
#1840 = CARTESIAN_POINT('',(421.625,71.803176,127.51));
#1841 = LINE('',#1842,#1843);
#1842 = CARTESIAN_POINT('',(432.986875,71.803176,127.51));
#1843 = VECTOR('',#1844,1.);
#1844 = DIRECTION('',(-1.,0.,0.));
#1845 = ORIENTED_EDGE('',*,*,#1846,.F.);
#1846 = EDGE_CURVE('',#1847,#1839,#1849,.T.);
#1847 = VERTEX_POINT('',#1848);
#1848 = CARTESIAN_POINT('',(421.625,66.618176,127.51));
#1849 = LINE('',#1850,#1851);
#1850 = CARTESIAN_POINT('',(421.625,82.648813,127.51));
#1851 = VECTOR('',#1852,1.);
#1852 = DIRECTION('',(1.2E-16,1.,0.));
#1853 = ORIENTED_EDGE('',*,*,#1854,.F.);
#1854 = EDGE_CURVE('',#1855,#1847,#1857,.T.);
#1855 = VERTEX_POINT('',#1856);
#1856 = CARTESIAN_POINT('',(435.625,66.618176,127.51));
#1857 = LINE('',#1858,#1859);
#1858 = CARTESIAN_POINT('',(439.986875,66.618176,127.51));
#1859 = VECTOR('',#1860,1.);
#1860 = DIRECTION('',(-1.,1.2E-16,0.));
#1861 = ORIENTED_EDGE('',*,*,#1862,.F.);
#1862 = EDGE_CURVE('',#1863,#1855,#1865,.T.);
#1863 = VERTEX_POINT('',#1864);
#1864 = CARTESIAN_POINT('',(435.625,71.803176,127.51));
#1865 = LINE('',#1866,#1867);
#1866 = CARTESIAN_POINT('',(435.625,78.241313,127.51));
#1867 = VECTOR('',#1868,1.);
#1868 = DIRECTION('',(0.,-1.,0.));
#1869 = ORIENTED_EDGE('',*,*,#1870,.F.);
#1870 = EDGE_CURVE('',#1871,#1863,#1873,.T.);
#1871 = VERTEX_POINT('',#1872);
#1872 = CARTESIAN_POINT('',(437.15,71.803176,127.51));
#1873 = LINE('',#1874,#1875);
#1874 = CARTESIAN_POINT('',(440.749375,71.803176,127.51));
#1875 = VECTOR('',#1876,1.);
#1876 = DIRECTION('',(-1.,0.,0.));
#1877 = ORIENTED_EDGE('',*,*,#1878,.F.);
#1878 = EDGE_CURVE('',#1879,#1871,#1881,.T.);
#1879 = VERTEX_POINT('',#1880);
#1880 = CARTESIAN_POINT('',(437.15,67.333176,127.51));
#1881 = LINE('',#1882,#1883);
#1882 = CARTESIAN_POINT('',(437.15,76.006313,127.51));
#1883 = VECTOR('',#1884,1.);
#1884 = DIRECTION('',(0.,1.,0.));
#1885 = ORIENTED_EDGE('',*,*,#1886,.F.);
#1886 = EDGE_CURVE('',#1887,#1879,#1889,.T.);
#1887 = VERTEX_POINT('',#1888);
#1888 = CARTESIAN_POINT('',(438.875,67.333176,127.51));
#1889 = LINE('',#1890,#1891);
#1890 = CARTESIAN_POINT('',(441.611875,67.333176,127.51));
#1891 = VECTOR('',#1892,1.);
#1892 = DIRECTION('',(-1.,0.,0.));
#1893 = ORIENTED_EDGE('',*,*,#1894,.F.);
#1894 = EDGE_CURVE('',#1895,#1887,#1897,.T.);
#1895 = VERTEX_POINT('',#1896);
#1896 = CARTESIAN_POINT('',(438.875,66.133176,127.51));
#1897 = LINE('',#1898,#1899);
#1898 = CARTESIAN_POINT('',(438.875,75.406313,127.51));
#1899 = VECTOR('',#1900,1.);
#1900 = DIRECTION('',(0.,1.,0.));
#1901 = ORIENTED_EDGE('',*,*,#1902,.F.);
#1902 = EDGE_CURVE('',#1903,#1895,#1905,.T.);
#1903 = VERTEX_POINT('',#1904);
#1904 = CARTESIAN_POINT('',(442.175,66.133176,127.51));
#1905 = LINE('',#1906,#1907);
#1906 = CARTESIAN_POINT('',(443.261875,66.133176,127.51));
#1907 = VECTOR('',#1908,1.);
#1908 = DIRECTION('',(-1.,0.,0.));
#1909 = ORIENTED_EDGE('',*,*,#1910,.F.);
#1910 = EDGE_CURVE('',#1911,#1903,#1913,.T.);
#1911 = VERTEX_POINT('',#1912);
#1912 = CARTESIAN_POINT('',(442.175,67.333176,127.51));
#1913 = LINE('',#1914,#1915);
#1914 = CARTESIAN_POINT('',(442.175,76.006313,127.51));
#1915 = VECTOR('',#1916,1.);
#1916 = DIRECTION('',(0.,-1.,0.));
#1917 = ORIENTED_EDGE('',*,*,#1918,.F.);
#1918 = EDGE_CURVE('',#1919,#1911,#1921,.T.);
#1919 = VERTEX_POINT('',#1920);
#1920 = CARTESIAN_POINT('',(443.9,67.333176,127.51));
#1921 = LINE('',#1922,#1923);
#1922 = CARTESIAN_POINT('',(444.124375,67.333176,127.51));
#1923 = VECTOR('',#1924,1.);
#1924 = DIRECTION('',(-1.,0.,0.));
#1925 = ORIENTED_EDGE('',*,*,#1926,.F.);
#1926 = EDGE_CURVE('',#1927,#1919,#1929,.T.);
#1927 = VERTEX_POINT('',#1928);
#1928 = CARTESIAN_POINT('',(443.9,73.618176,127.51));
#1929 = LINE('',#1930,#1931);
#1930 = CARTESIAN_POINT('',(443.9,79.148813,127.51));
#1931 = VECTOR('',#1932,1.);
#1932 = DIRECTION('',(0.,-1.,0.));
#1933 = ORIENTED_EDGE('',*,*,#1934,.F.);
#1934 = EDGE_CURVE('',#1935,#1927,#1937,.T.);
#1935 = VERTEX_POINT('',#1936);
#1936 = CARTESIAN_POINT('',(444.725,73.618176,127.51));
#1937 = LINE('',#1938,#1939);
#1938 = CARTESIAN_POINT('',(444.536875,73.618176,127.51));
#1939 = VECTOR('',#1940,1.);
#1940 = DIRECTION('',(-1.,0.,0.));
#1941 = ORIENTED_EDGE('',*,*,#1942,.F.);
#1942 = EDGE_CURVE('',#1943,#1935,#1945,.T.);
#1943 = VERTEX_POINT('',#1944);
#1944 = CARTESIAN_POINT('',(444.725,76.403176,127.51));
#1945 = LINE('',#1946,#1947);
#1946 = CARTESIAN_POINT('',(444.725,80.541313,127.51));
#1947 = VECTOR('',#1948,1.);
#1948 = DIRECTION('',(0.,-1.,0.));
#1949 = ORIENTED_EDGE('',*,*,#1950,.F.);
#1950 = EDGE_CURVE('',#1951,#1943,#1953,.T.);
#1951 = VERTEX_POINT('',#1952);
#1952 = CARTESIAN_POINT('',(443.9,76.403176,127.51));
#1953 = LINE('',#1954,#1955);
#1954 = CARTESIAN_POINT('',(444.124375,76.403176,127.51));
#1955 = VECTOR('',#1956,1.);
#1956 = DIRECTION('',(1.,0.,0.));
#1957 = ORIENTED_EDGE('',*,*,#1958,.F.);
#1958 = EDGE_CURVE('',#1959,#1951,#1961,.T.);
#1959 = VERTEX_POINT('',#1960);
#1960 = CARTESIAN_POINT('',(443.9,79.633176,127.51));
#1961 = LINE('',#1962,#1963);
#1962 = CARTESIAN_POINT('',(443.9,82.156313,127.51));
#1963 = VECTOR('',#1964,1.);
#1964 = DIRECTION('',(0.,-1.,0.));
#1965 = ORIENTED_EDGE('',*,*,#1966,.F.);
#1966 = EDGE_CURVE('',#1967,#1959,#1969,.T.);
#1967 = VERTEX_POINT('',#1968);
#1968 = CARTESIAN_POINT('',(437.15,79.633176,127.51));
#1969 = LINE('',#1970,#1971);
#1970 = CARTESIAN_POINT('',(440.749375,79.633176,127.51));
#1971 = VECTOR('',#1972,1.);
#1972 = DIRECTION('',(1.,0.,0.));
#1973 = ORIENTED_EDGE('',*,*,#1974,.F.);
#1974 = EDGE_CURVE('',#1975,#1967,#1977,.T.);
#1975 = VERTEX_POINT('',#1976);
#1976 = CARTESIAN_POINT('',(437.15,76.403176,127.51));
#1977 = LINE('',#1978,#1979);
#1978 = CARTESIAN_POINT('',(437.15,80.541313,127.51));
#1979 = VECTOR('',#1980,1.);
#1980 = DIRECTION('',(0.,1.,0.));
#1981 = ORIENTED_EDGE('',*,*,#1982,.F.);
#1982 = EDGE_CURVE('',#1703,#1975,#1983,.T.);
#1983 = LINE('',#1984,#1985);
#1984 = CARTESIAN_POINT('',(439.986875,76.403176,127.51));
#1985 = VECTOR('',#1986,1.);
#1986 = DIRECTION('',(1.,0.,0.));
#1987 = FACE_BOUND('',#1988,.F.);
#1988 = EDGE_LOOP('',(#1989,#1999,#2007,#2015));
#1989 = ORIENTED_EDGE('',*,*,#1990,.F.);
#1990 = EDGE_CURVE('',#1991,#1993,#1995,.T.);
#1991 = VERTEX_POINT('',#1992);
#1992 = CARTESIAN_POINT('',(469.25,80.618176,127.51));
#1993 = VERTEX_POINT('',#1994);
#1994 = CARTESIAN_POINT('',(483.25,80.618176,127.51));
#1995 = LINE('',#1996,#1997);
#1996 = CARTESIAN_POINT('',(456.799375,80.618176,127.51));
#1997 = VECTOR('',#1998,1.);
#1998 = DIRECTION('',(1.,0.,0.));
#1999 = ORIENTED_EDGE('',*,*,#2000,.F.);
#2000 = EDGE_CURVE('',#2001,#1991,#2003,.T.);
#2001 = VERTEX_POINT('',#2002);
#2002 = CARTESIAN_POINT('',(469.25,66.618176,127.51));
#2003 = LINE('',#2004,#2005);
#2004 = CARTESIAN_POINT('',(469.25,75.648813,127.51));
#2005 = VECTOR('',#2006,1.);
#2006 = DIRECTION('',(0.,1.,0.));
#2007 = ORIENTED_EDGE('',*,*,#2008,.F.);
#2008 = EDGE_CURVE('',#2009,#2001,#2011,.T.);
#2009 = VERTEX_POINT('',#2010);
#2010 = CARTESIAN_POINT('',(483.25,66.618176,127.51));
#2011 = LINE('',#2012,#2013);
#2012 = CARTESIAN_POINT('',(463.799375,66.618176,127.51));
#2013 = VECTOR('',#2014,1.);
#2014 = DIRECTION('',(-1.,0.,0.));
#2015 = ORIENTED_EDGE('',*,*,#2016,.F.);
#2016 = EDGE_CURVE('',#1993,#2009,#2017,.T.);
#2017 = LINE('',#2018,#2019);
#2018 = CARTESIAN_POINT('',(483.25,82.648813,127.51));
#2019 = VECTOR('',#2020,1.);
#2020 = DIRECTION('',(0.,-1.,0.));
#2021 = FACE_BOUND('',#2022,.F.);
#2022 = EDGE_LOOP('',(#2023,#2033,#2041,#2049));
#2023 = ORIENTED_EDGE('',*,*,#2024,.F.);
#2024 = EDGE_CURVE('',#2025,#2027,#2029,.T.);
#2025 = VERTEX_POINT('',#2026);
#2026 = CARTESIAN_POINT('',(450.2,80.618176,127.51));
#2027 = VERTEX_POINT('',#2028);
#2028 = CARTESIAN_POINT('',(464.2,80.618176,127.51));
#2029 = LINE('',#2030,#2031);
#2030 = CARTESIAN_POINT('',(447.274375,80.618176,127.51));
#2031 = VECTOR('',#2032,1.);
#2032 = DIRECTION('',(1.,0.,0.));
#2033 = ORIENTED_EDGE('',*,*,#2034,.F.);
#2034 = EDGE_CURVE('',#2035,#2025,#2037,.T.);
#2035 = VERTEX_POINT('',#2036);
#2036 = CARTESIAN_POINT('',(450.2,66.618176,127.51));
#2037 = LINE('',#2038,#2039);
#2038 = CARTESIAN_POINT('',(450.2,75.648813,127.51));
#2039 = VECTOR('',#2040,1.);
#2040 = DIRECTION('',(0.,1.,0.));
#2041 = ORIENTED_EDGE('',*,*,#2042,.F.);
#2042 = EDGE_CURVE('',#2043,#2035,#2045,.T.);
#2043 = VERTEX_POINT('',#2044);
#2044 = CARTESIAN_POINT('',(464.2,66.618176,127.51));
#2045 = LINE('',#2046,#2047);
#2046 = CARTESIAN_POINT('',(454.274375,66.618176,127.51));
#2047 = VECTOR('',#2048,1.);
#2048 = DIRECTION('',(-1.,0.,0.));
#2049 = ORIENTED_EDGE('',*,*,#2050,.F.);
#2050 = EDGE_CURVE('',#2027,#2043,#2051,.T.);
#2051 = LINE('',#2052,#2053);
#2052 = CARTESIAN_POINT('',(464.2,82.648813,127.51));
#2053 = VECTOR('',#2054,1.);
#2054 = DIRECTION('',(0.,-1.,0.));
#2055 = FACE_BOUND('',#2056,.F.);
#2056 = EDGE_LOOP('',(#2057,#2067,#2075,#2083));
#2057 = ORIENTED_EDGE('',*,*,#2058,.F.);
#2058 = EDGE_CURVE('',#2059,#2061,#2063,.T.);
#2059 = VERTEX_POINT('',#2060);
#2060 = CARTESIAN_POINT('',(412.1,137.768176,127.51));
#2061 = VERTEX_POINT('',#2062);
#2062 = CARTESIAN_POINT('',(426.1,137.768176,127.51));
#2063 = LINE('',#2064,#2065);
#2064 = CARTESIAN_POINT('',(428.224375,137.768176,127.51));
#2065 = VECTOR('',#2066,1.);
#2066 = DIRECTION('',(1.,0.,0.));
#2067 = ORIENTED_EDGE('',*,*,#2068,.F.);
#2068 = EDGE_CURVE('',#2069,#2059,#2071,.T.);
#2069 = VERTEX_POINT('',#2070);
#2070 = CARTESIAN_POINT('',(412.1,123.768176,127.51));
#2071 = LINE('',#2072,#2073);
#2072 = CARTESIAN_POINT('',(412.1,104.223813,127.51));
#2073 = VECTOR('',#2074,1.);
#2074 = DIRECTION('',(0.,1.,0.));
#2075 = ORIENTED_EDGE('',*,*,#2076,.F.);
#2076 = EDGE_CURVE('',#2077,#2069,#2079,.T.);
#2077 = VERTEX_POINT('',#2078);
#2078 = CARTESIAN_POINT('',(426.1,123.768176,127.51));
#2079 = LINE('',#2080,#2081);
#2080 = CARTESIAN_POINT('',(435.224375,123.768176,127.51));
#2081 = VECTOR('',#2082,1.);
#2082 = DIRECTION('',(-1.,0.,0.));
#2083 = ORIENTED_EDGE('',*,*,#2084,.F.);
#2084 = EDGE_CURVE('',#2061,#2077,#2085,.T.);
#2085 = LINE('',#2086,#2087);
#2086 = CARTESIAN_POINT('',(426.1,111.223813,127.51));
#2087 = VECTOR('',#2088,1.);
#2088 = DIRECTION('',(0.,-1.,0.));
#2089 = FACE_BOUND('',#2090,.F.);
#2090 = EDGE_LOOP('',(#2091,#2101,#2109,#2117));
#2091 = ORIENTED_EDGE('',*,*,#2092,.F.);
#2092 = EDGE_CURVE('',#2093,#2095,#2097,.T.);
#2093 = VERTEX_POINT('',#2094);
#2094 = CARTESIAN_POINT('',(431.15,137.768176,127.51));
#2095 = VERTEX_POINT('',#2096);
#2096 = CARTESIAN_POINT('',(445.15,137.768176,127.51));
#2097 = LINE('',#2098,#2099);
#2098 = CARTESIAN_POINT('',(437.749375,137.768176,127.51));
#2099 = VECTOR('',#2100,1.);
#2100 = DIRECTION('',(1.,0.,0.));
#2101 = ORIENTED_EDGE('',*,*,#2102,.F.);
#2102 = EDGE_CURVE('',#2103,#2093,#2105,.T.);
#2103 = VERTEX_POINT('',#2104);
#2104 = CARTESIAN_POINT('',(431.15,123.768176,127.51));
#2105 = LINE('',#2106,#2107);
#2106 = CARTESIAN_POINT('',(431.15,104.223813,127.51));
#2107 = VECTOR('',#2108,1.);
#2108 = DIRECTION('',(0.,1.,0.));
#2109 = ORIENTED_EDGE('',*,*,#2110,.F.);
#2110 = EDGE_CURVE('',#2111,#2103,#2113,.T.);
#2111 = VERTEX_POINT('',#2112);
#2112 = CARTESIAN_POINT('',(445.15,123.768176,127.51));
#2113 = LINE('',#2114,#2115);
#2114 = CARTESIAN_POINT('',(444.749375,123.768176,127.51));
#2115 = VECTOR('',#2116,1.);
#2116 = DIRECTION('',(-1.,0.,0.));
#2117 = ORIENTED_EDGE('',*,*,#2118,.F.);
#2118 = EDGE_CURVE('',#2095,#2111,#2119,.T.);
#2119 = LINE('',#2120,#2121);
#2120 = CARTESIAN_POINT('',(445.15,111.223813,127.51));
#2121 = VECTOR('',#2122,1.);
#2122 = DIRECTION('',(0.,-1.,0.));
#2123 = FACE_BOUND('',#2124,.F.);
#2124 = EDGE_LOOP('',(#2125,#2135,#2143,#2151));
#2125 = ORIENTED_EDGE('',*,*,#2126,.F.);
#2126 = EDGE_CURVE('',#2127,#2129,#2131,.T.);
#2127 = VERTEX_POINT('',#2128);
#2128 = CARTESIAN_POINT('',(450.2,137.768176,127.51));
#2129 = VERTEX_POINT('',#2130);
#2130 = CARTESIAN_POINT('',(464.2,137.768176,127.51));
#2131 = LINE('',#2132,#2133);
#2132 = CARTESIAN_POINT('',(447.274375,137.768176,127.51));
#2133 = VECTOR('',#2134,1.);
#2134 = DIRECTION('',(1.,0.,0.));
#2135 = ORIENTED_EDGE('',*,*,#2136,.F.);
#2136 = EDGE_CURVE('',#2137,#2127,#2139,.T.);
#2137 = VERTEX_POINT('',#2138);
#2138 = CARTESIAN_POINT('',(450.2,123.768176,127.51));
#2139 = LINE('',#2140,#2141);
#2140 = CARTESIAN_POINT('',(450.2,104.223813,127.51));
#2141 = VECTOR('',#2142,1.);
#2142 = DIRECTION('',(0.,1.,0.));
#2143 = ORIENTED_EDGE('',*,*,#2144,.F.);
#2144 = EDGE_CURVE('',#2145,#2137,#2147,.T.);
#2145 = VERTEX_POINT('',#2146);
#2146 = CARTESIAN_POINT('',(464.2,123.768176,127.51));
#2147 = LINE('',#2148,#2149);
#2148 = CARTESIAN_POINT('',(454.274375,123.768176,127.51));
#2149 = VECTOR('',#2150,1.);
#2150 = DIRECTION('',(-1.,0.,0.));
#2151 = ORIENTED_EDGE('',*,*,#2152,.F.);
#2152 = EDGE_CURVE('',#2129,#2145,#2153,.T.);
#2153 = LINE('',#2154,#2155);
#2154 = CARTESIAN_POINT('',(464.2,111.223813,127.51));
#2155 = VECTOR('',#2156,1.);
#2156 = DIRECTION('',(0.,-1.,0.));
#2157 = FACE_BOUND('',#2158,.F.);
#2158 = EDGE_LOOP('',(#2159,#2169,#2177,#2185));
#2159 = ORIENTED_EDGE('',*,*,#2160,.F.);
#2160 = EDGE_CURVE('',#2161,#2163,#2165,.T.);
#2161 = VERTEX_POINT('',#2162);
#2162 = CARTESIAN_POINT('',(469.25,137.768176,127.51));
#2163 = VERTEX_POINT('',#2164);
#2164 = CARTESIAN_POINT('',(483.25,137.768176,127.51));
#2165 = LINE('',#2166,#2167);
#2166 = CARTESIAN_POINT('',(456.799375,137.768176,127.51));
#2167 = VECTOR('',#2168,1.);
#2168 = DIRECTION('',(1.,0.,0.));
#2169 = ORIENTED_EDGE('',*,*,#2170,.F.);
#2170 = EDGE_CURVE('',#2171,#2161,#2173,.T.);
#2171 = VERTEX_POINT('',#2172);
#2172 = CARTESIAN_POINT('',(469.25,123.768176,127.51));
#2173 = LINE('',#2174,#2175);
#2174 = CARTESIAN_POINT('',(469.25,104.223813,127.51));
#2175 = VECTOR('',#2176,1.);
#2176 = DIRECTION('',(0.,1.,0.));
#2177 = ORIENTED_EDGE('',*,*,#2178,.F.);
#2178 = EDGE_CURVE('',#2179,#2171,#2181,.T.);
#2179 = VERTEX_POINT('',#2180);
#2180 = CARTESIAN_POINT('',(483.25,123.768176,127.51));
#2181 = LINE('',#2182,#2183);
#2182 = CARTESIAN_POINT('',(463.799375,123.768176,127.51));
#2183 = VECTOR('',#2184,1.);
#2184 = DIRECTION('',(-1.,0.,0.));
#2185 = ORIENTED_EDGE('',*,*,#2186,.F.);
#2186 = EDGE_CURVE('',#2163,#2179,#2187,.T.);
#2187 = LINE('',#2188,#2189);
#2188 = CARTESIAN_POINT('',(483.25,111.223813,127.51));
#2189 = VECTOR('',#2190,1.);
#2190 = DIRECTION('',(0.,-1.,0.));
#2191 = FACE_BOUND('',#2192,.F.);
#2192 = EDGE_LOOP('',(#2193,#2203,#2211,#2219));
#2193 = ORIENTED_EDGE('',*,*,#2194,.F.);
#2194 = EDGE_CURVE('',#2195,#2197,#2199,.T.);
#2195 = VERTEX_POINT('',#2196);
#2196 = CARTESIAN_POINT('',(412.1,156.818176,127.51));
#2197 = VERTEX_POINT('',#2198);
#2198 = CARTESIAN_POINT('',(426.1,156.818176,127.51));
#2199 = LINE('',#2200,#2201);
#2200 = CARTESIAN_POINT('',(428.224375,156.818176,127.51));
#2201 = VECTOR('',#2202,1.);
#2202 = DIRECTION('',(1.,0.,0.));
#2203 = ORIENTED_EDGE('',*,*,#2204,.F.);
#2204 = EDGE_CURVE('',#2205,#2195,#2207,.T.);
#2205 = VERTEX_POINT('',#2206);
#2206 = CARTESIAN_POINT('',(412.1,142.818176,127.51));
#2207 = LINE('',#2208,#2209);
#2208 = CARTESIAN_POINT('',(412.1,113.748813,127.51));
#2209 = VECTOR('',#2210,1.);
#2210 = DIRECTION('',(0.,1.,0.));
#2211 = ORIENTED_EDGE('',*,*,#2212,.F.);
#2212 = EDGE_CURVE('',#2213,#2205,#2215,.T.);
#2213 = VERTEX_POINT('',#2214);
#2214 = CARTESIAN_POINT('',(426.1,142.818176,127.51));
#2215 = LINE('',#2216,#2217);
#2216 = CARTESIAN_POINT('',(435.224375,142.818176,127.51));
#2217 = VECTOR('',#2218,1.);
#2218 = DIRECTION('',(-1.,0.,0.));
#2219 = ORIENTED_EDGE('',*,*,#2220,.F.);
#2220 = EDGE_CURVE('',#2197,#2213,#2221,.T.);
#2221 = LINE('',#2222,#2223);
#2222 = CARTESIAN_POINT('',(426.1,120.748813,127.51));
#2223 = VECTOR('',#2224,1.);
#2224 = DIRECTION('',(0.,-1.,0.));
#2225 = FACE_BOUND('',#2226,.F.);
#2226 = EDGE_LOOP('',(#2227,#2237,#2245,#2253));
#2227 = ORIENTED_EDGE('',*,*,#2228,.F.);
#2228 = EDGE_CURVE('',#2229,#2231,#2233,.T.);
#2229 = VERTEX_POINT('',#2230);
#2230 = CARTESIAN_POINT('',(459.725,32.993176,127.51));
#2231 = VERTEX_POINT('',#2232);
#2232 = CARTESIAN_POINT('',(473.725,32.993176,127.51));
#2233 = LINE('',#2234,#2235);
#2234 = CARTESIAN_POINT('',(452.036875,32.993176,127.51));
#2235 = VECTOR('',#2236,1.);
#2236 = DIRECTION('',(1.,0.,0.));
#2237 = ORIENTED_EDGE('',*,*,#2238,.F.);
#2238 = EDGE_CURVE('',#2239,#2229,#2241,.T.);
#2239 = VERTEX_POINT('',#2240);
#2240 = CARTESIAN_POINT('',(459.725,18.993176,127.51));
#2241 = LINE('',#2242,#2243);
#2242 = CARTESIAN_POINT('',(459.725,51.836313,127.51));
#2243 = VECTOR('',#2244,1.);
#2244 = DIRECTION('',(0.,1.,0.));
#2245 = ORIENTED_EDGE('',*,*,#2246,.F.);
#2246 = EDGE_CURVE('',#2247,#2239,#2249,.T.);
#2247 = VERTEX_POINT('',#2248);
#2248 = CARTESIAN_POINT('',(473.725,18.993176,127.51));
#2249 = LINE('',#2250,#2251);
#2250 = CARTESIAN_POINT('',(459.036875,18.993176,127.51));
#2251 = VECTOR('',#2252,1.);
#2252 = DIRECTION('',(-1.,0.,0.));
#2253 = ORIENTED_EDGE('',*,*,#2254,.F.);
#2254 = EDGE_CURVE('',#2231,#2247,#2255,.T.);
#2255 = LINE('',#2256,#2257);
#2256 = CARTESIAN_POINT('',(473.725,58.836313,127.51));
#2257 = VECTOR('',#2258,1.);
#2258 = DIRECTION('',(0.,-1.,0.));
#2259 = FACE_BOUND('',#2260,.F.);
#2260 = EDGE_LOOP('',(#2261,#2271,#2279,#2287));
#2261 = ORIENTED_EDGE('',*,*,#2262,.F.);
#2262 = EDGE_CURVE('',#2263,#2265,#2267,.T.);
#2263 = VERTEX_POINT('',#2264);
#2264 = CARTESIAN_POINT('',(440.675,32.993176,127.51));
#2265 = VERTEX_POINT('',#2266);
#2266 = CARTESIAN_POINT('',(454.675,32.993176,127.51));
#2267 = LINE('',#2268,#2269);
#2268 = CARTESIAN_POINT('',(442.511875,32.993176,127.51));
#2269 = VECTOR('',#2270,1.);
#2270 = DIRECTION('',(1.,0.,0.));
#2271 = ORIENTED_EDGE('',*,*,#2272,.F.);
#2272 = EDGE_CURVE('',#2273,#2263,#2275,.T.);
#2273 = VERTEX_POINT('',#2274);
#2274 = CARTESIAN_POINT('',(440.675,18.993176,127.51));
#2275 = LINE('',#2276,#2277);
#2276 = CARTESIAN_POINT('',(440.675,51.836313,127.51));
#2277 = VECTOR('',#2278,1.);
#2278 = DIRECTION('',(0.,1.,0.));
#2279 = ORIENTED_EDGE('',*,*,#2280,.F.);
#2280 = EDGE_CURVE('',#2281,#2273,#2283,.T.);
#2281 = VERTEX_POINT('',#2282);
#2282 = CARTESIAN_POINT('',(454.675,18.993176,127.51));
#2283 = LINE('',#2284,#2285);
#2284 = CARTESIAN_POINT('',(449.511875,18.993176,127.51));
#2285 = VECTOR('',#2286,1.);
#2286 = DIRECTION('',(-1.,0.,0.));
#2287 = ORIENTED_EDGE('',*,*,#2288,.F.);
#2288 = EDGE_CURVE('',#2265,#2281,#2289,.T.);
#2289 = LINE('',#2290,#2291);
#2290 = CARTESIAN_POINT('',(454.675,58.836313,127.51));
#2291 = VECTOR('',#2292,1.);
#2292 = DIRECTION('',(0.,-1.,0.));
#2293 = FACE_BOUND('',#2294,.F.);
#2294 = EDGE_LOOP('',(#2295,#2305,#2313,#2321));
#2295 = ORIENTED_EDGE('',*,*,#2296,.F.);
#2296 = EDGE_CURVE('',#2297,#2299,#2301,.T.);
#2297 = VERTEX_POINT('',#2298);
#2298 = CARTESIAN_POINT('',(440.675,52.043176,127.51));
#2299 = VERTEX_POINT('',#2300);
#2300 = CARTESIAN_POINT('',(454.675,52.043176,127.51));
#2301 = LINE('',#2302,#2303);
#2302 = CARTESIAN_POINT('',(442.511875,52.043176,127.51));
#2303 = VECTOR('',#2304,1.);
#2304 = DIRECTION('',(1.,0.,0.));
#2305 = ORIENTED_EDGE('',*,*,#2306,.F.);
#2306 = EDGE_CURVE('',#2307,#2297,#2309,.T.);
#2307 = VERTEX_POINT('',#2308);
#2308 = CARTESIAN_POINT('',(440.675,38.043176,127.51));
#2309 = LINE('',#2310,#2311);
#2310 = CARTESIAN_POINT('',(440.675,61.361313,127.51));
#2311 = VECTOR('',#2312,1.);
#2312 = DIRECTION('',(0.,1.,0.));
#2313 = ORIENTED_EDGE('',*,*,#2314,.F.);
#2314 = EDGE_CURVE('',#2315,#2307,#2317,.T.);
#2315 = VERTEX_POINT('',#2316);
#2316 = CARTESIAN_POINT('',(454.675,38.043176,127.51));
#2317 = LINE('',#2318,#2319);
#2318 = CARTESIAN_POINT('',(449.511875,38.043176,127.51));
#2319 = VECTOR('',#2320,1.);
#2320 = DIRECTION('',(-1.,0.,0.));
#2321 = ORIENTED_EDGE('',*,*,#2322,.F.);
#2322 = EDGE_CURVE('',#2299,#2315,#2323,.T.);
#2323 = LINE('',#2324,#2325);
#2324 = CARTESIAN_POINT('',(454.675,68.361313,127.51));
#2325 = VECTOR('',#2326,1.);
#2326 = DIRECTION('',(0.,-1.,0.));
#2327 = FACE_BOUND('',#2328,.F.);
#2328 = EDGE_LOOP('',(#2329,#2339,#2347,#2355));
#2329 = ORIENTED_EDGE('',*,*,#2330,.F.);
#2330 = EDGE_CURVE('',#2331,#2333,#2335,.T.);
#2331 = VERTEX_POINT('',#2332);
#2332 = CARTESIAN_POINT('',(421.625,32.993176,127.51));
#2333 = VERTEX_POINT('',#2334);
#2334 = CARTESIAN_POINT('',(435.625,32.993176,127.51));
#2335 = LINE('',#2336,#2337);
#2336 = CARTESIAN_POINT('',(432.986875,32.993176,127.51));
#2337 = VECTOR('',#2338,1.);
#2338 = DIRECTION('',(1.,0.,0.));
#2339 = ORIENTED_EDGE('',*,*,#2340,.F.);
#2340 = EDGE_CURVE('',#2341,#2331,#2343,.T.);
#2341 = VERTEX_POINT('',#2342);
#2342 = CARTESIAN_POINT('',(421.625,18.993176,127.51));
#2343 = LINE('',#2344,#2345);
#2344 = CARTESIAN_POINT('',(421.625,51.836313,127.51));
#2345 = VECTOR('',#2346,1.);
#2346 = DIRECTION('',(0.,1.,0.));
#2347 = ORIENTED_EDGE('',*,*,#2348,.F.);
#2348 = EDGE_CURVE('',#2349,#2341,#2351,.T.);
#2349 = VERTEX_POINT('',#2350);
#2350 = CARTESIAN_POINT('',(435.625,18.993176,127.51));
#2351 = LINE('',#2352,#2353);
#2352 = CARTESIAN_POINT('',(439.986875,18.993176,127.51));
#2353 = VECTOR('',#2354,1.);
#2354 = DIRECTION('',(-1.,0.,0.));
#2355 = ORIENTED_EDGE('',*,*,#2356,.F.);
#2356 = EDGE_CURVE('',#2333,#2349,#2357,.T.);
#2357 = LINE('',#2358,#2359);
#2358 = CARTESIAN_POINT('',(435.625,58.836313,127.51));
#2359 = VECTOR('',#2360,1.);
#2360 = DIRECTION('',(0.,-1.,0.));
#2361 = FACE_BOUND('',#2362,.F.);
#2362 = EDGE_LOOP('',(#2363,#2373,#2381,#2389));
#2363 = ORIENTED_EDGE('',*,*,#2364,.F.);
#2364 = EDGE_CURVE('',#2365,#2367,#2369,.T.);
#2365 = VERTEX_POINT('',#2366);
#2366 = CARTESIAN_POINT('',(469.25,99.668176,127.51));
#2367 = VERTEX_POINT('',#2368);
#2368 = CARTESIAN_POINT('',(483.25,99.668176,127.51));
#2369 = LINE('',#2370,#2371);
#2370 = CARTESIAN_POINT('',(456.799375,99.668176,127.51));
#2371 = VECTOR('',#2372,1.);
#2372 = DIRECTION('',(1.,0.,0.));
#2373 = ORIENTED_EDGE('',*,*,#2374,.F.);
#2374 = EDGE_CURVE('',#2375,#2365,#2377,.T.);
#2375 = VERTEX_POINT('',#2376);
#2376 = CARTESIAN_POINT('',(469.25,85.668176,127.51));
#2377 = LINE('',#2378,#2379);
#2378 = CARTESIAN_POINT('',(469.25,85.173813,127.51));
#2379 = VECTOR('',#2380,1.);
#2380 = DIRECTION('',(0.,1.,0.));
#2381 = ORIENTED_EDGE('',*,*,#2382,.F.);
#2382 = EDGE_CURVE('',#2383,#2375,#2385,.T.);
#2383 = VERTEX_POINT('',#2384);
#2384 = CARTESIAN_POINT('',(483.25,85.668176,127.51));
#2385 = LINE('',#2386,#2387);
#2386 = CARTESIAN_POINT('',(463.799375,85.668176,127.51));
#2387 = VECTOR('',#2388,1.);
#2388 = DIRECTION('',(-1.,0.,0.));
#2389 = ORIENTED_EDGE('',*,*,#2390,.F.);
#2390 = EDGE_CURVE('',#2367,#2383,#2391,.T.);
#2391 = LINE('',#2392,#2393);
#2392 = CARTESIAN_POINT('',(483.25,92.173813,127.51));
#2393 = VECTOR('',#2394,1.);
#2394 = DIRECTION('',(0.,-1.,0.));
#2395 = FACE_BOUND('',#2396,.F.);
#2396 = EDGE_LOOP('',(#2397,#2407,#2415,#2423));
#2397 = ORIENTED_EDGE('',*,*,#2398,.F.);
#2398 = EDGE_CURVE('',#2399,#2401,#2403,.T.);
#2399 = VERTEX_POINT('',#2400);
#2400 = CARTESIAN_POINT('',(469.25,118.718176,127.51));
#2401 = VERTEX_POINT('',#2402);
#2402 = CARTESIAN_POINT('',(483.25,118.718176,127.51));
#2403 = LINE('',#2404,#2405);
#2404 = CARTESIAN_POINT('',(456.799375,118.718176,127.51));
#2405 = VECTOR('',#2406,1.);
#2406 = DIRECTION('',(1.,0.,0.));
#2407 = ORIENTED_EDGE('',*,*,#2408,.F.);
#2408 = EDGE_CURVE('',#2409,#2399,#2411,.T.);
#2409 = VERTEX_POINT('',#2410);
#2410 = CARTESIAN_POINT('',(469.25,104.718176,127.51));
#2411 = LINE('',#2412,#2413);
#2412 = CARTESIAN_POINT('',(469.25,94.698813,127.51));
#2413 = VECTOR('',#2414,1.);
#2414 = DIRECTION('',(0.,1.,0.));
#2415 = ORIENTED_EDGE('',*,*,#2416,.F.);
#2416 = EDGE_CURVE('',#2417,#2409,#2419,.T.);
#2417 = VERTEX_POINT('',#2418);
#2418 = CARTESIAN_POINT('',(483.25,104.718176,127.51));
#2419 = LINE('',#2420,#2421);
#2420 = CARTESIAN_POINT('',(463.799375,104.718176,127.51));
#2421 = VECTOR('',#2422,1.);
#2422 = DIRECTION('',(-1.,0.,0.));
#2423 = ORIENTED_EDGE('',*,*,#2424,.F.);
#2424 = EDGE_CURVE('',#2401,#2417,#2425,.T.);
#2425 = LINE('',#2426,#2427);
#2426 = CARTESIAN_POINT('',(483.25,101.698813,127.51));
#2427 = VECTOR('',#2428,1.);
#2428 = DIRECTION('',(0.,-1.,0.));
#2429 = FACE_BOUND('',#2430,.F.);
#2430 = EDGE_LOOP('',(#2431,#2441,#2449,#2457));
#2431 = ORIENTED_EDGE('',*,*,#2432,.F.);
#2432 = EDGE_CURVE('',#2433,#2435,#2437,.T.);
#2433 = VERTEX_POINT('',#2434);
#2434 = CARTESIAN_POINT('',(450.2,99.668176,127.51));
#2435 = VERTEX_POINT('',#2436);
#2436 = CARTESIAN_POINT('',(464.2,99.668176,127.51));
#2437 = LINE('',#2438,#2439);
#2438 = CARTESIAN_POINT('',(447.274375,99.668176,127.51));
#2439 = VECTOR('',#2440,1.);
#2440 = DIRECTION('',(1.,0.,0.));
#2441 = ORIENTED_EDGE('',*,*,#2442,.F.);
#2442 = EDGE_CURVE('',#2443,#2433,#2445,.T.);
#2443 = VERTEX_POINT('',#2444);
#2444 = CARTESIAN_POINT('',(450.2,85.668176,127.51));
#2445 = LINE('',#2446,#2447);
#2446 = CARTESIAN_POINT('',(450.2,85.173813,127.51));
#2447 = VECTOR('',#2448,1.);
#2448 = DIRECTION('',(0.,1.,0.));
#2449 = ORIENTED_EDGE('',*,*,#2450,.F.);
#2450 = EDGE_CURVE('',#2451,#2443,#2453,.T.);
#2451 = VERTEX_POINT('',#2452);
#2452 = CARTESIAN_POINT('',(464.2,85.668176,127.51));
#2453 = LINE('',#2454,#2455);
#2454 = CARTESIAN_POINT('',(454.274375,85.668176,127.51));
#2455 = VECTOR('',#2456,1.);
#2456 = DIRECTION('',(-1.,0.,0.));
#2457 = ORIENTED_EDGE('',*,*,#2458,.F.);
#2458 = EDGE_CURVE('',#2435,#2451,#2459,.T.);
#2459 = LINE('',#2460,#2461);
#2460 = CARTESIAN_POINT('',(464.2,92.173813,127.51));
#2461 = VECTOR('',#2462,1.);
#2462 = DIRECTION('',(0.,-1.,0.));
#2463 = FACE_BOUND('',#2464,.F.);
#2464 = EDGE_LOOP('',(#2465,#2475,#2483,#2491));
#2465 = ORIENTED_EDGE('',*,*,#2466,.F.);
#2466 = EDGE_CURVE('',#2467,#2469,#2471,.T.);
#2467 = VERTEX_POINT('',#2468);
#2468 = CARTESIAN_POINT('',(450.2,118.718176,127.51));
#2469 = VERTEX_POINT('',#2470);
#2470 = CARTESIAN_POINT('',(464.2,118.718176,127.51));
#2471 = LINE('',#2472,#2473);
#2472 = CARTESIAN_POINT('',(447.274375,118.718176,127.51));
#2473 = VECTOR('',#2474,1.);
#2474 = DIRECTION('',(1.,0.,0.));
#2475 = ORIENTED_EDGE('',*,*,#2476,.F.);
#2476 = EDGE_CURVE('',#2477,#2467,#2479,.T.);
#2477 = VERTEX_POINT('',#2478);
#2478 = CARTESIAN_POINT('',(450.2,104.718176,127.51));
#2479 = LINE('',#2480,#2481);
#2480 = CARTESIAN_POINT('',(450.2,94.698813,127.51));
#2481 = VECTOR('',#2482,1.);
#2482 = DIRECTION('',(0.,1.,0.));
#2483 = ORIENTED_EDGE('',*,*,#2484,.F.);
#2484 = EDGE_CURVE('',#2485,#2477,#2487,.T.);
#2485 = VERTEX_POINT('',#2486);
#2486 = CARTESIAN_POINT('',(464.2,104.718176,127.51));
#2487 = LINE('',#2488,#2489);
#2488 = CARTESIAN_POINT('',(454.274375,104.718176,127.51));
#2489 = VECTOR('',#2490,1.);
#2490 = DIRECTION('',(-1.,0.,0.));
#2491 = ORIENTED_EDGE('',*,*,#2492,.F.);
#2492 = EDGE_CURVE('',#2469,#2485,#2493,.T.);
#2493 = LINE('',#2494,#2495);
#2494 = CARTESIAN_POINT('',(464.2,101.698813,127.51));
#2495 = VECTOR('',#2496,1.);
#2496 = DIRECTION('',(0.,-1.,0.));
#2497 = FACE_BOUND('',#2498,.F.);
#2498 = EDGE_LOOP('',(#2499,#2509,#2517,#2525));
#2499 = ORIENTED_EDGE('',*,*,#2500,.F.);
#2500 = EDGE_CURVE('',#2501,#2503,#2505,.T.);
#2501 = VERTEX_POINT('',#2502);
#2502 = CARTESIAN_POINT('',(469.25,156.818176,127.51));
#2503 = VERTEX_POINT('',#2504);
#2504 = CARTESIAN_POINT('',(483.25,156.818176,127.51));
#2505 = LINE('',#2506,#2507);
#2506 = CARTESIAN_POINT('',(456.799375,156.818176,127.51));
#2507 = VECTOR('',#2508,1.);
#2508 = DIRECTION('',(1.,0.,0.));
#2509 = ORIENTED_EDGE('',*,*,#2510,.F.);
#2510 = EDGE_CURVE('',#2511,#2501,#2513,.T.);
#2511 = VERTEX_POINT('',#2512);
#2512 = CARTESIAN_POINT('',(469.25,142.818176,127.51));
#2513 = LINE('',#2514,#2515);
#2514 = CARTESIAN_POINT('',(469.25,113.748813,127.51));
#2515 = VECTOR('',#2516,1.);
#2516 = DIRECTION('',(0.,1.,0.));
#2517 = ORIENTED_EDGE('',*,*,#2518,.F.);
#2518 = EDGE_CURVE('',#2519,#2511,#2521,.T.);
#2519 = VERTEX_POINT('',#2520);
#2520 = CARTESIAN_POINT('',(483.25,142.818176,127.51));
#2521 = LINE('',#2522,#2523);
#2522 = CARTESIAN_POINT('',(463.799375,142.818176,127.51));
#2523 = VECTOR('',#2524,1.);
#2524 = DIRECTION('',(-1.,0.,0.));
#2525 = ORIENTED_EDGE('',*,*,#2526,.F.);
#2526 = EDGE_CURVE('',#2503,#2519,#2527,.T.);
#2527 = LINE('',#2528,#2529);
#2528 = CARTESIAN_POINT('',(483.25,120.748813,127.51));
#2529 = VECTOR('',#2530,1.);
#2530 = DIRECTION('',(0.,-1.,0.));
#2531 = FACE_BOUND('',#2532,.F.);
#2532 = EDGE_LOOP('',(#2533,#2543,#2551,#2559));
#2533 = ORIENTED_EDGE('',*,*,#2534,.F.);
#2534 = EDGE_CURVE('',#2535,#2537,#2539,.T.);
#2535 = VERTEX_POINT('',#2536);
#2536 = CARTESIAN_POINT('',(450.2,156.818176,127.51));
#2537 = VERTEX_POINT('',#2538);
#2538 = CARTESIAN_POINT('',(464.2,156.818176,127.51));
#2539 = LINE('',#2540,#2541);
#2540 = CARTESIAN_POINT('',(447.274375,156.818176,127.51));
#2541 = VECTOR('',#2542,1.);
#2542 = DIRECTION('',(1.,0.,0.));
#2543 = ORIENTED_EDGE('',*,*,#2544,.F.);
#2544 = EDGE_CURVE('',#2545,#2535,#2547,.T.);
#2545 = VERTEX_POINT('',#2546);
#2546 = CARTESIAN_POINT('',(450.2,142.818176,127.51));
#2547 = LINE('',#2548,#2549);
#2548 = CARTESIAN_POINT('',(450.2,113.748813,127.51));
#2549 = VECTOR('',#2550,1.);
#2550 = DIRECTION('',(0.,1.,0.));
#2551 = ORIENTED_EDGE('',*,*,#2552,.F.);
#2552 = EDGE_CURVE('',#2553,#2545,#2555,.T.);
#2553 = VERTEX_POINT('',#2554);
#2554 = CARTESIAN_POINT('',(464.2,142.818176,127.51));
#2555 = LINE('',#2556,#2557);
#2556 = CARTESIAN_POINT('',(454.274375,142.818176,127.51));
#2557 = VECTOR('',#2558,1.);
#2558 = DIRECTION('',(-1.,0.,0.));
#2559 = ORIENTED_EDGE('',*,*,#2560,.F.);
#2560 = EDGE_CURVE('',#2537,#2553,#2561,.T.);
#2561 = LINE('',#2562,#2563);
#2562 = CARTESIAN_POINT('',(464.2,120.748813,127.51));
#2563 = VECTOR('',#2564,1.);
#2564 = DIRECTION('',(0.,-1.,0.));
#2565 = FACE_BOUND('',#2566,.F.);
#2566 = EDGE_LOOP('',(#2567,#2577,#2585,#2593));
#2567 = ORIENTED_EDGE('',*,*,#2568,.F.);
#2568 = EDGE_CURVE('',#2569,#2571,#2573,.T.);
#2569 = VERTEX_POINT('',#2570);
#2570 = CARTESIAN_POINT('',(431.15,99.668176,127.51));
#2571 = VERTEX_POINT('',#2572);
#2572 = CARTESIAN_POINT('',(445.15,99.668176,127.51));
#2573 = LINE('',#2574,#2575);
#2574 = CARTESIAN_POINT('',(437.749375,99.668176,127.51));
#2575 = VECTOR('',#2576,1.);
#2576 = DIRECTION('',(1.,0.,0.));
#2577 = ORIENTED_EDGE('',*,*,#2578,.F.);
#2578 = EDGE_CURVE('',#2579,#2569,#2581,.T.);
#2579 = VERTEX_POINT('',#2580);
#2580 = CARTESIAN_POINT('',(431.15,85.668176,127.51));
#2581 = LINE('',#2582,#2583);
#2582 = CARTESIAN_POINT('',(431.15,85.173813,127.51));
#2583 = VECTOR('',#2584,1.);
#2584 = DIRECTION('',(0.,1.,0.));
#2585 = ORIENTED_EDGE('',*,*,#2586,.F.);
#2586 = EDGE_CURVE('',#2587,#2579,#2589,.T.);
#2587 = VERTEX_POINT('',#2588);
#2588 = CARTESIAN_POINT('',(445.15,85.668176,127.51));
#2589 = LINE('',#2590,#2591);
#2590 = CARTESIAN_POINT('',(444.749375,85.668176,127.51));
#2591 = VECTOR('',#2592,1.);
#2592 = DIRECTION('',(-1.,0.,0.));
#2593 = ORIENTED_EDGE('',*,*,#2594,.F.);
#2594 = EDGE_CURVE('',#2571,#2587,#2595,.T.);
#2595 = LINE('',#2596,#2597);
#2596 = CARTESIAN_POINT('',(445.15,92.173813,127.51));
#2597 = VECTOR('',#2598,1.);
#2598 = DIRECTION('',(0.,-1.,0.));
#2599 = FACE_BOUND('',#2600,.F.);
#2600 = EDGE_LOOP('',(#2601,#2611,#2619,#2627));
#2601 = ORIENTED_EDGE('',*,*,#2602,.F.);
#2602 = EDGE_CURVE('',#2603,#2605,#2607,.T.);
#2603 = VERTEX_POINT('',#2604);
#2604 = CARTESIAN_POINT('',(431.15,118.718176,127.51));
#2605 = VERTEX_POINT('',#2606);
#2606 = CARTESIAN_POINT('',(445.15,118.718176,127.51));
#2607 = LINE('',#2608,#2609);
#2608 = CARTESIAN_POINT('',(437.749375,118.718176,127.51));
#2609 = VECTOR('',#2610,1.);
#2610 = DIRECTION('',(1.,0.,0.));
#2611 = ORIENTED_EDGE('',*,*,#2612,.F.);
#2612 = EDGE_CURVE('',#2613,#2603,#2615,.T.);
#2613 = VERTEX_POINT('',#2614);
#2614 = CARTESIAN_POINT('',(431.15,104.718176,127.51));
#2615 = LINE('',#2616,#2617);
#2616 = CARTESIAN_POINT('',(431.15,94.698813,127.51));
#2617 = VECTOR('',#2618,1.);
#2618 = DIRECTION('',(0.,1.,0.));
#2619 = ORIENTED_EDGE('',*,*,#2620,.F.);
#2620 = EDGE_CURVE('',#2621,#2613,#2623,.T.);
#2621 = VERTEX_POINT('',#2622);
#2622 = CARTESIAN_POINT('',(445.15,104.718176,127.51));
#2623 = LINE('',#2624,#2625);
#2624 = CARTESIAN_POINT('',(444.749375,104.718176,127.51));
#2625 = VECTOR('',#2626,1.);
#2626 = DIRECTION('',(-1.,0.,0.));
#2627 = ORIENTED_EDGE('',*,*,#2628,.F.);
#2628 = EDGE_CURVE('',#2605,#2621,#2629,.T.);
#2629 = LINE('',#2630,#2631);
#2630 = CARTESIAN_POINT('',(445.15,101.698813,127.51));
#2631 = VECTOR('',#2632,1.);
#2632 = DIRECTION('',(0.,-1.,0.));
#2633 = FACE_BOUND('',#2634,.F.);
#2634 = EDGE_LOOP('',(#2635,#2645,#2653,#2661));
#2635 = ORIENTED_EDGE('',*,*,#2636,.F.);
#2636 = EDGE_CURVE('',#2637,#2639,#2641,.T.);
#2637 = VERTEX_POINT('',#2638);
#2638 = CARTESIAN_POINT('',(412.1,99.668176,127.51));
#2639 = VERTEX_POINT('',#2640);
#2640 = CARTESIAN_POINT('',(426.1,99.668176,127.51));
#2641 = LINE('',#2642,#2643);
#2642 = CARTESIAN_POINT('',(428.224375,99.668176,127.51));
#2643 = VECTOR('',#2644,1.);
#2644 = DIRECTION('',(1.,0.,0.));
#2645 = ORIENTED_EDGE('',*,*,#2646,.F.);
#2646 = EDGE_CURVE('',#2647,#2637,#2649,.T.);
#2647 = VERTEX_POINT('',#2648);
#2648 = CARTESIAN_POINT('',(412.1,85.668176,127.51));
#2649 = LINE('',#2650,#2651);
#2650 = CARTESIAN_POINT('',(412.1,85.173813,127.51));
#2651 = VECTOR('',#2652,1.);
#2652 = DIRECTION('',(0.,1.,0.));
#2653 = ORIENTED_EDGE('',*,*,#2654,.F.);
#2654 = EDGE_CURVE('',#2655,#2647,#2657,.T.);
#2655 = VERTEX_POINT('',#2656);
#2656 = CARTESIAN_POINT('',(426.1,85.668176,127.51));
#2657 = LINE('',#2658,#2659);
#2658 = CARTESIAN_POINT('',(435.224375,85.668176,127.51));
#2659 = VECTOR('',#2660,1.);
#2660 = DIRECTION('',(-1.,0.,0.));
#2661 = ORIENTED_EDGE('',*,*,#2662,.F.);
#2662 = EDGE_CURVE('',#2639,#2655,#2663,.T.);
#2663 = LINE('',#2664,#2665);
#2664 = CARTESIAN_POINT('',(426.1,92.173813,127.51));
#2665 = VECTOR('',#2666,1.);
#2666 = DIRECTION('',(0.,-1.,0.));
#2667 = FACE_BOUND('',#2668,.F.);
#2668 = EDGE_LOOP('',(#2669,#2679,#2687,#2695));
#2669 = ORIENTED_EDGE('',*,*,#2670,.F.);
#2670 = EDGE_CURVE('',#2671,#2673,#2675,.T.);
#2671 = VERTEX_POINT('',#2672);
#2672 = CARTESIAN_POINT('',(412.1,118.718176,127.51));
#2673 = VERTEX_POINT('',#2674);
#2674 = CARTESIAN_POINT('',(426.1,118.718176,127.51));
#2675 = LINE('',#2676,#2677);
#2676 = CARTESIAN_POINT('',(428.224375,118.718176,127.51));
#2677 = VECTOR('',#2678,1.);
#2678 = DIRECTION('',(1.,0.,0.));
#2679 = ORIENTED_EDGE('',*,*,#2680,.F.);
#2680 = EDGE_CURVE('',#2681,#2671,#2683,.T.);
#2681 = VERTEX_POINT('',#2682);
#2682 = CARTESIAN_POINT('',(412.1,104.718176,127.51));
#2683 = LINE('',#2684,#2685);
#2684 = CARTESIAN_POINT('',(412.1,94.698813,127.51));
#2685 = VECTOR('',#2686,1.);
#2686 = DIRECTION('',(0.,1.,0.));
#2687 = ORIENTED_EDGE('',*,*,#2688,.F.);
#2688 = EDGE_CURVE('',#2689,#2681,#2691,.T.);
#2689 = VERTEX_POINT('',#2690);
#2690 = CARTESIAN_POINT('',(426.1,104.718176,127.51));
#2691 = LINE('',#2692,#2693);
#2692 = CARTESIAN_POINT('',(435.224375,104.718176,127.51));
#2693 = VECTOR('',#2694,1.);
#2694 = DIRECTION('',(-1.,0.,0.));
#2695 = ORIENTED_EDGE('',*,*,#2696,.F.);
#2696 = EDGE_CURVE('',#2673,#2689,#2697,.T.);
#2697 = LINE('',#2698,#2699);
#2698 = CARTESIAN_POINT('',(426.1,101.698813,127.51));
#2699 = VECTOR('',#2700,1.);
#2700 = DIRECTION('',(0.,-1.,0.));
#2701 = FACE_BOUND('',#2702,.F.);
#2702 = EDGE_LOOP('',(#2703,#2713,#2721,#2729));
#2703 = ORIENTED_EDGE('',*,*,#2704,.F.);
#2704 = EDGE_CURVE('',#2705,#2707,#2709,.T.);
#2705 = VERTEX_POINT('',#2706);
#2706 = CARTESIAN_POINT('',(431.15,156.818176,127.51));
#2707 = VERTEX_POINT('',#2708);
#2708 = CARTESIAN_POINT('',(445.15,156.818176,127.51));
#2709 = LINE('',#2710,#2711);
#2710 = CARTESIAN_POINT('',(437.749375,156.818176,127.51));
#2711 = VECTOR('',#2712,1.);
#2712 = DIRECTION('',(1.,0.,0.));
#2713 = ORIENTED_EDGE('',*,*,#2714,.F.);
#2714 = EDGE_CURVE('',#2715,#2705,#2717,.T.);
#2715 = VERTEX_POINT('',#2716);
#2716 = CARTESIAN_POINT('',(431.15,142.818176,127.51));
#2717 = LINE('',#2718,#2719);
#2718 = CARTESIAN_POINT('',(431.15,113.748813,127.51));
#2719 = VECTOR('',#2720,1.);
#2720 = DIRECTION('',(0.,1.,0.));
#2721 = ORIENTED_EDGE('',*,*,#2722,.F.);
#2722 = EDGE_CURVE('',#2723,#2715,#2725,.T.);
#2723 = VERTEX_POINT('',#2724);
#2724 = CARTESIAN_POINT('',(445.15,142.818176,127.51));
#2725 = LINE('',#2726,#2727);
#2726 = CARTESIAN_POINT('',(444.749375,142.818176,127.51));
#2727 = VECTOR('',#2728,1.);
#2728 = DIRECTION('',(-1.,0.,0.));
#2729 = ORIENTED_EDGE('',*,*,#2730,.F.);
#2730 = EDGE_CURVE('',#2707,#2723,#2731,.T.);
#2731 = LINE('',#2732,#2733);
#2732 = CARTESIAN_POINT('',(445.15,120.748813,127.51));
#2733 = VECTOR('',#2734,1.);
#2734 = DIRECTION('',(0.,-1.,0.));
#2735 = FACE_BOUND('',#2736,.F.);
#2736 = EDGE_LOOP('',(#2737));
#2737 = ORIENTED_EDGE('',*,*,#2738,.F.);
#2738 = EDGE_CURVE('',#2739,#2739,#2741,.T.);
#2739 = VERTEX_POINT('',#2740);
#2740 = CARTESIAN_POINT('',(448.6,102.,127.51));
#2741 = CIRCLE('',#2742,1.1);
#2742 = AXIS2_PLACEMENT_3D('',#2743,#2744,#2745);
#2743 = CARTESIAN_POINT('',(447.5,102.,127.51));
#2744 = DIRECTION('',(0.,0.,-1.));
#2745 = DIRECTION('',(-1.,0.,0.));
#2746 = FACE_BOUND('',#2747,.F.);
#2747 = EDGE_LOOP('',(#2748));
#2748 = ORIENTED_EDGE('',*,*,#2749,.F.);
#2749 = EDGE_CURVE('',#2750,#2750,#2752,.T.);
#2750 = VERTEX_POINT('',#2751);
#2751 = CARTESIAN_POINT('',(467.6,140.5,127.51));
#2752 = CIRCLE('',#2753,1.1);
#2753 = AXIS2_PLACEMENT_3D('',#2754,#2755,#2756);
#2754 = CARTESIAN_POINT('',(466.5,140.5,127.51));
#2755 = DIRECTION('',(0.,0.,-1.));
#2756 = DIRECTION('',(-1.,0.,0.));
#2757 = FACE_BOUND('',#2758,.F.);
#2758 = EDGE_LOOP('',(#2759));
#2759 = ORIENTED_EDGE('',*,*,#2760,.F.);
#2760 = EDGE_CURVE('',#2761,#2761,#2763,.T.);
#2761 = VERTEX_POINT('',#2762);
#2762 = CARTESIAN_POINT('',(429.6,140.5,127.51));
#2763 = CIRCLE('',#2764,1.1);
#2764 = AXIS2_PLACEMENT_3D('',#2765,#2766,#2767);
#2765 = CARTESIAN_POINT('',(428.5,140.5,127.51));
#2766 = DIRECTION('',(0.,0.,-1.));
#2767 = DIRECTION('',(-1.,0.,0.));
#2768 = FACE_BOUND('',#2769,.F.);
#2769 = EDGE_LOOP('',(#2770));
#2770 = ORIENTED_EDGE('',*,*,#2771,.F.);
#2771 = EDGE_CURVE('',#2772,#2772,#2774,.T.);
#2772 = VERTEX_POINT('',#2773);
#2773 = CARTESIAN_POINT('',(413.1,20.,127.51));
#2774 = CIRCLE('',#2775,1.1);
#2775 = AXIS2_PLACEMENT_3D('',#2776,#2777,#2778);
#2776 = CARTESIAN_POINT('',(412.,20.,127.51));
#2777 = DIRECTION('',(0.,0.,-1.));
#2778 = DIRECTION('',(-1.,0.,0.));
#2779 = FACE_BOUND('',#2780,.F.);
#2780 = EDGE_LOOP('',(#2781));
#2781 = ORIENTED_EDGE('',*,*,#2782,.F.);
#2782 = EDGE_CURVE('',#2783,#2783,#2785,.T.);
#2783 = VERTEX_POINT('',#2784);
#2784 = CARTESIAN_POINT('',(484.6,20.,127.51));
#2785 = CIRCLE('',#2786,1.1);
#2786 = AXIS2_PLACEMENT_3D('',#2787,#2788,#2789);
#2787 = CARTESIAN_POINT('',(483.5,20.,127.51));
#2788 = DIRECTION('',(0.,0.,-1.));
#2789 = DIRECTION('',(-1.,0.,0.));
#2790 = FACE_BOUND('',#2791,.F.);
#2791 = EDGE_LOOP('',(#2792,#2803,#2812,#2821,#2830));
#2792 = ORIENTED_EDGE('',*,*,#2793,.T.);
#2793 = EDGE_CURVE('',#2794,#2796,#2798,.T.);
#2794 = VERTEX_POINT('',#2795);
#2795 = CARTESIAN_POINT('',(405.90098271797,138.16443799994,127.51));
#2796 = VERTEX_POINT('',#2797);
#2797 = CARTESIAN_POINT('',(403.72401728202,138.16443799994,127.51));
#2798 = CIRCLE('',#2799,1.1);
#2799 = AXIS2_PLACEMENT_3D('',#2800,#2801,#2802);
#2800 = CARTESIAN_POINT('',(404.8125,138.005676,127.51));
#2801 = DIRECTION('',(0.,0.,1.));
#2802 = DIRECTION('',(1.,0.,0.));
#2803 = ORIENTED_EDGE('',*,*,#2804,.T.);
#2804 = EDGE_CURVE('',#2796,#2805,#2807,.T.);
#2805 = VERTEX_POINT('',#2806);
#2806 = CARTESIAN_POINT('',(403.72351739453,138.1609721202,127.51));
#2807 = CIRCLE('',#2808,1.1);
#2808 = AXIS2_PLACEMENT_3D('',#2809,#2810,#2811);
#2809 = CARTESIAN_POINT('',(404.8125,138.005676,127.51));
#2810 = DIRECTION('',(0.,0.,1.));
#2811 = DIRECTION('',(1.,0.,0.));
#2812 = ORIENTED_EDGE('',*,*,#2813,.T.);
#2813 = EDGE_CURVE('',#2805,#2814,#2816,.T.);
#2814 = VERTEX_POINT('',#2815);
#2815 = CARTESIAN_POINT('',(405.9125,138.005676,127.51));
#2816 = CIRCLE('',#2817,1.1);
#2817 = AXIS2_PLACEMENT_3D('',#2818,#2819,#2820);
#2818 = CARTESIAN_POINT('',(404.8125,138.005676,127.51));
#2819 = DIRECTION('',(0.,0.,1.));
#2820 = DIRECTION('',(1.,0.,0.));
#2821 = ORIENTED_EDGE('',*,*,#2822,.T.);
#2822 = EDGE_CURVE('',#2814,#2823,#2825,.T.);
#2823 = VERTEX_POINT('',#2824);
#2824 = CARTESIAN_POINT('',(405.90148260547,138.1609721202,127.51));
#2825 = CIRCLE('',#2826,1.1);
#2826 = AXIS2_PLACEMENT_3D('',#2827,#2828,#2829);
#2827 = CARTESIAN_POINT('',(404.8125,138.005676,127.51));
#2828 = DIRECTION('',(0.,0.,1.));
#2829 = DIRECTION('',(1.,0.,0.));
#2830 = ORIENTED_EDGE('',*,*,#2831,.T.);
#2831 = EDGE_CURVE('',#2823,#2794,#2832,.T.);
#2832 = CIRCLE('',#2833,1.1);
#2833 = AXIS2_PLACEMENT_3D('',#2834,#2835,#2836);
#2834 = CARTESIAN_POINT('',(404.8125,138.005676,127.51));
#2835 = DIRECTION('',(0.,0.,1.));
#2836 = DIRECTION('',(1.,0.,0.));
#2837 = PLANE('',#2838);
#2838 = AXIS2_PLACEMENT_3D('',#2839,#2840,#2841);
#2839 = CARTESIAN_POINT('',(444.34875,84.67945,127.51));
#2840 = DIRECTION('',(0.,0.,-1.));
#2841 = DIRECTION('',(1.,0.,0.));
#2842 = ADVANCED_FACE('',(#2843),#2863,.T.);
#2843 = FACE_BOUND('',#2844,.T.);
#2844 = EDGE_LOOP('',(#2845,#2846,#2847,#2856));
#2845 = ORIENTED_EDGE('',*,*,#103,.F.);
#2846 = ORIENTED_EDGE('',*,*,#1623,.T.);
#2847 = ORIENTED_EDGE('',*,*,#2848,.T.);
#2848 = EDGE_CURVE('',#1624,#2849,#2851,.T.);
#2849 = VERTEX_POINT('',#2850);
#2850 = CARTESIAN_POINT('',(404.3125,163.0482,126.71));
#2851 = CIRCLE('',#2852,0.8);
#2852 = AXIS2_PLACEMENT_3D('',#2853,#2854,#2855);
#2853 = CARTESIAN_POINT('',(404.3125,162.2482,126.71));
#2854 = DIRECTION('',(-1.,4.832E-14,0.));
#2855 = DIRECTION('',(4.832E-14,1.,0.));
#2856 = ORIENTED_EDGE('',*,*,#2857,.F.);
#2857 = EDGE_CURVE('',#96,#2849,#2858,.T.);
#2858 = CIRCLE('',#2859,5.5);
#2859 = AXIS2_PLACEMENT_3D('',#2860,#2861,#2862);
#2860 = CARTESIAN_POINT('',(404.3125,157.5482,126.71));
#2861 = DIRECTION('',(0.,0.,-1.));
#2862 = DIRECTION('',(-1.,-2.067E-14,-0.));
#2863 = TOROIDAL_SURFACE('',#2864,4.7,0.8);
#2864 = AXIS2_PLACEMENT_3D('',#2865,#2866,#2867);
#2865 = CARTESIAN_POINT('',(404.3125,157.5482,126.71));
#2866 = DIRECTION('',(0.,0.,-1.));
#2867 = DIRECTION('',(-1.,-2.067E-14,-0.));
#2868 = ADVANCED_FACE('',(#2869),#2880,.T.);
#2869 = FACE_BOUND('',#2870,.T.);
#2870 = EDGE_LOOP('',(#2871,#2877,#2878,#2879));
#2871 = ORIENTED_EDGE('',*,*,#2872,.F.);
#2872 = EDGE_CURVE('',#170,#2849,#2873,.T.);
#2873 = LINE('',#2874,#2875);
#2874 = CARTESIAN_POINT('',(404.3125,163.0482,-60.));
#2875 = VECTOR('',#2876,1.);
#2876 = DIRECTION('',(0.,0.,1.));
#2877 = ORIENTED_EDGE('',*,*,#177,.F.);
#2878 = ORIENTED_EDGE('',*,*,#135,.T.);
#2879 = ORIENTED_EDGE('',*,*,#2857,.T.);
#2880 = CYLINDRICAL_SURFACE('',#2881,5.5);
#2881 = AXIS2_PLACEMENT_3D('',#2882,#2883,#2884);
#2882 = CARTESIAN_POINT('',(404.3125,157.5482,-60.));
#2883 = DIRECTION('',(0.,0.,-1.));
#2884 = DIRECTION('',(0.,-1.,0.));
#2885 = ADVANCED_FACE('',(#2886),#2911,.T.);
#2886 = FACE_BOUND('',#2887,.T.);
#2887 = EDGE_LOOP('',(#2888,#2896,#2904,#2910));
#2888 = ORIENTED_EDGE('',*,*,#2889,.F.);
#2889 = EDGE_CURVE('',#2890,#151,#2892,.T.);
#2890 = VERTEX_POINT('',#2891);
#2891 = CARTESIAN_POINT('',(491.385,157.5482,126.71));
#2892 = LINE('',#2893,#2894);
#2893 = CARTESIAN_POINT('',(491.385,157.5482,127.51));
#2894 = VECTOR('',#2895,1.);
#2895 = DIRECTION('',(0.,0.,-1.));
#2896 = ORIENTED_EDGE('',*,*,#2897,.T.);
#2897 = EDGE_CURVE('',#2890,#2898,#2900,.T.);
#2898 = VERTEX_POINT('',#2899);
#2899 = CARTESIAN_POINT('',(491.38499999999,11.810702614764,126.71));
#2900 = LINE('',#2901,#2902);
#2901 = CARTESIAN_POINT('',(491.385,157.5482,126.71));
#2902 = VECTOR('',#2903,1.);
#2903 = DIRECTION('',(-3.9E-15,-1.,0.));
#2904 = ORIENTED_EDGE('',*,*,#2905,.T.);
#2905 = EDGE_CURVE('',#2898,#153,#2906,.T.);
#2906 = LINE('',#2907,#2908);
#2907 = CARTESIAN_POINT('',(491.38499999999,11.810702614764,127.51));
#2908 = VECTOR('',#2909,1.);
#2909 = DIRECTION('',(0.,0.,-1.));
#2910 = ORIENTED_EDGE('',*,*,#150,.F.);
#2911 = PLANE('',#2912);
#2912 = AXIS2_PLACEMENT_3D('',#2913,#2914,#2915);
#2913 = CARTESIAN_POINT('',(491.385,157.5482,127.51));
#2914 = DIRECTION('',(1.,-3.9E-15,0.));
#2915 = DIRECTION('',(-3.9E-15,-1.,0.));
#2916 = ADVANCED_FACE('',(#2917),#2936,.T.);
#2917 = FACE_BOUND('',#2918,.T.);
#2918 = EDGE_LOOP('',(#2919,#2920,#2929,#2935));
#2919 = ORIENTED_EDGE('',*,*,#2905,.F.);
#2920 = ORIENTED_EDGE('',*,*,#2921,.T.);
#2921 = EDGE_CURVE('',#2898,#2922,#2924,.T.);
#2922 = VERTEX_POINT('',#2923);
#2923 = CARTESIAN_POINT('',(485.885,6.3107,126.71));
#2924 = CIRCLE('',#2925,5.49999850585);
#2925 = AXIS2_PLACEMENT_3D('',#2926,#2927,#2928);
#2926 = CARTESIAN_POINT('',(485.88500149415,11.81069850585,126.71));
#2927 = DIRECTION('',(0.,0.,-1.));
#2928 = DIRECTION('',(1.,7.4707551866E-07,0.));
#2929 = ORIENTED_EDGE('',*,*,#2930,.T.);
#2930 = EDGE_CURVE('',#2922,#324,#2931,.T.);
#2931 = LINE('',#2932,#2933);
#2932 = CARTESIAN_POINT('',(485.885,6.3107,127.51));
#2933 = VECTOR('',#2934,1.);
#2934 = DIRECTION('',(0.,0.,-1.));
#2935 = ORIENTED_EDGE('',*,*,#331,.T.);
#2936 = CYLINDRICAL_SURFACE('',#2937,5.49999850585);
#2937 = AXIS2_PLACEMENT_3D('',#2938,#2939,#2940);
#2938 = CARTESIAN_POINT('',(485.88500149415,11.81069850585,127.51));
#2939 = DIRECTION('',(0.,0.,-1.));
#2940 = DIRECTION('',(1.,7.470755185E-07,0.));
#2941 = ADVANCED_FACE('',(#2942),#2960,.T.);
#2942 = FACE_BOUND('',#2943,.T.);
#2943 = EDGE_LOOP('',(#2944,#2945,#2953,#2959));
#2944 = ORIENTED_EDGE('',*,*,#2930,.F.);
#2945 = ORIENTED_EDGE('',*,*,#2946,.T.);
#2946 = EDGE_CURVE('',#2922,#2947,#2949,.T.);
#2947 = VERTEX_POINT('',#2948);
#2948 = CARTESIAN_POINT('',(404.3125,6.310700000001,126.71));
#2949 = LINE('',#2950,#2951);
#2950 = CARTESIAN_POINT('',(485.885,6.3107,126.71));
#2951 = VECTOR('',#2952,1.);
#2952 = DIRECTION('',(-1.,1.938E-14,0.));
#2953 = ORIENTED_EDGE('',*,*,#2954,.F.);
#2954 = EDGE_CURVE('',#315,#2947,#2955,.T.);
#2955 = LINE('',#2956,#2957);
#2956 = CARTESIAN_POINT('',(404.3125,6.310700000001,-60.));
#2957 = VECTOR('',#2958,1.);
#2958 = DIRECTION('',(0.,0.,1.));
#2959 = ORIENTED_EDGE('',*,*,#323,.F.);
#2960 = PLANE('',#2961);
#2961 = AXIS2_PLACEMENT_3D('',#2962,#2963,#2964);
#2962 = CARTESIAN_POINT('',(485.885,6.3107,127.51));
#2963 = DIRECTION('',(-1.938E-14,-1.,0.));
#2964 = DIRECTION('',(-1.,1.938E-14,0.));
#2965 = ADVANCED_FACE('',(#2966),#2985,.T.);
#2966 = FACE_BOUND('',#2967,.T.);
#2967 = EDGE_LOOP('',(#2968,#2976,#2977,#2978));
#2968 = ORIENTED_EDGE('',*,*,#2969,.F.);
#2969 = EDGE_CURVE('',#307,#2970,#2972,.T.);
#2970 = VERTEX_POINT('',#2971);
#2971 = CARTESIAN_POINT('',(398.8125,11.810700000001,126.71));
#2972 = LINE('',#2973,#2974);
#2973 = CARTESIAN_POINT('',(398.8125,11.810700000001,-60.));
#2974 = VECTOR('',#2975,1.);
#2975 = DIRECTION('',(0.,0.,1.));
#2976 = ORIENTED_EDGE('',*,*,#314,.F.);
#2977 = ORIENTED_EDGE('',*,*,#2954,.T.);
#2978 = ORIENTED_EDGE('',*,*,#2979,.T.);
#2979 = EDGE_CURVE('',#2947,#2970,#2980,.T.);
#2980 = CIRCLE('',#2981,5.5);
#2981 = AXIS2_PLACEMENT_3D('',#2982,#2983,#2984);
#2982 = CARTESIAN_POINT('',(404.3125,11.810700000001,126.71));
#2983 = DIRECTION('',(0.,0.,-1.));
#2984 = DIRECTION('',(-2.067E-14,-1.,-0.));
#2985 = CYLINDRICAL_SURFACE('',#2986,5.5);
#2986 = AXIS2_PLACEMENT_3D('',#2987,#2988,#2989);
#2987 = CARTESIAN_POINT('',(404.3125,11.810700000001,-60.));
#2988 = DIRECTION('',(0.,0.,-1.));
#2989 = DIRECTION('',(1.,-1.9E-14,0.));
#2990 = ADVANCED_FACE('',(#2991),#3009,.F.);
#2991 = FACE_BOUND('',#2992,.F.);
#2992 = EDGE_LOOP('',(#2993,#2994,#2995,#3003));
#2993 = ORIENTED_EDGE('',*,*,#2969,.F.);
#2994 = ORIENTED_EDGE('',*,*,#306,.T.);
#2995 = ORIENTED_EDGE('',*,*,#2996,.T.);
#2996 = EDGE_CURVE('',#299,#2997,#2999,.T.);
#2997 = VERTEX_POINT('',#2998);
#2998 = CARTESIAN_POINT('',(398.8125,111.996,126.71));
#2999 = LINE('',#3000,#3001);
#3000 = CARTESIAN_POINT('',(398.8125,111.996,-80.));
#3001 = VECTOR('',#3002,1.);
#3002 = DIRECTION('',(0.,0.,1.));
#3003 = ORIENTED_EDGE('',*,*,#3004,.F.);
#3004 = EDGE_CURVE('',#2970,#2997,#3005,.T.);
#3005 = LINE('',#3006,#3007);
#3006 = CARTESIAN_POINT('',(398.8125,11.810700000001,126.71));
#3007 = VECTOR('',#3008,1.);
#3008 = DIRECTION('',(-0.,1.,-0.));
#3009 = PLANE('',#3010);
#3010 = AXIS2_PLACEMENT_3D('',#3011,#3012,#3013);
#3011 = CARTESIAN_POINT('',(398.8125,157.5482,-60.));
#3012 = DIRECTION('',(1.,0.,0.));
#3013 = DIRECTION('',(0.,-1.,0.));
#3014 = ADVANCED_FACE('',(#3015),#3043,.T.);
#3015 = FACE_BOUND('',#3016,.T.);
#3016 = EDGE_LOOP('',(#3017,#3024,#3025,#3026,#3027,#3035,#3041,#3042));
#3017 = ORIENTED_EDGE('',*,*,#3018,.F.);
#3018 = EDGE_CURVE('',#1684,#2997,#3019,.T.);
#3019 = CIRCLE('',#3020,0.8);
#3020 = AXIS2_PLACEMENT_3D('',#3021,#3022,#3023);
#3021 = CARTESIAN_POINT('',(399.6125,111.996,126.71));
#3022 = DIRECTION('',(0.,-1.,0.));
#3023 = DIRECTION('',(0.,0.,1.));
#3024 = ORIENTED_EDGE('',*,*,#1691,.T.);
#3025 = ORIENTED_EDGE('',*,*,#1597,.F.);
#3026 = ORIENTED_EDGE('',*,*,#499,.F.);
#3027 = ORIENTED_EDGE('',*,*,#3028,.T.);
#3028 = EDGE_CURVE('',#492,#3029,#3031,.T.);
#3029 = VERTEX_POINT('',#3030);
#3030 = CARTESIAN_POINT('',(400.3125,111.996,125.81));
#3031 = LINE('',#3032,#3033);
#3032 = CARTESIAN_POINT('',(455.64,111.996,70.482500000003));
#3033 = VECTOR('',#3034,1.);
#3034 = DIRECTION('',(-0.707106781187,0.,0.707106781187));
#3035 = ORIENTED_EDGE('',*,*,#3036,.T.);
#3036 = EDGE_CURVE('',#3029,#291,#3037,.T.);
#3037 = LINE('',#3038,#3039);
#3038 = CARTESIAN_POINT('',(400.3125,111.996,12.605));
#3039 = VECTOR('',#3040,1.);
#3040 = DIRECTION('',(0.,0.,1.));
#3041 = ORIENTED_EDGE('',*,*,#298,.F.);
#3042 = ORIENTED_EDGE('',*,*,#2996,.T.);
#3043 = PLANE('',#3044);
#3044 = AXIS2_PLACEMENT_3D('',#3045,#3046,#3047);
#3045 = CARTESIAN_POINT('',(395.8125,111.996,-100.));
#3046 = DIRECTION('',(0.,1.,0.));
#3047 = DIRECTION('',(0.,0.,1.));
#3048 = ADVANCED_FACE('',(#3049),#3067,.T.);
#3049 = FACE_BOUND('',#3050,.T.);
#3050 = EDGE_LOOP('',(#3051,#3059,#3065,#3066));
#3051 = ORIENTED_EDGE('',*,*,#3052,.F.);
#3052 = EDGE_CURVE('',#3053,#3029,#3055,.T.);
#3053 = VERTEX_POINT('',#3054);
#3054 = CARTESIAN_POINT('',(400.3125,11.810700000001,125.81));
#3055 = LINE('',#3056,#3057);
#3056 = CARTESIAN_POINT('',(400.3125,42.796861588219,125.81));
#3057 = VECTOR('',#3058,1.);
#3058 = DIRECTION('',(0.,1.,0.));
#3059 = ORIENTED_EDGE('',*,*,#3060,.T.);
#3060 = EDGE_CURVE('',#3053,#282,#3061,.T.);
#3061 = LINE('',#3062,#3063);
#3062 = CARTESIAN_POINT('',(400.3125,11.810700000001,125.21));
#3063 = VECTOR('',#3064,1.);
#3064 = DIRECTION('',(0.,0.,1.));
#3065 = ORIENTED_EDGE('',*,*,#290,.T.);
#3066 = ORIENTED_EDGE('',*,*,#3036,.F.);
#3067 = PLANE('',#3068);
#3068 = AXIS2_PLACEMENT_3D('',#3069,#3070,#3071);
#3069 = CARTESIAN_POINT('',(400.3125,11.810700000001,125.21));
#3070 = DIRECTION('',(-1.,0.,0.));
#3071 = DIRECTION('',(0.,1.,0.));
#3072 = ADVANCED_FACE('',(#3073),#3092,.T.);
#3073 = FACE_BOUND('',#3074,.T.);
#3074 = EDGE_LOOP('',(#3075,#3084,#3090,#3091));
#3075 = ORIENTED_EDGE('',*,*,#3076,.F.);
#3076 = EDGE_CURVE('',#3077,#3053,#3079,.T.);
#3077 = VERTEX_POINT('',#3078);
#3078 = CARTESIAN_POINT('',(404.3125,7.810700000001,125.81));
#3079 = CIRCLE('',#3080,4.);
#3080 = AXIS2_PLACEMENT_3D('',#3081,#3082,#3083);
#3081 = CARTESIAN_POINT('',(404.3125,11.810700000001,125.81));
#3082 = DIRECTION('',(0.,-0.,-1.));
#3083 = DIRECTION('',(1.,-1.9E-14,0.));
#3084 = ORIENTED_EDGE('',*,*,#3085,.T.);
#3085 = EDGE_CURVE('',#3077,#274,#3086,.T.);
#3086 = LINE('',#3087,#3088);
#3087 = CARTESIAN_POINT('',(404.3125,7.810700000001,125.21));
#3088 = VECTOR('',#3089,1.);
#3089 = DIRECTION('',(0.,0.,1.));
#3090 = ORIENTED_EDGE('',*,*,#281,.T.);
#3091 = ORIENTED_EDGE('',*,*,#3060,.F.);
#3092 = CYLINDRICAL_SURFACE('',#3093,4.);
#3093 = AXIS2_PLACEMENT_3D('',#3094,#3095,#3096);
#3094 = CARTESIAN_POINT('',(404.3125,11.810700000001,125.21));
#3095 = DIRECTION('',(0.,0.,-1.));
#3096 = DIRECTION('',(1.,-1.9E-14,0.));
#3097 = ADVANCED_FACE('',(#3098),#3116,.T.);
#3098 = FACE_BOUND('',#3099,.T.);
#3099 = EDGE_LOOP('',(#3100,#3108,#3114,#3115));
#3100 = ORIENTED_EDGE('',*,*,#3101,.F.);
#3101 = EDGE_CURVE('',#3102,#3077,#3104,.T.);
#3102 = VERTEX_POINT('',#3103);
#3103 = CARTESIAN_POINT('',(485.88500020374,7.8107,125.81));
#3104 = LINE('',#3105,#3106);
#3105 = CARTESIAN_POINT('',(222.549375,7.810700000005,125.81));
#3106 = VECTOR('',#3107,1.);
#3107 = DIRECTION('',(-1.,1.925E-14,0.));
#3108 = ORIENTED_EDGE('',*,*,#3109,.T.);
#3109 = EDGE_CURVE('',#3102,#265,#3110,.T.);
#3110 = LINE('',#3111,#3112);
#3111 = CARTESIAN_POINT('',(485.885,7.8107,125.21));
#3112 = VECTOR('',#3113,1.);
#3113 = DIRECTION('',(0.,0.,1.));
#3114 = ORIENTED_EDGE('',*,*,#273,.T.);
#3115 = ORIENTED_EDGE('',*,*,#3085,.F.);
#3116 = PLANE('',#3117);
#3117 = AXIS2_PLACEMENT_3D('',#3118,#3119,#3120);
#3118 = CARTESIAN_POINT('',(485.885,7.8107,125.21));
#3119 = DIRECTION('',(-1.917E-14,-1.,0.));
#3120 = DIRECTION('',(-1.,1.917E-14,0.));
#3121 = ADVANCED_FACE('',(#3122),#3132,.F.);
#3122 = FACE_BOUND('',#3123,.F.);
#3123 = EDGE_LOOP('',(#3124,#3130,#3131));
#3124 = ORIENTED_EDGE('',*,*,#3125,.F.);
#3125 = EDGE_CURVE('',#3102,#256,#3126,.T.);
#3126 = LINE('',#3127,#3128);
#3127 = CARTESIAN_POINT('',(485.88500040749,7.8107,125.21));
#3128 = VECTOR('',#3129,1.);
#3129 = DIRECTION('',(0.,0.,1.));
#3130 = ORIENTED_EDGE('',*,*,#3109,.T.);
#3131 = ORIENTED_EDGE('',*,*,#264,.T.);
#3132 = CYLINDRICAL_SURFACE('',#3133,1.5);
#3133 = AXIS2_PLACEMENT_3D('',#3134,#3135,#3136);
#3134 = CARTESIAN_POINT('',(485.885,6.3107,125.21));
#3135 = DIRECTION('',(0.,0.,-1.));
#3136 = DIRECTION('',(-1.,1.917E-14,0.));
#3137 = ADVANCED_FACE('',(#3138),#3157,.T.);
#3138 = FACE_BOUND('',#3139,.F.);
#3139 = EDGE_LOOP('',(#3140,#3148,#3155,#3156));
#3140 = ORIENTED_EDGE('',*,*,#3141,.F.);
#3141 = EDGE_CURVE('',#3142,#247,#3144,.T.);
#3142 = VERTEX_POINT('',#3143);
#3143 = CARTESIAN_POINT('',(489.88499999999,11.810702054458,125.81));
#3144 = LINE('',#3145,#3146);
#3145 = CARTESIAN_POINT('',(489.88499999999,11.810701494151,125.21));
#3146 = VECTOR('',#3147,1.);
#3147 = DIRECTION('',(0.,0.,1.));
#3148 = ORIENTED_EDGE('',*,*,#3149,.F.);
#3149 = EDGE_CURVE('',#3102,#3142,#3150,.T.);
#3150 = CIRCLE('',#3151,3.999998505851);
#3151 = AXIS2_PLACEMENT_3D('',#3152,#3153,#3154);
#3152 = CARTESIAN_POINT('',(485.88500149415,11.81069850585,125.81));
#3153 = DIRECTION('',(0.,0.,1.));
#3154 = DIRECTION('',(-2.7166369954E-07,-1.,0.));
#3155 = ORIENTED_EDGE('',*,*,#3125,.T.);
#3156 = ORIENTED_EDGE('',*,*,#255,.T.);
#3157 = CYLINDRICAL_SURFACE('',#3158,3.999998505851);
#3158 = AXIS2_PLACEMENT_3D('',#3159,#3160,#3161);
#3159 = CARTESIAN_POINT('',(485.88500149415,11.81069850585,125.21));
#3160 = DIRECTION('',(-0.,-0.,-1.));
#3161 = DIRECTION('',(-2.7166369954E-07,-1.,0.));
#3162 = ADVANCED_FACE('',(#3163),#3173,.F.);
#3163 = FACE_BOUND('',#3164,.F.);
#3164 = EDGE_LOOP('',(#3165,#3171,#3172));
#3165 = ORIENTED_EDGE('',*,*,#3166,.F.);
#3166 = EDGE_CURVE('',#3142,#239,#3167,.T.);
#3167 = LINE('',#3168,#3169);
#3168 = CARTESIAN_POINT('',(489.88499999999,11.810702614764,125.21));
#3169 = VECTOR('',#3170,1.);
#3170 = DIRECTION('',(0.,0.,1.));
#3171 = ORIENTED_EDGE('',*,*,#3141,.T.);
#3172 = ORIENTED_EDGE('',*,*,#246,.T.);
#3173 = CYLINDRICAL_SURFACE('',#3174,1.5);
#3174 = AXIS2_PLACEMENT_3D('',#3175,#3176,#3177);
#3175 = CARTESIAN_POINT('',(491.38499999999,11.810702614764,125.21));
#3176 = DIRECTION('',(0.,0.,-1.));
#3177 = DIRECTION('',(7.4707551783E-07,-1.,0.));
#3178 = ADVANCED_FACE('',(#3179),#3197,.T.);
#3179 = FACE_BOUND('',#3180,.T.);
#3180 = EDGE_LOOP('',(#3181,#3189,#3195,#3196));
#3181 = ORIENTED_EDGE('',*,*,#3182,.F.);
#3182 = EDGE_CURVE('',#3183,#3142,#3185,.T.);
#3183 = VERTEX_POINT('',#3184);
#3184 = CARTESIAN_POINT('',(489.885,157.54820020374,125.81));
#3185 = LINE('',#3186,#3187);
#3186 = CARTESIAN_POINT('',(489.885,42.33972565369,125.81));
#3187 = VECTOR('',#3188,1.);
#3188 = DIRECTION('',(-4.15E-15,-1.,0.));
#3189 = ORIENTED_EDGE('',*,*,#3190,.T.);
#3190 = EDGE_CURVE('',#3183,#230,#3191,.T.);
#3191 = LINE('',#3192,#3193);
#3192 = CARTESIAN_POINT('',(489.885,157.5482,125.21));
#3193 = VECTOR('',#3194,1.);
#3194 = DIRECTION('',(0.,0.,1.));
#3195 = ORIENTED_EDGE('',*,*,#238,.T.);
#3196 = ORIENTED_EDGE('',*,*,#3166,.F.);
#3197 = PLANE('',#3198);
#3198 = AXIS2_PLACEMENT_3D('',#3199,#3200,#3201);
#3199 = CARTESIAN_POINT('',(489.885,157.5482,125.21));
#3200 = DIRECTION('',(1.,-3.9E-15,0.));
#3201 = DIRECTION('',(-3.9E-15,-1.,0.));
#3202 = ADVANCED_FACE('',(#3203),#3213,.F.);
#3203 = FACE_BOUND('',#3204,.F.);
#3204 = EDGE_LOOP('',(#3205,#3211,#3212));
#3205 = ORIENTED_EDGE('',*,*,#3206,.F.);
#3206 = EDGE_CURVE('',#3183,#221,#3207,.T.);
#3207 = LINE('',#3208,#3209);
#3208 = CARTESIAN_POINT('',(489.885,157.54820040749,125.21));
#3209 = VECTOR('',#3210,1.);
#3210 = DIRECTION('',(0.,0.,1.));
#3211 = ORIENTED_EDGE('',*,*,#3190,.T.);
#3212 = ORIENTED_EDGE('',*,*,#229,.T.);
#3213 = CYLINDRICAL_SURFACE('',#3214,1.5);
#3214 = AXIS2_PLACEMENT_3D('',#3215,#3216,#3217);
#3215 = CARTESIAN_POINT('',(491.385,157.5482,125.21));
#3216 = DIRECTION('',(0.,0.,-1.));
#3217 = DIRECTION('',(-3.9E-15,-1.,0.));
#3218 = ADVANCED_FACE('',(#3219),#3238,.T.);
#3219 = FACE_BOUND('',#3220,.F.);
#3220 = EDGE_LOOP('',(#3221,#3229,#3236,#3237));
#3221 = ORIENTED_EDGE('',*,*,#3222,.F.);
#3222 = EDGE_CURVE('',#3223,#212,#3225,.T.);
#3223 = VERTEX_POINT('',#3224);
#3224 = CARTESIAN_POINT('',(485.88499794554,161.54819999999,125.81));
#3225 = LINE('',#3226,#3227);
#3226 = CARTESIAN_POINT('',(485.88499850584,161.54819999999,125.21));
#3227 = VECTOR('',#3228,1.);
#3228 = DIRECTION('',(0.,0.,1.));
#3229 = ORIENTED_EDGE('',*,*,#3230,.F.);
#3230 = EDGE_CURVE('',#3183,#3223,#3231,.T.);
#3231 = CIRCLE('',#3232,3.99999850585);
#3232 = AXIS2_PLACEMENT_3D('',#3233,#3234,#3235);
#3233 = CARTESIAN_POINT('',(485.88500149415,157.54820149415,125.81));
#3234 = DIRECTION('',(-0.,0.,1.));
#3235 = DIRECTION('',(1.,-2.7166369631E-07,0.));
#3236 = ORIENTED_EDGE('',*,*,#3206,.T.);
#3237 = ORIENTED_EDGE('',*,*,#220,.T.);
#3238 = CYLINDRICAL_SURFACE('',#3239,3.99999850585);
#3239 = AXIS2_PLACEMENT_3D('',#3240,#3241,#3242);
#3240 = CARTESIAN_POINT('',(485.88500149415,157.54820149415,125.21));
#3241 = DIRECTION('',(0.,0.,-1.));
#3242 = DIRECTION('',(1.,-2.7166369631E-07,0.));
#3243 = ADVANCED_FACE('',(#3244),#3254,.F.);
#3244 = FACE_BOUND('',#3245,.F.);
#3245 = EDGE_LOOP('',(#3246,#3252,#3253));
#3246 = ORIENTED_EDGE('',*,*,#3247,.F.);
#3247 = EDGE_CURVE('',#3223,#204,#3248,.T.);
#3248 = LINE('',#3249,#3250);
#3249 = CARTESIAN_POINT('',(485.88499738523,161.54819999999,125.21));
#3250 = VECTOR('',#3251,1.);
#3251 = DIRECTION('',(0.,0.,1.));
#3252 = ORIENTED_EDGE('',*,*,#3222,.T.);
#3253 = ORIENTED_EDGE('',*,*,#211,.T.);
#3254 = CYLINDRICAL_SURFACE('',#3255,1.5);
#3255 = AXIS2_PLACEMENT_3D('',#3256,#3257,#3258);
#3256 = CARTESIAN_POINT('',(485.88499738523,163.04819999999,125.21));
#3257 = DIRECTION('',(0.,0.,-1.));
#3258 = DIRECTION('',(1.,7.4707552195E-07,0.));
#3259 = ADVANCED_FACE('',(#3260),#3278,.T.);
#3260 = FACE_BOUND('',#3261,.T.);
#3261 = EDGE_LOOP('',(#3262,#3270,#3276,#3277));
#3262 = ORIENTED_EDGE('',*,*,#3263,.F.);
#3263 = EDGE_CURVE('',#3264,#3223,#3266,.T.);
#3264 = VERTEX_POINT('',#3265);
#3265 = CARTESIAN_POINT('',(404.3125,161.5482,125.81));
#3266 = LINE('',#3267,#3268);
#3267 = CARTESIAN_POINT('',(222.54937434631,161.5482,125.81));
#3268 = VECTOR('',#3269,1.);
#3269 = DIRECTION('',(1.,-2.265E-14,0.));
#3270 = ORIENTED_EDGE('',*,*,#3271,.T.);
#3271 = EDGE_CURVE('',#3264,#195,#3272,.T.);
#3272 = LINE('',#3273,#3274);
#3273 = CARTESIAN_POINT('',(404.3125,161.5482,125.21));
#3274 = VECTOR('',#3275,1.);
#3275 = DIRECTION('',(0.,0.,1.));
#3276 = ORIENTED_EDGE('',*,*,#203,.T.);
#3277 = ORIENTED_EDGE('',*,*,#3247,.F.);
#3278 = PLANE('',#3279);
#3279 = AXIS2_PLACEMENT_3D('',#3280,#3281,#3282);
#3280 = CARTESIAN_POINT('',(404.3125,161.5482,125.21));
#3281 = DIRECTION('',(2.258E-14,1.,0.));
#3282 = DIRECTION('',(1.,-2.258E-14,0.));
#3283 = ADVANCED_FACE('',(#3284),#3296,.T.);
#3284 = FACE_BOUND('',#3285,.T.);
#3285 = EDGE_LOOP('',(#3286,#3293,#3294,#3295));
#3286 = ORIENTED_EDGE('',*,*,#3287,.F.);
#3287 = EDGE_CURVE('',#347,#3264,#3288,.T.);
#3288 = CIRCLE('',#3289,4.);
#3289 = AXIS2_PLACEMENT_3D('',#3290,#3291,#3292);
#3290 = CARTESIAN_POINT('',(404.3125,157.5482,125.81));
#3291 = DIRECTION('',(-0.,-0.,-1.));
#3292 = DIRECTION('',(0.,-1.,0.));
#3293 = ORIENTED_EDGE('',*,*,#346,.T.);
#3294 = ORIENTED_EDGE('',*,*,#194,.T.);
#3295 = ORIENTED_EDGE('',*,*,#3271,.F.);
#3296 = CYLINDRICAL_SURFACE('',#3297,4.);
#3297 = AXIS2_PLACEMENT_3D('',#3298,#3299,#3300);
#3298 = CARTESIAN_POINT('',(404.3125,157.5482,125.21));
#3299 = DIRECTION('',(0.,0.,-1.));
#3300 = DIRECTION('',(0.,-1.,0.));
#3301 = ADVANCED_FACE('',(#3302),#3320,.T.);
#3302 = FACE_BOUND('',#3303,.T.);
#3303 = EDGE_LOOP('',(#3304,#3312,#3313,#3314));
#3304 = ORIENTED_EDGE('',*,*,#3305,.T.);
#3305 = EDGE_CURVE('',#3306,#161,#3308,.T.);
#3306 = VERTEX_POINT('',#3307);
#3307 = CARTESIAN_POINT('',(485.88499738523,163.04819999999,126.71));
#3308 = LINE('',#3309,#3310);
#3309 = CARTESIAN_POINT('',(485.88499738523,163.04819999999,127.51));
#3310 = VECTOR('',#3311,1.);
#3311 = DIRECTION('',(0.,0.,-1.));
#3312 = ORIENTED_EDGE('',*,*,#169,.F.);
#3313 = ORIENTED_EDGE('',*,*,#2872,.T.);
#3314 = ORIENTED_EDGE('',*,*,#3315,.T.);
#3315 = EDGE_CURVE('',#2849,#3306,#3316,.T.);
#3316 = LINE('',#3317,#3318);
#3317 = CARTESIAN_POINT('',(404.3125,163.0482,126.71));
#3318 = VECTOR('',#3319,1.);
#3319 = DIRECTION('',(1.,-2.352E-14,0.));
#3320 = PLANE('',#3321);
#3321 = AXIS2_PLACEMENT_3D('',#3322,#3323,#3324);
#3322 = CARTESIAN_POINT('',(402.8125,163.0482,127.51));
#3323 = DIRECTION('',(2.352E-14,1.,0.));
#3324 = DIRECTION('',(1.,-2.352E-14,0.));
#3325 = ADVANCED_FACE('',(#3326),#3338,.T.);
#3326 = FACE_BOUND('',#3327,.T.);
#3327 = EDGE_LOOP('',(#3328,#3329,#3336,#3337));
#3328 = ORIENTED_EDGE('',*,*,#3305,.F.);
#3329 = ORIENTED_EDGE('',*,*,#3330,.T.);
#3330 = EDGE_CURVE('',#3306,#2890,#3331,.T.);
#3331 = CIRCLE('',#3332,5.49999850585);
#3332 = AXIS2_PLACEMENT_3D('',#3333,#3334,#3335);
#3333 = CARTESIAN_POINT('',(485.88500149415,157.54820149415,126.71));
#3334 = DIRECTION('',(0.,0.,-1.));
#3335 = DIRECTION('',(-7.4707551156E-07,1.,0.));
#3336 = ORIENTED_EDGE('',*,*,#2889,.T.);
#3337 = ORIENTED_EDGE('',*,*,#160,.T.);
#3338 = CYLINDRICAL_SURFACE('',#3339,5.49999850585);
#3339 = AXIS2_PLACEMENT_3D('',#3340,#3341,#3342);
#3340 = CARTESIAN_POINT('',(485.88500149415,157.54820149415,127.51));
#3341 = DIRECTION('',(0.,0.,-1.));
#3342 = DIRECTION('',(-7.4707551931E-07,1.,0.));
#3343 = ADVANCED_FACE('',(#3344),#3354,.T.);
#3344 = FACE_BOUND('',#3345,.T.);
#3345 = EDGE_LOOP('',(#3346,#3347,#3348,#3349));
#3346 = ORIENTED_EDGE('',*,*,#395,.F.);
#3347 = ORIENTED_EDGE('',*,*,#380,.T.);
#3348 = ORIENTED_EDGE('',*,*,#3287,.T.);
#3349 = ORIENTED_EDGE('',*,*,#3350,.F.);
#3350 = EDGE_CURVE('',#396,#3264,#3351,.T.);
#3351 = B_SPLINE_CURVE_WITH_KNOTS('',1,(#3352,#3353),.UNSPECIFIED.,.F.,
  .F.,(2,2),(0.,1.),.PIECEWISE_BEZIER_KNOTS.);
#3352 = CARTESIAN_POINT('',(404.3125,161.2482,125.51));
#3353 = CARTESIAN_POINT('',(404.3125,161.5482,125.81));
#3354 = CONICAL_SURFACE('',#3355,3.7,0.785398163397);
#3355 = AXIS2_PLACEMENT_3D('',#3356,#3357,#3358);
#3356 = CARTESIAN_POINT('',(404.3125,157.5482,125.51));
#3357 = DIRECTION('',(0.,-0.,1.));
#3358 = DIRECTION('',(0.,-1.,-0.));
#3359 = ADVANCED_FACE('',(#3360),#3370,.T.);
#3360 = FACE_BOUND('',#3361,.T.);
#3361 = EDGE_LOOP('',(#3362,#3363,#3368,#3369));
#3362 = ORIENTED_EDGE('',*,*,#491,.F.);
#3363 = ORIENTED_EDGE('',*,*,#3364,.T.);
#3364 = EDGE_CURVE('',#483,#3053,#3365,.T.);
#3365 = B_SPLINE_CURVE_WITH_KNOTS('',1,(#3366,#3367),.UNSPECIFIED.,.F.,
  .F.,(2,2),(0.,1.),.PIECEWISE_BEZIER_KNOTS.);
#3366 = CARTESIAN_POINT('',(400.6125,11.810700000001,125.51));
#3367 = CARTESIAN_POINT('',(400.3125,11.810700000001,125.81));
#3368 = ORIENTED_EDGE('',*,*,#3052,.T.);
#3369 = ORIENTED_EDGE('',*,*,#3028,.F.);
#3370 = PLANE('',#3371);
#3371 = AXIS2_PLACEMENT_3D('',#3372,#3373,#3374);
#3372 = CARTESIAN_POINT('',(400.3125,42.796861588219,125.81));
#3373 = DIRECTION('',(-0.707106781187,0.,-0.707106781187));
#3374 = DIRECTION('',(0.,-1.,-0.));
#3375 = ADVANCED_FACE('',(#3376),#3386,.T.);
#3376 = FACE_BOUND('',#3377,.T.);
#3377 = EDGE_LOOP('',(#3378,#3379,#3384,#3385));
#3378 = ORIENTED_EDGE('',*,*,#482,.F.);
#3379 = ORIENTED_EDGE('',*,*,#3380,.T.);
#3380 = EDGE_CURVE('',#475,#3077,#3381,.T.);
#3381 = B_SPLINE_CURVE_WITH_KNOTS('',1,(#3382,#3383),.UNSPECIFIED.,.F.,
  .F.,(2,2),(0.,1.),.PIECEWISE_BEZIER_KNOTS.);
#3382 = CARTESIAN_POINT('',(404.3125,8.110700000001,125.51));
#3383 = CARTESIAN_POINT('',(404.3125,7.810700000001,125.81));
#3384 = ORIENTED_EDGE('',*,*,#3076,.T.);
#3385 = ORIENTED_EDGE('',*,*,#3364,.F.);
#3386 = CONICAL_SURFACE('',#3387,3.7,0.785398163397);
#3387 = AXIS2_PLACEMENT_3D('',#3388,#3389,#3390);
#3388 = CARTESIAN_POINT('',(404.3125,11.810700000001,125.51));
#3389 = DIRECTION('',(0.,-0.,1.));
#3390 = DIRECTION('',(1.,-1.9E-14,-0.));
#3391 = ADVANCED_FACE('',(#3392),#3402,.T.);
#3392 = FACE_BOUND('',#3393,.T.);
#3393 = EDGE_LOOP('',(#3394,#3395,#3400,#3401));
#3394 = ORIENTED_EDGE('',*,*,#474,.F.);
#3395 = ORIENTED_EDGE('',*,*,#3396,.T.);
#3396 = EDGE_CURVE('',#466,#3102,#3397,.T.);
#3397 = B_SPLINE_CURVE_WITH_KNOTS('',1,(#3398,#3399),.UNSPECIFIED.,.F.,
  .F.,(2,2),(0.,1.),.PIECEWISE_BEZIER_KNOTS.);
#3398 = CARTESIAN_POINT('',(485.885,8.1107,125.51));
#3399 = CARTESIAN_POINT('',(485.885,7.8107,125.81));
#3400 = ORIENTED_EDGE('',*,*,#3101,.T.);
#3401 = ORIENTED_EDGE('',*,*,#3380,.F.);
#3402 = PLANE('',#3403);
#3403 = AXIS2_PLACEMENT_3D('',#3404,#3405,#3406);
#3404 = CARTESIAN_POINT('',(222.549375,7.810700000005,125.81));
#3405 = DIRECTION('',(-1.361E-14,-0.707106781187,-0.707106781187));
#3406 = DIRECTION('',(1.,-1.924872329195E-14,1.276708051031E-18));
#3407 = ADVANCED_FACE('',(#3408),#3417,.F.);
#3408 = FACE_BOUND('',#3409,.T.);
#3409 = EDGE_LOOP('',(#3410,#3411,#3416));
#3410 = ORIENTED_EDGE('',*,*,#465,.T.);
#3411 = ORIENTED_EDGE('',*,*,#3412,.T.);
#3412 = EDGE_CURVE('',#457,#3102,#3413,.T.);
#3413 = B_SPLINE_CURVE_WITH_KNOTS('',1,(#3414,#3415),.UNSPECIFIED.,.F.,
  .F.,(2,2),(0.,1.),.PIECEWISE_BEZIER_KNOTS.);
#3414 = CARTESIAN_POINT('',(485.88500048899,8.1107,125.51));
#3415 = CARTESIAN_POINT('',(485.88500040749,7.8107,125.81));
#3416 = ORIENTED_EDGE('',*,*,#3396,.F.);
#3417 = CONICAL_SURFACE('',#3418,1.8,0.785398163397);
#3418 = AXIS2_PLACEMENT_3D('',#3419,#3420,#3421);
#3419 = CARTESIAN_POINT('',(485.885,6.3107,125.51));
#3420 = DIRECTION('',(0.,0.,-1.));
#3421 = DIRECTION('',(-1.,1.925E-14,0.));
#3422 = ADVANCED_FACE('',(#3423),#3433,.T.);
#3423 = FACE_BOUND('',#3424,.T.);
#3424 = EDGE_LOOP('',(#3425,#3426,#3431,#3432));
#3425 = ORIENTED_EDGE('',*,*,#456,.T.);
#3426 = ORIENTED_EDGE('',*,*,#3427,.T.);
#3427 = EDGE_CURVE('',#448,#3142,#3428,.T.);
#3428 = B_SPLINE_CURVE_WITH_KNOTS('',1,(#3429,#3430),.UNSPECIFIED.,.F.,
  .F.,(2,2),(0.,1.),.PIECEWISE_BEZIER_KNOTS.);
#3429 = CARTESIAN_POINT('',(489.58499999999,11.810701270028,125.51));
#3430 = CARTESIAN_POINT('',(489.88499999999,11.810701494151,125.81));
#3431 = ORIENTED_EDGE('',*,*,#3149,.F.);
#3432 = ORIENTED_EDGE('',*,*,#3412,.F.);
#3433 = CONICAL_SURFACE('',#3434,3.699998505851,0.785398163397);
#3434 = AXIS2_PLACEMENT_3D('',#3435,#3436,#3437);
#3435 = CARTESIAN_POINT('',(485.88500149415,11.81069850585,125.51));
#3436 = DIRECTION('',(0.,0.,1.));
#3437 = DIRECTION('',(-2.7166369954E-07,-1.,0.));
#3438 = ADVANCED_FACE('',(#3439),#3448,.F.);
#3439 = FACE_BOUND('',#3440,.T.);
#3440 = EDGE_LOOP('',(#3441,#3442,#3447));
#3441 = ORIENTED_EDGE('',*,*,#447,.T.);
#3442 = ORIENTED_EDGE('',*,*,#3443,.T.);
#3443 = EDGE_CURVE('',#440,#3142,#3444,.T.);
#3444 = B_SPLINE_CURVE_WITH_KNOTS('',1,(#3445,#3446),.UNSPECIFIED.,.F.,
  .F.,(2,2),(0.,1.),.PIECEWISE_BEZIER_KNOTS.);
#3445 = CARTESIAN_POINT('',(489.585,11.810702614764,125.51));
#3446 = CARTESIAN_POINT('',(489.885,11.810702614764,125.81));
#3447 = ORIENTED_EDGE('',*,*,#3427,.F.);
#3448 = CONICAL_SURFACE('',#3449,1.8,0.785398163397);
#3449 = AXIS2_PLACEMENT_3D('',#3450,#3451,#3452);
#3450 = CARTESIAN_POINT('',(491.38499999999,11.810702614764,125.51));
#3451 = DIRECTION('',(-0.,0.,-1.));
#3452 = DIRECTION('',(7.4707553115E-07,-1.,-0.));
#3453 = ADVANCED_FACE('',(#3454),#3464,.T.);
#3454 = FACE_BOUND('',#3455,.T.);
#3455 = EDGE_LOOP('',(#3456,#3457,#3462,#3463));
#3456 = ORIENTED_EDGE('',*,*,#439,.F.);
#3457 = ORIENTED_EDGE('',*,*,#3458,.T.);
#3458 = EDGE_CURVE('',#431,#3183,#3459,.T.);
#3459 = B_SPLINE_CURVE_WITH_KNOTS('',1,(#3460,#3461),.UNSPECIFIED.,.F.,
  .F.,(2,2),(0.,1.),.PIECEWISE_BEZIER_KNOTS.);
#3460 = CARTESIAN_POINT('',(489.585,157.5482,125.51));
#3461 = CARTESIAN_POINT('',(489.885,157.5482,125.81));
#3462 = ORIENTED_EDGE('',*,*,#3182,.T.);
#3463 = ORIENTED_EDGE('',*,*,#3443,.F.);
#3464 = PLANE('',#3465);
#3465 = AXIS2_PLACEMENT_3D('',#3466,#3467,#3468);
#3466 = CARTESIAN_POINT('',(489.885,42.33972565369,125.81));
#3467 = DIRECTION('',(0.707106781187,-2.93E-15,-0.707106781187));
#3468 = DIRECTION('',(4.146822868877E-15,1.,3.177131123367E-18));
#3469 = ADVANCED_FACE('',(#3470),#3479,.F.);
#3470 = FACE_BOUND('',#3471,.T.);
#3471 = EDGE_LOOP('',(#3472,#3473,#3478));
#3472 = ORIENTED_EDGE('',*,*,#430,.T.);
#3473 = ORIENTED_EDGE('',*,*,#3474,.T.);
#3474 = EDGE_CURVE('',#422,#3183,#3475,.T.);
#3475 = B_SPLINE_CURVE_WITH_KNOTS('',1,(#3476,#3477),.UNSPECIFIED.,.F.,
  .F.,(2,2),(0.,1.),.PIECEWISE_BEZIER_KNOTS.);
#3476 = CARTESIAN_POINT('',(489.585,157.54820048899,125.51));
#3477 = CARTESIAN_POINT('',(489.885,157.54820040749,125.81));
#3478 = ORIENTED_EDGE('',*,*,#3458,.F.);
#3479 = CONICAL_SURFACE('',#3480,1.8,0.785398163397);
#3480 = AXIS2_PLACEMENT_3D('',#3481,#3482,#3483);
#3481 = CARTESIAN_POINT('',(491.385,157.5482,125.51));
#3482 = DIRECTION('',(-0.,0.,-1.));
#3483 = DIRECTION('',(-4.15E-15,-1.,0.));
#3484 = ADVANCED_FACE('',(#3485),#3495,.T.);
#3485 = FACE_BOUND('',#3486,.T.);
#3486 = EDGE_LOOP('',(#3487,#3488,#3493,#3494));
#3487 = ORIENTED_EDGE('',*,*,#421,.T.);
#3488 = ORIENTED_EDGE('',*,*,#3489,.T.);
#3489 = EDGE_CURVE('',#413,#3223,#3490,.T.);
#3490 = B_SPLINE_CURVE_WITH_KNOTS('',1,(#3491,#3492),.UNSPECIFIED.,.F.,
  .F.,(2,2),(0.,1.),.PIECEWISE_BEZIER_KNOTS.);
#3491 = CARTESIAN_POINT('',(485.88499872997,161.24819999999,125.51));
#3492 = CARTESIAN_POINT('',(485.88499850584,161.54819999999,125.81));
#3493 = ORIENTED_EDGE('',*,*,#3230,.F.);
#3494 = ORIENTED_EDGE('',*,*,#3474,.F.);
#3495 = CONICAL_SURFACE('',#3496,3.69999850585,0.785398163397);
#3496 = AXIS2_PLACEMENT_3D('',#3497,#3498,#3499);
#3497 = CARTESIAN_POINT('',(485.88500149415,157.54820149415,125.51));
#3498 = DIRECTION('',(0.,-0.,1.));
#3499 = DIRECTION('',(1.,-2.7166369631E-07,-0.));
#3500 = ADVANCED_FACE('',(#3501),#3510,.F.);
#3501 = FACE_BOUND('',#3502,.T.);
#3502 = EDGE_LOOP('',(#3503,#3504,#3509));
#3503 = ORIENTED_EDGE('',*,*,#412,.T.);
#3504 = ORIENTED_EDGE('',*,*,#3505,.T.);
#3505 = EDGE_CURVE('',#405,#3223,#3506,.T.);
#3506 = B_SPLINE_CURVE_WITH_KNOTS('',1,(#3507,#3508),.UNSPECIFIED.,.F.,
  .F.,(2,2),(0.,1.),.PIECEWISE_BEZIER_KNOTS.);
#3507 = CARTESIAN_POINT('',(485.88499738523,161.24819999999,125.51));
#3508 = CARTESIAN_POINT('',(485.88499738523,161.54819999999,125.81));
#3509 = ORIENTED_EDGE('',*,*,#3489,.F.);
#3510 = CONICAL_SURFACE('',#3511,1.8,0.785398163397);
#3511 = AXIS2_PLACEMENT_3D('',#3512,#3513,#3514);
#3512 = CARTESIAN_POINT('',(485.88499738523,163.04819999999,125.51));
#3513 = DIRECTION('',(0.,0.,-1.));
#3514 = DIRECTION('',(1.,7.4707553172E-07,0.));
#3515 = ADVANCED_FACE('',(#3516),#3522,.T.);
#3516 = FACE_BOUND('',#3517,.T.);
#3517 = EDGE_LOOP('',(#3518,#3519,#3520,#3521));
#3518 = ORIENTED_EDGE('',*,*,#404,.F.);
#3519 = ORIENTED_EDGE('',*,*,#3350,.T.);
#3520 = ORIENTED_EDGE('',*,*,#3263,.T.);
#3521 = ORIENTED_EDGE('',*,*,#3505,.F.);
#3522 = PLANE('',#3523);
#3523 = AXIS2_PLACEMENT_3D('',#3524,#3525,#3526);
#3524 = CARTESIAN_POINT('',(222.54937434631,161.5482,125.81));
#3525 = DIRECTION('',(1.602E-14,0.707106781187,-0.707106781187));
#3526 = DIRECTION('',(-1.,2.265285063461E-14,-2.85063460876E-18));
#3527 = ADVANCED_FACE('',(#3528),#3553,.F.);
#3528 = FACE_BOUND('',#3529,.F.);
#3529 = EDGE_LOOP('',(#3530,#3538,#3539,#3547));
#3530 = ORIENTED_EDGE('',*,*,#3531,.F.);
#3531 = EDGE_CURVE('',#518,#3532,#3534,.T.);
#3532 = VERTEX_POINT('',#3533);
#3533 = CARTESIAN_POINT('',(411.3,142.018176,126.01));
#3534 = LINE('',#3535,#3536);
#3535 = CARTESIAN_POINT('',(411.3,142.018176,125.31));
#3536 = VECTOR('',#3537,1.);
#3537 = DIRECTION('',(0.,0.,1.));
#3538 = ORIENTED_EDGE('',*,*,#515,.F.);
#3539 = ORIENTED_EDGE('',*,*,#3540,.T.);
#3540 = EDGE_CURVE('',#516,#3541,#3543,.T.);
#3541 = VERTEX_POINT('',#3542);
#3542 = CARTESIAN_POINT('',(426.9,142.018176,126.01));
#3543 = LINE('',#3544,#3545);
#3544 = CARTESIAN_POINT('',(426.9,142.018176,125.31));
#3545 = VECTOR('',#3546,1.);
#3546 = DIRECTION('',(0.,0.,1.));
#3547 = ORIENTED_EDGE('',*,*,#3548,.T.);
#3548 = EDGE_CURVE('',#3541,#3532,#3549,.T.);
#3549 = LINE('',#3550,#3551);
#3550 = CARTESIAN_POINT('',(426.9,142.018176,126.01));
#3551 = VECTOR('',#3552,1.);
#3552 = DIRECTION('',(-1.,0.,0.));
#3553 = PLANE('',#3554);
#3554 = AXIS2_PLACEMENT_3D('',#3555,#3556,#3557);
#3555 = CARTESIAN_POINT('',(426.9,142.018176,125.31));
#3556 = DIRECTION('',(0.,-1.,0.));
#3557 = DIRECTION('',(0.,0.,1.));
#3558 = ADVANCED_FACE('',(#3559),#3577,.T.);
#3559 = FACE_BOUND('',#3560,.T.);
#3560 = EDGE_LOOP('',(#3561,#3569,#3570,#3571));
#3561 = ORIENTED_EDGE('',*,*,#3562,.F.);
#3562 = EDGE_CURVE('',#526,#3563,#3565,.T.);
#3563 = VERTEX_POINT('',#3564);
#3564 = CARTESIAN_POINT('',(426.9,157.618176,126.01));
#3565 = LINE('',#3566,#3567);
#3566 = CARTESIAN_POINT('',(426.9,157.618176,125.31));
#3567 = VECTOR('',#3568,1.);
#3568 = DIRECTION('',(0.,0.,1.));
#3569 = ORIENTED_EDGE('',*,*,#525,.F.);
#3570 = ORIENTED_EDGE('',*,*,#3540,.T.);
#3571 = ORIENTED_EDGE('',*,*,#3572,.F.);
#3572 = EDGE_CURVE('',#3563,#3541,#3573,.T.);
#3573 = LINE('',#3574,#3575);
#3574 = CARTESIAN_POINT('',(426.9,157.618176,126.01));
#3575 = VECTOR('',#3576,1.);
#3576 = DIRECTION('',(0.,-1.,0.));
#3577 = PLANE('',#3578);
#3578 = AXIS2_PLACEMENT_3D('',#3579,#3580,#3581);
#3579 = CARTESIAN_POINT('',(426.9,157.618176,125.31));
#3580 = DIRECTION('',(-1.,0.,0.));
#3581 = DIRECTION('',(0.,0.,1.));
#3582 = ADVANCED_FACE('',(#3583),#3601,.F.);
#3583 = FACE_BOUND('',#3584,.F.);
#3584 = EDGE_LOOP('',(#3585,#3593,#3594,#3595));
#3585 = ORIENTED_EDGE('',*,*,#3586,.F.);
#3586 = EDGE_CURVE('',#534,#3587,#3589,.T.);
#3587 = VERTEX_POINT('',#3588);
#3588 = CARTESIAN_POINT('',(411.3,157.618176,126.01));
#3589 = LINE('',#3590,#3591);
#3590 = CARTESIAN_POINT('',(411.3,157.618176,125.31));
#3591 = VECTOR('',#3592,1.);
#3592 = DIRECTION('',(0.,0.,1.));
#3593 = ORIENTED_EDGE('',*,*,#541,.F.);
#3594 = ORIENTED_EDGE('',*,*,#3531,.T.);
#3595 = ORIENTED_EDGE('',*,*,#3596,.F.);
#3596 = EDGE_CURVE('',#3587,#3532,#3597,.T.);
#3597 = LINE('',#3598,#3599);
#3598 = CARTESIAN_POINT('',(411.3,157.618176,126.01));
#3599 = VECTOR('',#3600,1.);
#3600 = DIRECTION('',(0.,-1.,0.));
#3601 = PLANE('',#3602);
#3602 = AXIS2_PLACEMENT_3D('',#3603,#3604,#3605);
#3603 = CARTESIAN_POINT('',(411.3,157.618176,125.31));
#3604 = DIRECTION('',(-1.,0.,0.));
#3605 = DIRECTION('',(0.,0.,1.));
#3606 = ADVANCED_FACE('',(#3607),#3618,.T.);
#3607 = FACE_BOUND('',#3608,.T.);
#3608 = EDGE_LOOP('',(#3609,#3610,#3611,#3612));
#3609 = ORIENTED_EDGE('',*,*,#3586,.F.);
#3610 = ORIENTED_EDGE('',*,*,#533,.F.);
#3611 = ORIENTED_EDGE('',*,*,#3562,.T.);
#3612 = ORIENTED_EDGE('',*,*,#3613,.T.);
#3613 = EDGE_CURVE('',#3563,#3587,#3614,.T.);
#3614 = LINE('',#3615,#3616);
#3615 = CARTESIAN_POINT('',(426.9,157.618176,126.01));
#3616 = VECTOR('',#3617,1.);
#3617 = DIRECTION('',(-1.,0.,0.));
#3618 = PLANE('',#3619);
#3619 = AXIS2_PLACEMENT_3D('',#3620,#3621,#3622);
#3620 = CARTESIAN_POINT('',(426.9,157.618176,125.31));
#3621 = DIRECTION('',(0.,-1.,0.));
#3622 = DIRECTION('',(0.,0.,1.));
#3623 = ADVANCED_FACE('',(#3624),#3643,.F.);
#3624 = FACE_BOUND('',#3625,.F.);
#3625 = EDGE_LOOP('',(#3626,#3627,#3633,#3634,#3635,#3636,#3637,#3638,
    #3639,#3640,#3641,#3642));
#3626 = ORIENTED_EDGE('',*,*,#2822,.F.);
#3627 = ORIENTED_EDGE('',*,*,#3628,.F.);
#3628 = EDGE_CURVE('',#550,#2814,#3629,.T.);
#3629 = LINE('',#3630,#3631);
#3630 = CARTESIAN_POINT('',(405.9125,138.005676,124.51));
#3631 = VECTOR('',#3632,1.);
#3632 = DIRECTION('',(0.,0.,1.));
#3633 = ORIENTED_EDGE('',*,*,#549,.T.);
#3634 = ORIENTED_EDGE('',*,*,#560,.T.);
#3635 = ORIENTED_EDGE('',*,*,#569,.T.);
#3636 = ORIENTED_EDGE('',*,*,#578,.T.);
#3637 = ORIENTED_EDGE('',*,*,#587,.T.);
#3638 = ORIENTED_EDGE('',*,*,#3628,.T.);
#3639 = ORIENTED_EDGE('',*,*,#2813,.F.);
#3640 = ORIENTED_EDGE('',*,*,#2804,.F.);
#3641 = ORIENTED_EDGE('',*,*,#2793,.F.);
#3642 = ORIENTED_EDGE('',*,*,#2831,.F.);
#3643 = CYLINDRICAL_SURFACE('',#3644,1.1);
#3644 = AXIS2_PLACEMENT_3D('',#3645,#3646,#3647);
#3645 = CARTESIAN_POINT('',(404.8125,138.005676,124.51));
#3646 = DIRECTION('',(0.,0.,1.));
#3647 = DIRECTION('',(1.,0.,0.));
#3648 = ADVANCED_FACE('',(#3649),#3674,.F.);
#3649 = FACE_BOUND('',#3650,.F.);
#3650 = EDGE_LOOP('',(#3651,#3659,#3660,#3668));
#3651 = ORIENTED_EDGE('',*,*,#3652,.F.);
#3652 = EDGE_CURVE('',#599,#3653,#3655,.T.);
#3653 = VERTEX_POINT('',#3654);
#3654 = CARTESIAN_POINT('',(411.3,122.968176,126.01));
#3655 = LINE('',#3656,#3657);
#3656 = CARTESIAN_POINT('',(411.3,122.968176,125.31));
#3657 = VECTOR('',#3658,1.);
#3658 = DIRECTION('',(0.,0.,1.));
#3659 = ORIENTED_EDGE('',*,*,#596,.F.);
#3660 = ORIENTED_EDGE('',*,*,#3661,.T.);
#3661 = EDGE_CURVE('',#597,#3662,#3664,.T.);
#3662 = VERTEX_POINT('',#3663);
#3663 = CARTESIAN_POINT('',(426.9,122.968176,126.01));
#3664 = LINE('',#3665,#3666);
#3665 = CARTESIAN_POINT('',(426.9,122.968176,125.31));
#3666 = VECTOR('',#3667,1.);
#3667 = DIRECTION('',(0.,0.,1.));
#3668 = ORIENTED_EDGE('',*,*,#3669,.T.);
#3669 = EDGE_CURVE('',#3662,#3653,#3670,.T.);
#3670 = LINE('',#3671,#3672);
#3671 = CARTESIAN_POINT('',(426.9,122.968176,126.01));
#3672 = VECTOR('',#3673,1.);
#3673 = DIRECTION('',(-1.,0.,0.));
#3674 = PLANE('',#3675);
#3675 = AXIS2_PLACEMENT_3D('',#3676,#3677,#3678);
#3676 = CARTESIAN_POINT('',(426.9,122.968176,125.31));
#3677 = DIRECTION('',(0.,-1.,0.));
#3678 = DIRECTION('',(0.,0.,1.));
#3679 = ADVANCED_FACE('',(#3680),#3698,.T.);
#3680 = FACE_BOUND('',#3681,.T.);
#3681 = EDGE_LOOP('',(#3682,#3690,#3691,#3692));
#3682 = ORIENTED_EDGE('',*,*,#3683,.F.);
#3683 = EDGE_CURVE('',#607,#3684,#3686,.T.);
#3684 = VERTEX_POINT('',#3685);
#3685 = CARTESIAN_POINT('',(426.9,138.568176,126.01));
#3686 = LINE('',#3687,#3688);
#3687 = CARTESIAN_POINT('',(426.9,138.568176,125.31));
#3688 = VECTOR('',#3689,1.);
#3689 = DIRECTION('',(0.,0.,1.));
#3690 = ORIENTED_EDGE('',*,*,#606,.F.);
#3691 = ORIENTED_EDGE('',*,*,#3661,.T.);
#3692 = ORIENTED_EDGE('',*,*,#3693,.F.);
#3693 = EDGE_CURVE('',#3684,#3662,#3694,.T.);
#3694 = LINE('',#3695,#3696);
#3695 = CARTESIAN_POINT('',(426.9,138.568176,126.01));
#3696 = VECTOR('',#3697,1.);
#3697 = DIRECTION('',(0.,-1.,0.));
#3698 = PLANE('',#3699);
#3699 = AXIS2_PLACEMENT_3D('',#3700,#3701,#3702);
#3700 = CARTESIAN_POINT('',(426.9,138.568176,125.31));
#3701 = DIRECTION('',(-1.,0.,0.));
#3702 = DIRECTION('',(0.,0.,1.));
#3703 = ADVANCED_FACE('',(#3704),#3722,.F.);
#3704 = FACE_BOUND('',#3705,.F.);
#3705 = EDGE_LOOP('',(#3706,#3714,#3715,#3716));
#3706 = ORIENTED_EDGE('',*,*,#3707,.F.);
#3707 = EDGE_CURVE('',#615,#3708,#3710,.T.);
#3708 = VERTEX_POINT('',#3709);
#3709 = CARTESIAN_POINT('',(411.3,138.568176,126.01));
#3710 = LINE('',#3711,#3712);
#3711 = CARTESIAN_POINT('',(411.3,138.568176,125.31));
#3712 = VECTOR('',#3713,1.);
#3713 = DIRECTION('',(0.,0.,1.));
#3714 = ORIENTED_EDGE('',*,*,#622,.F.);
#3715 = ORIENTED_EDGE('',*,*,#3652,.T.);
#3716 = ORIENTED_EDGE('',*,*,#3717,.F.);
#3717 = EDGE_CURVE('',#3708,#3653,#3718,.T.);
#3718 = LINE('',#3719,#3720);
#3719 = CARTESIAN_POINT('',(411.3,138.568176,126.01));
#3720 = VECTOR('',#3721,1.);
#3721 = DIRECTION('',(0.,-1.,0.));
#3722 = PLANE('',#3723);
#3723 = AXIS2_PLACEMENT_3D('',#3724,#3725,#3726);
#3724 = CARTESIAN_POINT('',(411.3,138.568176,125.31));
#3725 = DIRECTION('',(-1.,0.,0.));
#3726 = DIRECTION('',(0.,0.,1.));
#3727 = ADVANCED_FACE('',(#3728),#3739,.T.);
#3728 = FACE_BOUND('',#3729,.T.);
#3729 = EDGE_LOOP('',(#3730,#3731,#3732,#3733));
#3730 = ORIENTED_EDGE('',*,*,#3707,.F.);
#3731 = ORIENTED_EDGE('',*,*,#614,.F.);
#3732 = ORIENTED_EDGE('',*,*,#3683,.T.);
#3733 = ORIENTED_EDGE('',*,*,#3734,.T.);
#3734 = EDGE_CURVE('',#3684,#3708,#3735,.T.);
#3735 = LINE('',#3736,#3737);
#3736 = CARTESIAN_POINT('',(426.9,138.568176,126.01));
#3737 = VECTOR('',#3738,1.);
#3738 = DIRECTION('',(-1.,0.,0.));
#3739 = PLANE('',#3740);
#3740 = AXIS2_PLACEMENT_3D('',#3741,#3742,#3743);
#3741 = CARTESIAN_POINT('',(426.9,138.568176,125.31));
#3742 = DIRECTION('',(0.,-1.,0.));
#3743 = DIRECTION('',(0.,0.,1.));
#3744 = ADVANCED_FACE('',(#3745),#3756,.F.);
#3745 = FACE_BOUND('',#3746,.F.);
#3746 = EDGE_LOOP('',(#3747,#3753,#3754,#3755));
#3747 = ORIENTED_EDGE('',*,*,#3748,.T.);
#3748 = EDGE_CURVE('',#631,#2761,#3749,.T.);
#3749 = LINE('',#3750,#3751);
#3750 = CARTESIAN_POINT('',(429.6,140.5,74.51));
#3751 = VECTOR('',#3752,1.);
#3752 = DIRECTION('',(0.,0.,1.));
#3753 = ORIENTED_EDGE('',*,*,#2760,.T.);
#3754 = ORIENTED_EDGE('',*,*,#3748,.F.);
#3755 = ORIENTED_EDGE('',*,*,#630,.T.);
#3756 = CYLINDRICAL_SURFACE('',#3757,1.1);
#3757 = AXIS2_PLACEMENT_3D('',#3758,#3759,#3760);
#3758 = CARTESIAN_POINT('',(428.5,140.5,74.51));
#3759 = DIRECTION('',(0.,0.,1.));
#3760 = DIRECTION('',(-1.,0.,0.));
#3761 = ADVANCED_FACE('',(#3762),#3787,.F.);
#3762 = FACE_BOUND('',#3763,.F.);
#3763 = EDGE_LOOP('',(#3764,#3772,#3773,#3781));
#3764 = ORIENTED_EDGE('',*,*,#3765,.F.);
#3765 = EDGE_CURVE('',#644,#3766,#3768,.T.);
#3766 = VERTEX_POINT('',#3767);
#3767 = CARTESIAN_POINT('',(430.35,142.018176,126.01));
#3768 = LINE('',#3769,#3770);
#3769 = CARTESIAN_POINT('',(430.35,142.018176,125.31));
#3770 = VECTOR('',#3771,1.);
#3771 = DIRECTION('',(0.,0.,1.));
#3772 = ORIENTED_EDGE('',*,*,#641,.F.);
#3773 = ORIENTED_EDGE('',*,*,#3774,.T.);
#3774 = EDGE_CURVE('',#642,#3775,#3777,.T.);
#3775 = VERTEX_POINT('',#3776);
#3776 = CARTESIAN_POINT('',(445.95,142.018176,126.01));
#3777 = LINE('',#3778,#3779);
#3778 = CARTESIAN_POINT('',(445.95,142.018176,125.31));
#3779 = VECTOR('',#3780,1.);
#3780 = DIRECTION('',(0.,0.,1.));
#3781 = ORIENTED_EDGE('',*,*,#3782,.T.);
#3782 = EDGE_CURVE('',#3775,#3766,#3783,.T.);
#3783 = LINE('',#3784,#3785);
#3784 = CARTESIAN_POINT('',(445.95,142.018176,126.01));
#3785 = VECTOR('',#3786,1.);
#3786 = DIRECTION('',(-1.,0.,0.));
#3787 = PLANE('',#3788);
#3788 = AXIS2_PLACEMENT_3D('',#3789,#3790,#3791);
#3789 = CARTESIAN_POINT('',(445.95,142.018176,125.31));
#3790 = DIRECTION('',(0.,-1.,0.));
#3791 = DIRECTION('',(0.,0.,1.));
#3792 = ADVANCED_FACE('',(#3793),#3811,.T.);
#3793 = FACE_BOUND('',#3794,.T.);
#3794 = EDGE_LOOP('',(#3795,#3803,#3804,#3805));
#3795 = ORIENTED_EDGE('',*,*,#3796,.F.);
#3796 = EDGE_CURVE('',#652,#3797,#3799,.T.);
#3797 = VERTEX_POINT('',#3798);
#3798 = CARTESIAN_POINT('',(445.95,157.618176,126.01));
#3799 = LINE('',#3800,#3801);
#3800 = CARTESIAN_POINT('',(445.95,157.618176,125.31));
#3801 = VECTOR('',#3802,1.);
#3802 = DIRECTION('',(0.,0.,1.));
#3803 = ORIENTED_EDGE('',*,*,#651,.F.);
#3804 = ORIENTED_EDGE('',*,*,#3774,.T.);
#3805 = ORIENTED_EDGE('',*,*,#3806,.F.);
#3806 = EDGE_CURVE('',#3797,#3775,#3807,.T.);
#3807 = LINE('',#3808,#3809);
#3808 = CARTESIAN_POINT('',(445.95,157.618176,126.01));
#3809 = VECTOR('',#3810,1.);
#3810 = DIRECTION('',(0.,-1.,0.));
#3811 = PLANE('',#3812);
#3812 = AXIS2_PLACEMENT_3D('',#3813,#3814,#3815);
#3813 = CARTESIAN_POINT('',(445.95,157.618176,125.31));
#3814 = DIRECTION('',(-1.,0.,0.));
#3815 = DIRECTION('',(0.,0.,1.));
#3816 = ADVANCED_FACE('',(#3817),#3835,.F.);
#3817 = FACE_BOUND('',#3818,.F.);
#3818 = EDGE_LOOP('',(#3819,#3827,#3828,#3829));
#3819 = ORIENTED_EDGE('',*,*,#3820,.F.);
#3820 = EDGE_CURVE('',#660,#3821,#3823,.T.);
#3821 = VERTEX_POINT('',#3822);
#3822 = CARTESIAN_POINT('',(430.35,157.618176,126.01));
#3823 = LINE('',#3824,#3825);
#3824 = CARTESIAN_POINT('',(430.35,157.618176,125.31));
#3825 = VECTOR('',#3826,1.);
#3826 = DIRECTION('',(0.,0.,1.));
#3827 = ORIENTED_EDGE('',*,*,#667,.F.);
#3828 = ORIENTED_EDGE('',*,*,#3765,.T.);
#3829 = ORIENTED_EDGE('',*,*,#3830,.F.);
#3830 = EDGE_CURVE('',#3821,#3766,#3831,.T.);
#3831 = LINE('',#3832,#3833);
#3832 = CARTESIAN_POINT('',(430.35,157.618176,126.01));
#3833 = VECTOR('',#3834,1.);
#3834 = DIRECTION('',(0.,-1.,0.));
#3835 = PLANE('',#3836);
#3836 = AXIS2_PLACEMENT_3D('',#3837,#3838,#3839);
#3837 = CARTESIAN_POINT('',(430.35,157.618176,125.31));
#3838 = DIRECTION('',(-1.,0.,0.));
#3839 = DIRECTION('',(0.,0.,1.));
#3840 = ADVANCED_FACE('',(#3841),#3852,.T.);
#3841 = FACE_BOUND('',#3842,.T.);
#3842 = EDGE_LOOP('',(#3843,#3844,#3845,#3846));
#3843 = ORIENTED_EDGE('',*,*,#3820,.F.);
#3844 = ORIENTED_EDGE('',*,*,#659,.F.);
#3845 = ORIENTED_EDGE('',*,*,#3796,.T.);
#3846 = ORIENTED_EDGE('',*,*,#3847,.T.);
#3847 = EDGE_CURVE('',#3797,#3821,#3848,.T.);
#3848 = LINE('',#3849,#3850);
#3849 = CARTESIAN_POINT('',(445.95,157.618176,126.01));
#3850 = VECTOR('',#3851,1.);
#3851 = DIRECTION('',(-1.,0.,0.));
#3852 = PLANE('',#3853);
#3853 = AXIS2_PLACEMENT_3D('',#3854,#3855,#3856);
#3854 = CARTESIAN_POINT('',(445.95,157.618176,125.31));
#3855 = DIRECTION('',(0.,-1.,0.));
#3856 = DIRECTION('',(0.,0.,1.));
#3857 = ADVANCED_FACE('',(#3858),#3883,.F.);
#3858 = FACE_BOUND('',#3859,.F.);
#3859 = EDGE_LOOP('',(#3860,#3868,#3869,#3877));
#3860 = ORIENTED_EDGE('',*,*,#3861,.F.);
#3861 = EDGE_CURVE('',#678,#3862,#3864,.T.);
#3862 = VERTEX_POINT('',#3863);
#3863 = CARTESIAN_POINT('',(430.35,122.968176,126.01));
#3864 = LINE('',#3865,#3866);
#3865 = CARTESIAN_POINT('',(430.35,122.968176,125.31));
#3866 = VECTOR('',#3867,1.);
#3867 = DIRECTION('',(0.,0.,1.));
#3868 = ORIENTED_EDGE('',*,*,#675,.F.);
#3869 = ORIENTED_EDGE('',*,*,#3870,.T.);
#3870 = EDGE_CURVE('',#676,#3871,#3873,.T.);
#3871 = VERTEX_POINT('',#3872);
#3872 = CARTESIAN_POINT('',(445.95,122.968176,126.01));
#3873 = LINE('',#3874,#3875);
#3874 = CARTESIAN_POINT('',(445.95,122.968176,125.31));
#3875 = VECTOR('',#3876,1.);
#3876 = DIRECTION('',(0.,0.,1.));
#3877 = ORIENTED_EDGE('',*,*,#3878,.T.);
#3878 = EDGE_CURVE('',#3871,#3862,#3879,.T.);
#3879 = LINE('',#3880,#3881);
#3880 = CARTESIAN_POINT('',(445.95,122.968176,126.01));
#3881 = VECTOR('',#3882,1.);
#3882 = DIRECTION('',(-1.,0.,0.));
#3883 = PLANE('',#3884);
#3884 = AXIS2_PLACEMENT_3D('',#3885,#3886,#3887);
#3885 = CARTESIAN_POINT('',(445.95,122.968176,125.31));
#3886 = DIRECTION('',(0.,-1.,0.));
#3887 = DIRECTION('',(0.,0.,1.));
#3888 = ADVANCED_FACE('',(#3889),#3907,.T.);
#3889 = FACE_BOUND('',#3890,.T.);
#3890 = EDGE_LOOP('',(#3891,#3899,#3900,#3901));
#3891 = ORIENTED_EDGE('',*,*,#3892,.F.);
#3892 = EDGE_CURVE('',#686,#3893,#3895,.T.);
#3893 = VERTEX_POINT('',#3894);
#3894 = CARTESIAN_POINT('',(445.95,138.568176,126.01));
#3895 = LINE('',#3896,#3897);
#3896 = CARTESIAN_POINT('',(445.95,138.568176,125.31));
#3897 = VECTOR('',#3898,1.);
#3898 = DIRECTION('',(0.,0.,1.));
#3899 = ORIENTED_EDGE('',*,*,#685,.F.);
#3900 = ORIENTED_EDGE('',*,*,#3870,.T.);
#3901 = ORIENTED_EDGE('',*,*,#3902,.F.);
#3902 = EDGE_CURVE('',#3893,#3871,#3903,.T.);
#3903 = LINE('',#3904,#3905);
#3904 = CARTESIAN_POINT('',(445.95,138.568176,126.01));
#3905 = VECTOR('',#3906,1.);
#3906 = DIRECTION('',(0.,-1.,0.));
#3907 = PLANE('',#3908);
#3908 = AXIS2_PLACEMENT_3D('',#3909,#3910,#3911);
#3909 = CARTESIAN_POINT('',(445.95,138.568176,125.31));
#3910 = DIRECTION('',(-1.,0.,0.));
#3911 = DIRECTION('',(0.,0.,1.));
#3912 = ADVANCED_FACE('',(#3913),#3931,.F.);
#3913 = FACE_BOUND('',#3914,.F.);
#3914 = EDGE_LOOP('',(#3915,#3923,#3924,#3925));
#3915 = ORIENTED_EDGE('',*,*,#3916,.F.);
#3916 = EDGE_CURVE('',#694,#3917,#3919,.T.);
#3917 = VERTEX_POINT('',#3918);
#3918 = CARTESIAN_POINT('',(430.35,138.568176,126.01));
#3919 = LINE('',#3920,#3921);
#3920 = CARTESIAN_POINT('',(430.35,138.568176,125.31));
#3921 = VECTOR('',#3922,1.);
#3922 = DIRECTION('',(0.,0.,1.));
#3923 = ORIENTED_EDGE('',*,*,#701,.F.);
#3924 = ORIENTED_EDGE('',*,*,#3861,.T.);
#3925 = ORIENTED_EDGE('',*,*,#3926,.F.);
#3926 = EDGE_CURVE('',#3917,#3862,#3927,.T.);
#3927 = LINE('',#3928,#3929);
#3928 = CARTESIAN_POINT('',(430.35,138.568176,126.01));
#3929 = VECTOR('',#3930,1.);
#3930 = DIRECTION('',(0.,-1.,0.));
#3931 = PLANE('',#3932);
#3932 = AXIS2_PLACEMENT_3D('',#3933,#3934,#3935);
#3933 = CARTESIAN_POINT('',(430.35,138.568176,125.31));
#3934 = DIRECTION('',(-1.,0.,0.));
#3935 = DIRECTION('',(0.,0.,1.));
#3936 = ADVANCED_FACE('',(#3937),#3948,.T.);
#3937 = FACE_BOUND('',#3938,.T.);
#3938 = EDGE_LOOP('',(#3939,#3940,#3941,#3942));
#3939 = ORIENTED_EDGE('',*,*,#3916,.F.);
#3940 = ORIENTED_EDGE('',*,*,#693,.F.);
#3941 = ORIENTED_EDGE('',*,*,#3892,.T.);
#3942 = ORIENTED_EDGE('',*,*,#3943,.T.);
#3943 = EDGE_CURVE('',#3893,#3917,#3944,.T.);
#3944 = LINE('',#3945,#3946);
#3945 = CARTESIAN_POINT('',(445.95,138.568176,126.01));
#3946 = VECTOR('',#3947,1.);
#3947 = DIRECTION('',(-1.,0.,0.));
#3948 = PLANE('',#3949);
#3949 = AXIS2_PLACEMENT_3D('',#3950,#3951,#3952);
#3950 = CARTESIAN_POINT('',(445.95,138.568176,125.31));
#3951 = DIRECTION('',(0.,-1.,0.));
#3952 = DIRECTION('',(0.,0.,1.));
#3953 = ADVANCED_FACE('',(#3954),#3979,.F.);
#3954 = FACE_BOUND('',#3955,.F.);
#3955 = EDGE_LOOP('',(#3956,#3964,#3965,#3973));
#3956 = ORIENTED_EDGE('',*,*,#3957,.F.);
#3957 = EDGE_CURVE('',#712,#3958,#3960,.T.);
#3958 = VERTEX_POINT('',#3959);
#3959 = CARTESIAN_POINT('',(411.3,103.918176,126.01));
#3960 = LINE('',#3961,#3962);
#3961 = CARTESIAN_POINT('',(411.3,103.918176,125.31));
#3962 = VECTOR('',#3963,1.);
#3963 = DIRECTION('',(0.,0.,1.));
#3964 = ORIENTED_EDGE('',*,*,#709,.F.);
#3965 = ORIENTED_EDGE('',*,*,#3966,.T.);
#3966 = EDGE_CURVE('',#710,#3967,#3969,.T.);
#3967 = VERTEX_POINT('',#3968);
#3968 = CARTESIAN_POINT('',(426.9,103.918176,126.01));
#3969 = LINE('',#3970,#3971);
#3970 = CARTESIAN_POINT('',(426.9,103.918176,125.31));
#3971 = VECTOR('',#3972,1.);
#3972 = DIRECTION('',(0.,0.,1.));
#3973 = ORIENTED_EDGE('',*,*,#3974,.T.);
#3974 = EDGE_CURVE('',#3967,#3958,#3975,.T.);
#3975 = LINE('',#3976,#3977);
#3976 = CARTESIAN_POINT('',(426.9,103.918176,126.01));
#3977 = VECTOR('',#3978,1.);
#3978 = DIRECTION('',(-1.,0.,0.));
#3979 = PLANE('',#3980);
#3980 = AXIS2_PLACEMENT_3D('',#3981,#3982,#3983);
#3981 = CARTESIAN_POINT('',(426.9,103.918176,125.31));
#3982 = DIRECTION('',(0.,-1.,0.));
#3983 = DIRECTION('',(0.,0.,1.));
#3984 = ADVANCED_FACE('',(#3985),#4003,.T.);
#3985 = FACE_BOUND('',#3986,.T.);
#3986 = EDGE_LOOP('',(#3987,#3995,#3996,#3997));
#3987 = ORIENTED_EDGE('',*,*,#3988,.F.);
#3988 = EDGE_CURVE('',#720,#3989,#3991,.T.);
#3989 = VERTEX_POINT('',#3990);
#3990 = CARTESIAN_POINT('',(426.9,119.518176,126.01));
#3991 = LINE('',#3992,#3993);
#3992 = CARTESIAN_POINT('',(426.9,119.518176,125.31));
#3993 = VECTOR('',#3994,1.);
#3994 = DIRECTION('',(0.,0.,1.));
#3995 = ORIENTED_EDGE('',*,*,#719,.F.);
#3996 = ORIENTED_EDGE('',*,*,#3966,.T.);
#3997 = ORIENTED_EDGE('',*,*,#3998,.F.);
#3998 = EDGE_CURVE('',#3989,#3967,#3999,.T.);
#3999 = LINE('',#4000,#4001);
#4000 = CARTESIAN_POINT('',(426.9,119.518176,126.01));
#4001 = VECTOR('',#4002,1.);
#4002 = DIRECTION('',(0.,-1.,0.));
#4003 = PLANE('',#4004);
#4004 = AXIS2_PLACEMENT_3D('',#4005,#4006,#4007);
#4005 = CARTESIAN_POINT('',(426.9,119.518176,125.31));
#4006 = DIRECTION('',(-1.,0.,0.));
#4007 = DIRECTION('',(0.,0.,1.));
#4008 = ADVANCED_FACE('',(#4009),#4027,.F.);
#4009 = FACE_BOUND('',#4010,.F.);
#4010 = EDGE_LOOP('',(#4011,#4019,#4020,#4021));
#4011 = ORIENTED_EDGE('',*,*,#4012,.F.);
#4012 = EDGE_CURVE('',#728,#4013,#4015,.T.);
#4013 = VERTEX_POINT('',#4014);
#4014 = CARTESIAN_POINT('',(411.3,119.518176,126.01));
#4015 = LINE('',#4016,#4017);
#4016 = CARTESIAN_POINT('',(411.3,119.518176,125.31));
#4017 = VECTOR('',#4018,1.);
#4018 = DIRECTION('',(0.,0.,1.));
#4019 = ORIENTED_EDGE('',*,*,#735,.F.);
#4020 = ORIENTED_EDGE('',*,*,#3957,.T.);
#4021 = ORIENTED_EDGE('',*,*,#4022,.F.);
#4022 = EDGE_CURVE('',#4013,#3958,#4023,.T.);
#4023 = LINE('',#4024,#4025);
#4024 = CARTESIAN_POINT('',(411.3,119.518176,126.01));
#4025 = VECTOR('',#4026,1.);
#4026 = DIRECTION('',(0.,-1.,0.));
#4027 = PLANE('',#4028);
#4028 = AXIS2_PLACEMENT_3D('',#4029,#4030,#4031);
#4029 = CARTESIAN_POINT('',(411.3,119.518176,125.31));
#4030 = DIRECTION('',(-1.,0.,0.));
#4031 = DIRECTION('',(0.,0.,1.));
#4032 = ADVANCED_FACE('',(#4033),#4044,.T.);
#4033 = FACE_BOUND('',#4034,.T.);
#4034 = EDGE_LOOP('',(#4035,#4036,#4037,#4038));
#4035 = ORIENTED_EDGE('',*,*,#4012,.F.);
#4036 = ORIENTED_EDGE('',*,*,#727,.F.);
#4037 = ORIENTED_EDGE('',*,*,#3988,.T.);
#4038 = ORIENTED_EDGE('',*,*,#4039,.T.);
#4039 = EDGE_CURVE('',#3989,#4013,#4040,.T.);
#4040 = LINE('',#4041,#4042);
#4041 = CARTESIAN_POINT('',(426.9,119.518176,126.01));
#4042 = VECTOR('',#4043,1.);
#4043 = DIRECTION('',(-1.,0.,0.));
#4044 = PLANE('',#4045);
#4045 = AXIS2_PLACEMENT_3D('',#4046,#4047,#4048);
#4046 = CARTESIAN_POINT('',(426.9,119.518176,125.31));
#4047 = DIRECTION('',(0.,-1.,0.));
#4048 = DIRECTION('',(0.,0.,1.));
#4049 = ADVANCED_FACE('',(#4050),#4075,.F.);
#4050 = FACE_BOUND('',#4051,.F.);
#4051 = EDGE_LOOP('',(#4052,#4060,#4061,#4069));
#4052 = ORIENTED_EDGE('',*,*,#4053,.F.);
#4053 = EDGE_CURVE('',#746,#4054,#4056,.T.);
#4054 = VERTEX_POINT('',#4055);
#4055 = CARTESIAN_POINT('',(411.3,84.868176,126.01));
#4056 = LINE('',#4057,#4058);
#4057 = CARTESIAN_POINT('',(411.3,84.868176,125.31));
#4058 = VECTOR('',#4059,1.);
#4059 = DIRECTION('',(0.,0.,1.));
#4060 = ORIENTED_EDGE('',*,*,#743,.F.);
#4061 = ORIENTED_EDGE('',*,*,#4062,.T.);
#4062 = EDGE_CURVE('',#744,#4063,#4065,.T.);
#4063 = VERTEX_POINT('',#4064);
#4064 = CARTESIAN_POINT('',(426.9,84.868176,126.01));
#4065 = LINE('',#4066,#4067);
#4066 = CARTESIAN_POINT('',(426.9,84.868176,125.31));
#4067 = VECTOR('',#4068,1.);
#4068 = DIRECTION('',(0.,0.,1.));
#4069 = ORIENTED_EDGE('',*,*,#4070,.T.);
#4070 = EDGE_CURVE('',#4063,#4054,#4071,.T.);
#4071 = LINE('',#4072,#4073);
#4072 = CARTESIAN_POINT('',(426.9,84.868176,126.01));
#4073 = VECTOR('',#4074,1.);
#4074 = DIRECTION('',(-1.,0.,0.));
#4075 = PLANE('',#4076);
#4076 = AXIS2_PLACEMENT_3D('',#4077,#4078,#4079);
#4077 = CARTESIAN_POINT('',(426.9,84.868176,125.31));
#4078 = DIRECTION('',(0.,-1.,0.));
#4079 = DIRECTION('',(0.,0.,1.));
#4080 = ADVANCED_FACE('',(#4081),#4099,.T.);
#4081 = FACE_BOUND('',#4082,.T.);
#4082 = EDGE_LOOP('',(#4083,#4091,#4092,#4093));
#4083 = ORIENTED_EDGE('',*,*,#4084,.F.);
#4084 = EDGE_CURVE('',#754,#4085,#4087,.T.);
#4085 = VERTEX_POINT('',#4086);
#4086 = CARTESIAN_POINT('',(426.9,100.468176,126.01));
#4087 = LINE('',#4088,#4089);
#4088 = CARTESIAN_POINT('',(426.9,100.468176,125.31));
#4089 = VECTOR('',#4090,1.);
#4090 = DIRECTION('',(0.,0.,1.));
#4091 = ORIENTED_EDGE('',*,*,#753,.F.);
#4092 = ORIENTED_EDGE('',*,*,#4062,.T.);
#4093 = ORIENTED_EDGE('',*,*,#4094,.F.);
#4094 = EDGE_CURVE('',#4085,#4063,#4095,.T.);
#4095 = LINE('',#4096,#4097);
#4096 = CARTESIAN_POINT('',(426.9,100.468176,126.01));
#4097 = VECTOR('',#4098,1.);
#4098 = DIRECTION('',(0.,-1.,0.));
#4099 = PLANE('',#4100);
#4100 = AXIS2_PLACEMENT_3D('',#4101,#4102,#4103);
#4101 = CARTESIAN_POINT('',(426.9,100.468176,125.31));
#4102 = DIRECTION('',(-1.,0.,0.));
#4103 = DIRECTION('',(0.,0.,1.));
#4104 = ADVANCED_FACE('',(#4105),#4123,.F.);
#4105 = FACE_BOUND('',#4106,.F.);
#4106 = EDGE_LOOP('',(#4107,#4115,#4116,#4117));
#4107 = ORIENTED_EDGE('',*,*,#4108,.F.);
#4108 = EDGE_CURVE('',#762,#4109,#4111,.T.);
#4109 = VERTEX_POINT('',#4110);
#4110 = CARTESIAN_POINT('',(411.3,100.468176,126.01));
#4111 = LINE('',#4112,#4113);
#4112 = CARTESIAN_POINT('',(411.3,100.468176,125.31));
#4113 = VECTOR('',#4114,1.);
#4114 = DIRECTION('',(0.,0.,1.));
#4115 = ORIENTED_EDGE('',*,*,#769,.F.);
#4116 = ORIENTED_EDGE('',*,*,#4053,.T.);
#4117 = ORIENTED_EDGE('',*,*,#4118,.F.);
#4118 = EDGE_CURVE('',#4109,#4054,#4119,.T.);
#4119 = LINE('',#4120,#4121);
#4120 = CARTESIAN_POINT('',(411.3,100.468176,126.01));
#4121 = VECTOR('',#4122,1.);
#4122 = DIRECTION('',(0.,-1.,0.));
#4123 = PLANE('',#4124);
#4124 = AXIS2_PLACEMENT_3D('',#4125,#4126,#4127);
#4125 = CARTESIAN_POINT('',(411.3,100.468176,125.31));
#4126 = DIRECTION('',(-1.,0.,0.));
#4127 = DIRECTION('',(0.,0.,1.));
#4128 = ADVANCED_FACE('',(#4129),#4140,.T.);
#4129 = FACE_BOUND('',#4130,.T.);
#4130 = EDGE_LOOP('',(#4131,#4132,#4133,#4134));
#4131 = ORIENTED_EDGE('',*,*,#4108,.F.);
#4132 = ORIENTED_EDGE('',*,*,#761,.F.);
#4133 = ORIENTED_EDGE('',*,*,#4084,.T.);
#4134 = ORIENTED_EDGE('',*,*,#4135,.T.);
#4135 = EDGE_CURVE('',#4085,#4109,#4136,.T.);
#4136 = LINE('',#4137,#4138);
#4137 = CARTESIAN_POINT('',(426.9,100.468176,126.01));
#4138 = VECTOR('',#4139,1.);
#4139 = DIRECTION('',(-1.,0.,0.));
#4140 = PLANE('',#4141);
#4141 = AXIS2_PLACEMENT_3D('',#4142,#4143,#4144);
#4142 = CARTESIAN_POINT('',(426.9,100.468176,125.31));
#4143 = DIRECTION('',(0.,-1.,0.));
#4144 = DIRECTION('',(0.,0.,1.));
#4145 = ADVANCED_FACE('',(#4146),#4171,.F.);
#4146 = FACE_BOUND('',#4147,.F.);
#4147 = EDGE_LOOP('',(#4148,#4156,#4157,#4165));
#4148 = ORIENTED_EDGE('',*,*,#4149,.F.);
#4149 = EDGE_CURVE('',#780,#4150,#4152,.T.);
#4150 = VERTEX_POINT('',#4151);
#4151 = CARTESIAN_POINT('',(430.35,103.918176,126.01));
#4152 = LINE('',#4153,#4154);
#4153 = CARTESIAN_POINT('',(430.35,103.918176,125.31));
#4154 = VECTOR('',#4155,1.);
#4155 = DIRECTION('',(0.,0.,1.));
#4156 = ORIENTED_EDGE('',*,*,#777,.F.);
#4157 = ORIENTED_EDGE('',*,*,#4158,.T.);
#4158 = EDGE_CURVE('',#778,#4159,#4161,.T.);
#4159 = VERTEX_POINT('',#4160);
#4160 = CARTESIAN_POINT('',(445.95,103.918176,126.01));
#4161 = LINE('',#4162,#4163);
#4162 = CARTESIAN_POINT('',(445.95,103.918176,125.31));
#4163 = VECTOR('',#4164,1.);
#4164 = DIRECTION('',(0.,0.,1.));
#4165 = ORIENTED_EDGE('',*,*,#4166,.T.);
#4166 = EDGE_CURVE('',#4159,#4150,#4167,.T.);
#4167 = LINE('',#4168,#4169);
#4168 = CARTESIAN_POINT('',(445.95,103.918176,126.01));
#4169 = VECTOR('',#4170,1.);
#4170 = DIRECTION('',(-1.,0.,0.));
#4171 = PLANE('',#4172);
#4172 = AXIS2_PLACEMENT_3D('',#4173,#4174,#4175);
#4173 = CARTESIAN_POINT('',(445.95,103.918176,125.31));
#4174 = DIRECTION('',(0.,-1.,0.));
#4175 = DIRECTION('',(0.,0.,1.));
#4176 = ADVANCED_FACE('',(#4177),#4195,.T.);
#4177 = FACE_BOUND('',#4178,.T.);
#4178 = EDGE_LOOP('',(#4179,#4187,#4188,#4189));
#4179 = ORIENTED_EDGE('',*,*,#4180,.F.);
#4180 = EDGE_CURVE('',#788,#4181,#4183,.T.);
#4181 = VERTEX_POINT('',#4182);
#4182 = CARTESIAN_POINT('',(445.95,119.518176,126.01));
#4183 = LINE('',#4184,#4185);
#4184 = CARTESIAN_POINT('',(445.95,119.518176,125.31));
#4185 = VECTOR('',#4186,1.);
#4186 = DIRECTION('',(0.,0.,1.));
#4187 = ORIENTED_EDGE('',*,*,#787,.F.);
#4188 = ORIENTED_EDGE('',*,*,#4158,.T.);
#4189 = ORIENTED_EDGE('',*,*,#4190,.F.);
#4190 = EDGE_CURVE('',#4181,#4159,#4191,.T.);
#4191 = LINE('',#4192,#4193);
#4192 = CARTESIAN_POINT('',(445.95,119.518176,126.01));
#4193 = VECTOR('',#4194,1.);
#4194 = DIRECTION('',(0.,-1.,0.));
#4195 = PLANE('',#4196);
#4196 = AXIS2_PLACEMENT_3D('',#4197,#4198,#4199);
#4197 = CARTESIAN_POINT('',(445.95,119.518176,125.31));
#4198 = DIRECTION('',(-1.,0.,0.));
#4199 = DIRECTION('',(0.,0.,1.));
#4200 = ADVANCED_FACE('',(#4201),#4219,.F.);
#4201 = FACE_BOUND('',#4202,.F.);
#4202 = EDGE_LOOP('',(#4203,#4211,#4212,#4213));
#4203 = ORIENTED_EDGE('',*,*,#4204,.F.);
#4204 = EDGE_CURVE('',#796,#4205,#4207,.T.);
#4205 = VERTEX_POINT('',#4206);
#4206 = CARTESIAN_POINT('',(430.35,119.518176,126.01));
#4207 = LINE('',#4208,#4209);
#4208 = CARTESIAN_POINT('',(430.35,119.518176,125.31));
#4209 = VECTOR('',#4210,1.);
#4210 = DIRECTION('',(0.,0.,1.));
#4211 = ORIENTED_EDGE('',*,*,#803,.F.);
#4212 = ORIENTED_EDGE('',*,*,#4149,.T.);
#4213 = ORIENTED_EDGE('',*,*,#4214,.F.);
#4214 = EDGE_CURVE('',#4205,#4150,#4215,.T.);
#4215 = LINE('',#4216,#4217);
#4216 = CARTESIAN_POINT('',(430.35,119.518176,126.01));
#4217 = VECTOR('',#4218,1.);
#4218 = DIRECTION('',(0.,-1.,0.));
#4219 = PLANE('',#4220);
#4220 = AXIS2_PLACEMENT_3D('',#4221,#4222,#4223);
#4221 = CARTESIAN_POINT('',(430.35,119.518176,125.31));
#4222 = DIRECTION('',(-1.,0.,0.));
#4223 = DIRECTION('',(0.,0.,1.));
#4224 = ADVANCED_FACE('',(#4225),#4236,.T.);
#4225 = FACE_BOUND('',#4226,.T.);
#4226 = EDGE_LOOP('',(#4227,#4228,#4229,#4230));
#4227 = ORIENTED_EDGE('',*,*,#4204,.F.);
#4228 = ORIENTED_EDGE('',*,*,#795,.F.);
#4229 = ORIENTED_EDGE('',*,*,#4180,.T.);
#4230 = ORIENTED_EDGE('',*,*,#4231,.T.);
#4231 = EDGE_CURVE('',#4181,#4205,#4232,.T.);
#4232 = LINE('',#4233,#4234);
#4233 = CARTESIAN_POINT('',(445.95,119.518176,126.01));
#4234 = VECTOR('',#4235,1.);
#4235 = DIRECTION('',(-1.,0.,0.));
#4236 = PLANE('',#4237);
#4237 = AXIS2_PLACEMENT_3D('',#4238,#4239,#4240);
#4238 = CARTESIAN_POINT('',(445.95,119.518176,125.31));
#4239 = DIRECTION('',(0.,-1.,0.));
#4240 = DIRECTION('',(0.,0.,1.));
#4241 = ADVANCED_FACE('',(#4242),#4267,.F.);
#4242 = FACE_BOUND('',#4243,.F.);
#4243 = EDGE_LOOP('',(#4244,#4252,#4253,#4261));
#4244 = ORIENTED_EDGE('',*,*,#4245,.F.);
#4245 = EDGE_CURVE('',#814,#4246,#4248,.T.);
#4246 = VERTEX_POINT('',#4247);
#4247 = CARTESIAN_POINT('',(430.35,84.868176,126.01));
#4248 = LINE('',#4249,#4250);
#4249 = CARTESIAN_POINT('',(430.35,84.868176,125.31));
#4250 = VECTOR('',#4251,1.);
#4251 = DIRECTION('',(0.,0.,1.));
#4252 = ORIENTED_EDGE('',*,*,#811,.F.);
#4253 = ORIENTED_EDGE('',*,*,#4254,.T.);
#4254 = EDGE_CURVE('',#812,#4255,#4257,.T.);
#4255 = VERTEX_POINT('',#4256);
#4256 = CARTESIAN_POINT('',(445.95,84.868176,126.01));
#4257 = LINE('',#4258,#4259);
#4258 = CARTESIAN_POINT('',(445.95,84.868176,125.31));
#4259 = VECTOR('',#4260,1.);
#4260 = DIRECTION('',(0.,0.,1.));
#4261 = ORIENTED_EDGE('',*,*,#4262,.T.);
#4262 = EDGE_CURVE('',#4255,#4246,#4263,.T.);
#4263 = LINE('',#4264,#4265);
#4264 = CARTESIAN_POINT('',(445.95,84.868176,126.01));
#4265 = VECTOR('',#4266,1.);
#4266 = DIRECTION('',(-1.,0.,0.));
#4267 = PLANE('',#4268);
#4268 = AXIS2_PLACEMENT_3D('',#4269,#4270,#4271);
#4269 = CARTESIAN_POINT('',(445.95,84.868176,125.31));
#4270 = DIRECTION('',(0.,-1.,0.));
#4271 = DIRECTION('',(0.,0.,1.));
#4272 = ADVANCED_FACE('',(#4273),#4291,.T.);
#4273 = FACE_BOUND('',#4274,.T.);
#4274 = EDGE_LOOP('',(#4275,#4283,#4284,#4285));
#4275 = ORIENTED_EDGE('',*,*,#4276,.F.);
#4276 = EDGE_CURVE('',#822,#4277,#4279,.T.);
#4277 = VERTEX_POINT('',#4278);
#4278 = CARTESIAN_POINT('',(445.95,100.468176,126.01));
#4279 = LINE('',#4280,#4281);
#4280 = CARTESIAN_POINT('',(445.95,100.468176,125.31));
#4281 = VECTOR('',#4282,1.);
#4282 = DIRECTION('',(0.,0.,1.));
#4283 = ORIENTED_EDGE('',*,*,#821,.F.);
#4284 = ORIENTED_EDGE('',*,*,#4254,.T.);
#4285 = ORIENTED_EDGE('',*,*,#4286,.F.);
#4286 = EDGE_CURVE('',#4277,#4255,#4287,.T.);
#4287 = LINE('',#4288,#4289);
#4288 = CARTESIAN_POINT('',(445.95,100.468176,126.01));
#4289 = VECTOR('',#4290,1.);
#4290 = DIRECTION('',(0.,-1.,0.));
#4291 = PLANE('',#4292);
#4292 = AXIS2_PLACEMENT_3D('',#4293,#4294,#4295);
#4293 = CARTESIAN_POINT('',(445.95,100.468176,125.31));
#4294 = DIRECTION('',(-1.,0.,0.));
#4295 = DIRECTION('',(0.,0.,1.));
#4296 = ADVANCED_FACE('',(#4297),#4315,.F.);
#4297 = FACE_BOUND('',#4298,.F.);
#4298 = EDGE_LOOP('',(#4299,#4307,#4308,#4309));
#4299 = ORIENTED_EDGE('',*,*,#4300,.F.);
#4300 = EDGE_CURVE('',#830,#4301,#4303,.T.);
#4301 = VERTEX_POINT('',#4302);
#4302 = CARTESIAN_POINT('',(430.35,100.468176,126.01));
#4303 = LINE('',#4304,#4305);
#4304 = CARTESIAN_POINT('',(430.35,100.468176,125.31));
#4305 = VECTOR('',#4306,1.);
#4306 = DIRECTION('',(0.,0.,1.));
#4307 = ORIENTED_EDGE('',*,*,#837,.F.);
#4308 = ORIENTED_EDGE('',*,*,#4245,.T.);
#4309 = ORIENTED_EDGE('',*,*,#4310,.F.);
#4310 = EDGE_CURVE('',#4301,#4246,#4311,.T.);
#4311 = LINE('',#4312,#4313);
#4312 = CARTESIAN_POINT('',(430.35,100.468176,126.01));
#4313 = VECTOR('',#4314,1.);
#4314 = DIRECTION('',(0.,-1.,0.));
#4315 = PLANE('',#4316);
#4316 = AXIS2_PLACEMENT_3D('',#4317,#4318,#4319);
#4317 = CARTESIAN_POINT('',(430.35,100.468176,125.31));
#4318 = DIRECTION('',(-1.,0.,0.));
#4319 = DIRECTION('',(0.,0.,1.));
#4320 = ADVANCED_FACE('',(#4321),#4332,.T.);
#4321 = FACE_BOUND('',#4322,.T.);
#4322 = EDGE_LOOP('',(#4323,#4324,#4325,#4326));
#4323 = ORIENTED_EDGE('',*,*,#4300,.F.);
#4324 = ORIENTED_EDGE('',*,*,#829,.F.);
#4325 = ORIENTED_EDGE('',*,*,#4276,.T.);
#4326 = ORIENTED_EDGE('',*,*,#4327,.T.);
#4327 = EDGE_CURVE('',#4277,#4301,#4328,.T.);
#4328 = LINE('',#4329,#4330);
#4329 = CARTESIAN_POINT('',(445.95,100.468176,126.01));
#4330 = VECTOR('',#4331,1.);
#4331 = DIRECTION('',(-1.,0.,0.));
#4332 = PLANE('',#4333);
#4333 = AXIS2_PLACEMENT_3D('',#4334,#4335,#4336);
#4334 = CARTESIAN_POINT('',(445.95,100.468176,125.31));
#4335 = DIRECTION('',(0.,-1.,0.));
#4336 = DIRECTION('',(0.,0.,1.));
#4337 = ADVANCED_FACE('',(#4338),#4363,.F.);
#4338 = FACE_BOUND('',#4339,.F.);
#4339 = EDGE_LOOP('',(#4340,#4348,#4349,#4357));
#4340 = ORIENTED_EDGE('',*,*,#4341,.F.);
#4341 = EDGE_CURVE('',#848,#4342,#4344,.T.);
#4342 = VERTEX_POINT('',#4343);
#4343 = CARTESIAN_POINT('',(449.4,142.018176,126.01));
#4344 = LINE('',#4345,#4346);
#4345 = CARTESIAN_POINT('',(449.4,142.018176,125.31));
#4346 = VECTOR('',#4347,1.);
#4347 = DIRECTION('',(0.,0.,1.));
#4348 = ORIENTED_EDGE('',*,*,#845,.F.);
#4349 = ORIENTED_EDGE('',*,*,#4350,.T.);
#4350 = EDGE_CURVE('',#846,#4351,#4353,.T.);
#4351 = VERTEX_POINT('',#4352);
#4352 = CARTESIAN_POINT('',(465.,142.018176,126.01));
#4353 = LINE('',#4354,#4355);
#4354 = CARTESIAN_POINT('',(465.,142.018176,125.31));
#4355 = VECTOR('',#4356,1.);
#4356 = DIRECTION('',(0.,0.,1.));
#4357 = ORIENTED_EDGE('',*,*,#4358,.T.);
#4358 = EDGE_CURVE('',#4351,#4342,#4359,.T.);
#4359 = LINE('',#4360,#4361);
#4360 = CARTESIAN_POINT('',(465.,142.018176,126.01));
#4361 = VECTOR('',#4362,1.);
#4362 = DIRECTION('',(-1.,0.,0.));
#4363 = PLANE('',#4364);
#4364 = AXIS2_PLACEMENT_3D('',#4365,#4366,#4367);
#4365 = CARTESIAN_POINT('',(465.,142.018176,125.31));
#4366 = DIRECTION('',(0.,-1.,0.));
#4367 = DIRECTION('',(0.,0.,1.));
#4368 = ADVANCED_FACE('',(#4369),#4387,.T.);
#4369 = FACE_BOUND('',#4370,.T.);
#4370 = EDGE_LOOP('',(#4371,#4379,#4380,#4381));
#4371 = ORIENTED_EDGE('',*,*,#4372,.F.);
#4372 = EDGE_CURVE('',#856,#4373,#4375,.T.);
#4373 = VERTEX_POINT('',#4374);
#4374 = CARTESIAN_POINT('',(465.,157.618176,126.01));
#4375 = LINE('',#4376,#4377);
#4376 = CARTESIAN_POINT('',(465.,157.618176,125.31));
#4377 = VECTOR('',#4378,1.);
#4378 = DIRECTION('',(0.,0.,1.));
#4379 = ORIENTED_EDGE('',*,*,#855,.F.);
#4380 = ORIENTED_EDGE('',*,*,#4350,.T.);
#4381 = ORIENTED_EDGE('',*,*,#4382,.F.);
#4382 = EDGE_CURVE('',#4373,#4351,#4383,.T.);
#4383 = LINE('',#4384,#4385);
#4384 = CARTESIAN_POINT('',(465.,157.618176,126.01));
#4385 = VECTOR('',#4386,1.);
#4386 = DIRECTION('',(0.,-1.,0.));
#4387 = PLANE('',#4388);
#4388 = AXIS2_PLACEMENT_3D('',#4389,#4390,#4391);
#4389 = CARTESIAN_POINT('',(465.,157.618176,125.31));
#4390 = DIRECTION('',(-1.,0.,0.));
#4391 = DIRECTION('',(0.,0.,1.));
#4392 = ADVANCED_FACE('',(#4393),#4411,.F.);
#4393 = FACE_BOUND('',#4394,.F.);
#4394 = EDGE_LOOP('',(#4395,#4403,#4404,#4405));
#4395 = ORIENTED_EDGE('',*,*,#4396,.F.);
#4396 = EDGE_CURVE('',#864,#4397,#4399,.T.);
#4397 = VERTEX_POINT('',#4398);
#4398 = CARTESIAN_POINT('',(449.4,157.618176,126.01));
#4399 = LINE('',#4400,#4401);
#4400 = CARTESIAN_POINT('',(449.4,157.618176,125.31));
#4401 = VECTOR('',#4402,1.);
#4402 = DIRECTION('',(0.,0.,1.));
#4403 = ORIENTED_EDGE('',*,*,#871,.F.);
#4404 = ORIENTED_EDGE('',*,*,#4341,.T.);
#4405 = ORIENTED_EDGE('',*,*,#4406,.F.);
#4406 = EDGE_CURVE('',#4397,#4342,#4407,.T.);
#4407 = LINE('',#4408,#4409);
#4408 = CARTESIAN_POINT('',(449.4,157.618176,126.01));
#4409 = VECTOR('',#4410,1.);
#4410 = DIRECTION('',(0.,-1.,0.));
#4411 = PLANE('',#4412);
#4412 = AXIS2_PLACEMENT_3D('',#4413,#4414,#4415);
#4413 = CARTESIAN_POINT('',(449.4,157.618176,125.31));
#4414 = DIRECTION('',(-1.,0.,0.));
#4415 = DIRECTION('',(0.,0.,1.));
#4416 = ADVANCED_FACE('',(#4417),#4428,.T.);
#4417 = FACE_BOUND('',#4418,.T.);
#4418 = EDGE_LOOP('',(#4419,#4420,#4421,#4422));
#4419 = ORIENTED_EDGE('',*,*,#4396,.F.);
#4420 = ORIENTED_EDGE('',*,*,#863,.F.);
#4421 = ORIENTED_EDGE('',*,*,#4372,.T.);
#4422 = ORIENTED_EDGE('',*,*,#4423,.T.);
#4423 = EDGE_CURVE('',#4373,#4397,#4424,.T.);
#4424 = LINE('',#4425,#4426);
#4425 = CARTESIAN_POINT('',(465.,157.618176,126.01));
#4426 = VECTOR('',#4427,1.);
#4427 = DIRECTION('',(-1.,0.,0.));
#4428 = PLANE('',#4429);
#4429 = AXIS2_PLACEMENT_3D('',#4430,#4431,#4432);
#4430 = CARTESIAN_POINT('',(465.,157.618176,125.31));
#4431 = DIRECTION('',(0.,-1.,0.));
#4432 = DIRECTION('',(0.,0.,1.));
#4433 = ADVANCED_FACE('',(#4434),#4459,.F.);
#4434 = FACE_BOUND('',#4435,.F.);
#4435 = EDGE_LOOP('',(#4436,#4444,#4445,#4453));
#4436 = ORIENTED_EDGE('',*,*,#4437,.F.);
#4437 = EDGE_CURVE('',#882,#4438,#4440,.T.);
#4438 = VERTEX_POINT('',#4439);
#4439 = CARTESIAN_POINT('',(449.4,122.968176,126.01));
#4440 = LINE('',#4441,#4442);
#4441 = CARTESIAN_POINT('',(449.4,122.968176,125.31));
#4442 = VECTOR('',#4443,1.);
#4443 = DIRECTION('',(0.,0.,1.));
#4444 = ORIENTED_EDGE('',*,*,#879,.F.);
#4445 = ORIENTED_EDGE('',*,*,#4446,.T.);
#4446 = EDGE_CURVE('',#880,#4447,#4449,.T.);
#4447 = VERTEX_POINT('',#4448);
#4448 = CARTESIAN_POINT('',(465.,122.968176,126.01));
#4449 = LINE('',#4450,#4451);
#4450 = CARTESIAN_POINT('',(465.,122.968176,125.31));
#4451 = VECTOR('',#4452,1.);
#4452 = DIRECTION('',(0.,0.,1.));
#4453 = ORIENTED_EDGE('',*,*,#4454,.T.);
#4454 = EDGE_CURVE('',#4447,#4438,#4455,.T.);
#4455 = LINE('',#4456,#4457);
#4456 = CARTESIAN_POINT('',(465.,122.968176,126.01));
#4457 = VECTOR('',#4458,1.);
#4458 = DIRECTION('',(-1.,0.,0.));
#4459 = PLANE('',#4460);
#4460 = AXIS2_PLACEMENT_3D('',#4461,#4462,#4463);
#4461 = CARTESIAN_POINT('',(465.,122.968176,125.31));
#4462 = DIRECTION('',(0.,-1.,0.));
#4463 = DIRECTION('',(0.,0.,1.));
#4464 = ADVANCED_FACE('',(#4465),#4483,.T.);
#4465 = FACE_BOUND('',#4466,.T.);
#4466 = EDGE_LOOP('',(#4467,#4475,#4476,#4477));
#4467 = ORIENTED_EDGE('',*,*,#4468,.F.);
#4468 = EDGE_CURVE('',#890,#4469,#4471,.T.);
#4469 = VERTEX_POINT('',#4470);
#4470 = CARTESIAN_POINT('',(465.,138.568176,126.01));
#4471 = LINE('',#4472,#4473);
#4472 = CARTESIAN_POINT('',(465.,138.568176,125.31));
#4473 = VECTOR('',#4474,1.);
#4474 = DIRECTION('',(0.,0.,1.));
#4475 = ORIENTED_EDGE('',*,*,#889,.F.);
#4476 = ORIENTED_EDGE('',*,*,#4446,.T.);
#4477 = ORIENTED_EDGE('',*,*,#4478,.F.);
#4478 = EDGE_CURVE('',#4469,#4447,#4479,.T.);
#4479 = LINE('',#4480,#4481);
#4480 = CARTESIAN_POINT('',(465.,138.568176,126.01));
#4481 = VECTOR('',#4482,1.);
#4482 = DIRECTION('',(0.,-1.,0.));
#4483 = PLANE('',#4484);
#4484 = AXIS2_PLACEMENT_3D('',#4485,#4486,#4487);
#4485 = CARTESIAN_POINT('',(465.,138.568176,125.31));
#4486 = DIRECTION('',(-1.,0.,0.));
#4487 = DIRECTION('',(0.,0.,1.));
#4488 = ADVANCED_FACE('',(#4489),#4507,.F.);
#4489 = FACE_BOUND('',#4490,.F.);
#4490 = EDGE_LOOP('',(#4491,#4499,#4500,#4501));
#4491 = ORIENTED_EDGE('',*,*,#4492,.F.);
#4492 = EDGE_CURVE('',#898,#4493,#4495,.T.);
#4493 = VERTEX_POINT('',#4494);
#4494 = CARTESIAN_POINT('',(449.4,138.568176,126.01));
#4495 = LINE('',#4496,#4497);
#4496 = CARTESIAN_POINT('',(449.4,138.568176,125.31));
#4497 = VECTOR('',#4498,1.);
#4498 = DIRECTION('',(0.,0.,1.));
#4499 = ORIENTED_EDGE('',*,*,#905,.F.);
#4500 = ORIENTED_EDGE('',*,*,#4437,.T.);
#4501 = ORIENTED_EDGE('',*,*,#4502,.F.);
#4502 = EDGE_CURVE('',#4493,#4438,#4503,.T.);
#4503 = LINE('',#4504,#4505);
#4504 = CARTESIAN_POINT('',(449.4,138.568176,126.01));
#4505 = VECTOR('',#4506,1.);
#4506 = DIRECTION('',(0.,-1.,0.));
#4507 = PLANE('',#4508);
#4508 = AXIS2_PLACEMENT_3D('',#4509,#4510,#4511);
#4509 = CARTESIAN_POINT('',(449.4,138.568176,125.31));
#4510 = DIRECTION('',(-1.,0.,0.));
#4511 = DIRECTION('',(0.,0.,1.));
#4512 = ADVANCED_FACE('',(#4513),#4524,.T.);
#4513 = FACE_BOUND('',#4514,.T.);
#4514 = EDGE_LOOP('',(#4515,#4516,#4517,#4518));
#4515 = ORIENTED_EDGE('',*,*,#4492,.F.);
#4516 = ORIENTED_EDGE('',*,*,#897,.F.);
#4517 = ORIENTED_EDGE('',*,*,#4468,.T.);
#4518 = ORIENTED_EDGE('',*,*,#4519,.T.);
#4519 = EDGE_CURVE('',#4469,#4493,#4520,.T.);
#4520 = LINE('',#4521,#4522);
#4521 = CARTESIAN_POINT('',(465.,138.568176,126.01));
#4522 = VECTOR('',#4523,1.);
#4523 = DIRECTION('',(-1.,0.,0.));
#4524 = PLANE('',#4525);
#4525 = AXIS2_PLACEMENT_3D('',#4526,#4527,#4528);
#4526 = CARTESIAN_POINT('',(465.,138.568176,125.31));
#4527 = DIRECTION('',(0.,-1.,0.));
#4528 = DIRECTION('',(0.,0.,1.));
#4529 = ADVANCED_FACE('',(#4530),#4541,.F.);
#4530 = FACE_BOUND('',#4531,.F.);
#4531 = EDGE_LOOP('',(#4532,#4538,#4539,#4540));
#4532 = ORIENTED_EDGE('',*,*,#4533,.T.);
#4533 = EDGE_CURVE('',#914,#2750,#4534,.T.);
#4534 = LINE('',#4535,#4536);
#4535 = CARTESIAN_POINT('',(467.6,140.5,74.51));
#4536 = VECTOR('',#4537,1.);
#4537 = DIRECTION('',(0.,0.,1.));
#4538 = ORIENTED_EDGE('',*,*,#2749,.T.);
#4539 = ORIENTED_EDGE('',*,*,#4533,.F.);
#4540 = ORIENTED_EDGE('',*,*,#913,.T.);
#4541 = CYLINDRICAL_SURFACE('',#4542,1.1);
#4542 = AXIS2_PLACEMENT_3D('',#4543,#4544,#4545);
#4543 = CARTESIAN_POINT('',(466.5,140.5,74.51));
#4544 = DIRECTION('',(0.,0.,1.));
#4545 = DIRECTION('',(-1.,0.,0.));
#4546 = ADVANCED_FACE('',(#4547),#4572,.F.);
#4547 = FACE_BOUND('',#4548,.F.);
#4548 = EDGE_LOOP('',(#4549,#4557,#4558,#4566));
#4549 = ORIENTED_EDGE('',*,*,#4550,.F.);
#4550 = EDGE_CURVE('',#927,#4551,#4553,.T.);
#4551 = VERTEX_POINT('',#4552);
#4552 = CARTESIAN_POINT('',(468.45,142.018176,126.01));
#4553 = LINE('',#4554,#4555);
#4554 = CARTESIAN_POINT('',(468.45,142.018176,125.31));
#4555 = VECTOR('',#4556,1.);
#4556 = DIRECTION('',(0.,0.,1.));
#4557 = ORIENTED_EDGE('',*,*,#924,.F.);
#4558 = ORIENTED_EDGE('',*,*,#4559,.T.);
#4559 = EDGE_CURVE('',#925,#4560,#4562,.T.);
#4560 = VERTEX_POINT('',#4561);
#4561 = CARTESIAN_POINT('',(484.05,142.018176,126.01));
#4562 = LINE('',#4563,#4564);
#4563 = CARTESIAN_POINT('',(484.05,142.018176,125.31));
#4564 = VECTOR('',#4565,1.);
#4565 = DIRECTION('',(0.,0.,1.));
#4566 = ORIENTED_EDGE('',*,*,#4567,.T.);
#4567 = EDGE_CURVE('',#4560,#4551,#4568,.T.);
#4568 = LINE('',#4569,#4570);
#4569 = CARTESIAN_POINT('',(484.05,142.018176,126.01));
#4570 = VECTOR('',#4571,1.);
#4571 = DIRECTION('',(-1.,0.,0.));
#4572 = PLANE('',#4573);
#4573 = AXIS2_PLACEMENT_3D('',#4574,#4575,#4576);
#4574 = CARTESIAN_POINT('',(484.05,142.018176,125.31));
#4575 = DIRECTION('',(0.,-1.,0.));
#4576 = DIRECTION('',(0.,0.,1.));
#4577 = ADVANCED_FACE('',(#4578),#4596,.T.);
#4578 = FACE_BOUND('',#4579,.T.);
#4579 = EDGE_LOOP('',(#4580,#4588,#4589,#4590));
#4580 = ORIENTED_EDGE('',*,*,#4581,.F.);
#4581 = EDGE_CURVE('',#935,#4582,#4584,.T.);
#4582 = VERTEX_POINT('',#4583);
#4583 = CARTESIAN_POINT('',(484.05,157.618176,126.01));
#4584 = LINE('',#4585,#4586);
#4585 = CARTESIAN_POINT('',(484.05,157.618176,125.31));
#4586 = VECTOR('',#4587,1.);
#4587 = DIRECTION('',(0.,0.,1.));
#4588 = ORIENTED_EDGE('',*,*,#934,.F.);
#4589 = ORIENTED_EDGE('',*,*,#4559,.T.);
#4590 = ORIENTED_EDGE('',*,*,#4591,.F.);
#4591 = EDGE_CURVE('',#4582,#4560,#4592,.T.);
#4592 = LINE('',#4593,#4594);
#4593 = CARTESIAN_POINT('',(484.05,157.618176,126.01));
#4594 = VECTOR('',#4595,1.);
#4595 = DIRECTION('',(0.,-1.,0.));
#4596 = PLANE('',#4597);
#4597 = AXIS2_PLACEMENT_3D('',#4598,#4599,#4600);
#4598 = CARTESIAN_POINT('',(484.05,157.618176,125.31));
#4599 = DIRECTION('',(-1.,0.,0.));
#4600 = DIRECTION('',(0.,0.,1.));
#4601 = ADVANCED_FACE('',(#4602),#4620,.F.);
#4602 = FACE_BOUND('',#4603,.F.);
#4603 = EDGE_LOOP('',(#4604,#4612,#4613,#4614));
#4604 = ORIENTED_EDGE('',*,*,#4605,.F.);
#4605 = EDGE_CURVE('',#943,#4606,#4608,.T.);
#4606 = VERTEX_POINT('',#4607);
#4607 = CARTESIAN_POINT('',(468.45,157.618176,126.01));
#4608 = LINE('',#4609,#4610);
#4609 = CARTESIAN_POINT('',(468.45,157.618176,125.31));
#4610 = VECTOR('',#4611,1.);
#4611 = DIRECTION('',(0.,0.,1.));
#4612 = ORIENTED_EDGE('',*,*,#950,.F.);
#4613 = ORIENTED_EDGE('',*,*,#4550,.T.);
#4614 = ORIENTED_EDGE('',*,*,#4615,.F.);
#4615 = EDGE_CURVE('',#4606,#4551,#4616,.T.);
#4616 = LINE('',#4617,#4618);
#4617 = CARTESIAN_POINT('',(468.45,157.618176,126.01));
#4618 = VECTOR('',#4619,1.);
#4619 = DIRECTION('',(0.,-1.,0.));
#4620 = PLANE('',#4621);
#4621 = AXIS2_PLACEMENT_3D('',#4622,#4623,#4624);
#4622 = CARTESIAN_POINT('',(468.45,157.618176,125.31));
#4623 = DIRECTION('',(-1.,0.,0.));
#4624 = DIRECTION('',(0.,0.,1.));
#4625 = ADVANCED_FACE('',(#4626),#4637,.T.);
#4626 = FACE_BOUND('',#4627,.T.);
#4627 = EDGE_LOOP('',(#4628,#4629,#4630,#4631));
#4628 = ORIENTED_EDGE('',*,*,#4605,.F.);
#4629 = ORIENTED_EDGE('',*,*,#942,.F.);
#4630 = ORIENTED_EDGE('',*,*,#4581,.T.);
#4631 = ORIENTED_EDGE('',*,*,#4632,.T.);
#4632 = EDGE_CURVE('',#4582,#4606,#4633,.T.);
#4633 = LINE('',#4634,#4635);
#4634 = CARTESIAN_POINT('',(484.05,157.618176,126.01));
#4635 = VECTOR('',#4636,1.);
#4636 = DIRECTION('',(-1.,0.,0.));
#4637 = PLANE('',#4638);
#4638 = AXIS2_PLACEMENT_3D('',#4639,#4640,#4641);
#4639 = CARTESIAN_POINT('',(484.05,157.618176,125.31));
#4640 = DIRECTION('',(0.,-1.,0.));
#4641 = DIRECTION('',(0.,0.,1.));
#4642 = ADVANCED_FACE('',(#4643),#4668,.F.);
#4643 = FACE_BOUND('',#4644,.F.);
#4644 = EDGE_LOOP('',(#4645,#4653,#4654,#4662));
#4645 = ORIENTED_EDGE('',*,*,#4646,.F.);
#4646 = EDGE_CURVE('',#961,#4647,#4649,.T.);
#4647 = VERTEX_POINT('',#4648);
#4648 = CARTESIAN_POINT('',(468.45,122.968176,126.01));
#4649 = LINE('',#4650,#4651);
#4650 = CARTESIAN_POINT('',(468.45,122.968176,125.31));
#4651 = VECTOR('',#4652,1.);
#4652 = DIRECTION('',(0.,0.,1.));
#4653 = ORIENTED_EDGE('',*,*,#958,.F.);
#4654 = ORIENTED_EDGE('',*,*,#4655,.T.);
#4655 = EDGE_CURVE('',#959,#4656,#4658,.T.);
#4656 = VERTEX_POINT('',#4657);
#4657 = CARTESIAN_POINT('',(484.05,122.968176,126.01));
#4658 = LINE('',#4659,#4660);
#4659 = CARTESIAN_POINT('',(484.05,122.968176,125.31));
#4660 = VECTOR('',#4661,1.);
#4661 = DIRECTION('',(0.,0.,1.));
#4662 = ORIENTED_EDGE('',*,*,#4663,.T.);
#4663 = EDGE_CURVE('',#4656,#4647,#4664,.T.);
#4664 = LINE('',#4665,#4666);
#4665 = CARTESIAN_POINT('',(484.05,122.968176,126.01));
#4666 = VECTOR('',#4667,1.);
#4667 = DIRECTION('',(-1.,0.,0.));
#4668 = PLANE('',#4669);
#4669 = AXIS2_PLACEMENT_3D('',#4670,#4671,#4672);
#4670 = CARTESIAN_POINT('',(484.05,122.968176,125.31));
#4671 = DIRECTION('',(0.,-1.,0.));
#4672 = DIRECTION('',(0.,0.,1.));
#4673 = ADVANCED_FACE('',(#4674),#4692,.T.);
#4674 = FACE_BOUND('',#4675,.T.);
#4675 = EDGE_LOOP('',(#4676,#4684,#4685,#4686));
#4676 = ORIENTED_EDGE('',*,*,#4677,.F.);
#4677 = EDGE_CURVE('',#969,#4678,#4680,.T.);
#4678 = VERTEX_POINT('',#4679);
#4679 = CARTESIAN_POINT('',(484.05,138.568176,126.01));
#4680 = LINE('',#4681,#4682);
#4681 = CARTESIAN_POINT('',(484.05,138.568176,125.31));
#4682 = VECTOR('',#4683,1.);
#4683 = DIRECTION('',(0.,0.,1.));
#4684 = ORIENTED_EDGE('',*,*,#968,.F.);
#4685 = ORIENTED_EDGE('',*,*,#4655,.T.);
#4686 = ORIENTED_EDGE('',*,*,#4687,.F.);
#4687 = EDGE_CURVE('',#4678,#4656,#4688,.T.);
#4688 = LINE('',#4689,#4690);
#4689 = CARTESIAN_POINT('',(484.05,138.568176,126.01));
#4690 = VECTOR('',#4691,1.);
#4691 = DIRECTION('',(0.,-1.,0.));
#4692 = PLANE('',#4693);
#4693 = AXIS2_PLACEMENT_3D('',#4694,#4695,#4696);
#4694 = CARTESIAN_POINT('',(484.05,138.568176,125.31));
#4695 = DIRECTION('',(-1.,0.,0.));
#4696 = DIRECTION('',(0.,0.,1.));
#4697 = ADVANCED_FACE('',(#4698),#4716,.F.);
#4698 = FACE_BOUND('',#4699,.F.);
#4699 = EDGE_LOOP('',(#4700,#4708,#4709,#4710));
#4700 = ORIENTED_EDGE('',*,*,#4701,.F.);
#4701 = EDGE_CURVE('',#977,#4702,#4704,.T.);
#4702 = VERTEX_POINT('',#4703);
#4703 = CARTESIAN_POINT('',(468.45,138.568176,126.01));
#4704 = LINE('',#4705,#4706);
#4705 = CARTESIAN_POINT('',(468.45,138.568176,125.31));
#4706 = VECTOR('',#4707,1.);
#4707 = DIRECTION('',(0.,0.,1.));
#4708 = ORIENTED_EDGE('',*,*,#984,.F.);
#4709 = ORIENTED_EDGE('',*,*,#4646,.T.);
#4710 = ORIENTED_EDGE('',*,*,#4711,.F.);
#4711 = EDGE_CURVE('',#4702,#4647,#4712,.T.);
#4712 = LINE('',#4713,#4714);
#4713 = CARTESIAN_POINT('',(468.45,138.568176,126.01));
#4714 = VECTOR('',#4715,1.);
#4715 = DIRECTION('',(0.,-1.,0.));
#4716 = PLANE('',#4717);
#4717 = AXIS2_PLACEMENT_3D('',#4718,#4719,#4720);
#4718 = CARTESIAN_POINT('',(468.45,138.568176,125.31));
#4719 = DIRECTION('',(-1.,0.,0.));
#4720 = DIRECTION('',(0.,0.,1.));
#4721 = ADVANCED_FACE('',(#4722),#4733,.T.);
#4722 = FACE_BOUND('',#4723,.T.);
#4723 = EDGE_LOOP('',(#4724,#4725,#4726,#4727));
#4724 = ORIENTED_EDGE('',*,*,#4701,.F.);
#4725 = ORIENTED_EDGE('',*,*,#976,.F.);
#4726 = ORIENTED_EDGE('',*,*,#4677,.T.);
#4727 = ORIENTED_EDGE('',*,*,#4728,.T.);
#4728 = EDGE_CURVE('',#4678,#4702,#4729,.T.);
#4729 = LINE('',#4730,#4731);
#4730 = CARTESIAN_POINT('',(484.05,138.568176,126.01));
#4731 = VECTOR('',#4732,1.);
#4732 = DIRECTION('',(-1.,0.,0.));
#4733 = PLANE('',#4734);
#4734 = AXIS2_PLACEMENT_3D('',#4735,#4736,#4737);
#4735 = CARTESIAN_POINT('',(484.05,138.568176,125.31));
#4736 = DIRECTION('',(0.,-1.,0.));
#4737 = DIRECTION('',(0.,0.,1.));
#4738 = ADVANCED_FACE('',(#4739),#4764,.F.);
#4739 = FACE_BOUND('',#4740,.F.);
#4740 = EDGE_LOOP('',(#4741,#4749,#4750,#4758));
#4741 = ORIENTED_EDGE('',*,*,#4742,.F.);
#4742 = EDGE_CURVE('',#995,#4743,#4745,.T.);
#4743 = VERTEX_POINT('',#4744);
#4744 = CARTESIAN_POINT('',(449.4,103.918176,126.01));
#4745 = LINE('',#4746,#4747);
#4746 = CARTESIAN_POINT('',(449.4,103.918176,125.31));
#4747 = VECTOR('',#4748,1.);
#4748 = DIRECTION('',(0.,0.,1.));
#4749 = ORIENTED_EDGE('',*,*,#992,.F.);
#4750 = ORIENTED_EDGE('',*,*,#4751,.T.);
#4751 = EDGE_CURVE('',#993,#4752,#4754,.T.);
#4752 = VERTEX_POINT('',#4753);
#4753 = CARTESIAN_POINT('',(465.,103.918176,126.01));
#4754 = LINE('',#4755,#4756);
#4755 = CARTESIAN_POINT('',(465.,103.918176,125.31));
#4756 = VECTOR('',#4757,1.);
#4757 = DIRECTION('',(0.,0.,1.));
#4758 = ORIENTED_EDGE('',*,*,#4759,.T.);
#4759 = EDGE_CURVE('',#4752,#4743,#4760,.T.);
#4760 = LINE('',#4761,#4762);
#4761 = CARTESIAN_POINT('',(465.,103.918176,126.01));
#4762 = VECTOR('',#4763,1.);
#4763 = DIRECTION('',(-1.,0.,0.));
#4764 = PLANE('',#4765);
#4765 = AXIS2_PLACEMENT_3D('',#4766,#4767,#4768);
#4766 = CARTESIAN_POINT('',(465.,103.918176,125.31));
#4767 = DIRECTION('',(0.,-1.,0.));
#4768 = DIRECTION('',(0.,0.,1.));
#4769 = ADVANCED_FACE('',(#4770),#4788,.T.);
#4770 = FACE_BOUND('',#4771,.T.);
#4771 = EDGE_LOOP('',(#4772,#4780,#4781,#4782));
#4772 = ORIENTED_EDGE('',*,*,#4773,.F.);
#4773 = EDGE_CURVE('',#1003,#4774,#4776,.T.);
#4774 = VERTEX_POINT('',#4775);
#4775 = CARTESIAN_POINT('',(465.,119.518176,126.01));
#4776 = LINE('',#4777,#4778);
#4777 = CARTESIAN_POINT('',(465.,119.518176,125.31));
#4778 = VECTOR('',#4779,1.);
#4779 = DIRECTION('',(0.,0.,1.));
#4780 = ORIENTED_EDGE('',*,*,#1002,.F.);
#4781 = ORIENTED_EDGE('',*,*,#4751,.T.);
#4782 = ORIENTED_EDGE('',*,*,#4783,.F.);
#4783 = EDGE_CURVE('',#4774,#4752,#4784,.T.);
#4784 = LINE('',#4785,#4786);
#4785 = CARTESIAN_POINT('',(465.,119.518176,126.01));
#4786 = VECTOR('',#4787,1.);
#4787 = DIRECTION('',(0.,-1.,0.));
#4788 = PLANE('',#4789);
#4789 = AXIS2_PLACEMENT_3D('',#4790,#4791,#4792);
#4790 = CARTESIAN_POINT('',(465.,119.518176,125.31));
#4791 = DIRECTION('',(-1.,0.,0.));
#4792 = DIRECTION('',(0.,0.,1.));
#4793 = ADVANCED_FACE('',(#4794),#4812,.F.);
#4794 = FACE_BOUND('',#4795,.F.);
#4795 = EDGE_LOOP('',(#4796,#4804,#4805,#4806));
#4796 = ORIENTED_EDGE('',*,*,#4797,.F.);
#4797 = EDGE_CURVE('',#1011,#4798,#4800,.T.);
#4798 = VERTEX_POINT('',#4799);
#4799 = CARTESIAN_POINT('',(449.4,119.518176,126.01));
#4800 = LINE('',#4801,#4802);
#4801 = CARTESIAN_POINT('',(449.4,119.518176,125.31));
#4802 = VECTOR('',#4803,1.);
#4803 = DIRECTION('',(0.,0.,1.));
#4804 = ORIENTED_EDGE('',*,*,#1018,.F.);
#4805 = ORIENTED_EDGE('',*,*,#4742,.T.);
#4806 = ORIENTED_EDGE('',*,*,#4807,.F.);
#4807 = EDGE_CURVE('',#4798,#4743,#4808,.T.);
#4808 = LINE('',#4809,#4810);
#4809 = CARTESIAN_POINT('',(449.4,119.518176,126.01));
#4810 = VECTOR('',#4811,1.);
#4811 = DIRECTION('',(0.,-1.,0.));
#4812 = PLANE('',#4813);
#4813 = AXIS2_PLACEMENT_3D('',#4814,#4815,#4816);
#4814 = CARTESIAN_POINT('',(449.4,119.518176,125.31));
#4815 = DIRECTION('',(-1.,0.,0.));
#4816 = DIRECTION('',(0.,0.,1.));
#4817 = ADVANCED_FACE('',(#4818),#4829,.T.);
#4818 = FACE_BOUND('',#4819,.T.);
#4819 = EDGE_LOOP('',(#4820,#4821,#4822,#4823));
#4820 = ORIENTED_EDGE('',*,*,#4797,.F.);
#4821 = ORIENTED_EDGE('',*,*,#1010,.F.);
#4822 = ORIENTED_EDGE('',*,*,#4773,.T.);
#4823 = ORIENTED_EDGE('',*,*,#4824,.T.);
#4824 = EDGE_CURVE('',#4774,#4798,#4825,.T.);
#4825 = LINE('',#4826,#4827);
#4826 = CARTESIAN_POINT('',(465.,119.518176,126.01));
#4827 = VECTOR('',#4828,1.);
#4828 = DIRECTION('',(-1.,0.,0.));
#4829 = PLANE('',#4830);
#4830 = AXIS2_PLACEMENT_3D('',#4831,#4832,#4833);
#4831 = CARTESIAN_POINT('',(465.,119.518176,125.31));
#4832 = DIRECTION('',(0.,-1.,0.));
#4833 = DIRECTION('',(0.,0.,1.));
#4834 = ADVANCED_FACE('',(#4835),#4846,.F.);
#4835 = FACE_BOUND('',#4836,.F.);
#4836 = EDGE_LOOP('',(#4837,#4843,#4844,#4845));
#4837 = ORIENTED_EDGE('',*,*,#4838,.T.);
#4838 = EDGE_CURVE('',#1027,#2739,#4839,.T.);
#4839 = LINE('',#4840,#4841);
#4840 = CARTESIAN_POINT('',(448.6,102.,74.51));
#4841 = VECTOR('',#4842,1.);
#4842 = DIRECTION('',(0.,0.,1.));
#4843 = ORIENTED_EDGE('',*,*,#2738,.T.);
#4844 = ORIENTED_EDGE('',*,*,#4838,.F.);
#4845 = ORIENTED_EDGE('',*,*,#1026,.T.);
#4846 = CYLINDRICAL_SURFACE('',#4847,1.1);
#4847 = AXIS2_PLACEMENT_3D('',#4848,#4849,#4850);
#4848 = CARTESIAN_POINT('',(447.5,102.,74.51));
#4849 = DIRECTION('',(0.,0.,1.));
#4850 = DIRECTION('',(-1.,0.,0.));
#4851 = ADVANCED_FACE('',(#4852),#4877,.F.);
#4852 = FACE_BOUND('',#4853,.F.);
#4853 = EDGE_LOOP('',(#4854,#4862,#4863,#4871));
#4854 = ORIENTED_EDGE('',*,*,#4855,.F.);
#4855 = EDGE_CURVE('',#1040,#4856,#4858,.T.);
#4856 = VERTEX_POINT('',#4857);
#4857 = CARTESIAN_POINT('',(449.4,84.868176,126.01));
#4858 = LINE('',#4859,#4860);
#4859 = CARTESIAN_POINT('',(449.4,84.868176,125.31));
#4860 = VECTOR('',#4861,1.);
#4861 = DIRECTION('',(0.,0.,1.));
#4862 = ORIENTED_EDGE('',*,*,#1037,.F.);
#4863 = ORIENTED_EDGE('',*,*,#4864,.T.);
#4864 = EDGE_CURVE('',#1038,#4865,#4867,.T.);
#4865 = VERTEX_POINT('',#4866);
#4866 = CARTESIAN_POINT('',(465.,84.868176,126.01));
#4867 = LINE('',#4868,#4869);
#4868 = CARTESIAN_POINT('',(465.,84.868176,125.31));
#4869 = VECTOR('',#4870,1.);
#4870 = DIRECTION('',(0.,0.,1.));
#4871 = ORIENTED_EDGE('',*,*,#4872,.T.);
#4872 = EDGE_CURVE('',#4865,#4856,#4873,.T.);
#4873 = LINE('',#4874,#4875);
#4874 = CARTESIAN_POINT('',(465.,84.868176,126.01));
#4875 = VECTOR('',#4876,1.);
#4876 = DIRECTION('',(-1.,0.,0.));
#4877 = PLANE('',#4878);
#4878 = AXIS2_PLACEMENT_3D('',#4879,#4880,#4881);
#4879 = CARTESIAN_POINT('',(465.,84.868176,125.31));
#4880 = DIRECTION('',(0.,-1.,0.));
#4881 = DIRECTION('',(0.,0.,1.));
#4882 = ADVANCED_FACE('',(#4883),#4901,.T.);
#4883 = FACE_BOUND('',#4884,.T.);
#4884 = EDGE_LOOP('',(#4885,#4893,#4894,#4895));
#4885 = ORIENTED_EDGE('',*,*,#4886,.F.);
#4886 = EDGE_CURVE('',#1048,#4887,#4889,.T.);
#4887 = VERTEX_POINT('',#4888);
#4888 = CARTESIAN_POINT('',(465.,100.468176,126.01));
#4889 = LINE('',#4890,#4891);
#4890 = CARTESIAN_POINT('',(465.,100.468176,125.31));
#4891 = VECTOR('',#4892,1.);
#4892 = DIRECTION('',(0.,0.,1.));
#4893 = ORIENTED_EDGE('',*,*,#1047,.F.);
#4894 = ORIENTED_EDGE('',*,*,#4864,.T.);
#4895 = ORIENTED_EDGE('',*,*,#4896,.F.);
#4896 = EDGE_CURVE('',#4887,#4865,#4897,.T.);
#4897 = LINE('',#4898,#4899);
#4898 = CARTESIAN_POINT('',(465.,100.468176,126.01));
#4899 = VECTOR('',#4900,1.);
#4900 = DIRECTION('',(0.,-1.,0.));
#4901 = PLANE('',#4902);
#4902 = AXIS2_PLACEMENT_3D('',#4903,#4904,#4905);
#4903 = CARTESIAN_POINT('',(465.,100.468176,125.31));
#4904 = DIRECTION('',(-1.,0.,0.));
#4905 = DIRECTION('',(0.,0.,1.));
#4906 = ADVANCED_FACE('',(#4907),#4925,.F.);
#4907 = FACE_BOUND('',#4908,.F.);
#4908 = EDGE_LOOP('',(#4909,#4917,#4918,#4919));
#4909 = ORIENTED_EDGE('',*,*,#4910,.F.);
#4910 = EDGE_CURVE('',#1056,#4911,#4913,.T.);
#4911 = VERTEX_POINT('',#4912);
#4912 = CARTESIAN_POINT('',(449.4,100.468176,126.01));
#4913 = LINE('',#4914,#4915);
#4914 = CARTESIAN_POINT('',(449.4,100.468176,125.31));
#4915 = VECTOR('',#4916,1.);
#4916 = DIRECTION('',(0.,0.,1.));
#4917 = ORIENTED_EDGE('',*,*,#1063,.F.);
#4918 = ORIENTED_EDGE('',*,*,#4855,.T.);
#4919 = ORIENTED_EDGE('',*,*,#4920,.F.);
#4920 = EDGE_CURVE('',#4911,#4856,#4921,.T.);
#4921 = LINE('',#4922,#4923);
#4922 = CARTESIAN_POINT('',(449.4,100.468176,126.01));
#4923 = VECTOR('',#4924,1.);
#4924 = DIRECTION('',(0.,-1.,0.));
#4925 = PLANE('',#4926);
#4926 = AXIS2_PLACEMENT_3D('',#4927,#4928,#4929);
#4927 = CARTESIAN_POINT('',(449.4,100.468176,125.31));
#4928 = DIRECTION('',(-1.,0.,0.));
#4929 = DIRECTION('',(0.,0.,1.));
#4930 = ADVANCED_FACE('',(#4931),#4942,.T.);
#4931 = FACE_BOUND('',#4932,.T.);
#4932 = EDGE_LOOP('',(#4933,#4934,#4935,#4936));
#4933 = ORIENTED_EDGE('',*,*,#4910,.F.);
#4934 = ORIENTED_EDGE('',*,*,#1055,.F.);
#4935 = ORIENTED_EDGE('',*,*,#4886,.T.);
#4936 = ORIENTED_EDGE('',*,*,#4937,.T.);
#4937 = EDGE_CURVE('',#4887,#4911,#4938,.T.);
#4938 = LINE('',#4939,#4940);
#4939 = CARTESIAN_POINT('',(465.,100.468176,126.01));
#4940 = VECTOR('',#4941,1.);
#4941 = DIRECTION('',(-1.,0.,0.));
#4942 = PLANE('',#4943);
#4943 = AXIS2_PLACEMENT_3D('',#4944,#4945,#4946);
#4944 = CARTESIAN_POINT('',(465.,100.468176,125.31));
#4945 = DIRECTION('',(0.,-1.,0.));
#4946 = DIRECTION('',(0.,0.,1.));
#4947 = ADVANCED_FACE('',(#4948),#4973,.F.);
#4948 = FACE_BOUND('',#4949,.F.);
#4949 = EDGE_LOOP('',(#4950,#4958,#4959,#4967));
#4950 = ORIENTED_EDGE('',*,*,#4951,.F.);
#4951 = EDGE_CURVE('',#1074,#4952,#4954,.T.);
#4952 = VERTEX_POINT('',#4953);
#4953 = CARTESIAN_POINT('',(468.45,103.918176,126.01));
#4954 = LINE('',#4955,#4956);
#4955 = CARTESIAN_POINT('',(468.45,103.918176,125.31));
#4956 = VECTOR('',#4957,1.);
#4957 = DIRECTION('',(0.,0.,1.));
#4958 = ORIENTED_EDGE('',*,*,#1071,.F.);
#4959 = ORIENTED_EDGE('',*,*,#4960,.T.);
#4960 = EDGE_CURVE('',#1072,#4961,#4963,.T.);
#4961 = VERTEX_POINT('',#4962);
#4962 = CARTESIAN_POINT('',(484.05,103.918176,126.01));
#4963 = LINE('',#4964,#4965);
#4964 = CARTESIAN_POINT('',(484.05,103.918176,125.31));
#4965 = VECTOR('',#4966,1.);
#4966 = DIRECTION('',(0.,0.,1.));
#4967 = ORIENTED_EDGE('',*,*,#4968,.T.);
#4968 = EDGE_CURVE('',#4961,#4952,#4969,.T.);
#4969 = LINE('',#4970,#4971);
#4970 = CARTESIAN_POINT('',(484.05,103.918176,126.01));
#4971 = VECTOR('',#4972,1.);
#4972 = DIRECTION('',(-1.,0.,0.));
#4973 = PLANE('',#4974);
#4974 = AXIS2_PLACEMENT_3D('',#4975,#4976,#4977);
#4975 = CARTESIAN_POINT('',(484.05,103.918176,125.31));
#4976 = DIRECTION('',(0.,-1.,0.));
#4977 = DIRECTION('',(0.,0.,1.));
#4978 = ADVANCED_FACE('',(#4979),#4997,.T.);
#4979 = FACE_BOUND('',#4980,.T.);
#4980 = EDGE_LOOP('',(#4981,#4989,#4990,#4991));
#4981 = ORIENTED_EDGE('',*,*,#4982,.F.);
#4982 = EDGE_CURVE('',#1082,#4983,#4985,.T.);
#4983 = VERTEX_POINT('',#4984);
#4984 = CARTESIAN_POINT('',(484.05,119.518176,126.01));
#4985 = LINE('',#4986,#4987);
#4986 = CARTESIAN_POINT('',(484.05,119.518176,125.31));
#4987 = VECTOR('',#4988,1.);
#4988 = DIRECTION('',(0.,0.,1.));
#4989 = ORIENTED_EDGE('',*,*,#1081,.F.);
#4990 = ORIENTED_EDGE('',*,*,#4960,.T.);
#4991 = ORIENTED_EDGE('',*,*,#4992,.F.);
#4992 = EDGE_CURVE('',#4983,#4961,#4993,.T.);
#4993 = LINE('',#4994,#4995);
#4994 = CARTESIAN_POINT('',(484.05,119.518176,126.01));
#4995 = VECTOR('',#4996,1.);
#4996 = DIRECTION('',(0.,-1.,0.));
#4997 = PLANE('',#4998);
#4998 = AXIS2_PLACEMENT_3D('',#4999,#5000,#5001);
#4999 = CARTESIAN_POINT('',(484.05,119.518176,125.31));
#5000 = DIRECTION('',(-1.,0.,0.));
#5001 = DIRECTION('',(0.,0.,1.));
#5002 = ADVANCED_FACE('',(#5003),#5021,.F.);
#5003 = FACE_BOUND('',#5004,.F.);
#5004 = EDGE_LOOP('',(#5005,#5013,#5014,#5015));
#5005 = ORIENTED_EDGE('',*,*,#5006,.F.);
#5006 = EDGE_CURVE('',#1090,#5007,#5009,.T.);
#5007 = VERTEX_POINT('',#5008);
#5008 = CARTESIAN_POINT('',(468.45,119.518176,126.01));
#5009 = LINE('',#5010,#5011);
#5010 = CARTESIAN_POINT('',(468.45,119.518176,125.31));
#5011 = VECTOR('',#5012,1.);
#5012 = DIRECTION('',(0.,0.,1.));
#5013 = ORIENTED_EDGE('',*,*,#1097,.F.);
#5014 = ORIENTED_EDGE('',*,*,#4951,.T.);
#5015 = ORIENTED_EDGE('',*,*,#5016,.F.);
#5016 = EDGE_CURVE('',#5007,#4952,#5017,.T.);
#5017 = LINE('',#5018,#5019);
#5018 = CARTESIAN_POINT('',(468.45,119.518176,126.01));
#5019 = VECTOR('',#5020,1.);
#5020 = DIRECTION('',(0.,-1.,0.));
#5021 = PLANE('',#5022);
#5022 = AXIS2_PLACEMENT_3D('',#5023,#5024,#5025);
#5023 = CARTESIAN_POINT('',(468.45,119.518176,125.31));
#5024 = DIRECTION('',(-1.,0.,0.));
#5025 = DIRECTION('',(0.,0.,1.));
#5026 = ADVANCED_FACE('',(#5027),#5038,.T.);
#5027 = FACE_BOUND('',#5028,.T.);
#5028 = EDGE_LOOP('',(#5029,#5030,#5031,#5032));
#5029 = ORIENTED_EDGE('',*,*,#5006,.F.);
#5030 = ORIENTED_EDGE('',*,*,#1089,.F.);
#5031 = ORIENTED_EDGE('',*,*,#4982,.T.);
#5032 = ORIENTED_EDGE('',*,*,#5033,.T.);
#5033 = EDGE_CURVE('',#4983,#5007,#5034,.T.);
#5034 = LINE('',#5035,#5036);
#5035 = CARTESIAN_POINT('',(484.05,119.518176,126.01));
#5036 = VECTOR('',#5037,1.);
#5037 = DIRECTION('',(-1.,0.,0.));
#5038 = PLANE('',#5039);
#5039 = AXIS2_PLACEMENT_3D('',#5040,#5041,#5042);
#5040 = CARTESIAN_POINT('',(484.05,119.518176,125.31));
#5041 = DIRECTION('',(0.,-1.,0.));
#5042 = DIRECTION('',(0.,0.,1.));
#5043 = ADVANCED_FACE('',(#5044),#5069,.F.);
#5044 = FACE_BOUND('',#5045,.F.);
#5045 = EDGE_LOOP('',(#5046,#5054,#5055,#5063));
#5046 = ORIENTED_EDGE('',*,*,#5047,.F.);
#5047 = EDGE_CURVE('',#1108,#5048,#5050,.T.);
#5048 = VERTEX_POINT('',#5049);
#5049 = CARTESIAN_POINT('',(468.45,84.868176,126.01));
#5050 = LINE('',#5051,#5052);
#5051 = CARTESIAN_POINT('',(468.45,84.868176,125.31));
#5052 = VECTOR('',#5053,1.);
#5053 = DIRECTION('',(0.,0.,1.));
#5054 = ORIENTED_EDGE('',*,*,#1105,.F.);
#5055 = ORIENTED_EDGE('',*,*,#5056,.T.);
#5056 = EDGE_CURVE('',#1106,#5057,#5059,.T.);
#5057 = VERTEX_POINT('',#5058);
#5058 = CARTESIAN_POINT('',(484.05,84.868176,126.01));
#5059 = LINE('',#5060,#5061);
#5060 = CARTESIAN_POINT('',(484.05,84.868176,125.31));
#5061 = VECTOR('',#5062,1.);
#5062 = DIRECTION('',(0.,0.,1.));
#5063 = ORIENTED_EDGE('',*,*,#5064,.T.);
#5064 = EDGE_CURVE('',#5057,#5048,#5065,.T.);
#5065 = LINE('',#5066,#5067);
#5066 = CARTESIAN_POINT('',(484.05,84.868176,126.01));
#5067 = VECTOR('',#5068,1.);
#5068 = DIRECTION('',(-1.,0.,0.));
#5069 = PLANE('',#5070);
#5070 = AXIS2_PLACEMENT_3D('',#5071,#5072,#5073);
#5071 = CARTESIAN_POINT('',(484.05,84.868176,125.31));
#5072 = DIRECTION('',(0.,-1.,0.));
#5073 = DIRECTION('',(0.,0.,1.));
#5074 = ADVANCED_FACE('',(#5075),#5093,.T.);
#5075 = FACE_BOUND('',#5076,.T.);
#5076 = EDGE_LOOP('',(#5077,#5085,#5086,#5087));
#5077 = ORIENTED_EDGE('',*,*,#5078,.F.);
#5078 = EDGE_CURVE('',#1116,#5079,#5081,.T.);
#5079 = VERTEX_POINT('',#5080);
#5080 = CARTESIAN_POINT('',(484.05,100.468176,126.01));
#5081 = LINE('',#5082,#5083);
#5082 = CARTESIAN_POINT('',(484.05,100.468176,125.31));
#5083 = VECTOR('',#5084,1.);
#5084 = DIRECTION('',(0.,0.,1.));
#5085 = ORIENTED_EDGE('',*,*,#1115,.F.);
#5086 = ORIENTED_EDGE('',*,*,#5056,.T.);
#5087 = ORIENTED_EDGE('',*,*,#5088,.F.);
#5088 = EDGE_CURVE('',#5079,#5057,#5089,.T.);
#5089 = LINE('',#5090,#5091);
#5090 = CARTESIAN_POINT('',(484.05,100.468176,126.01));
#5091 = VECTOR('',#5092,1.);
#5092 = DIRECTION('',(0.,-1.,0.));
#5093 = PLANE('',#5094);
#5094 = AXIS2_PLACEMENT_3D('',#5095,#5096,#5097);
#5095 = CARTESIAN_POINT('',(484.05,100.468176,125.31));
#5096 = DIRECTION('',(-1.,0.,0.));
#5097 = DIRECTION('',(0.,0.,1.));
#5098 = ADVANCED_FACE('',(#5099),#5117,.F.);
#5099 = FACE_BOUND('',#5100,.F.);
#5100 = EDGE_LOOP('',(#5101,#5109,#5110,#5111));
#5101 = ORIENTED_EDGE('',*,*,#5102,.F.);
#5102 = EDGE_CURVE('',#1124,#5103,#5105,.T.);
#5103 = VERTEX_POINT('',#5104);
#5104 = CARTESIAN_POINT('',(468.45,100.468176,126.01));
#5105 = LINE('',#5106,#5107);
#5106 = CARTESIAN_POINT('',(468.45,100.468176,125.31));
#5107 = VECTOR('',#5108,1.);
#5108 = DIRECTION('',(0.,0.,1.));
#5109 = ORIENTED_EDGE('',*,*,#1131,.F.);
#5110 = ORIENTED_EDGE('',*,*,#5047,.T.);
#5111 = ORIENTED_EDGE('',*,*,#5112,.F.);
#5112 = EDGE_CURVE('',#5103,#5048,#5113,.T.);
#5113 = LINE('',#5114,#5115);
#5114 = CARTESIAN_POINT('',(468.45,100.468176,126.01));
#5115 = VECTOR('',#5116,1.);
#5116 = DIRECTION('',(0.,-1.,0.));
#5117 = PLANE('',#5118);
#5118 = AXIS2_PLACEMENT_3D('',#5119,#5120,#5121);
#5119 = CARTESIAN_POINT('',(468.45,100.468176,125.31));
#5120 = DIRECTION('',(-1.,0.,0.));
#5121 = DIRECTION('',(0.,0.,1.));
#5122 = ADVANCED_FACE('',(#5123),#5134,.T.);
#5123 = FACE_BOUND('',#5124,.T.);
#5124 = EDGE_LOOP('',(#5125,#5126,#5127,#5128));
#5125 = ORIENTED_EDGE('',*,*,#5102,.F.);
#5126 = ORIENTED_EDGE('',*,*,#1123,.F.);
#5127 = ORIENTED_EDGE('',*,*,#5078,.T.);
#5128 = ORIENTED_EDGE('',*,*,#5129,.T.);
#5129 = EDGE_CURVE('',#5079,#5103,#5130,.T.);
#5130 = LINE('',#5131,#5132);
#5131 = CARTESIAN_POINT('',(484.05,100.468176,126.01));
#5132 = VECTOR('',#5133,1.);
#5133 = DIRECTION('',(-1.,0.,0.));
#5134 = PLANE('',#5135);
#5135 = AXIS2_PLACEMENT_3D('',#5136,#5137,#5138);
#5136 = CARTESIAN_POINT('',(484.05,100.468176,125.31));
#5137 = DIRECTION('',(0.,-1.,0.));
#5138 = DIRECTION('',(0.,0.,1.));
#5139 = ADVANCED_FACE('',(#5140),#5165,.F.);
#5140 = FACE_BOUND('',#5141,.F.);
#5141 = EDGE_LOOP('',(#5142,#5143,#5151,#5159));
#5142 = ORIENTED_EDGE('',*,*,#1139,.F.);
#5143 = ORIENTED_EDGE('',*,*,#5144,.T.);
#5144 = EDGE_CURVE('',#1140,#5145,#5147,.T.);
#5145 = VERTEX_POINT('',#5146);
#5146 = CARTESIAN_POINT('',(436.425,80.433176,126.01));
#5147 = LINE('',#5148,#5149);
#5148 = CARTESIAN_POINT('',(436.425,80.433176,125.31));
#5149 = VECTOR('',#5150,1.);
#5150 = DIRECTION('',(0.,0.,1.));
#5151 = ORIENTED_EDGE('',*,*,#5152,.T.);
#5152 = EDGE_CURVE('',#5145,#5153,#5155,.T.);
#5153 = VERTEX_POINT('',#5154);
#5154 = CARTESIAN_POINT('',(444.7,80.433176,126.01));
#5155 = LINE('',#5156,#5157);
#5156 = CARTESIAN_POINT('',(218.575,80.433176,126.01));
#5157 = VECTOR('',#5158,1.);
#5158 = DIRECTION('',(1.,0.,0.));
#5159 = ORIENTED_EDGE('',*,*,#5160,.F.);
#5160 = EDGE_CURVE('',#1142,#5153,#5161,.T.);
#5161 = LINE('',#5162,#5163);
#5162 = CARTESIAN_POINT('',(444.7,80.433176,125.31));
#5163 = VECTOR('',#5164,1.);
#5164 = DIRECTION('',(0.,0.,1.));
#5165 = PLANE('',#5166);
#5166 = AXIS2_PLACEMENT_3D('',#5167,#5168,#5169);
#5167 = CARTESIAN_POINT('',(436.425,80.433176,125.31));
#5168 = DIRECTION('',(0.,1.,0.));
#5169 = DIRECTION('',(1.,0.,0.));
#5170 = ADVANCED_FACE('',(#5171),#5189,.T.);
#5171 = FACE_BOUND('',#5172,.T.);
#5172 = EDGE_LOOP('',(#5173,#5181,#5182,#5183));
#5173 = ORIENTED_EDGE('',*,*,#5174,.F.);
#5174 = EDGE_CURVE('',#1150,#5175,#5177,.T.);
#5175 = VERTEX_POINT('',#5176);
#5176 = CARTESIAN_POINT('',(436.425,81.418176,126.01));
#5177 = LINE('',#5178,#5179);
#5178 = CARTESIAN_POINT('',(436.425,81.418176,125.31));
#5179 = VECTOR('',#5180,1.);
#5180 = DIRECTION('',(0.,0.,1.));
#5181 = ORIENTED_EDGE('',*,*,#1149,.T.);
#5182 = ORIENTED_EDGE('',*,*,#5144,.T.);
#5183 = ORIENTED_EDGE('',*,*,#5184,.F.);
#5184 = EDGE_CURVE('',#5175,#5145,#5185,.T.);
#5185 = LINE('',#5186,#5187);
#5186 = CARTESIAN_POINT('',(436.425,81.418176,126.01));
#5187 = VECTOR('',#5188,1.);
#5188 = DIRECTION('',(0.,-1.,0.));
#5189 = PLANE('',#5190);
#5190 = AXIS2_PLACEMENT_3D('',#5191,#5192,#5193);
#5191 = CARTESIAN_POINT('',(436.425,81.418176,125.31));
#5192 = DIRECTION('',(-1.,0.,0.));
#5193 = DIRECTION('',(0.,0.,1.));
#5194 = ADVANCED_FACE('',(#5195),#5213,.F.);
#5195 = FACE_BOUND('',#5196,.F.);
#5196 = EDGE_LOOP('',(#5197,#5198,#5199,#5207));
#5197 = ORIENTED_EDGE('',*,*,#1357,.F.);
#5198 = ORIENTED_EDGE('',*,*,#5160,.T.);
#5199 = ORIENTED_EDGE('',*,*,#5200,.T.);
#5200 = EDGE_CURVE('',#5153,#5201,#5203,.T.);
#5201 = VERTEX_POINT('',#5202);
#5202 = CARTESIAN_POINT('',(444.7,77.203176,126.01));
#5203 = LINE('',#5204,#5205);
#5204 = CARTESIAN_POINT('',(444.7,39.816588,126.01));
#5205 = VECTOR('',#5206,1.);
#5206 = DIRECTION('',(0.,-1.,0.));
#5207 = ORIENTED_EDGE('',*,*,#5208,.F.);
#5208 = EDGE_CURVE('',#1350,#5201,#5209,.T.);
#5209 = LINE('',#5210,#5211);
#5210 = CARTESIAN_POINT('',(444.7,77.203176,125.31));
#5211 = VECTOR('',#5212,1.);
#5212 = DIRECTION('',(0.,0.,1.));
#5213 = PLANE('',#5214);
#5214 = AXIS2_PLACEMENT_3D('',#5215,#5216,#5217);
#5215 = CARTESIAN_POINT('',(444.7,80.433176,125.31));
#5216 = DIRECTION('',(1.,0.,0.));
#5217 = DIRECTION('',(0.,-1.,0.));
#5218 = ADVANCED_FACE('',(#5219),#5237,.T.);
#5219 = FACE_BOUND('',#5220,.T.);
#5220 = EDGE_LOOP('',(#5221,#5222,#5223,#5231));
#5221 = ORIENTED_EDGE('',*,*,#1157,.F.);
#5222 = ORIENTED_EDGE('',*,*,#5174,.T.);
#5223 = ORIENTED_EDGE('',*,*,#5224,.T.);
#5224 = EDGE_CURVE('',#5175,#5225,#5227,.T.);
#5225 = VERTEX_POINT('',#5226);
#5226 = CARTESIAN_POINT('',(420.825,81.418176,126.01));
#5227 = LINE('',#5228,#5229);
#5228 = CARTESIAN_POINT('',(436.425,81.418176,126.01));
#5229 = VECTOR('',#5230,1.);
#5230 = DIRECTION('',(-1.,0.,0.));
#5231 = ORIENTED_EDGE('',*,*,#5232,.F.);
#5232 = EDGE_CURVE('',#1158,#5225,#5233,.T.);
#5233 = LINE('',#5234,#5235);
#5234 = CARTESIAN_POINT('',(420.825,81.418176,125.31));
#5235 = VECTOR('',#5236,1.);
#5236 = DIRECTION('',(0.,0.,1.));
#5237 = PLANE('',#5238);
#5238 = AXIS2_PLACEMENT_3D('',#5239,#5240,#5241);
#5239 = CARTESIAN_POINT('',(436.425,81.418176,125.31));
#5240 = DIRECTION('',(0.,-1.,0.));
#5241 = DIRECTION('',(0.,0.,1.));
#5242 = ADVANCED_FACE('',(#5243),#5261,.F.);
#5243 = FACE_BOUND('',#5244,.F.);
#5244 = EDGE_LOOP('',(#5245,#5246,#5247,#5255));
#5245 = ORIENTED_EDGE('',*,*,#1349,.F.);
#5246 = ORIENTED_EDGE('',*,*,#5208,.T.);
#5247 = ORIENTED_EDGE('',*,*,#5248,.T.);
#5248 = EDGE_CURVE('',#5201,#5249,#5251,.T.);
#5249 = VERTEX_POINT('',#5250);
#5250 = CARTESIAN_POINT('',(445.525,77.203176,126.01));
#5251 = LINE('',#5252,#5253);
#5252 = CARTESIAN_POINT('',(221.95,77.203176,126.01));
#5253 = VECTOR('',#5254,1.);
#5254 = DIRECTION('',(1.,0.,0.));
#5255 = ORIENTED_EDGE('',*,*,#5256,.F.);
#5256 = EDGE_CURVE('',#1342,#5249,#5257,.T.);
#5257 = LINE('',#5258,#5259);
#5258 = CARTESIAN_POINT('',(445.525,77.203176,125.31));
#5259 = VECTOR('',#5260,1.);
#5260 = DIRECTION('',(0.,0.,1.));
#5261 = PLANE('',#5262);
#5262 = AXIS2_PLACEMENT_3D('',#5263,#5264,#5265);
#5263 = CARTESIAN_POINT('',(444.7,77.203176,125.31));
#5264 = DIRECTION('',(0.,1.,0.));
#5265 = DIRECTION('',(1.,0.,0.));
#5266 = ADVANCED_FACE('',(#5267),#5285,.F.);
#5267 = FACE_BOUND('',#5268,.F.);
#5268 = EDGE_LOOP('',(#5269,#5270,#5271,#5279));
#5269 = ORIENTED_EDGE('',*,*,#5232,.F.);
#5270 = ORIENTED_EDGE('',*,*,#1165,.F.);
#5271 = ORIENTED_EDGE('',*,*,#5272,.T.);
#5272 = EDGE_CURVE('',#1166,#5273,#5275,.T.);
#5273 = VERTEX_POINT('',#5274);
#5274 = CARTESIAN_POINT('',(420.825,80.433176,126.01));
#5275 = LINE('',#5276,#5277);
#5276 = CARTESIAN_POINT('',(420.825,80.433176,125.31));
#5277 = VECTOR('',#5278,1.);
#5278 = DIRECTION('',(0.,0.,1.));
#5279 = ORIENTED_EDGE('',*,*,#5280,.F.);
#5280 = EDGE_CURVE('',#5225,#5273,#5281,.T.);
#5281 = LINE('',#5282,#5283);
#5282 = CARTESIAN_POINT('',(420.825,81.418176,126.01));
#5283 = VECTOR('',#5284,1.);
#5284 = DIRECTION('',(0.,-1.,0.));
#5285 = PLANE('',#5286);
#5286 = AXIS2_PLACEMENT_3D('',#5287,#5288,#5289);
#5287 = CARTESIAN_POINT('',(420.825,81.418176,125.31));
#5288 = DIRECTION('',(-1.,0.,0.));
#5289 = DIRECTION('',(0.,0.,1.));
#5290 = ADVANCED_FACE('',(#5291),#5309,.F.);
#5291 = FACE_BOUND('',#5292,.F.);
#5292 = EDGE_LOOP('',(#5293,#5294,#5295,#5303));
#5293 = ORIENTED_EDGE('',*,*,#1341,.F.);
#5294 = ORIENTED_EDGE('',*,*,#5256,.T.);
#5295 = ORIENTED_EDGE('',*,*,#5296,.T.);
#5296 = EDGE_CURVE('',#5249,#5297,#5299,.T.);
#5297 = VERTEX_POINT('',#5298);
#5298 = CARTESIAN_POINT('',(445.525,72.818176,126.01));
#5299 = LINE('',#5300,#5301);
#5300 = CARTESIAN_POINT('',(445.525,38.201588,126.01));
#5301 = VECTOR('',#5302,1.);
#5302 = DIRECTION('',(0.,-1.,0.));
#5303 = ORIENTED_EDGE('',*,*,#5304,.F.);
#5304 = EDGE_CURVE('',#1334,#5297,#5305,.T.);
#5305 = LINE('',#5306,#5307);
#5306 = CARTESIAN_POINT('',(445.525,72.818176,125.31));
#5307 = VECTOR('',#5308,1.);
#5308 = DIRECTION('',(0.,0.,1.));
#5309 = PLANE('',#5310);
#5310 = AXIS2_PLACEMENT_3D('',#5311,#5312,#5313);
#5311 = CARTESIAN_POINT('',(445.525,77.203176,125.31));
#5312 = DIRECTION('',(1.,0.,0.));
#5313 = DIRECTION('',(0.,-1.,0.));
#5314 = ADVANCED_FACE('',(#5315),#5333,.F.);
#5315 = FACE_BOUND('',#5316,.F.);
#5316 = EDGE_LOOP('',(#5317,#5318,#5326,#5332));
#5317 = ORIENTED_EDGE('',*,*,#1173,.F.);
#5318 = ORIENTED_EDGE('',*,*,#5319,.T.);
#5319 = EDGE_CURVE('',#1174,#5320,#5322,.T.);
#5320 = VERTEX_POINT('',#5321);
#5321 = CARTESIAN_POINT('',(412.55,80.433176,126.01));
#5322 = LINE('',#5323,#5324);
#5323 = CARTESIAN_POINT('',(412.55,80.433176,125.31));
#5324 = VECTOR('',#5325,1.);
#5325 = DIRECTION('',(0.,0.,1.));
#5326 = ORIENTED_EDGE('',*,*,#5327,.T.);
#5327 = EDGE_CURVE('',#5320,#5273,#5328,.T.);
#5328 = LINE('',#5329,#5330);
#5329 = CARTESIAN_POINT('',(206.675,80.433176,126.01));
#5330 = VECTOR('',#5331,1.);
#5331 = DIRECTION('',(1.,0.,0.));
#5332 = ORIENTED_EDGE('',*,*,#5272,.F.);
#5333 = PLANE('',#5334);
#5334 = AXIS2_PLACEMENT_3D('',#5335,#5336,#5337);
#5335 = CARTESIAN_POINT('',(412.55,80.433176,125.31));
#5336 = DIRECTION('',(0.,1.,0.));
#5337 = DIRECTION('',(1.,0.,0.));
#5338 = ADVANCED_FACE('',(#5339),#5357,.F.);
#5339 = FACE_BOUND('',#5340,.F.);
#5340 = EDGE_LOOP('',(#5341,#5342,#5343,#5351));
#5341 = ORIENTED_EDGE('',*,*,#1333,.F.);
#5342 = ORIENTED_EDGE('',*,*,#5304,.T.);
#5343 = ORIENTED_EDGE('',*,*,#5344,.T.);
#5344 = EDGE_CURVE('',#5297,#5345,#5347,.T.);
#5345 = VERTEX_POINT('',#5346);
#5346 = CARTESIAN_POINT('',(444.7,72.818176,126.01));
#5347 = LINE('',#5348,#5349);
#5348 = CARTESIAN_POINT('',(222.3625,72.818176,126.01));
#5349 = VECTOR('',#5350,1.);
#5350 = DIRECTION('',(-1.,0.,0.));
#5351 = ORIENTED_EDGE('',*,*,#5352,.F.);
#5352 = EDGE_CURVE('',#1326,#5345,#5353,.T.);
#5353 = LINE('',#5354,#5355);
#5354 = CARTESIAN_POINT('',(444.7,72.818176,125.31));
#5355 = VECTOR('',#5356,1.);
#5356 = DIRECTION('',(0.,0.,1.));
#5357 = PLANE('',#5358);
#5358 = AXIS2_PLACEMENT_3D('',#5359,#5360,#5361);
#5359 = CARTESIAN_POINT('',(445.525,72.818176,125.31));
#5360 = DIRECTION('',(0.,-1.,0.));
#5361 = DIRECTION('',(-1.,0.,0.));
#5362 = ADVANCED_FACE('',(#5363),#5381,.F.);
#5363 = FACE_BOUND('',#5364,.F.);
#5364 = EDGE_LOOP('',(#5365,#5366,#5374,#5380));
#5365 = ORIENTED_EDGE('',*,*,#1181,.F.);
#5366 = ORIENTED_EDGE('',*,*,#5367,.T.);
#5367 = EDGE_CURVE('',#1182,#5368,#5370,.T.);
#5368 = VERTEX_POINT('',#5369);
#5369 = CARTESIAN_POINT('',(412.55,77.203176,126.01));
#5370 = LINE('',#5371,#5372);
#5371 = CARTESIAN_POINT('',(412.55,77.203176,125.31));
#5372 = VECTOR('',#5373,1.);
#5373 = DIRECTION('',(0.,0.,1.));
#5374 = ORIENTED_EDGE('',*,*,#5375,.T.);
#5375 = EDGE_CURVE('',#5368,#5320,#5376,.T.);
#5376 = LINE('',#5377,#5378);
#5377 = CARTESIAN_POINT('',(412.55,38.201588,126.01));
#5378 = VECTOR('',#5379,1.);
#5379 = DIRECTION('',(0.,1.,0.));
#5380 = ORIENTED_EDGE('',*,*,#5319,.F.);
#5381 = PLANE('',#5382);
#5382 = AXIS2_PLACEMENT_3D('',#5383,#5384,#5385);
#5383 = CARTESIAN_POINT('',(412.55,77.203176,125.31));
#5384 = DIRECTION('',(-1.,0.,0.));
#5385 = DIRECTION('',(0.,1.,0.));
#5386 = ADVANCED_FACE('',(#5387),#5405,.F.);
#5387 = FACE_BOUND('',#5388,.F.);
#5388 = EDGE_LOOP('',(#5389,#5390,#5391,#5399));
#5389 = ORIENTED_EDGE('',*,*,#1325,.F.);
#5390 = ORIENTED_EDGE('',*,*,#5352,.T.);
#5391 = ORIENTED_EDGE('',*,*,#5392,.T.);
#5392 = EDGE_CURVE('',#5345,#5393,#5395,.T.);
#5393 = VERTEX_POINT('',#5394);
#5394 = CARTESIAN_POINT('',(444.7,66.533176,126.01));
#5395 = LINE('',#5396,#5397);
#5396 = CARTESIAN_POINT('',(444.7,36.809088,126.01));
#5397 = VECTOR('',#5398,1.);
#5398 = DIRECTION('',(0.,-1.,0.));
#5399 = ORIENTED_EDGE('',*,*,#5400,.F.);
#5400 = EDGE_CURVE('',#1318,#5393,#5401,.T.);
#5401 = LINE('',#5402,#5403);
#5402 = CARTESIAN_POINT('',(444.7,66.533176,125.31));
#5403 = VECTOR('',#5404,1.);
#5404 = DIRECTION('',(0.,0.,1.));
#5405 = PLANE('',#5406);
#5406 = AXIS2_PLACEMENT_3D('',#5407,#5408,#5409);
#5407 = CARTESIAN_POINT('',(444.7,72.818176,125.31));
#5408 = DIRECTION('',(1.,0.,0.));
#5409 = DIRECTION('',(0.,-1.,0.));
#5410 = ADVANCED_FACE('',(#5411),#5429,.F.);
#5411 = FACE_BOUND('',#5412,.F.);
#5412 = EDGE_LOOP('',(#5413,#5414,#5422,#5428));
#5413 = ORIENTED_EDGE('',*,*,#1189,.F.);
#5414 = ORIENTED_EDGE('',*,*,#5415,.T.);
#5415 = EDGE_CURVE('',#1190,#5416,#5418,.T.);
#5416 = VERTEX_POINT('',#5417);
#5417 = CARTESIAN_POINT('',(411.725,77.203176,126.01));
#5418 = LINE('',#5419,#5420);
#5419 = CARTESIAN_POINT('',(411.725,77.203176,125.31));
#5420 = VECTOR('',#5421,1.);
#5421 = DIRECTION('',(0.,0.,1.));
#5422 = ORIENTED_EDGE('',*,*,#5423,.T.);
#5423 = EDGE_CURVE('',#5416,#5368,#5424,.T.);
#5424 = LINE('',#5425,#5426);
#5425 = CARTESIAN_POINT('',(206.2625,77.203176,126.01));
#5426 = VECTOR('',#5427,1.);
#5427 = DIRECTION('',(1.,0.,0.));
#5428 = ORIENTED_EDGE('',*,*,#5367,.F.);
#5429 = PLANE('',#5430);
#5430 = AXIS2_PLACEMENT_3D('',#5431,#5432,#5433);
#5431 = CARTESIAN_POINT('',(411.725,77.203176,125.31));
#5432 = DIRECTION('',(0.,1.,0.));
#5433 = DIRECTION('',(1.,0.,0.));
#5434 = ADVANCED_FACE('',(#5435),#5453,.F.);
#5435 = FACE_BOUND('',#5436,.F.);
#5436 = EDGE_LOOP('',(#5437,#5438,#5439,#5447));
#5437 = ORIENTED_EDGE('',*,*,#1317,.F.);
#5438 = ORIENTED_EDGE('',*,*,#5400,.T.);
#5439 = ORIENTED_EDGE('',*,*,#5440,.T.);
#5440 = EDGE_CURVE('',#5393,#5441,#5443,.T.);
#5441 = VERTEX_POINT('',#5442);
#5442 = CARTESIAN_POINT('',(442.975,66.533176,126.01));
#5443 = LINE('',#5444,#5445);
#5444 = CARTESIAN_POINT('',(221.95,66.533176,126.01));
#5445 = VECTOR('',#5446,1.);
#5446 = DIRECTION('',(-1.,0.,0.));
#5447 = ORIENTED_EDGE('',*,*,#5448,.F.);
#5448 = EDGE_CURVE('',#1310,#5441,#5449,.T.);
#5449 = LINE('',#5450,#5451);
#5450 = CARTESIAN_POINT('',(442.975,66.533176,125.31));
#5451 = VECTOR('',#5452,1.);
#5452 = DIRECTION('',(0.,0.,1.));
#5453 = PLANE('',#5454);
#5454 = AXIS2_PLACEMENT_3D('',#5455,#5456,#5457);
#5455 = CARTESIAN_POINT('',(444.7,66.533176,125.31));
#5456 = DIRECTION('',(0.,-1.,0.));
#5457 = DIRECTION('',(-1.,0.,0.));
#5458 = ADVANCED_FACE('',(#5459),#5477,.F.);
#5459 = FACE_BOUND('',#5460,.F.);
#5460 = EDGE_LOOP('',(#5461,#5462,#5470,#5476));
#5461 = ORIENTED_EDGE('',*,*,#1197,.F.);
#5462 = ORIENTED_EDGE('',*,*,#5463,.T.);
#5463 = EDGE_CURVE('',#1198,#5464,#5466,.T.);
#5464 = VERTEX_POINT('',#5465);
#5465 = CARTESIAN_POINT('',(411.725,72.818176,126.01));
#5466 = LINE('',#5467,#5468);
#5467 = CARTESIAN_POINT('',(411.725,72.818176,125.31));
#5468 = VECTOR('',#5469,1.);
#5469 = DIRECTION('',(0.,0.,1.));
#5470 = ORIENTED_EDGE('',*,*,#5471,.T.);
#5471 = EDGE_CURVE('',#5464,#5416,#5472,.T.);
#5472 = LINE('',#5473,#5474);
#5473 = CARTESIAN_POINT('',(411.725,36.809088,126.01));
#5474 = VECTOR('',#5475,1.);
#5475 = DIRECTION('',(0.,1.,0.));
#5476 = ORIENTED_EDGE('',*,*,#5415,.F.);
#5477 = PLANE('',#5478);
#5478 = AXIS2_PLACEMENT_3D('',#5479,#5480,#5481);
#5479 = CARTESIAN_POINT('',(411.725,72.818176,125.31));
#5480 = DIRECTION('',(-1.,0.,0.));
#5481 = DIRECTION('',(0.,1.,0.));
#5482 = ADVANCED_FACE('',(#5483),#5501,.F.);
#5483 = FACE_BOUND('',#5484,.F.);
#5484 = EDGE_LOOP('',(#5485,#5486,#5487,#5495));
#5485 = ORIENTED_EDGE('',*,*,#1309,.F.);
#5486 = ORIENTED_EDGE('',*,*,#5448,.T.);
#5487 = ORIENTED_EDGE('',*,*,#5488,.T.);
#5488 = EDGE_CURVE('',#5441,#5489,#5491,.T.);
#5489 = VERTEX_POINT('',#5490);
#5490 = CARTESIAN_POINT('',(442.975,65.333176,126.01));
#5491 = LINE('',#5492,#5493);
#5492 = CARTESIAN_POINT('',(442.975,33.666588,126.01));
#5493 = VECTOR('',#5494,1.);
#5494 = DIRECTION('',(0.,-1.,0.));
#5495 = ORIENTED_EDGE('',*,*,#5496,.F.);
#5496 = EDGE_CURVE('',#1302,#5489,#5497,.T.);
#5497 = LINE('',#5498,#5499);
#5498 = CARTESIAN_POINT('',(442.975,65.333176,125.31));
#5499 = VECTOR('',#5500,1.);
#5500 = DIRECTION('',(0.,0.,1.));
#5501 = PLANE('',#5502);
#5502 = AXIS2_PLACEMENT_3D('',#5503,#5504,#5505);
#5503 = CARTESIAN_POINT('',(442.975,66.533176,125.31));
#5504 = DIRECTION('',(1.,0.,0.));
#5505 = DIRECTION('',(0.,-1.,0.));
#5506 = ADVANCED_FACE('',(#5507),#5525,.F.);
#5507 = FACE_BOUND('',#5508,.F.);
#5508 = EDGE_LOOP('',(#5509,#5510,#5518,#5524));
#5509 = ORIENTED_EDGE('',*,*,#1205,.F.);
#5510 = ORIENTED_EDGE('',*,*,#5511,.T.);
#5511 = EDGE_CURVE('',#1206,#5512,#5514,.T.);
#5512 = VERTEX_POINT('',#5513);
#5513 = CARTESIAN_POINT('',(412.55,72.818176,126.01));
#5514 = LINE('',#5515,#5516);
#5515 = CARTESIAN_POINT('',(412.55,72.818176,125.31));
#5516 = VECTOR('',#5517,1.);
#5517 = DIRECTION('',(0.,0.,1.));
#5518 = ORIENTED_EDGE('',*,*,#5519,.T.);
#5519 = EDGE_CURVE('',#5512,#5464,#5520,.T.);
#5520 = LINE('',#5521,#5522);
#5521 = CARTESIAN_POINT('',(206.675,72.818176,126.01));
#5522 = VECTOR('',#5523,1.);
#5523 = DIRECTION('',(-1.,0.,0.));
#5524 = ORIENTED_EDGE('',*,*,#5463,.F.);
#5525 = PLANE('',#5526);
#5526 = AXIS2_PLACEMENT_3D('',#5527,#5528,#5529);
#5527 = CARTESIAN_POINT('',(412.55,72.818176,125.31));
#5528 = DIRECTION('',(0.,-1.,0.));
#5529 = DIRECTION('',(-1.,0.,0.));
#5530 = ADVANCED_FACE('',(#5531),#5549,.F.);
#5531 = FACE_BOUND('',#5532,.F.);
#5532 = EDGE_LOOP('',(#5533,#5534,#5535,#5543));
#5533 = ORIENTED_EDGE('',*,*,#1301,.F.);
#5534 = ORIENTED_EDGE('',*,*,#5496,.T.);
#5535 = ORIENTED_EDGE('',*,*,#5536,.T.);
#5536 = EDGE_CURVE('',#5489,#5537,#5539,.T.);
#5537 = VERTEX_POINT('',#5538);
#5538 = CARTESIAN_POINT('',(438.075,65.333176,126.01));
#5539 = LINE('',#5540,#5541);
#5540 = CARTESIAN_POINT('',(221.0875,65.333176,126.01));
#5541 = VECTOR('',#5542,1.);
#5542 = DIRECTION('',(-1.,0.,0.));
#5543 = ORIENTED_EDGE('',*,*,#5544,.F.);
#5544 = EDGE_CURVE('',#1294,#5537,#5545,.T.);
#5545 = LINE('',#5546,#5547);
#5546 = CARTESIAN_POINT('',(438.075,65.333176,125.31));
#5547 = VECTOR('',#5548,1.);
#5548 = DIRECTION('',(0.,0.,1.));
#5549 = PLANE('',#5550);
#5550 = AXIS2_PLACEMENT_3D('',#5551,#5552,#5553);
#5551 = CARTESIAN_POINT('',(442.975,65.333176,125.31));
#5552 = DIRECTION('',(0.,-1.,0.));
#5553 = DIRECTION('',(-1.,0.,0.));
#5554 = ADVANCED_FACE('',(#5555),#5573,.F.);
#5555 = FACE_BOUND('',#5556,.F.);
#5556 = EDGE_LOOP('',(#5557,#5558,#5566,#5572));
#5557 = ORIENTED_EDGE('',*,*,#1213,.F.);
#5558 = ORIENTED_EDGE('',*,*,#5559,.T.);
#5559 = EDGE_CURVE('',#1214,#5560,#5562,.T.);
#5560 = VERTEX_POINT('',#5561);
#5561 = CARTESIAN_POINT('',(412.55,66.533176,126.01));
#5562 = LINE('',#5563,#5564);
#5563 = CARTESIAN_POINT('',(412.55,66.533176,125.31));
#5564 = VECTOR('',#5565,1.);
#5565 = DIRECTION('',(0.,0.,1.));
#5566 = ORIENTED_EDGE('',*,*,#5567,.T.);
#5567 = EDGE_CURVE('',#5560,#5512,#5568,.T.);
#5568 = LINE('',#5569,#5570);
#5569 = CARTESIAN_POINT('',(412.55,33.666588,126.01));
#5570 = VECTOR('',#5571,1.);
#5571 = DIRECTION('',(0.,1.,0.));
#5572 = ORIENTED_EDGE('',*,*,#5511,.F.);
#5573 = PLANE('',#5574);
#5574 = AXIS2_PLACEMENT_3D('',#5575,#5576,#5577);
#5575 = CARTESIAN_POINT('',(412.55,66.533176,125.31));
#5576 = DIRECTION('',(-1.,0.,0.));
#5577 = DIRECTION('',(0.,1.,0.));
#5578 = ADVANCED_FACE('',(#5579),#5597,.F.);
#5579 = FACE_BOUND('',#5580,.F.);
#5580 = EDGE_LOOP('',(#5581,#5582,#5583,#5591));
#5581 = ORIENTED_EDGE('',*,*,#1293,.F.);
#5582 = ORIENTED_EDGE('',*,*,#5544,.T.);
#5583 = ORIENTED_EDGE('',*,*,#5584,.T.);
#5584 = EDGE_CURVE('',#5537,#5585,#5587,.T.);
#5585 = VERTEX_POINT('',#5586);
#5586 = CARTESIAN_POINT('',(438.075,66.533176,126.01));
#5587 = LINE('',#5588,#5589);
#5588 = CARTESIAN_POINT('',(438.075,33.066588,126.01));
#5589 = VECTOR('',#5590,1.);
#5590 = DIRECTION('',(0.,1.,0.));
#5591 = ORIENTED_EDGE('',*,*,#5592,.F.);
#5592 = EDGE_CURVE('',#1286,#5585,#5593,.T.);
#5593 = LINE('',#5594,#5595);
#5594 = CARTESIAN_POINT('',(438.075,66.533176,125.31));
#5595 = VECTOR('',#5596,1.);
#5596 = DIRECTION('',(0.,0.,1.));
#5597 = PLANE('',#5598);
#5598 = AXIS2_PLACEMENT_3D('',#5599,#5600,#5601);
#5599 = CARTESIAN_POINT('',(438.075,65.333176,125.31));
#5600 = DIRECTION('',(-1.,0.,0.));
#5601 = DIRECTION('',(0.,1.,0.));
#5602 = ADVANCED_FACE('',(#5603),#5621,.F.);
#5603 = FACE_BOUND('',#5604,.F.);
#5604 = EDGE_LOOP('',(#5605,#5606,#5614,#5620));
#5605 = ORIENTED_EDGE('',*,*,#1221,.F.);
#5606 = ORIENTED_EDGE('',*,*,#5607,.T.);
#5607 = EDGE_CURVE('',#1222,#5608,#5610,.T.);
#5608 = VERTEX_POINT('',#5609);
#5609 = CARTESIAN_POINT('',(414.275,66.533176,126.01));
#5610 = LINE('',#5611,#5612);
#5611 = CARTESIAN_POINT('',(414.275,66.533176,125.31));
#5612 = VECTOR('',#5613,1.);
#5613 = DIRECTION('',(0.,0.,1.));
#5614 = ORIENTED_EDGE('',*,*,#5615,.T.);
#5615 = EDGE_CURVE('',#5608,#5560,#5616,.T.);
#5616 = LINE('',#5617,#5618);
#5617 = CARTESIAN_POINT('',(207.5375,66.533176,126.01));
#5618 = VECTOR('',#5619,1.);
#5619 = DIRECTION('',(-1.,0.,0.));
#5620 = ORIENTED_EDGE('',*,*,#5559,.F.);
#5621 = PLANE('',#5622);
#5622 = AXIS2_PLACEMENT_3D('',#5623,#5624,#5625);
#5623 = CARTESIAN_POINT('',(414.275,66.533176,125.31));
#5624 = DIRECTION('',(0.,-1.,0.));
#5625 = DIRECTION('',(-1.,0.,0.));
#5626 = ADVANCED_FACE('',(#5627),#5645,.F.);
#5627 = FACE_BOUND('',#5628,.F.);
#5628 = EDGE_LOOP('',(#5629,#5630,#5631,#5639));
#5629 = ORIENTED_EDGE('',*,*,#1285,.F.);
#5630 = ORIENTED_EDGE('',*,*,#5592,.T.);
#5631 = ORIENTED_EDGE('',*,*,#5632,.T.);
#5632 = EDGE_CURVE('',#5585,#5633,#5635,.T.);
#5633 = VERTEX_POINT('',#5634);
#5634 = CARTESIAN_POINT('',(436.425,66.533175999999,126.01));
#5635 = LINE('',#5636,#5637);
#5636 = CARTESIAN_POINT('',(219.4375,66.533176,126.01));
#5637 = VECTOR('',#5638,1.);
#5638 = DIRECTION('',(-1.,0.,0.));
#5639 = ORIENTED_EDGE('',*,*,#5640,.F.);
#5640 = EDGE_CURVE('',#1278,#5633,#5641,.T.);
#5641 = LINE('',#5642,#5643);
#5642 = CARTESIAN_POINT('',(436.425,66.533175999999,125.31));
#5643 = VECTOR('',#5644,1.);
#5644 = DIRECTION('',(0.,0.,1.));
#5645 = PLANE('',#5646);
#5646 = AXIS2_PLACEMENT_3D('',#5647,#5648,#5649);
#5647 = CARTESIAN_POINT('',(438.075,66.533176,125.31));
#5648 = DIRECTION('',(0.,-1.,0.));
#5649 = DIRECTION('',(-1.,0.,0.));
#5650 = ADVANCED_FACE('',(#5651),#5669,.F.);
#5651 = FACE_BOUND('',#5652,.F.);
#5652 = EDGE_LOOP('',(#5653,#5654,#5662,#5668));
#5653 = ORIENTED_EDGE('',*,*,#1229,.F.);
#5654 = ORIENTED_EDGE('',*,*,#5655,.T.);
#5655 = EDGE_CURVE('',#1230,#5656,#5658,.T.);
#5656 = VERTEX_POINT('',#5657);
#5657 = CARTESIAN_POINT('',(414.275,65.333176,126.01));
#5658 = LINE('',#5659,#5660);
#5659 = CARTESIAN_POINT('',(414.275,65.333176,125.31));
#5660 = VECTOR('',#5661,1.);
#5661 = DIRECTION('',(0.,0.,1.));
#5662 = ORIENTED_EDGE('',*,*,#5663,.T.);
#5663 = EDGE_CURVE('',#5656,#5608,#5664,.T.);
#5664 = LINE('',#5665,#5666);
#5665 = CARTESIAN_POINT('',(414.275,33.066588,126.01));
#5666 = VECTOR('',#5667,1.);
#5667 = DIRECTION('',(0.,1.,0.));
#5668 = ORIENTED_EDGE('',*,*,#5607,.F.);
#5669 = PLANE('',#5670);
#5670 = AXIS2_PLACEMENT_3D('',#5671,#5672,#5673);
#5671 = CARTESIAN_POINT('',(414.275,65.333176,125.31));
#5672 = DIRECTION('',(-1.,0.,0.));
#5673 = DIRECTION('',(0.,1.,0.));
#5674 = ADVANCED_FACE('',(#5675),#5693,.T.);
#5675 = FACE_BOUND('',#5676,.T.);
#5676 = EDGE_LOOP('',(#5677,#5678,#5679,#5687));
#5677 = ORIENTED_EDGE('',*,*,#5640,.F.);
#5678 = ORIENTED_EDGE('',*,*,#1277,.F.);
#5679 = ORIENTED_EDGE('',*,*,#5680,.T.);
#5680 = EDGE_CURVE('',#1270,#5681,#5683,.T.);
#5681 = VERTEX_POINT('',#5682);
#5682 = CARTESIAN_POINT('',(436.425,65.818176,126.01));
#5683 = LINE('',#5684,#5685);
#5684 = CARTESIAN_POINT('',(436.425,65.818176,125.31));
#5685 = VECTOR('',#5686,1.);
#5686 = DIRECTION('',(0.,0.,1.));
#5687 = ORIENTED_EDGE('',*,*,#5688,.F.);
#5688 = EDGE_CURVE('',#5633,#5681,#5689,.T.);
#5689 = LINE('',#5690,#5691);
#5690 = CARTESIAN_POINT('',(436.425,81.418176,126.01));
#5691 = VECTOR('',#5692,1.);
#5692 = DIRECTION('',(0.,-1.,0.));
#5693 = PLANE('',#5694);
#5694 = AXIS2_PLACEMENT_3D('',#5695,#5696,#5697);
#5695 = CARTESIAN_POINT('',(436.425,81.418176,125.31));
#5696 = DIRECTION('',(-1.,0.,0.));
#5697 = DIRECTION('',(0.,0.,1.));
#5698 = ADVANCED_FACE('',(#5699),#5717,.F.);
#5699 = FACE_BOUND('',#5700,.F.);
#5700 = EDGE_LOOP('',(#5701,#5702,#5710,#5716));
#5701 = ORIENTED_EDGE('',*,*,#1237,.F.);
#5702 = ORIENTED_EDGE('',*,*,#5703,.T.);
#5703 = EDGE_CURVE('',#1238,#5704,#5706,.T.);
#5704 = VERTEX_POINT('',#5705);
#5705 = CARTESIAN_POINT('',(419.175,65.333176,126.01));
#5706 = LINE('',#5707,#5708);
#5707 = CARTESIAN_POINT('',(419.175,65.333176,125.31));
#5708 = VECTOR('',#5709,1.);
#5709 = DIRECTION('',(0.,0.,1.));
#5710 = ORIENTED_EDGE('',*,*,#5711,.T.);
#5711 = EDGE_CURVE('',#5704,#5656,#5712,.T.);
#5712 = LINE('',#5713,#5714);
#5713 = CARTESIAN_POINT('',(209.1875,65.333176,126.01));
#5714 = VECTOR('',#5715,1.);
#5715 = DIRECTION('',(-1.,0.,0.));
#5716 = ORIENTED_EDGE('',*,*,#5655,.F.);
#5717 = PLANE('',#5718);
#5718 = AXIS2_PLACEMENT_3D('',#5719,#5720,#5721);
#5719 = CARTESIAN_POINT('',(419.175,65.333176,125.31));
#5720 = DIRECTION('',(0.,-1.,0.));
#5721 = DIRECTION('',(-1.,0.,0.));
#5722 = ADVANCED_FACE('',(#5723),#5741,.F.);
#5723 = FACE_BOUND('',#5724,.F.);
#5724 = EDGE_LOOP('',(#5725,#5726,#5727,#5735));
#5725 = ORIENTED_EDGE('',*,*,#1269,.F.);
#5726 = ORIENTED_EDGE('',*,*,#5680,.T.);
#5727 = ORIENTED_EDGE('',*,*,#5728,.T.);
#5728 = EDGE_CURVE('',#5681,#5729,#5731,.T.);
#5729 = VERTEX_POINT('',#5730);
#5730 = CARTESIAN_POINT('',(420.825,65.818176,126.01));
#5731 = LINE('',#5732,#5733);
#5732 = CARTESIAN_POINT('',(436.425,65.818176,126.01));
#5733 = VECTOR('',#5734,1.);
#5734 = DIRECTION('',(-1.,0.,0.));
#5735 = ORIENTED_EDGE('',*,*,#5736,.F.);
#5736 = EDGE_CURVE('',#1262,#5729,#5737,.T.);
#5737 = LINE('',#5738,#5739);
#5738 = CARTESIAN_POINT('',(420.825,65.818176,125.31));
#5739 = VECTOR('',#5740,1.);
#5740 = DIRECTION('',(0.,0.,1.));
#5741 = PLANE('',#5742);
#5742 = AXIS2_PLACEMENT_3D('',#5743,#5744,#5745);
#5743 = CARTESIAN_POINT('',(436.425,65.818176,125.31));
#5744 = DIRECTION('',(0.,-1.,0.));
#5745 = DIRECTION('',(0.,0.,1.));
#5746 = ADVANCED_FACE('',(#5747),#5765,.F.);
#5747 = FACE_BOUND('',#5748,.F.);
#5748 = EDGE_LOOP('',(#5749,#5750,#5758,#5764));
#5749 = ORIENTED_EDGE('',*,*,#1245,.F.);
#5750 = ORIENTED_EDGE('',*,*,#5751,.T.);
#5751 = EDGE_CURVE('',#1246,#5752,#5754,.T.);
#5752 = VERTEX_POINT('',#5753);
#5753 = CARTESIAN_POINT('',(419.175,66.533176,126.01));
#5754 = LINE('',#5755,#5756);
#5755 = CARTESIAN_POINT('',(419.175,66.533176,125.31));
#5756 = VECTOR('',#5757,1.);
#5757 = DIRECTION('',(0.,0.,1.));
#5758 = ORIENTED_EDGE('',*,*,#5759,.T.);
#5759 = EDGE_CURVE('',#5752,#5704,#5760,.T.);
#5760 = LINE('',#5761,#5762);
#5761 = CARTESIAN_POINT('',(419.175,33.666588,126.01));
#5762 = VECTOR('',#5763,1.);
#5763 = DIRECTION('',(0.,-1.,0.));
#5764 = ORIENTED_EDGE('',*,*,#5703,.F.);
#5765 = PLANE('',#5766);
#5766 = AXIS2_PLACEMENT_3D('',#5767,#5768,#5769);
#5767 = CARTESIAN_POINT('',(419.175,66.533176,125.31));
#5768 = DIRECTION('',(1.,0.,0.));
#5769 = DIRECTION('',(0.,-1.,0.));
#5770 = ADVANCED_FACE('',(#5771),#5789,.F.);
#5771 = FACE_BOUND('',#5772,.F.);
#5772 = EDGE_LOOP('',(#5773,#5781,#5782,#5783));
#5773 = ORIENTED_EDGE('',*,*,#5774,.F.);
#5774 = EDGE_CURVE('',#1254,#5775,#5777,.T.);
#5775 = VERTEX_POINT('',#5776);
#5776 = CARTESIAN_POINT('',(420.825,66.533175999998,126.01));
#5777 = LINE('',#5778,#5779);
#5778 = CARTESIAN_POINT('',(420.825,66.533175999998,125.31));
#5779 = VECTOR('',#5780,1.);
#5780 = DIRECTION('',(0.,0.,1.));
#5781 = ORIENTED_EDGE('',*,*,#1261,.T.);
#5782 = ORIENTED_EDGE('',*,*,#5736,.T.);
#5783 = ORIENTED_EDGE('',*,*,#5784,.F.);
#5784 = EDGE_CURVE('',#5775,#5729,#5785,.T.);
#5785 = LINE('',#5786,#5787);
#5786 = CARTESIAN_POINT('',(420.825,81.418176,126.01));
#5787 = VECTOR('',#5788,1.);
#5788 = DIRECTION('',(0.,-1.,0.));
#5789 = PLANE('',#5790);
#5790 = AXIS2_PLACEMENT_3D('',#5791,#5792,#5793);
#5791 = CARTESIAN_POINT('',(420.825,81.418176,125.31));
#5792 = DIRECTION('',(-1.,0.,0.));
#5793 = DIRECTION('',(0.,0.,1.));
#5794 = ADVANCED_FACE('',(#5795),#5806,.F.);
#5795 = FACE_BOUND('',#5796,.F.);
#5796 = EDGE_LOOP('',(#5797,#5798,#5799,#5805));
#5797 = ORIENTED_EDGE('',*,*,#1253,.F.);
#5798 = ORIENTED_EDGE('',*,*,#5774,.T.);
#5799 = ORIENTED_EDGE('',*,*,#5800,.T.);
#5800 = EDGE_CURVE('',#5775,#5752,#5801,.T.);
#5801 = LINE('',#5802,#5803);
#5802 = CARTESIAN_POINT('',(210.05,66.533176,126.01));
#5803 = VECTOR('',#5804,1.);
#5804 = DIRECTION('',(-1.,0.,0.));
#5805 = ORIENTED_EDGE('',*,*,#5751,.F.);
#5806 = PLANE('',#5807);
#5807 = AXIS2_PLACEMENT_3D('',#5808,#5809,#5810);
#5808 = CARTESIAN_POINT('',(420.825,66.533176,125.31));
#5809 = DIRECTION('',(0.,-1.,0.));
#5810 = DIRECTION('',(-1.,0.,0.));
#5811 = ADVANCED_FACE('',(#5812),#5823,.F.);
#5812 = FACE_BOUND('',#5813,.F.);
#5813 = EDGE_LOOP('',(#5814,#5820,#5821,#5822));
#5814 = ORIENTED_EDGE('',*,*,#5815,.T.);
#5815 = EDGE_CURVE('',#1366,#2772,#5816,.T.);
#5816 = LINE('',#5817,#5818);
#5817 = CARTESIAN_POINT('',(413.1,20.,74.51));
#5818 = VECTOR('',#5819,1.);
#5819 = DIRECTION('',(0.,0.,1.));
#5820 = ORIENTED_EDGE('',*,*,#2771,.T.);
#5821 = ORIENTED_EDGE('',*,*,#5815,.F.);
#5822 = ORIENTED_EDGE('',*,*,#1365,.T.);
#5823 = CYLINDRICAL_SURFACE('',#5824,1.1);
#5824 = AXIS2_PLACEMENT_3D('',#5825,#5826,#5827);
#5825 = CARTESIAN_POINT('',(412.,20.,74.51));
#5826 = DIRECTION('',(0.,0.,1.));
#5827 = DIRECTION('',(-1.,0.,0.));
#5828 = ADVANCED_FACE('',(#5829),#5854,.F.);
#5829 = FACE_BOUND('',#5830,.F.);
#5830 = EDGE_LOOP('',(#5831,#5839,#5840,#5848));
#5831 = ORIENTED_EDGE('',*,*,#5832,.F.);
#5832 = EDGE_CURVE('',#1379,#5833,#5835,.T.);
#5833 = VERTEX_POINT('',#5834);
#5834 = CARTESIAN_POINT('',(420.825,18.193176,126.01));
#5835 = LINE('',#5836,#5837);
#5836 = CARTESIAN_POINT('',(420.825,18.193176,125.31));
#5837 = VECTOR('',#5838,1.);
#5838 = DIRECTION('',(0.,0.,1.));
#5839 = ORIENTED_EDGE('',*,*,#1376,.F.);
#5840 = ORIENTED_EDGE('',*,*,#5841,.T.);
#5841 = EDGE_CURVE('',#1377,#5842,#5844,.T.);
#5842 = VERTEX_POINT('',#5843);
#5843 = CARTESIAN_POINT('',(436.425,18.193176,126.01));
#5844 = LINE('',#5845,#5846);
#5845 = CARTESIAN_POINT('',(436.425,18.193176,125.31));
#5846 = VECTOR('',#5847,1.);
#5847 = DIRECTION('',(0.,0.,1.));
#5848 = ORIENTED_EDGE('',*,*,#5849,.T.);
#5849 = EDGE_CURVE('',#5842,#5833,#5850,.T.);
#5850 = LINE('',#5851,#5852);
#5851 = CARTESIAN_POINT('',(436.425,18.193176,126.01));
#5852 = VECTOR('',#5853,1.);
#5853 = DIRECTION('',(-1.,0.,0.));
#5854 = PLANE('',#5855);
#5855 = AXIS2_PLACEMENT_3D('',#5856,#5857,#5858);
#5856 = CARTESIAN_POINT('',(436.425,18.193176,125.31));
#5857 = DIRECTION('',(0.,-1.,0.));
#5858 = DIRECTION('',(0.,0.,1.));
#5859 = ADVANCED_FACE('',(#5860),#5878,.T.);
#5860 = FACE_BOUND('',#5861,.T.);
#5861 = EDGE_LOOP('',(#5862,#5870,#5871,#5872));
#5862 = ORIENTED_EDGE('',*,*,#5863,.F.);
#5863 = EDGE_CURVE('',#1387,#5864,#5866,.T.);
#5864 = VERTEX_POINT('',#5865);
#5865 = CARTESIAN_POINT('',(436.425,33.793176,126.01));
#5866 = LINE('',#5867,#5868);
#5867 = CARTESIAN_POINT('',(436.425,33.793176,125.31));
#5868 = VECTOR('',#5869,1.);
#5869 = DIRECTION('',(0.,0.,1.));
#5870 = ORIENTED_EDGE('',*,*,#1386,.F.);
#5871 = ORIENTED_EDGE('',*,*,#5841,.T.);
#5872 = ORIENTED_EDGE('',*,*,#5873,.F.);
#5873 = EDGE_CURVE('',#5864,#5842,#5874,.T.);
#5874 = LINE('',#5875,#5876);
#5875 = CARTESIAN_POINT('',(436.425,33.793176,126.01));
#5876 = VECTOR('',#5877,1.);
#5877 = DIRECTION('',(0.,-1.,0.));
#5878 = PLANE('',#5879);
#5879 = AXIS2_PLACEMENT_3D('',#5880,#5881,#5882);
#5880 = CARTESIAN_POINT('',(436.425,33.793176,125.31));
#5881 = DIRECTION('',(-1.,0.,0.));
#5882 = DIRECTION('',(0.,0.,1.));
#5883 = ADVANCED_FACE('',(#5884),#5902,.F.);
#5884 = FACE_BOUND('',#5885,.F.);
#5885 = EDGE_LOOP('',(#5886,#5894,#5895,#5896));
#5886 = ORIENTED_EDGE('',*,*,#5887,.F.);
#5887 = EDGE_CURVE('',#1395,#5888,#5890,.T.);
#5888 = VERTEX_POINT('',#5889);
#5889 = CARTESIAN_POINT('',(420.825,33.793176,126.01));
#5890 = LINE('',#5891,#5892);
#5891 = CARTESIAN_POINT('',(420.825,33.793176,125.31));
#5892 = VECTOR('',#5893,1.);
#5893 = DIRECTION('',(0.,0.,1.));
#5894 = ORIENTED_EDGE('',*,*,#1402,.F.);
#5895 = ORIENTED_EDGE('',*,*,#5832,.T.);
#5896 = ORIENTED_EDGE('',*,*,#5897,.F.);
#5897 = EDGE_CURVE('',#5888,#5833,#5898,.T.);
#5898 = LINE('',#5899,#5900);
#5899 = CARTESIAN_POINT('',(420.825,33.793176,126.01));
#5900 = VECTOR('',#5901,1.);
#5901 = DIRECTION('',(0.,-1.,0.));
#5902 = PLANE('',#5903);
#5903 = AXIS2_PLACEMENT_3D('',#5904,#5905,#5906);
#5904 = CARTESIAN_POINT('',(420.825,33.793176,125.31));
#5905 = DIRECTION('',(-1.,0.,0.));
#5906 = DIRECTION('',(0.,0.,1.));
#5907 = ADVANCED_FACE('',(#5908),#5919,.T.);
#5908 = FACE_BOUND('',#5909,.T.);
#5909 = EDGE_LOOP('',(#5910,#5911,#5912,#5913));
#5910 = ORIENTED_EDGE('',*,*,#5887,.F.);
#5911 = ORIENTED_EDGE('',*,*,#1394,.F.);
#5912 = ORIENTED_EDGE('',*,*,#5863,.T.);
#5913 = ORIENTED_EDGE('',*,*,#5914,.T.);
#5914 = EDGE_CURVE('',#5864,#5888,#5915,.T.);
#5915 = LINE('',#5916,#5917);
#5916 = CARTESIAN_POINT('',(436.425,33.793176,126.01));
#5917 = VECTOR('',#5918,1.);
#5918 = DIRECTION('',(-1.,0.,0.));
#5919 = PLANE('',#5920);
#5920 = AXIS2_PLACEMENT_3D('',#5921,#5922,#5923);
#5921 = CARTESIAN_POINT('',(436.425,33.793176,125.31));
#5922 = DIRECTION('',(0.,-1.,0.));
#5923 = DIRECTION('',(0.,0.,1.));
#5924 = ADVANCED_FACE('',(#5925),#5950,.F.);
#5925 = FACE_BOUND('',#5926,.F.);
#5926 = EDGE_LOOP('',(#5927,#5935,#5936,#5944));
#5927 = ORIENTED_EDGE('',*,*,#5928,.F.);
#5928 = EDGE_CURVE('',#1413,#5929,#5931,.T.);
#5929 = VERTEX_POINT('',#5930);
#5930 = CARTESIAN_POINT('',(449.4,65.818176,126.01));
#5931 = LINE('',#5932,#5933);
#5932 = CARTESIAN_POINT('',(449.4,65.818176,125.31));
#5933 = VECTOR('',#5934,1.);
#5934 = DIRECTION('',(0.,0.,1.));
#5935 = ORIENTED_EDGE('',*,*,#1410,.F.);
#5936 = ORIENTED_EDGE('',*,*,#5937,.T.);
#5937 = EDGE_CURVE('',#1411,#5938,#5940,.T.);
#5938 = VERTEX_POINT('',#5939);
#5939 = CARTESIAN_POINT('',(465.,65.818176,126.01));
#5940 = LINE('',#5941,#5942);
#5941 = CARTESIAN_POINT('',(465.,65.818176,125.31));
#5942 = VECTOR('',#5943,1.);
#5943 = DIRECTION('',(0.,0.,1.));
#5944 = ORIENTED_EDGE('',*,*,#5945,.T.);
#5945 = EDGE_CURVE('',#5938,#5929,#5946,.T.);
#5946 = LINE('',#5947,#5948);
#5947 = CARTESIAN_POINT('',(465.,65.818176,126.01));
#5948 = VECTOR('',#5949,1.);
#5949 = DIRECTION('',(-1.,0.,0.));
#5950 = PLANE('',#5951);
#5951 = AXIS2_PLACEMENT_3D('',#5952,#5953,#5954);
#5952 = CARTESIAN_POINT('',(465.,65.818176,125.31));
#5953 = DIRECTION('',(0.,-1.,0.));
#5954 = DIRECTION('',(0.,0.,1.));
#5955 = ADVANCED_FACE('',(#5956),#5974,.T.);
#5956 = FACE_BOUND('',#5957,.T.);
#5957 = EDGE_LOOP('',(#5958,#5966,#5967,#5968));
#5958 = ORIENTED_EDGE('',*,*,#5959,.F.);
#5959 = EDGE_CURVE('',#1421,#5960,#5962,.T.);
#5960 = VERTEX_POINT('',#5961);
#5961 = CARTESIAN_POINT('',(465.,81.418176,126.01));
#5962 = LINE('',#5963,#5964);
#5963 = CARTESIAN_POINT('',(465.,81.418176,125.31));
#5964 = VECTOR('',#5965,1.);
#5965 = DIRECTION('',(0.,0.,1.));
#5966 = ORIENTED_EDGE('',*,*,#1420,.F.);
#5967 = ORIENTED_EDGE('',*,*,#5937,.T.);
#5968 = ORIENTED_EDGE('',*,*,#5969,.F.);
#5969 = EDGE_CURVE('',#5960,#5938,#5970,.T.);
#5970 = LINE('',#5971,#5972);
#5971 = CARTESIAN_POINT('',(465.,81.418176,126.01));
#5972 = VECTOR('',#5973,1.);
#5973 = DIRECTION('',(0.,-1.,0.));
#5974 = PLANE('',#5975);
#5975 = AXIS2_PLACEMENT_3D('',#5976,#5977,#5978);
#5976 = CARTESIAN_POINT('',(465.,81.418176,125.31));
#5977 = DIRECTION('',(-1.,0.,0.));
#5978 = DIRECTION('',(0.,0.,1.));
#5979 = ADVANCED_FACE('',(#5980),#5998,.F.);
#5980 = FACE_BOUND('',#5981,.F.);
#5981 = EDGE_LOOP('',(#5982,#5990,#5991,#5992));
#5982 = ORIENTED_EDGE('',*,*,#5983,.F.);
#5983 = EDGE_CURVE('',#1429,#5984,#5986,.T.);
#5984 = VERTEX_POINT('',#5985);
#5985 = CARTESIAN_POINT('',(449.4,81.418176,126.01));
#5986 = LINE('',#5987,#5988);
#5987 = CARTESIAN_POINT('',(449.4,81.418176,125.31));
#5988 = VECTOR('',#5989,1.);
#5989 = DIRECTION('',(0.,0.,1.));
#5990 = ORIENTED_EDGE('',*,*,#1436,.F.);
#5991 = ORIENTED_EDGE('',*,*,#5928,.T.);
#5992 = ORIENTED_EDGE('',*,*,#5993,.F.);
#5993 = EDGE_CURVE('',#5984,#5929,#5994,.T.);
#5994 = LINE('',#5995,#5996);
#5995 = CARTESIAN_POINT('',(449.4,81.418176,126.01));
#5996 = VECTOR('',#5997,1.);
#5997 = DIRECTION('',(0.,-1.,0.));
#5998 = PLANE('',#5999);
#5999 = AXIS2_PLACEMENT_3D('',#6000,#6001,#6002);
#6000 = CARTESIAN_POINT('',(449.4,81.418176,125.31));
#6001 = DIRECTION('',(-1.,0.,0.));
#6002 = DIRECTION('',(0.,0.,1.));
#6003 = ADVANCED_FACE('',(#6004),#6015,.T.);
#6004 = FACE_BOUND('',#6005,.T.);
#6005 = EDGE_LOOP('',(#6006,#6007,#6008,#6009));
#6006 = ORIENTED_EDGE('',*,*,#5983,.F.);
#6007 = ORIENTED_EDGE('',*,*,#1428,.F.);
#6008 = ORIENTED_EDGE('',*,*,#5959,.T.);
#6009 = ORIENTED_EDGE('',*,*,#6010,.T.);
#6010 = EDGE_CURVE('',#5960,#5984,#6011,.T.);
#6011 = LINE('',#6012,#6013);
#6012 = CARTESIAN_POINT('',(465.,81.418176,126.01));
#6013 = VECTOR('',#6014,1.);
#6014 = DIRECTION('',(-1.,0.,0.));
#6015 = PLANE('',#6016);
#6016 = AXIS2_PLACEMENT_3D('',#6017,#6018,#6019);
#6017 = CARTESIAN_POINT('',(465.,81.418176,125.31));
#6018 = DIRECTION('',(0.,-1.,0.));
#6019 = DIRECTION('',(0.,0.,1.));
#6020 = ADVANCED_FACE('',(#6021),#6046,.F.);
#6021 = FACE_BOUND('',#6022,.F.);
#6022 = EDGE_LOOP('',(#6023,#6031,#6032,#6040));
#6023 = ORIENTED_EDGE('',*,*,#6024,.F.);
#6024 = EDGE_CURVE('',#1447,#6025,#6027,.T.);
#6025 = VERTEX_POINT('',#6026);
#6026 = CARTESIAN_POINT('',(468.45,65.818176,126.01));
#6027 = LINE('',#6028,#6029);
#6028 = CARTESIAN_POINT('',(468.45,65.818176,125.31));
#6029 = VECTOR('',#6030,1.);
#6030 = DIRECTION('',(0.,0.,1.));
#6031 = ORIENTED_EDGE('',*,*,#1444,.F.);
#6032 = ORIENTED_EDGE('',*,*,#6033,.T.);
#6033 = EDGE_CURVE('',#1445,#6034,#6036,.T.);
#6034 = VERTEX_POINT('',#6035);
#6035 = CARTESIAN_POINT('',(484.05,65.818176,126.01));
#6036 = LINE('',#6037,#6038);
#6037 = CARTESIAN_POINT('',(484.05,65.818176,125.31));
#6038 = VECTOR('',#6039,1.);
#6039 = DIRECTION('',(0.,0.,1.));
#6040 = ORIENTED_EDGE('',*,*,#6041,.T.);
#6041 = EDGE_CURVE('',#6034,#6025,#6042,.T.);
#6042 = LINE('',#6043,#6044);
#6043 = CARTESIAN_POINT('',(484.05,65.818176,126.01));
#6044 = VECTOR('',#6045,1.);
#6045 = DIRECTION('',(-1.,0.,0.));
#6046 = PLANE('',#6047);
#6047 = AXIS2_PLACEMENT_3D('',#6048,#6049,#6050);
#6048 = CARTESIAN_POINT('',(484.05,65.818176,125.31));
#6049 = DIRECTION('',(0.,-1.,0.));
#6050 = DIRECTION('',(0.,0.,1.));
#6051 = ADVANCED_FACE('',(#6052),#6070,.T.);
#6052 = FACE_BOUND('',#6053,.T.);
#6053 = EDGE_LOOP('',(#6054,#6062,#6063,#6064));
#6054 = ORIENTED_EDGE('',*,*,#6055,.F.);
#6055 = EDGE_CURVE('',#1455,#6056,#6058,.T.);
#6056 = VERTEX_POINT('',#6057);
#6057 = CARTESIAN_POINT('',(484.05,81.418176,126.01));
#6058 = LINE('',#6059,#6060);
#6059 = CARTESIAN_POINT('',(484.05,81.418176,125.31));
#6060 = VECTOR('',#6061,1.);
#6061 = DIRECTION('',(0.,0.,1.));
#6062 = ORIENTED_EDGE('',*,*,#1454,.F.);
#6063 = ORIENTED_EDGE('',*,*,#6033,.T.);
#6064 = ORIENTED_EDGE('',*,*,#6065,.F.);
#6065 = EDGE_CURVE('',#6056,#6034,#6066,.T.);
#6066 = LINE('',#6067,#6068);
#6067 = CARTESIAN_POINT('',(484.05,81.418176,126.01));
#6068 = VECTOR('',#6069,1.);
#6069 = DIRECTION('',(0.,-1.,0.));
#6070 = PLANE('',#6071);
#6071 = AXIS2_PLACEMENT_3D('',#6072,#6073,#6074);
#6072 = CARTESIAN_POINT('',(484.05,81.418176,125.31));
#6073 = DIRECTION('',(-1.,0.,0.));
#6074 = DIRECTION('',(0.,0.,1.));
#6075 = ADVANCED_FACE('',(#6076),#6094,.F.);
#6076 = FACE_BOUND('',#6077,.F.);
#6077 = EDGE_LOOP('',(#6078,#6086,#6087,#6088));
#6078 = ORIENTED_EDGE('',*,*,#6079,.F.);
#6079 = EDGE_CURVE('',#1463,#6080,#6082,.T.);
#6080 = VERTEX_POINT('',#6081);
#6081 = CARTESIAN_POINT('',(468.45,81.418176,126.01));
#6082 = LINE('',#6083,#6084);
#6083 = CARTESIAN_POINT('',(468.45,81.418176,125.31));
#6084 = VECTOR('',#6085,1.);
#6085 = DIRECTION('',(0.,0.,1.));
#6086 = ORIENTED_EDGE('',*,*,#1470,.F.);
#6087 = ORIENTED_EDGE('',*,*,#6024,.T.);
#6088 = ORIENTED_EDGE('',*,*,#6089,.F.);
#6089 = EDGE_CURVE('',#6080,#6025,#6090,.T.);
#6090 = LINE('',#6091,#6092);
#6091 = CARTESIAN_POINT('',(468.45,81.418176,126.01));
#6092 = VECTOR('',#6093,1.);
#6093 = DIRECTION('',(0.,-1.,0.));
#6094 = PLANE('',#6095);
#6095 = AXIS2_PLACEMENT_3D('',#6096,#6097,#6098);
#6096 = CARTESIAN_POINT('',(468.45,81.418176,125.31));
#6097 = DIRECTION('',(-1.,0.,0.));
#6098 = DIRECTION('',(0.,0.,1.));
#6099 = ADVANCED_FACE('',(#6100),#6111,.T.);
#6100 = FACE_BOUND('',#6101,.T.);
#6101 = EDGE_LOOP('',(#6102,#6103,#6104,#6105));
#6102 = ORIENTED_EDGE('',*,*,#6079,.F.);
#6103 = ORIENTED_EDGE('',*,*,#1462,.F.);
#6104 = ORIENTED_EDGE('',*,*,#6055,.T.);
#6105 = ORIENTED_EDGE('',*,*,#6106,.T.);
#6106 = EDGE_CURVE('',#6056,#6080,#6107,.T.);
#6107 = LINE('',#6108,#6109);
#6108 = CARTESIAN_POINT('',(484.05,81.418176,126.01));
#6109 = VECTOR('',#6110,1.);
#6110 = DIRECTION('',(-1.,0.,0.));
#6111 = PLANE('',#6112);
#6112 = AXIS2_PLACEMENT_3D('',#6113,#6114,#6115);
#6113 = CARTESIAN_POINT('',(484.05,81.418176,125.31));
#6114 = DIRECTION('',(0.,-1.,0.));
#6115 = DIRECTION('',(0.,0.,1.));
#6116 = ADVANCED_FACE('',(#6117),#6142,.F.);
#6117 = FACE_BOUND('',#6118,.F.);
#6118 = EDGE_LOOP('',(#6119,#6127,#6128,#6136));
#6119 = ORIENTED_EDGE('',*,*,#6120,.F.);
#6120 = EDGE_CURVE('',#1481,#6121,#6123,.T.);
#6121 = VERTEX_POINT('',#6122);
#6122 = CARTESIAN_POINT('',(439.875,37.243176,126.01));
#6123 = LINE('',#6124,#6125);
#6124 = CARTESIAN_POINT('',(439.875,37.243176,125.31));
#6125 = VECTOR('',#6126,1.);
#6126 = DIRECTION('',(0.,0.,1.));
#6127 = ORIENTED_EDGE('',*,*,#1478,.F.);
#6128 = ORIENTED_EDGE('',*,*,#6129,.T.);
#6129 = EDGE_CURVE('',#1479,#6130,#6132,.T.);
#6130 = VERTEX_POINT('',#6131);
#6131 = CARTESIAN_POINT('',(455.475,37.243176,126.01));
#6132 = LINE('',#6133,#6134);
#6133 = CARTESIAN_POINT('',(455.475,37.243176,125.31));
#6134 = VECTOR('',#6135,1.);
#6135 = DIRECTION('',(0.,0.,1.));
#6136 = ORIENTED_EDGE('',*,*,#6137,.T.);
#6137 = EDGE_CURVE('',#6130,#6121,#6138,.T.);
#6138 = LINE('',#6139,#6140);
#6139 = CARTESIAN_POINT('',(455.475,37.243176,126.01));
#6140 = VECTOR('',#6141,1.);
#6141 = DIRECTION('',(-1.,0.,0.));
#6142 = PLANE('',#6143);
#6143 = AXIS2_PLACEMENT_3D('',#6144,#6145,#6146);
#6144 = CARTESIAN_POINT('',(455.475,37.243176,125.31));
#6145 = DIRECTION('',(0.,-1.,0.));
#6146 = DIRECTION('',(0.,0.,1.));
#6147 = ADVANCED_FACE('',(#6148),#6166,.T.);
#6148 = FACE_BOUND('',#6149,.T.);
#6149 = EDGE_LOOP('',(#6150,#6158,#6159,#6160));
#6150 = ORIENTED_EDGE('',*,*,#6151,.F.);
#6151 = EDGE_CURVE('',#1489,#6152,#6154,.T.);
#6152 = VERTEX_POINT('',#6153);
#6153 = CARTESIAN_POINT('',(455.475,52.843176,126.01));
#6154 = LINE('',#6155,#6156);
#6155 = CARTESIAN_POINT('',(455.475,52.843176,125.31));
#6156 = VECTOR('',#6157,1.);
#6157 = DIRECTION('',(0.,0.,1.));
#6158 = ORIENTED_EDGE('',*,*,#1488,.F.);
#6159 = ORIENTED_EDGE('',*,*,#6129,.T.);
#6160 = ORIENTED_EDGE('',*,*,#6161,.F.);
#6161 = EDGE_CURVE('',#6152,#6130,#6162,.T.);
#6162 = LINE('',#6163,#6164);
#6163 = CARTESIAN_POINT('',(455.475,52.843176,126.01));
#6164 = VECTOR('',#6165,1.);
#6165 = DIRECTION('',(0.,-1.,0.));
#6166 = PLANE('',#6167);
#6167 = AXIS2_PLACEMENT_3D('',#6168,#6169,#6170);
#6168 = CARTESIAN_POINT('',(455.475,52.843176,125.31));
#6169 = DIRECTION('',(-1.,0.,0.));
#6170 = DIRECTION('',(0.,0.,1.));
#6171 = ADVANCED_FACE('',(#6172),#6190,.F.);
#6172 = FACE_BOUND('',#6173,.F.);
#6173 = EDGE_LOOP('',(#6174,#6182,#6183,#6184));
#6174 = ORIENTED_EDGE('',*,*,#6175,.F.);
#6175 = EDGE_CURVE('',#1497,#6176,#6178,.T.);
#6176 = VERTEX_POINT('',#6177);
#6177 = CARTESIAN_POINT('',(439.875,52.843176,126.01));
#6178 = LINE('',#6179,#6180);
#6179 = CARTESIAN_POINT('',(439.875,52.843176,125.31));
#6180 = VECTOR('',#6181,1.);
#6181 = DIRECTION('',(0.,0.,1.));
#6182 = ORIENTED_EDGE('',*,*,#1504,.F.);
#6183 = ORIENTED_EDGE('',*,*,#6120,.T.);
#6184 = ORIENTED_EDGE('',*,*,#6185,.F.);
#6185 = EDGE_CURVE('',#6176,#6121,#6186,.T.);
#6186 = LINE('',#6187,#6188);
#6187 = CARTESIAN_POINT('',(439.875,52.843176,126.01));
#6188 = VECTOR('',#6189,1.);
#6189 = DIRECTION('',(0.,-1.,0.));
#6190 = PLANE('',#6191);
#6191 = AXIS2_PLACEMENT_3D('',#6192,#6193,#6194);
#6192 = CARTESIAN_POINT('',(439.875,52.843176,125.31));
#6193 = DIRECTION('',(-1.,0.,0.));
#6194 = DIRECTION('',(0.,0.,1.));
#6195 = ADVANCED_FACE('',(#6196),#6207,.T.);
#6196 = FACE_BOUND('',#6197,.T.);
#6197 = EDGE_LOOP('',(#6198,#6199,#6200,#6201));
#6198 = ORIENTED_EDGE('',*,*,#6175,.F.);
#6199 = ORIENTED_EDGE('',*,*,#1496,.F.);
#6200 = ORIENTED_EDGE('',*,*,#6151,.T.);
#6201 = ORIENTED_EDGE('',*,*,#6202,.T.);
#6202 = EDGE_CURVE('',#6152,#6176,#6203,.T.);
#6203 = LINE('',#6204,#6205);
#6204 = CARTESIAN_POINT('',(455.475,52.843176,126.01));
#6205 = VECTOR('',#6206,1.);
#6206 = DIRECTION('',(-1.,0.,0.));
#6207 = PLANE('',#6208);
#6208 = AXIS2_PLACEMENT_3D('',#6209,#6210,#6211);
#6209 = CARTESIAN_POINT('',(455.475,52.843176,125.31));
#6210 = DIRECTION('',(0.,-1.,0.));
#6211 = DIRECTION('',(0.,0.,1.));
#6212 = ADVANCED_FACE('',(#6213),#6238,.F.);
#6213 = FACE_BOUND('',#6214,.F.);
#6214 = EDGE_LOOP('',(#6215,#6223,#6224,#6232));
#6215 = ORIENTED_EDGE('',*,*,#6216,.F.);
#6216 = EDGE_CURVE('',#1515,#6217,#6219,.T.);
#6217 = VERTEX_POINT('',#6218);
#6218 = CARTESIAN_POINT('',(439.875,18.193176,126.01));
#6219 = LINE('',#6220,#6221);
#6220 = CARTESIAN_POINT('',(439.875,18.193176,125.31));
#6221 = VECTOR('',#6222,1.);
#6222 = DIRECTION('',(0.,0.,1.));
#6223 = ORIENTED_EDGE('',*,*,#1512,.F.);
#6224 = ORIENTED_EDGE('',*,*,#6225,.T.);
#6225 = EDGE_CURVE('',#1513,#6226,#6228,.T.);
#6226 = VERTEX_POINT('',#6227);
#6227 = CARTESIAN_POINT('',(455.475,18.193176,126.01));
#6228 = LINE('',#6229,#6230);
#6229 = CARTESIAN_POINT('',(455.475,18.193176,125.31));
#6230 = VECTOR('',#6231,1.);
#6231 = DIRECTION('',(0.,0.,1.));
#6232 = ORIENTED_EDGE('',*,*,#6233,.T.);
#6233 = EDGE_CURVE('',#6226,#6217,#6234,.T.);
#6234 = LINE('',#6235,#6236);
#6235 = CARTESIAN_POINT('',(455.475,18.193176,126.01));
#6236 = VECTOR('',#6237,1.);
#6237 = DIRECTION('',(-1.,0.,0.));
#6238 = PLANE('',#6239);
#6239 = AXIS2_PLACEMENT_3D('',#6240,#6241,#6242);
#6240 = CARTESIAN_POINT('',(455.475,18.193176,125.31));
#6241 = DIRECTION('',(0.,-1.,0.));
#6242 = DIRECTION('',(0.,0.,1.));
#6243 = ADVANCED_FACE('',(#6244),#6262,.T.);
#6244 = FACE_BOUND('',#6245,.T.);
#6245 = EDGE_LOOP('',(#6246,#6254,#6255,#6256));
#6246 = ORIENTED_EDGE('',*,*,#6247,.F.);
#6247 = EDGE_CURVE('',#1523,#6248,#6250,.T.);
#6248 = VERTEX_POINT('',#6249);
#6249 = CARTESIAN_POINT('',(455.475,33.793176,126.01));
#6250 = LINE('',#6251,#6252);
#6251 = CARTESIAN_POINT('',(455.475,33.793176,125.31));
#6252 = VECTOR('',#6253,1.);
#6253 = DIRECTION('',(0.,0.,1.));
#6254 = ORIENTED_EDGE('',*,*,#1522,.F.);
#6255 = ORIENTED_EDGE('',*,*,#6225,.T.);
#6256 = ORIENTED_EDGE('',*,*,#6257,.F.);
#6257 = EDGE_CURVE('',#6248,#6226,#6258,.T.);
#6258 = LINE('',#6259,#6260);
#6259 = CARTESIAN_POINT('',(455.475,33.793176,126.01));
#6260 = VECTOR('',#6261,1.);
#6261 = DIRECTION('',(0.,-1.,0.));
#6262 = PLANE('',#6263);
#6263 = AXIS2_PLACEMENT_3D('',#6264,#6265,#6266);
#6264 = CARTESIAN_POINT('',(455.475,33.793176,125.31));
#6265 = DIRECTION('',(-1.,0.,0.));
#6266 = DIRECTION('',(0.,0.,1.));
#6267 = ADVANCED_FACE('',(#6268),#6286,.F.);
#6268 = FACE_BOUND('',#6269,.F.);
#6269 = EDGE_LOOP('',(#6270,#6278,#6279,#6280));
#6270 = ORIENTED_EDGE('',*,*,#6271,.F.);
#6271 = EDGE_CURVE('',#1531,#6272,#6274,.T.);
#6272 = VERTEX_POINT('',#6273);
#6273 = CARTESIAN_POINT('',(439.875,33.793176,126.01));
#6274 = LINE('',#6275,#6276);
#6275 = CARTESIAN_POINT('',(439.875,33.793176,125.31));
#6276 = VECTOR('',#6277,1.);
#6277 = DIRECTION('',(0.,0.,1.));
#6278 = ORIENTED_EDGE('',*,*,#1538,.F.);
#6279 = ORIENTED_EDGE('',*,*,#6216,.T.);
#6280 = ORIENTED_EDGE('',*,*,#6281,.F.);
#6281 = EDGE_CURVE('',#6272,#6217,#6282,.T.);
#6282 = LINE('',#6283,#6284);
#6283 = CARTESIAN_POINT('',(439.875,33.793176,126.01));
#6284 = VECTOR('',#6285,1.);
#6285 = DIRECTION('',(0.,-1.,0.));
#6286 = PLANE('',#6287);
#6287 = AXIS2_PLACEMENT_3D('',#6288,#6289,#6290);
#6288 = CARTESIAN_POINT('',(439.875,33.793176,125.31));
#6289 = DIRECTION('',(-1.,0.,0.));
#6290 = DIRECTION('',(0.,0.,1.));
#6291 = ADVANCED_FACE('',(#6292),#6303,.T.);
#6292 = FACE_BOUND('',#6293,.T.);
#6293 = EDGE_LOOP('',(#6294,#6295,#6296,#6297));
#6294 = ORIENTED_EDGE('',*,*,#6271,.F.);
#6295 = ORIENTED_EDGE('',*,*,#1530,.F.);
#6296 = ORIENTED_EDGE('',*,*,#6247,.T.);
#6297 = ORIENTED_EDGE('',*,*,#6298,.T.);
#6298 = EDGE_CURVE('',#6248,#6272,#6299,.T.);
#6299 = LINE('',#6300,#6301);
#6300 = CARTESIAN_POINT('',(455.475,33.793176,126.01));
#6301 = VECTOR('',#6302,1.);
#6302 = DIRECTION('',(-1.,0.,0.));
#6303 = PLANE('',#6304);
#6304 = AXIS2_PLACEMENT_3D('',#6305,#6306,#6307);
#6305 = CARTESIAN_POINT('',(455.475,33.793176,125.31));
#6306 = DIRECTION('',(0.,-1.,0.));
#6307 = DIRECTION('',(0.,0.,1.));
#6308 = ADVANCED_FACE('',(#6309),#6334,.F.);
#6309 = FACE_BOUND('',#6310,.F.);
#6310 = EDGE_LOOP('',(#6311,#6319,#6320,#6328));
#6311 = ORIENTED_EDGE('',*,*,#6312,.F.);
#6312 = EDGE_CURVE('',#1549,#6313,#6315,.T.);
#6313 = VERTEX_POINT('',#6314);
#6314 = CARTESIAN_POINT('',(458.925,18.193176,126.01));
#6315 = LINE('',#6316,#6317);
#6316 = CARTESIAN_POINT('',(458.925,18.193176,125.31));
#6317 = VECTOR('',#6318,1.);
#6318 = DIRECTION('',(0.,0.,1.));
#6319 = ORIENTED_EDGE('',*,*,#1546,.F.);
#6320 = ORIENTED_EDGE('',*,*,#6321,.T.);
#6321 = EDGE_CURVE('',#1547,#6322,#6324,.T.);
#6322 = VERTEX_POINT('',#6323);
#6323 = CARTESIAN_POINT('',(474.525,18.193176,126.01));
#6324 = LINE('',#6325,#6326);
#6325 = CARTESIAN_POINT('',(474.525,18.193176,125.31));
#6326 = VECTOR('',#6327,1.);
#6327 = DIRECTION('',(0.,0.,1.));
#6328 = ORIENTED_EDGE('',*,*,#6329,.T.);
#6329 = EDGE_CURVE('',#6322,#6313,#6330,.T.);
#6330 = LINE('',#6331,#6332);
#6331 = CARTESIAN_POINT('',(474.525,18.193176,126.01));
#6332 = VECTOR('',#6333,1.);
#6333 = DIRECTION('',(-1.,0.,0.));
#6334 = PLANE('',#6335);
#6335 = AXIS2_PLACEMENT_3D('',#6336,#6337,#6338);
#6336 = CARTESIAN_POINT('',(474.525,18.193176,125.31));
#6337 = DIRECTION('',(0.,-1.,0.));
#6338 = DIRECTION('',(0.,0.,1.));
#6339 = ADVANCED_FACE('',(#6340),#6358,.T.);
#6340 = FACE_BOUND('',#6341,.T.);
#6341 = EDGE_LOOP('',(#6342,#6350,#6351,#6352));
#6342 = ORIENTED_EDGE('',*,*,#6343,.F.);
#6343 = EDGE_CURVE('',#1557,#6344,#6346,.T.);
#6344 = VERTEX_POINT('',#6345);
#6345 = CARTESIAN_POINT('',(474.525,33.793176,126.01));
#6346 = LINE('',#6347,#6348);
#6347 = CARTESIAN_POINT('',(474.525,33.793176,125.31));
#6348 = VECTOR('',#6349,1.);
#6349 = DIRECTION('',(0.,0.,1.));
#6350 = ORIENTED_EDGE('',*,*,#1556,.F.);
#6351 = ORIENTED_EDGE('',*,*,#6321,.T.);
#6352 = ORIENTED_EDGE('',*,*,#6353,.F.);
#6353 = EDGE_CURVE('',#6344,#6322,#6354,.T.);
#6354 = LINE('',#6355,#6356);
#6355 = CARTESIAN_POINT('',(474.525,33.793176,126.01));
#6356 = VECTOR('',#6357,1.);
#6357 = DIRECTION('',(0.,-1.,0.));
#6358 = PLANE('',#6359);
#6359 = AXIS2_PLACEMENT_3D('',#6360,#6361,#6362);
#6360 = CARTESIAN_POINT('',(474.525,33.793176,125.31));
#6361 = DIRECTION('',(-1.,0.,0.));
#6362 = DIRECTION('',(0.,0.,1.));
#6363 = ADVANCED_FACE('',(#6364),#6382,.F.);
#6364 = FACE_BOUND('',#6365,.F.);
#6365 = EDGE_LOOP('',(#6366,#6374,#6375,#6376));
#6366 = ORIENTED_EDGE('',*,*,#6367,.F.);
#6367 = EDGE_CURVE('',#1565,#6368,#6370,.T.);
#6368 = VERTEX_POINT('',#6369);
#6369 = CARTESIAN_POINT('',(458.925,33.793176,126.01));
#6370 = LINE('',#6371,#6372);
#6371 = CARTESIAN_POINT('',(458.925,33.793176,125.31));
#6372 = VECTOR('',#6373,1.);
#6373 = DIRECTION('',(0.,0.,1.));
#6374 = ORIENTED_EDGE('',*,*,#1572,.F.);
#6375 = ORIENTED_EDGE('',*,*,#6312,.T.);
#6376 = ORIENTED_EDGE('',*,*,#6377,.F.);
#6377 = EDGE_CURVE('',#6368,#6313,#6378,.T.);
#6378 = LINE('',#6379,#6380);
#6379 = CARTESIAN_POINT('',(458.925,33.793176,126.01));
#6380 = VECTOR('',#6381,1.);
#6381 = DIRECTION('',(0.,-1.,0.));
#6382 = PLANE('',#6383);
#6383 = AXIS2_PLACEMENT_3D('',#6384,#6385,#6386);
#6384 = CARTESIAN_POINT('',(458.925,33.793176,125.31));
#6385 = DIRECTION('',(-1.,0.,0.));
#6386 = DIRECTION('',(0.,0.,1.));
#6387 = ADVANCED_FACE('',(#6388),#6399,.T.);
#6388 = FACE_BOUND('',#6389,.T.);
#6389 = EDGE_LOOP('',(#6390,#6391,#6392,#6393));
#6390 = ORIENTED_EDGE('',*,*,#6367,.F.);
#6391 = ORIENTED_EDGE('',*,*,#1564,.F.);
#6392 = ORIENTED_EDGE('',*,*,#6343,.T.);
#6393 = ORIENTED_EDGE('',*,*,#6394,.T.);
#6394 = EDGE_CURVE('',#6344,#6368,#6395,.T.);
#6395 = LINE('',#6396,#6397);
#6396 = CARTESIAN_POINT('',(474.525,33.793176,126.01));
#6397 = VECTOR('',#6398,1.);
#6398 = DIRECTION('',(-1.,0.,0.));
#6399 = PLANE('',#6400);
#6400 = AXIS2_PLACEMENT_3D('',#6401,#6402,#6403);
#6401 = CARTESIAN_POINT('',(474.525,33.793176,125.31));
#6402 = DIRECTION('',(0.,-1.,0.));
#6403 = DIRECTION('',(0.,0.,1.));
#6404 = ADVANCED_FACE('',(#6405),#6416,.F.);
#6405 = FACE_BOUND('',#6406,.F.);
#6406 = EDGE_LOOP('',(#6407,#6413,#6414,#6415));
#6407 = ORIENTED_EDGE('',*,*,#6408,.T.);
#6408 = EDGE_CURVE('',#1581,#2783,#6409,.T.);
#6409 = LINE('',#6410,#6411);
#6410 = CARTESIAN_POINT('',(484.6,20.,74.51));
#6411 = VECTOR('',#6412,1.);
#6412 = DIRECTION('',(0.,0.,1.));
#6413 = ORIENTED_EDGE('',*,*,#2782,.T.);
#6414 = ORIENTED_EDGE('',*,*,#6408,.F.);
#6415 = ORIENTED_EDGE('',*,*,#1580,.T.);
#6416 = CYLINDRICAL_SURFACE('',#6417,1.1);
#6417 = AXIS2_PLACEMENT_3D('',#6418,#6419,#6420);
#6418 = CARTESIAN_POINT('',(483.5,20.,74.51));
#6419 = DIRECTION('',(0.,0.,1.));
#6420 = DIRECTION('',(-1.,0.,0.));
#6421 = ADVANCED_FACE('',(#6422),#6434,.T.);
#6422 = FACE_BOUND('',#6423,.F.);
#6423 = EDGE_LOOP('',(#6424,#6425,#6426,#6433));
#6424 = ORIENTED_EDGE('',*,*,#2848,.T.);
#6425 = ORIENTED_EDGE('',*,*,#3315,.T.);
#6426 = ORIENTED_EDGE('',*,*,#6427,.F.);
#6427 = EDGE_CURVE('',#1633,#3306,#6428,.T.);
#6428 = CIRCLE('',#6429,0.8);
#6429 = AXIS2_PLACEMENT_3D('',#6430,#6431,#6432);
#6430 = CARTESIAN_POINT('',(485.88499738523,162.24819999999,126.71));
#6431 = DIRECTION('',(-1.,2.352E-14,0.));
#6432 = DIRECTION('',(0.,0.,1.));
#6433 = ORIENTED_EDGE('',*,*,#1632,.F.);
#6434 = CYLINDRICAL_SURFACE('',#6435,0.8);
#6435 = AXIS2_PLACEMENT_3D('',#6436,#6437,#6438);
#6436 = CARTESIAN_POINT('',(404.3125,162.2482,126.71));
#6437 = DIRECTION('',(1.,-2.352E-14,0.));
#6438 = DIRECTION('',(-0.,0.,1.));
#6439 = ADVANCED_FACE('',(#6440),#6452,.T.);
#6440 = FACE_BOUND('',#6441,.F.);
#6441 = EDGE_LOOP('',(#6442,#6449,#6450,#6451));
#6442 = ORIENTED_EDGE('',*,*,#6443,.T.);
#6443 = EDGE_CURVE('',#1675,#2970,#6444,.T.);
#6444 = CIRCLE('',#6445,0.8);
#6445 = AXIS2_PLACEMENT_3D('',#6446,#6447,#6448);
#6446 = CARTESIAN_POINT('',(399.6125,11.810700000001,126.71));
#6447 = DIRECTION('',(6.92E-15,-1.,0.));
#6448 = DIRECTION('',(-1.,-6.92E-15,0.));
#6449 = ORIENTED_EDGE('',*,*,#3004,.T.);
#6450 = ORIENTED_EDGE('',*,*,#3018,.F.);
#6451 = ORIENTED_EDGE('',*,*,#1683,.F.);
#6452 = CYLINDRICAL_SURFACE('',#6453,0.8);
#6453 = AXIS2_PLACEMENT_3D('',#6454,#6455,#6456);
#6454 = CARTESIAN_POINT('',(399.6125,11.810700000001,126.71));
#6455 = DIRECTION('',(-0.,1.,-0.));
#6456 = DIRECTION('',(0.,0.,1.));
#6457 = ADVANCED_FACE('',(#6458),#6470,.T.);
#6458 = FACE_BOUND('',#6459,.T.);
#6459 = EDGE_LOOP('',(#6460,#6461,#6462,#6469));
#6460 = ORIENTED_EDGE('',*,*,#6427,.F.);
#6461 = ORIENTED_EDGE('',*,*,#1640,.T.);
#6462 = ORIENTED_EDGE('',*,*,#6463,.T.);
#6463 = EDGE_CURVE('',#1641,#2890,#6464,.T.);
#6464 = CIRCLE('',#6465,0.8);
#6465 = AXIS2_PLACEMENT_3D('',#6466,#6467,#6468);
#6466 = CARTESIAN_POINT('',(490.585,157.54820021733,126.71));
#6467 = DIRECTION('',(2.7166371735E-07,1.,0.));
#6468 = DIRECTION('',(1.,-2.7166371735E-07,0.));
#6469 = ORIENTED_EDGE('',*,*,#3330,.F.);
#6470 = TOROIDAL_SURFACE('',#6471,4.69999850585,0.8);
#6471 = AXIS2_PLACEMENT_3D('',#6472,#6473,#6474);
#6472 = CARTESIAN_POINT('',(485.88500149415,157.54820149415,126.71));
#6473 = DIRECTION('',(0.,0.,-1.));
#6474 = DIRECTION('',(-7.4707551156E-07,1.,0.));
#6475 = ADVANCED_FACE('',(#6476),#6488,.T.);
#6476 = FACE_BOUND('',#6477,.T.);
#6477 = EDGE_LOOP('',(#6478,#6485,#6486,#6487));
#6478 = ORIENTED_EDGE('',*,*,#6479,.F.);
#6479 = EDGE_CURVE('',#1667,#2947,#6480,.T.);
#6480 = CIRCLE('',#6481,0.8);
#6481 = AXIS2_PLACEMENT_3D('',#6482,#6483,#6484);
#6482 = CARTESIAN_POINT('',(404.3125,7.110700000001,126.71));
#6483 = DIRECTION('',(1.,-1.938E-14,-0.));
#6484 = DIRECTION('',(0.,-0.,1.));
#6485 = ORIENTED_EDGE('',*,*,#1674,.T.);
#6486 = ORIENTED_EDGE('',*,*,#6443,.T.);
#6487 = ORIENTED_EDGE('',*,*,#2979,.F.);
#6488 = TOROIDAL_SURFACE('',#6489,4.7,0.8);
#6489 = AXIS2_PLACEMENT_3D('',#6490,#6491,#6492);
#6490 = CARTESIAN_POINT('',(404.3125,11.810700000001,126.71));
#6491 = DIRECTION('',(0.,0.,-1.));
#6492 = DIRECTION('',(-2.067E-14,-1.,-0.));
#6493 = ADVANCED_FACE('',(#6494),#6506,.T.);
#6494 = FACE_BOUND('',#6495,.F.);
#6495 = EDGE_LOOP('',(#6496,#6497,#6498,#6505));
#6496 = ORIENTED_EDGE('',*,*,#6463,.T.);
#6497 = ORIENTED_EDGE('',*,*,#2897,.T.);
#6498 = ORIENTED_EDGE('',*,*,#6499,.F.);
#6499 = EDGE_CURVE('',#1650,#2898,#6500,.T.);
#6500 = CIRCLE('',#6501,0.8);
#6501 = AXIS2_PLACEMENT_3D('',#6502,#6503,#6504);
#6502 = CARTESIAN_POINT('',(490.58499999999,11.810702614764,126.71));
#6503 = DIRECTION('',(3.9E-15,1.,-0.));
#6504 = DIRECTION('',(0.,0.,1.));
#6505 = ORIENTED_EDGE('',*,*,#1649,.F.);
#6506 = CYLINDRICAL_SURFACE('',#6507,0.8);
#6507 = AXIS2_PLACEMENT_3D('',#6508,#6509,#6510);
#6508 = CARTESIAN_POINT('',(490.585,157.5482,126.71));
#6509 = DIRECTION('',(-3.9E-15,-1.,0.));
#6510 = DIRECTION('',(0.,0.,1.));
#6511 = ADVANCED_FACE('',(#6512),#6524,.T.);
#6512 = FACE_BOUND('',#6513,.F.);
#6513 = EDGE_LOOP('',(#6514,#6521,#6522,#6523));
#6514 = ORIENTED_EDGE('',*,*,#6515,.T.);
#6515 = EDGE_CURVE('',#1658,#2922,#6516,.T.);
#6516 = CIRCLE('',#6517,0.8);
#6517 = AXIS2_PLACEMENT_3D('',#6518,#6519,#6520);
#6518 = CARTESIAN_POINT('',(485.88500021733,7.1107,126.71));
#6519 = DIRECTION('',(1.,-2.7166371558E-07,0.));
#6520 = DIRECTION('',(-2.7166371558E-07,-1.,0.));
#6521 = ORIENTED_EDGE('',*,*,#2946,.T.);
#6522 = ORIENTED_EDGE('',*,*,#6479,.F.);
#6523 = ORIENTED_EDGE('',*,*,#1666,.F.);
#6524 = CYLINDRICAL_SURFACE('',#6525,0.8);
#6525 = AXIS2_PLACEMENT_3D('',#6526,#6527,#6528);
#6526 = CARTESIAN_POINT('',(485.885,7.1107,126.71));
#6527 = DIRECTION('',(-1.,1.938E-14,0.));
#6528 = DIRECTION('',(0.,0.,1.));
#6529 = ADVANCED_FACE('',(#6530),#6536,.T.);
#6530 = FACE_BOUND('',#6531,.T.);
#6531 = EDGE_LOOP('',(#6532,#6533,#6534,#6535));
#6532 = ORIENTED_EDGE('',*,*,#6499,.F.);
#6533 = ORIENTED_EDGE('',*,*,#1657,.T.);
#6534 = ORIENTED_EDGE('',*,*,#6515,.T.);
#6535 = ORIENTED_EDGE('',*,*,#2921,.F.);
#6536 = TOROIDAL_SURFACE('',#6537,4.699998505851,0.8);
#6537 = AXIS2_PLACEMENT_3D('',#6538,#6539,#6540);
#6538 = CARTESIAN_POINT('',(485.88500149415,11.81069850585,126.71));
#6539 = DIRECTION('',(0.,0.,-1.));
#6540 = DIRECTION('',(1.,7.4707551866E-07,0.));
#6541 = ADVANCED_FACE('',(#6542),#6567,.F.);
#6542 = FACE_BOUND('',#6543,.F.);
#6543 = EDGE_LOOP('',(#6544,#6545,#6553,#6561));
#6544 = ORIENTED_EDGE('',*,*,#1700,.T.);
#6545 = ORIENTED_EDGE('',*,*,#6546,.T.);
#6546 = EDGE_CURVE('',#1703,#6547,#6549,.T.);
#6547 = VERTEX_POINT('',#6548);
#6548 = CARTESIAN_POINT('',(435.625,76.403176,126.01));
#6549 = LINE('',#6550,#6551);
#6550 = CARTESIAN_POINT('',(435.625,76.403176,139.995));
#6551 = VECTOR('',#6552,1.);
#6552 = DIRECTION('',(0.,0.,-1.));
#6553 = ORIENTED_EDGE('',*,*,#6554,.F.);
#6554 = EDGE_CURVE('',#6555,#6547,#6557,.T.);
#6555 = VERTEX_POINT('',#6556);
#6556 = CARTESIAN_POINT('',(435.625,80.618176,126.01));
#6557 = LINE('',#6558,#6559);
#6558 = CARTESIAN_POINT('',(435.625,77.155108617187,126.01));
#6559 = VECTOR('',#6560,1.);
#6560 = DIRECTION('',(0.,-1.,0.));
#6561 = ORIENTED_EDGE('',*,*,#6562,.T.);
#6562 = EDGE_CURVE('',#6555,#1701,#6563,.T.);
#6563 = LINE('',#6564,#6565);
#6564 = CARTESIAN_POINT('',(435.625,80.618176,124.51));
#6565 = VECTOR('',#6566,1.);
#6566 = DIRECTION('',(0.,0.,1.));
#6567 = PLANE('',#6568);
#6568 = AXIS2_PLACEMENT_3D('',#6569,#6570,#6571);
#6569 = CARTESIAN_POINT('',(435.625,81.103176,139.995));
#6570 = DIRECTION('',(1.,0.,0.));
#6571 = DIRECTION('',(0.,-1.,0.));
#6572 = ADVANCED_FACE('',(#6573),#6591,.T.);
#6573 = FACE_BOUND('',#6574,.T.);
#6574 = EDGE_LOOP('',(#6575,#6583,#6584,#6585));
#6575 = ORIENTED_EDGE('',*,*,#6576,.F.);
#6576 = EDGE_CURVE('',#6555,#6577,#6579,.T.);
#6577 = VERTEX_POINT('',#6578);
#6578 = CARTESIAN_POINT('',(421.625,80.618176,126.01));
#6579 = LINE('',#6580,#6581);
#6580 = CARTESIAN_POINT('',(432.125,80.618176,126.01));
#6581 = VECTOR('',#6582,1.);
#6582 = DIRECTION('',(-1.,1.2E-16,0.));
#6583 = ORIENTED_EDGE('',*,*,#6562,.T.);
#6584 = ORIENTED_EDGE('',*,*,#1710,.T.);
#6585 = ORIENTED_EDGE('',*,*,#6586,.F.);
#6586 = EDGE_CURVE('',#6577,#1711,#6587,.T.);
#6587 = LINE('',#6588,#6589);
#6588 = CARTESIAN_POINT('',(421.625,80.618176,124.51));
#6589 = VECTOR('',#6590,1.);
#6590 = DIRECTION('',(0.,0.,1.));
#6591 = PLANE('',#6592);
#6592 = AXIS2_PLACEMENT_3D('',#6593,#6594,#6595);
#6593 = CARTESIAN_POINT('',(435.625,80.618176,125.51));
#6594 = DIRECTION('',(0.,-1.,0.));
#6595 = DIRECTION('',(0.,0.,1.));
#6596 = ADVANCED_FACE('',(#6597),#6615,.F.);
#6597 = FACE_BOUND('',#6598,.F.);
#6598 = EDGE_LOOP('',(#6599,#6600,#6608,#6614));
#6599 = ORIENTED_EDGE('',*,*,#6586,.F.);
#6600 = ORIENTED_EDGE('',*,*,#6601,.F.);
#6601 = EDGE_CURVE('',#6602,#6577,#6604,.T.);
#6602 = VERTEX_POINT('',#6603);
#6603 = CARTESIAN_POINT('',(421.625,76.403176,126.01));
#6604 = LINE('',#6605,#6606);
#6605 = CARTESIAN_POINT('',(421.625,74.805108617187,126.01));
#6606 = VECTOR('',#6607,1.);
#6607 = DIRECTION('',(0.,1.,0.));
#6608 = ORIENTED_EDGE('',*,*,#6609,.F.);
#6609 = EDGE_CURVE('',#1719,#6602,#6610,.T.);
#6610 = LINE('',#6611,#6612);
#6611 = CARTESIAN_POINT('',(421.625,76.403176,139.995));
#6612 = VECTOR('',#6613,1.);
#6613 = DIRECTION('',(0.,0.,-1.));
#6614 = ORIENTED_EDGE('',*,*,#1718,.T.);
#6615 = PLANE('',#6616);
#6616 = AXIS2_PLACEMENT_3D('',#6617,#6618,#6619);
#6617 = CARTESIAN_POINT('',(421.625,76.403176,139.995));
#6618 = DIRECTION('',(-1.,0.,0.));
#6619 = DIRECTION('',(0.,1.,0.));
#6620 = ADVANCED_FACE('',(#6621),#6639,.F.);
#6621 = FACE_BOUND('',#6622,.F.);
#6622 = EDGE_LOOP('',(#6623,#6624,#6632,#6638));
#6623 = ORIENTED_EDGE('',*,*,#6609,.T.);
#6624 = ORIENTED_EDGE('',*,*,#6625,.F.);
#6625 = EDGE_CURVE('',#6626,#6602,#6628,.T.);
#6626 = VERTEX_POINT('',#6627);
#6627 = CARTESIAN_POINT('',(420.1,76.403176,126.01));
#6628 = LINE('',#6629,#6630);
#6629 = CARTESIAN_POINT('',(424.3625,76.403176,126.01));
#6630 = VECTOR('',#6631,1.);
#6631 = DIRECTION('',(1.,0.,0.));
#6632 = ORIENTED_EDGE('',*,*,#6633,.F.);
#6633 = EDGE_CURVE('',#1727,#6626,#6634,.T.);
#6634 = LINE('',#6635,#6636);
#6635 = CARTESIAN_POINT('',(420.1,76.403176,139.995));
#6636 = VECTOR('',#6637,1.);
#6637 = DIRECTION('',(0.,0.,-1.));
#6638 = ORIENTED_EDGE('',*,*,#1726,.T.);
#6639 = PLANE('',#6640);
#6640 = AXIS2_PLACEMENT_3D('',#6641,#6642,#6643);
#6641 = CARTESIAN_POINT('',(420.1,76.403176,139.995));
#6642 = DIRECTION('',(0.,1.,0.));
#6643 = DIRECTION('',(1.,0.,0.));
#6644 = ADVANCED_FACE('',(#6645),#6663,.F.);
#6645 = FACE_BOUND('',#6646,.F.);
#6646 = EDGE_LOOP('',(#6647,#6648,#6656,#6662));
#6647 = ORIENTED_EDGE('',*,*,#6633,.T.);
#6648 = ORIENTED_EDGE('',*,*,#6649,.F.);
#6649 = EDGE_CURVE('',#6650,#6626,#6652,.T.);
#6650 = VERTEX_POINT('',#6651);
#6651 = CARTESIAN_POINT('',(420.1,79.633176,126.01));
#6652 = LINE('',#6653,#6654);
#6653 = CARTESIAN_POINT('',(420.1,76.420108617188,126.01));
#6654 = VECTOR('',#6655,1.);
#6655 = DIRECTION('',(0.,-1.,0.));
#6656 = ORIENTED_EDGE('',*,*,#6657,.F.);
#6657 = EDGE_CURVE('',#1735,#6650,#6658,.T.);
#6658 = LINE('',#6659,#6660);
#6659 = CARTESIAN_POINT('',(420.1,79.633176,139.995));
#6660 = VECTOR('',#6661,1.);
#6661 = DIRECTION('',(0.,0.,-1.));
#6662 = ORIENTED_EDGE('',*,*,#1734,.T.);
#6663 = PLANE('',#6664);
#6664 = AXIS2_PLACEMENT_3D('',#6665,#6666,#6667);
#6665 = CARTESIAN_POINT('',(420.1,79.633176,139.995));
#6666 = DIRECTION('',(1.,0.,0.));
#6667 = DIRECTION('',(0.,-1.,0.));
#6668 = ADVANCED_FACE('',(#6669),#6687,.F.);
#6669 = FACE_BOUND('',#6670,.F.);
#6670 = EDGE_LOOP('',(#6671,#6672,#6680,#6686));
#6671 = ORIENTED_EDGE('',*,*,#6657,.T.);
#6672 = ORIENTED_EDGE('',*,*,#6673,.F.);
#6673 = EDGE_CURVE('',#6674,#6650,#6676,.T.);
#6674 = VERTEX_POINT('',#6675);
#6675 = CARTESIAN_POINT('',(413.35,79.633176,126.01));
#6676 = LINE('',#6677,#6678);
#6677 = CARTESIAN_POINT('',(420.9875,79.633176,126.01));
#6678 = VECTOR('',#6679,1.);
#6679 = DIRECTION('',(1.,0.,0.));
#6680 = ORIENTED_EDGE('',*,*,#6681,.F.);
#6681 = EDGE_CURVE('',#1743,#6674,#6682,.T.);
#6682 = LINE('',#6683,#6684);
#6683 = CARTESIAN_POINT('',(413.35,79.633176,139.995));
#6684 = VECTOR('',#6685,1.);
#6685 = DIRECTION('',(0.,0.,-1.));
#6686 = ORIENTED_EDGE('',*,*,#1742,.T.);
#6687 = PLANE('',#6688);
#6688 = AXIS2_PLACEMENT_3D('',#6689,#6690,#6691);
#6689 = CARTESIAN_POINT('',(413.35,79.633176,139.995));
#6690 = DIRECTION('',(0.,1.,0.));
#6691 = DIRECTION('',(1.,0.,0.));
#6692 = ADVANCED_FACE('',(#6693),#6711,.F.);
#6693 = FACE_BOUND('',#6694,.F.);
#6694 = EDGE_LOOP('',(#6695,#6696,#6704,#6710));
#6695 = ORIENTED_EDGE('',*,*,#6681,.T.);
#6696 = ORIENTED_EDGE('',*,*,#6697,.F.);
#6697 = EDGE_CURVE('',#6698,#6674,#6700,.T.);
#6698 = VERTEX_POINT('',#6699);
#6699 = CARTESIAN_POINT('',(413.35,76.403176,126.01));
#6700 = LINE('',#6701,#6702);
#6701 = CARTESIAN_POINT('',(413.35,74.805108617187,126.01));
#6702 = VECTOR('',#6703,1.);
#6703 = DIRECTION('',(0.,1.,0.));
#6704 = ORIENTED_EDGE('',*,*,#6705,.F.);
#6705 = EDGE_CURVE('',#1751,#6698,#6706,.T.);
#6706 = LINE('',#6707,#6708);
#6707 = CARTESIAN_POINT('',(413.35,76.403176,139.995));
#6708 = VECTOR('',#6709,1.);
#6709 = DIRECTION('',(0.,0.,-1.));
#6710 = ORIENTED_EDGE('',*,*,#1750,.T.);
#6711 = PLANE('',#6712);
#6712 = AXIS2_PLACEMENT_3D('',#6713,#6714,#6715);
#6713 = CARTESIAN_POINT('',(413.35,76.403176,139.995));
#6714 = DIRECTION('',(-1.,0.,0.));
#6715 = DIRECTION('',(0.,1.,0.));
#6716 = ADVANCED_FACE('',(#6717),#6735,.F.);
#6717 = FACE_BOUND('',#6718,.F.);
#6718 = EDGE_LOOP('',(#6719,#6720,#6728,#6734));
#6719 = ORIENTED_EDGE('',*,*,#6705,.T.);
#6720 = ORIENTED_EDGE('',*,*,#6721,.F.);
#6721 = EDGE_CURVE('',#6722,#6698,#6724,.T.);
#6722 = VERTEX_POINT('',#6723);
#6723 = CARTESIAN_POINT('',(412.525,76.403176,126.01));
#6724 = LINE('',#6725,#6726);
#6725 = CARTESIAN_POINT('',(420.575,76.403176,126.01));
#6726 = VECTOR('',#6727,1.);
#6727 = DIRECTION('',(1.,0.,0.));
#6728 = ORIENTED_EDGE('',*,*,#6729,.F.);
#6729 = EDGE_CURVE('',#1759,#6722,#6730,.T.);
#6730 = LINE('',#6731,#6732);
#6731 = CARTESIAN_POINT('',(412.525,76.403176,139.995));
#6732 = VECTOR('',#6733,1.);
#6733 = DIRECTION('',(0.,0.,-1.));
#6734 = ORIENTED_EDGE('',*,*,#1758,.T.);
#6735 = PLANE('',#6736);
#6736 = AXIS2_PLACEMENT_3D('',#6737,#6738,#6739);
#6737 = CARTESIAN_POINT('',(412.525,76.403176,139.995));
#6738 = DIRECTION('',(0.,1.,0.));
#6739 = DIRECTION('',(1.,0.,0.));
#6740 = ADVANCED_FACE('',(#6741),#6759,.F.);
#6741 = FACE_BOUND('',#6742,.F.);
#6742 = EDGE_LOOP('',(#6743,#6744,#6752,#6758));
#6743 = ORIENTED_EDGE('',*,*,#6729,.T.);
#6744 = ORIENTED_EDGE('',*,*,#6745,.F.);
#6745 = EDGE_CURVE('',#6746,#6722,#6748,.T.);
#6746 = VERTEX_POINT('',#6747);
#6747 = CARTESIAN_POINT('',(412.525,73.618176,126.01));
#6748 = LINE('',#6749,#6750);
#6749 = CARTESIAN_POINT('',(412.525,73.412608617188,126.01));
#6750 = VECTOR('',#6751,1.);
#6751 = DIRECTION('',(0.,1.,0.));
#6752 = ORIENTED_EDGE('',*,*,#6753,.F.);
#6753 = EDGE_CURVE('',#1767,#6746,#6754,.T.);
#6754 = LINE('',#6755,#6756);
#6755 = CARTESIAN_POINT('',(412.525,73.618176,139.995));
#6756 = VECTOR('',#6757,1.);
#6757 = DIRECTION('',(0.,0.,-1.));
#6758 = ORIENTED_EDGE('',*,*,#1766,.T.);
#6759 = PLANE('',#6760);
#6760 = AXIS2_PLACEMENT_3D('',#6761,#6762,#6763);
#6761 = CARTESIAN_POINT('',(412.525,73.618176,139.995));
#6762 = DIRECTION('',(-1.,0.,0.));
#6763 = DIRECTION('',(0.,1.,0.));
#6764 = ADVANCED_FACE('',(#6765),#6783,.F.);
#6765 = FACE_BOUND('',#6766,.F.);
#6766 = EDGE_LOOP('',(#6767,#6768,#6776,#6782));
#6767 = ORIENTED_EDGE('',*,*,#6753,.T.);
#6768 = ORIENTED_EDGE('',*,*,#6769,.F.);
#6769 = EDGE_CURVE('',#6770,#6746,#6772,.T.);
#6770 = VERTEX_POINT('',#6771);
#6771 = CARTESIAN_POINT('',(413.35,73.618176,126.01));
#6772 = LINE('',#6773,#6774);
#6773 = CARTESIAN_POINT('',(420.9875,73.618176,126.01));
#6774 = VECTOR('',#6775,1.);
#6775 = DIRECTION('',(-1.,0.,0.));
#6776 = ORIENTED_EDGE('',*,*,#6777,.F.);
#6777 = EDGE_CURVE('',#1775,#6770,#6778,.T.);
#6778 = LINE('',#6779,#6780);
#6779 = CARTESIAN_POINT('',(413.35,73.618176,139.995));
#6780 = VECTOR('',#6781,1.);
#6781 = DIRECTION('',(0.,0.,-1.));
#6782 = ORIENTED_EDGE('',*,*,#1774,.T.);
#6783 = PLANE('',#6784);
#6784 = AXIS2_PLACEMENT_3D('',#6785,#6786,#6787);
#6785 = CARTESIAN_POINT('',(413.35,73.618176,139.995));
#6786 = DIRECTION('',(0.,-1.,0.));
#6787 = DIRECTION('',(-1.,0.,0.));
#6788 = ADVANCED_FACE('',(#6789),#6807,.F.);
#6789 = FACE_BOUND('',#6790,.F.);
#6790 = EDGE_LOOP('',(#6791,#6792,#6800,#6806));
#6791 = ORIENTED_EDGE('',*,*,#6777,.T.);
#6792 = ORIENTED_EDGE('',*,*,#6793,.F.);
#6793 = EDGE_CURVE('',#6794,#6770,#6796,.T.);
#6794 = VERTEX_POINT('',#6795);
#6795 = CARTESIAN_POINT('',(413.35,67.333176,126.01));
#6796 = LINE('',#6797,#6798);
#6797 = CARTESIAN_POINT('',(413.35,70.270108617188,126.01));
#6798 = VECTOR('',#6799,1.);
#6799 = DIRECTION('',(0.,1.,0.));
#6800 = ORIENTED_EDGE('',*,*,#6801,.F.);
#6801 = EDGE_CURVE('',#1783,#6794,#6802,.T.);
#6802 = LINE('',#6803,#6804);
#6803 = CARTESIAN_POINT('',(413.35,67.333176,139.995));
#6804 = VECTOR('',#6805,1.);
#6805 = DIRECTION('',(0.,0.,-1.));
#6806 = ORIENTED_EDGE('',*,*,#1782,.T.);
#6807 = PLANE('',#6808);
#6808 = AXIS2_PLACEMENT_3D('',#6809,#6810,#6811);
#6809 = CARTESIAN_POINT('',(413.35,67.333176,139.995));
#6810 = DIRECTION('',(-1.,0.,0.));
#6811 = DIRECTION('',(0.,1.,0.));
#6812 = ADVANCED_FACE('',(#6813),#6831,.F.);
#6813 = FACE_BOUND('',#6814,.F.);
#6814 = EDGE_LOOP('',(#6815,#6816,#6824,#6830));
#6815 = ORIENTED_EDGE('',*,*,#6801,.T.);
#6816 = ORIENTED_EDGE('',*,*,#6817,.F.);
#6817 = EDGE_CURVE('',#6818,#6794,#6820,.T.);
#6818 = VERTEX_POINT('',#6819);
#6819 = CARTESIAN_POINT('',(415.075,67.333176,126.01));
#6820 = LINE('',#6821,#6822);
#6821 = CARTESIAN_POINT('',(421.85,67.333176,126.01));
#6822 = VECTOR('',#6823,1.);
#6823 = DIRECTION('',(-1.,0.,0.));
#6824 = ORIENTED_EDGE('',*,*,#6825,.F.);
#6825 = EDGE_CURVE('',#1791,#6818,#6826,.T.);
#6826 = LINE('',#6827,#6828);
#6827 = CARTESIAN_POINT('',(415.075,67.333176,139.995));
#6828 = VECTOR('',#6829,1.);
#6829 = DIRECTION('',(0.,0.,-1.));
#6830 = ORIENTED_EDGE('',*,*,#1790,.T.);
#6831 = PLANE('',#6832);
#6832 = AXIS2_PLACEMENT_3D('',#6833,#6834,#6835);
#6833 = CARTESIAN_POINT('',(415.075,67.333176,139.995));
#6834 = DIRECTION('',(0.,-1.,0.));
#6835 = DIRECTION('',(-1.,0.,0.));
#6836 = ADVANCED_FACE('',(#6837),#6855,.F.);
#6837 = FACE_BOUND('',#6838,.F.);
#6838 = EDGE_LOOP('',(#6839,#6840,#6848,#6854));
#6839 = ORIENTED_EDGE('',*,*,#6825,.T.);
#6840 = ORIENTED_EDGE('',*,*,#6841,.F.);
#6841 = EDGE_CURVE('',#6842,#6818,#6844,.T.);
#6842 = VERTEX_POINT('',#6843);
#6843 = CARTESIAN_POINT('',(415.075,66.133176,126.01));
#6844 = LINE('',#6845,#6846);
#6845 = CARTESIAN_POINT('',(415.075,69.670108617188,126.01));
#6846 = VECTOR('',#6847,1.);
#6847 = DIRECTION('',(0.,1.,0.));
#6848 = ORIENTED_EDGE('',*,*,#6849,.F.);
#6849 = EDGE_CURVE('',#1799,#6842,#6850,.T.);
#6850 = LINE('',#6851,#6852);
#6851 = CARTESIAN_POINT('',(415.075,66.133176,139.995));
#6852 = VECTOR('',#6853,1.);
#6853 = DIRECTION('',(0.,0.,-1.));
#6854 = ORIENTED_EDGE('',*,*,#1798,.T.);
#6855 = PLANE('',#6856);
#6856 = AXIS2_PLACEMENT_3D('',#6857,#6858,#6859);
#6857 = CARTESIAN_POINT('',(415.075,66.133176,139.995));
#6858 = DIRECTION('',(-1.,0.,0.));
#6859 = DIRECTION('',(0.,1.,0.));
#6860 = ADVANCED_FACE('',(#6861),#6879,.F.);
#6861 = FACE_BOUND('',#6862,.F.);
#6862 = EDGE_LOOP('',(#6863,#6864,#6872,#6878));
#6863 = ORIENTED_EDGE('',*,*,#6849,.T.);
#6864 = ORIENTED_EDGE('',*,*,#6865,.F.);
#6865 = EDGE_CURVE('',#6866,#6842,#6868,.T.);
#6866 = VERTEX_POINT('',#6867);
#6867 = CARTESIAN_POINT('',(418.375,66.133176,126.01));
#6868 = LINE('',#6869,#6870);
#6869 = CARTESIAN_POINT('',(423.5,66.133176,126.01));
#6870 = VECTOR('',#6871,1.);
#6871 = DIRECTION('',(-1.,0.,0.));
#6872 = ORIENTED_EDGE('',*,*,#6873,.F.);
#6873 = EDGE_CURVE('',#1807,#6866,#6874,.T.);
#6874 = LINE('',#6875,#6876);
#6875 = CARTESIAN_POINT('',(418.375,66.133176,139.995));
#6876 = VECTOR('',#6877,1.);
#6877 = DIRECTION('',(0.,0.,-1.));
#6878 = ORIENTED_EDGE('',*,*,#1806,.T.);
#6879 = PLANE('',#6880);
#6880 = AXIS2_PLACEMENT_3D('',#6881,#6882,#6883);
#6881 = CARTESIAN_POINT('',(418.375,66.133176,139.995));
#6882 = DIRECTION('',(0.,-1.,0.));
#6883 = DIRECTION('',(-1.,0.,0.));
#6884 = ADVANCED_FACE('',(#6885),#6903,.F.);
#6885 = FACE_BOUND('',#6886,.F.);
#6886 = EDGE_LOOP('',(#6887,#6888,#6896,#6902));
#6887 = ORIENTED_EDGE('',*,*,#6873,.T.);
#6888 = ORIENTED_EDGE('',*,*,#6889,.F.);
#6889 = EDGE_CURVE('',#6890,#6866,#6892,.T.);
#6890 = VERTEX_POINT('',#6891);
#6891 = CARTESIAN_POINT('',(418.375,67.333176,126.01));
#6892 = LINE('',#6893,#6894);
#6893 = CARTESIAN_POINT('',(418.375,70.270108617188,126.01));
#6894 = VECTOR('',#6895,1.);
#6895 = DIRECTION('',(0.,-1.,0.));
#6896 = ORIENTED_EDGE('',*,*,#6897,.F.);
#6897 = EDGE_CURVE('',#1815,#6890,#6898,.T.);
#6898 = LINE('',#6899,#6900);
#6899 = CARTESIAN_POINT('',(418.375,67.333176,139.995));
#6900 = VECTOR('',#6901,1.);
#6901 = DIRECTION('',(0.,0.,-1.));
#6902 = ORIENTED_EDGE('',*,*,#1814,.T.);
#6903 = PLANE('',#6904);
#6904 = AXIS2_PLACEMENT_3D('',#6905,#6906,#6907);
#6905 = CARTESIAN_POINT('',(418.375,67.333176,139.995));
#6906 = DIRECTION('',(1.,0.,0.));
#6907 = DIRECTION('',(0.,-1.,0.));
#6908 = ADVANCED_FACE('',(#6909),#6927,.F.);
#6909 = FACE_BOUND('',#6910,.F.);
#6910 = EDGE_LOOP('',(#6911,#6912,#6920,#6926));
#6911 = ORIENTED_EDGE('',*,*,#6897,.T.);
#6912 = ORIENTED_EDGE('',*,*,#6913,.F.);
#6913 = EDGE_CURVE('',#6914,#6890,#6916,.T.);
#6914 = VERTEX_POINT('',#6915);
#6915 = CARTESIAN_POINT('',(420.1,67.333176,126.01));
#6916 = LINE('',#6917,#6918);
#6917 = CARTESIAN_POINT('',(424.3625,67.333176,126.01));
#6918 = VECTOR('',#6919,1.);
#6919 = DIRECTION('',(-1.,0.,0.));
#6920 = ORIENTED_EDGE('',*,*,#6921,.F.);
#6921 = EDGE_CURVE('',#1823,#6914,#6922,.T.);
#6922 = LINE('',#6923,#6924);
#6923 = CARTESIAN_POINT('',(420.1,67.333176,139.995));
#6924 = VECTOR('',#6925,1.);
#6925 = DIRECTION('',(0.,0.,-1.));
#6926 = ORIENTED_EDGE('',*,*,#1822,.T.);
#6927 = PLANE('',#6928);
#6928 = AXIS2_PLACEMENT_3D('',#6929,#6930,#6931);
#6929 = CARTESIAN_POINT('',(420.1,67.333176,139.995));
#6930 = DIRECTION('',(0.,-1.,0.));
#6931 = DIRECTION('',(-1.,0.,0.));
#6932 = ADVANCED_FACE('',(#6933),#6951,.F.);
#6933 = FACE_BOUND('',#6934,.F.);
#6934 = EDGE_LOOP('',(#6935,#6936,#6944,#6950));
#6935 = ORIENTED_EDGE('',*,*,#6921,.T.);
#6936 = ORIENTED_EDGE('',*,*,#6937,.F.);
#6937 = EDGE_CURVE('',#6938,#6914,#6940,.T.);
#6938 = VERTEX_POINT('',#6939);
#6939 = CARTESIAN_POINT('',(420.1,71.803176,126.01));
#6940 = LINE('',#6941,#6942);
#6941 = CARTESIAN_POINT('',(420.1,72.505108617187,126.01));
#6942 = VECTOR('',#6943,1.);
#6943 = DIRECTION('',(0.,-1.,0.));
#6944 = ORIENTED_EDGE('',*,*,#6945,.F.);
#6945 = EDGE_CURVE('',#1831,#6938,#6946,.T.);
#6946 = LINE('',#6947,#6948);
#6947 = CARTESIAN_POINT('',(420.1,71.803176,139.995));
#6948 = VECTOR('',#6949,1.);
#6949 = DIRECTION('',(0.,0.,-1.));
#6950 = ORIENTED_EDGE('',*,*,#1830,.T.);
#6951 = PLANE('',#6952);
#6952 = AXIS2_PLACEMENT_3D('',#6953,#6954,#6955);
#6953 = CARTESIAN_POINT('',(420.1,71.803176,139.995));
#6954 = DIRECTION('',(1.,0.,0.));
#6955 = DIRECTION('',(0.,-1.,0.));
#6956 = ADVANCED_FACE('',(#6957),#6975,.F.);
#6957 = FACE_BOUND('',#6958,.F.);
#6958 = EDGE_LOOP('',(#6959,#6960,#6968,#6974));
#6959 = ORIENTED_EDGE('',*,*,#6945,.T.);
#6960 = ORIENTED_EDGE('',*,*,#6961,.F.);
#6961 = EDGE_CURVE('',#6962,#6938,#6964,.T.);
#6962 = VERTEX_POINT('',#6963);
#6963 = CARTESIAN_POINT('',(421.625,71.803176,126.01));
#6964 = LINE('',#6965,#6966);
#6965 = CARTESIAN_POINT('',(425.125,71.803176,126.01));
#6966 = VECTOR('',#6967,1.);
#6967 = DIRECTION('',(-1.,0.,0.));
#6968 = ORIENTED_EDGE('',*,*,#6969,.F.);
#6969 = EDGE_CURVE('',#1839,#6962,#6970,.T.);
#6970 = LINE('',#6971,#6972);
#6971 = CARTESIAN_POINT('',(421.625,71.803176,139.995));
#6972 = VECTOR('',#6973,1.);
#6973 = DIRECTION('',(0.,0.,-1.));
#6974 = ORIENTED_EDGE('',*,*,#1838,.T.);
#6975 = PLANE('',#6976);
#6976 = AXIS2_PLACEMENT_3D('',#6977,#6978,#6979);
#6977 = CARTESIAN_POINT('',(421.625,71.803176,139.995));
#6978 = DIRECTION('',(0.,-1.,0.));
#6979 = DIRECTION('',(-1.,0.,0.));
#6980 = ADVANCED_FACE('',(#6981),#6999,.T.);
#6981 = FACE_BOUND('',#6982,.T.);
#6982 = EDGE_LOOP('',(#6983,#6991,#6992,#6993));
#6983 = ORIENTED_EDGE('',*,*,#6984,.F.);
#6984 = EDGE_CURVE('',#6962,#6985,#6987,.T.);
#6985 = VERTEX_POINT('',#6986);
#6986 = CARTESIAN_POINT('',(421.625,66.618176,126.01));
#6987 = LINE('',#6988,#6989);
#6988 = CARTESIAN_POINT('',(421.625,71.208858617189,126.01));
#6989 = VECTOR('',#6990,1.);
#6990 = DIRECTION('',(-3.5041E-13,-1.,0.));
#6991 = ORIENTED_EDGE('',*,*,#6969,.F.);
#6992 = ORIENTED_EDGE('',*,*,#1846,.F.);
#6993 = ORIENTED_EDGE('',*,*,#6994,.F.);
#6994 = EDGE_CURVE('',#6985,#1847,#6995,.T.);
#6995 = LINE('',#6996,#6997);
#6996 = CARTESIAN_POINT('',(421.625,66.618176,124.51));
#6997 = VECTOR('',#6998,1.);
#6998 = DIRECTION('',(0.,0.,1.));
#6999 = PLANE('',#7000);
#7000 = AXIS2_PLACEMENT_3D('',#7001,#7002,#7003);
#7001 = CARTESIAN_POINT('',(421.625,69.210676,126.51));
#7002 = DIRECTION('',(1.,-3.5041E-13,0.));
#7003 = DIRECTION('',(3.5041E-13,1.,0.));
#7004 = ADVANCED_FACE('',(#7005),#7023,.F.);
#7005 = FACE_BOUND('',#7006,.F.);
#7006 = EDGE_LOOP('',(#7007,#7008,#7016,#7022));
#7007 = ORIENTED_EDGE('',*,*,#6994,.F.);
#7008 = ORIENTED_EDGE('',*,*,#7009,.F.);
#7009 = EDGE_CURVE('',#7010,#6985,#7012,.T.);
#7010 = VERTEX_POINT('',#7011);
#7011 = CARTESIAN_POINT('',(435.625,66.618176,126.01));
#7012 = LINE('',#7013,#7014);
#7013 = CARTESIAN_POINT('',(432.125,66.618176,126.01));
#7014 = VECTOR('',#7015,1.);
#7015 = DIRECTION('',(-1.,1.2E-16,0.));
#7016 = ORIENTED_EDGE('',*,*,#7017,.T.);
#7017 = EDGE_CURVE('',#7010,#1855,#7018,.T.);
#7018 = LINE('',#7019,#7020);
#7019 = CARTESIAN_POINT('',(435.625,66.618176,124.51));
#7020 = VECTOR('',#7021,1.);
#7021 = DIRECTION('',(0.,0.,1.));
#7022 = ORIENTED_EDGE('',*,*,#1854,.T.);
#7023 = PLANE('',#7024);
#7024 = AXIS2_PLACEMENT_3D('',#7025,#7026,#7027);
#7025 = CARTESIAN_POINT('',(435.625,66.618176,124.51));
#7026 = DIRECTION('',(0.,-1.,0.));
#7027 = DIRECTION('',(0.,0.,1.));
#7028 = ADVANCED_FACE('',(#7029),#7047,.T.);
#7029 = FACE_BOUND('',#7030,.T.);
#7030 = EDGE_LOOP('',(#7031,#7039,#7040,#7041));
#7031 = ORIENTED_EDGE('',*,*,#7032,.F.);
#7032 = EDGE_CURVE('',#7010,#7033,#7035,.T.);
#7033 = VERTEX_POINT('',#7034);
#7034 = CARTESIAN_POINT('',(435.625,71.803176,126.01));
#7035 = LINE('',#7036,#7037);
#7036 = CARTESIAN_POINT('',(435.625,71.208858617187,126.01));
#7037 = VECTOR('',#7038,1.);
#7038 = DIRECTION('',(2.6531E-13,1.,0.));
#7039 = ORIENTED_EDGE('',*,*,#7017,.T.);
#7040 = ORIENTED_EDGE('',*,*,#1862,.F.);
#7041 = ORIENTED_EDGE('',*,*,#7042,.T.);
#7042 = EDGE_CURVE('',#1863,#7033,#7043,.T.);
#7043 = LINE('',#7044,#7045);
#7044 = CARTESIAN_POINT('',(435.625,71.803176,139.995));
#7045 = VECTOR('',#7046,1.);
#7046 = DIRECTION('',(0.,0.,-1.));
#7047 = PLANE('',#7048);
#7048 = AXIS2_PLACEMENT_3D('',#7049,#7050,#7051);
#7049 = CARTESIAN_POINT('',(435.625,69.210676,126.51));
#7050 = DIRECTION('',(-1.,2.6531E-13,0.));
#7051 = DIRECTION('',(-2.6531E-13,-1.,0.));
#7052 = ADVANCED_FACE('',(#7053),#7071,.F.);
#7053 = FACE_BOUND('',#7054,.F.);
#7054 = EDGE_LOOP('',(#7055,#7056,#7064,#7070));
#7055 = ORIENTED_EDGE('',*,*,#7042,.T.);
#7056 = ORIENTED_EDGE('',*,*,#7057,.F.);
#7057 = EDGE_CURVE('',#7058,#7033,#7060,.T.);
#7058 = VERTEX_POINT('',#7059);
#7059 = CARTESIAN_POINT('',(437.15,71.803176,126.01));
#7060 = LINE('',#7061,#7062);
#7061 = CARTESIAN_POINT('',(432.8875,71.803176,126.01));
#7062 = VECTOR('',#7063,1.);
#7063 = DIRECTION('',(-1.,0.,0.));
#7064 = ORIENTED_EDGE('',*,*,#7065,.F.);
#7065 = EDGE_CURVE('',#1871,#7058,#7066,.T.);
#7066 = LINE('',#7067,#7068);
#7067 = CARTESIAN_POINT('',(437.15,71.803176,139.995));
#7068 = VECTOR('',#7069,1.);
#7069 = DIRECTION('',(0.,0.,-1.));
#7070 = ORIENTED_EDGE('',*,*,#1870,.T.);
#7071 = PLANE('',#7072);
#7072 = AXIS2_PLACEMENT_3D('',#7073,#7074,#7075);
#7073 = CARTESIAN_POINT('',(437.15,71.803176,139.995));
#7074 = DIRECTION('',(0.,-1.,0.));
#7075 = DIRECTION('',(-1.,0.,0.));
#7076 = ADVANCED_FACE('',(#7077),#7095,.F.);
#7077 = FACE_BOUND('',#7078,.F.);
#7078 = EDGE_LOOP('',(#7079,#7080,#7088,#7094));
#7079 = ORIENTED_EDGE('',*,*,#7065,.T.);
#7080 = ORIENTED_EDGE('',*,*,#7081,.F.);
#7081 = EDGE_CURVE('',#7082,#7058,#7084,.T.);
#7082 = VERTEX_POINT('',#7083);
#7083 = CARTESIAN_POINT('',(437.15,67.333176,126.01));
#7084 = LINE('',#7085,#7086);
#7085 = CARTESIAN_POINT('',(437.15,70.270108617188,126.01));
#7086 = VECTOR('',#7087,1.);
#7087 = DIRECTION('',(0.,1.,0.));
#7088 = ORIENTED_EDGE('',*,*,#7089,.F.);
#7089 = EDGE_CURVE('',#1879,#7082,#7090,.T.);
#7090 = LINE('',#7091,#7092);
#7091 = CARTESIAN_POINT('',(437.15,67.333176,139.995));
#7092 = VECTOR('',#7093,1.);
#7093 = DIRECTION('',(0.,0.,-1.));
#7094 = ORIENTED_EDGE('',*,*,#1878,.T.);
#7095 = PLANE('',#7096);
#7096 = AXIS2_PLACEMENT_3D('',#7097,#7098,#7099);
#7097 = CARTESIAN_POINT('',(437.15,67.333176,139.995));
#7098 = DIRECTION('',(-1.,0.,0.));
#7099 = DIRECTION('',(0.,1.,0.));
#7100 = ADVANCED_FACE('',(#7101),#7119,.F.);
#7101 = FACE_BOUND('',#7102,.F.);
#7102 = EDGE_LOOP('',(#7103,#7104,#7112,#7118));
#7103 = ORIENTED_EDGE('',*,*,#7089,.T.);
#7104 = ORIENTED_EDGE('',*,*,#7105,.F.);
#7105 = EDGE_CURVE('',#7106,#7082,#7108,.T.);
#7106 = VERTEX_POINT('',#7107);
#7107 = CARTESIAN_POINT('',(438.875,67.333176,126.01));
#7108 = LINE('',#7109,#7110);
#7109 = CARTESIAN_POINT('',(433.75,67.333176,126.01));
#7110 = VECTOR('',#7111,1.);
#7111 = DIRECTION('',(-1.,0.,0.));
#7112 = ORIENTED_EDGE('',*,*,#7113,.F.);
#7113 = EDGE_CURVE('',#1887,#7106,#7114,.T.);
#7114 = LINE('',#7115,#7116);
#7115 = CARTESIAN_POINT('',(438.875,67.333176,139.995));
#7116 = VECTOR('',#7117,1.);
#7117 = DIRECTION('',(0.,0.,-1.));
#7118 = ORIENTED_EDGE('',*,*,#1886,.T.);
#7119 = PLANE('',#7120);
#7120 = AXIS2_PLACEMENT_3D('',#7121,#7122,#7123);
#7121 = CARTESIAN_POINT('',(438.875,67.333176,139.995));
#7122 = DIRECTION('',(0.,-1.,0.));
#7123 = DIRECTION('',(-1.,0.,0.));
#7124 = ADVANCED_FACE('',(#7125),#7143,.F.);
#7125 = FACE_BOUND('',#7126,.F.);
#7126 = EDGE_LOOP('',(#7127,#7128,#7136,#7142));
#7127 = ORIENTED_EDGE('',*,*,#7113,.T.);
#7128 = ORIENTED_EDGE('',*,*,#7129,.F.);
#7129 = EDGE_CURVE('',#7130,#7106,#7132,.T.);
#7130 = VERTEX_POINT('',#7131);
#7131 = CARTESIAN_POINT('',(438.875,66.133176,126.01));
#7132 = LINE('',#7133,#7134);
#7133 = CARTESIAN_POINT('',(438.875,69.670108617188,126.01));
#7134 = VECTOR('',#7135,1.);
#7135 = DIRECTION('',(0.,1.,0.));
#7136 = ORIENTED_EDGE('',*,*,#7137,.F.);
#7137 = EDGE_CURVE('',#1895,#7130,#7138,.T.);
#7138 = LINE('',#7139,#7140);
#7139 = CARTESIAN_POINT('',(438.875,66.133176,139.995));
#7140 = VECTOR('',#7141,1.);
#7141 = DIRECTION('',(0.,0.,-1.));
#7142 = ORIENTED_EDGE('',*,*,#1894,.T.);
#7143 = PLANE('',#7144);
#7144 = AXIS2_PLACEMENT_3D('',#7145,#7146,#7147);
#7145 = CARTESIAN_POINT('',(438.875,66.133176,139.995));
#7146 = DIRECTION('',(-1.,0.,0.));
#7147 = DIRECTION('',(0.,1.,0.));
#7148 = ADVANCED_FACE('',(#7149),#7167,.F.);
#7149 = FACE_BOUND('',#7150,.F.);
#7150 = EDGE_LOOP('',(#7151,#7152,#7160,#7166));
#7151 = ORIENTED_EDGE('',*,*,#7137,.T.);
#7152 = ORIENTED_EDGE('',*,*,#7153,.F.);
#7153 = EDGE_CURVE('',#7154,#7130,#7156,.T.);
#7154 = VERTEX_POINT('',#7155);
#7155 = CARTESIAN_POINT('',(442.175,66.133176,126.01));
#7156 = LINE('',#7157,#7158);
#7157 = CARTESIAN_POINT('',(435.4,66.133176,126.01));
#7158 = VECTOR('',#7159,1.);
#7159 = DIRECTION('',(-1.,0.,0.));
#7160 = ORIENTED_EDGE('',*,*,#7161,.F.);
#7161 = EDGE_CURVE('',#1903,#7154,#7162,.T.);
#7162 = LINE('',#7163,#7164);
#7163 = CARTESIAN_POINT('',(442.175,66.133176,139.995));
#7164 = VECTOR('',#7165,1.);
#7165 = DIRECTION('',(0.,0.,-1.));
#7166 = ORIENTED_EDGE('',*,*,#1902,.T.);
#7167 = PLANE('',#7168);
#7168 = AXIS2_PLACEMENT_3D('',#7169,#7170,#7171);
#7169 = CARTESIAN_POINT('',(442.175,66.133176,139.995));
#7170 = DIRECTION('',(0.,-1.,0.));
#7171 = DIRECTION('',(-1.,0.,0.));
#7172 = ADVANCED_FACE('',(#7173),#7191,.F.);
#7173 = FACE_BOUND('',#7174,.F.);
#7174 = EDGE_LOOP('',(#7175,#7176,#7184,#7190));
#7175 = ORIENTED_EDGE('',*,*,#7161,.T.);
#7176 = ORIENTED_EDGE('',*,*,#7177,.F.);
#7177 = EDGE_CURVE('',#7178,#7154,#7180,.T.);
#7178 = VERTEX_POINT('',#7179);
#7179 = CARTESIAN_POINT('',(442.175,67.333176,126.01));
#7180 = LINE('',#7181,#7182);
#7181 = CARTESIAN_POINT('',(442.175,70.270108617188,126.01));
#7182 = VECTOR('',#7183,1.);
#7183 = DIRECTION('',(0.,-1.,0.));
#7184 = ORIENTED_EDGE('',*,*,#7185,.F.);
#7185 = EDGE_CURVE('',#1911,#7178,#7186,.T.);
#7186 = LINE('',#7187,#7188);
#7187 = CARTESIAN_POINT('',(442.175,67.333176,139.995));
#7188 = VECTOR('',#7189,1.);
#7189 = DIRECTION('',(0.,0.,-1.));
#7190 = ORIENTED_EDGE('',*,*,#1910,.T.);
#7191 = PLANE('',#7192);
#7192 = AXIS2_PLACEMENT_3D('',#7193,#7194,#7195);
#7193 = CARTESIAN_POINT('',(442.175,67.333176,139.995));
#7194 = DIRECTION('',(1.,0.,0.));
#7195 = DIRECTION('',(0.,-1.,0.));
#7196 = ADVANCED_FACE('',(#7197),#7215,.F.);
#7197 = FACE_BOUND('',#7198,.F.);
#7198 = EDGE_LOOP('',(#7199,#7200,#7208,#7214));
#7199 = ORIENTED_EDGE('',*,*,#7185,.T.);
#7200 = ORIENTED_EDGE('',*,*,#7201,.F.);
#7201 = EDGE_CURVE('',#7202,#7178,#7204,.T.);
#7202 = VERTEX_POINT('',#7203);
#7203 = CARTESIAN_POINT('',(443.9,67.333176,126.01));
#7204 = LINE('',#7205,#7206);
#7205 = CARTESIAN_POINT('',(436.2625,67.333176,126.01));
#7206 = VECTOR('',#7207,1.);
#7207 = DIRECTION('',(-1.,0.,0.));
#7208 = ORIENTED_EDGE('',*,*,#7209,.F.);
#7209 = EDGE_CURVE('',#1919,#7202,#7210,.T.);
#7210 = LINE('',#7211,#7212);
#7211 = CARTESIAN_POINT('',(443.9,67.333176,139.995));
#7212 = VECTOR('',#7213,1.);
#7213 = DIRECTION('',(0.,0.,-1.));
#7214 = ORIENTED_EDGE('',*,*,#1918,.T.);
#7215 = PLANE('',#7216);
#7216 = AXIS2_PLACEMENT_3D('',#7217,#7218,#7219);
#7217 = CARTESIAN_POINT('',(443.9,67.333176,139.995));
#7218 = DIRECTION('',(0.,-1.,0.));
#7219 = DIRECTION('',(-1.,0.,0.));
#7220 = ADVANCED_FACE('',(#7221),#7239,.F.);
#7221 = FACE_BOUND('',#7222,.F.);
#7222 = EDGE_LOOP('',(#7223,#7224,#7232,#7238));
#7223 = ORIENTED_EDGE('',*,*,#7209,.T.);
#7224 = ORIENTED_EDGE('',*,*,#7225,.F.);
#7225 = EDGE_CURVE('',#7226,#7202,#7228,.T.);
#7226 = VERTEX_POINT('',#7227);
#7227 = CARTESIAN_POINT('',(443.9,73.618176,126.01));
#7228 = LINE('',#7229,#7230);
#7229 = CARTESIAN_POINT('',(443.9,73.412608617188,126.01));
#7230 = VECTOR('',#7231,1.);
#7231 = DIRECTION('',(0.,-1.,0.));
#7232 = ORIENTED_EDGE('',*,*,#7233,.F.);
#7233 = EDGE_CURVE('',#1927,#7226,#7234,.T.);
#7234 = LINE('',#7235,#7236);
#7235 = CARTESIAN_POINT('',(443.9,73.618176,139.995));
#7236 = VECTOR('',#7237,1.);
#7237 = DIRECTION('',(0.,0.,-1.));
#7238 = ORIENTED_EDGE('',*,*,#1926,.T.);
#7239 = PLANE('',#7240);
#7240 = AXIS2_PLACEMENT_3D('',#7241,#7242,#7243);
#7241 = CARTESIAN_POINT('',(443.9,73.618176,139.995));
#7242 = DIRECTION('',(1.,0.,0.));
#7243 = DIRECTION('',(0.,-1.,0.));
#7244 = ADVANCED_FACE('',(#7245),#7263,.F.);
#7245 = FACE_BOUND('',#7246,.F.);
#7246 = EDGE_LOOP('',(#7247,#7248,#7256,#7262));
#7247 = ORIENTED_EDGE('',*,*,#7233,.T.);
#7248 = ORIENTED_EDGE('',*,*,#7249,.F.);
#7249 = EDGE_CURVE('',#7250,#7226,#7252,.T.);
#7250 = VERTEX_POINT('',#7251);
#7251 = CARTESIAN_POINT('',(444.725,73.618176,126.01));
#7252 = LINE('',#7253,#7254);
#7253 = CARTESIAN_POINT('',(436.675,73.618176,126.01));
#7254 = VECTOR('',#7255,1.);
#7255 = DIRECTION('',(-1.,0.,0.));
#7256 = ORIENTED_EDGE('',*,*,#7257,.F.);
#7257 = EDGE_CURVE('',#1935,#7250,#7258,.T.);
#7258 = LINE('',#7259,#7260);
#7259 = CARTESIAN_POINT('',(444.725,73.618176,139.995));
#7260 = VECTOR('',#7261,1.);
#7261 = DIRECTION('',(0.,0.,-1.));
#7262 = ORIENTED_EDGE('',*,*,#1934,.T.);
#7263 = PLANE('',#7264);
#7264 = AXIS2_PLACEMENT_3D('',#7265,#7266,#7267);
#7265 = CARTESIAN_POINT('',(444.725,73.618176,139.995));
#7266 = DIRECTION('',(0.,-1.,0.));
#7267 = DIRECTION('',(-1.,0.,0.));
#7268 = ADVANCED_FACE('',(#7269),#7287,.F.);
#7269 = FACE_BOUND('',#7270,.F.);
#7270 = EDGE_LOOP('',(#7271,#7272,#7280,#7286));
#7271 = ORIENTED_EDGE('',*,*,#7257,.T.);
#7272 = ORIENTED_EDGE('',*,*,#7273,.F.);
#7273 = EDGE_CURVE('',#7274,#7250,#7276,.T.);
#7274 = VERTEX_POINT('',#7275);
#7275 = CARTESIAN_POINT('',(444.725,76.403176,126.01));
#7276 = LINE('',#7277,#7278);
#7277 = CARTESIAN_POINT('',(444.725,74.805108617187,126.01));
#7278 = VECTOR('',#7279,1.);
#7279 = DIRECTION('',(0.,-1.,0.));
#7280 = ORIENTED_EDGE('',*,*,#7281,.F.);
#7281 = EDGE_CURVE('',#1943,#7274,#7282,.T.);
#7282 = LINE('',#7283,#7284);
#7283 = CARTESIAN_POINT('',(444.725,76.403176,139.995));
#7284 = VECTOR('',#7285,1.);
#7285 = DIRECTION('',(0.,0.,-1.));
#7286 = ORIENTED_EDGE('',*,*,#1942,.T.);
#7287 = PLANE('',#7288);
#7288 = AXIS2_PLACEMENT_3D('',#7289,#7290,#7291);
#7289 = CARTESIAN_POINT('',(444.725,76.403176,139.995));
#7290 = DIRECTION('',(1.,0.,0.));
#7291 = DIRECTION('',(0.,-1.,0.));
#7292 = ADVANCED_FACE('',(#7293),#7311,.F.);
#7293 = FACE_BOUND('',#7294,.F.);
#7294 = EDGE_LOOP('',(#7295,#7296,#7304,#7310));
#7295 = ORIENTED_EDGE('',*,*,#7281,.T.);
#7296 = ORIENTED_EDGE('',*,*,#7297,.F.);
#7297 = EDGE_CURVE('',#7298,#7274,#7300,.T.);
#7298 = VERTEX_POINT('',#7299);
#7299 = CARTESIAN_POINT('',(443.9,76.403176,126.01));
#7300 = LINE('',#7301,#7302);
#7301 = CARTESIAN_POINT('',(436.2625,76.403176,126.01));
#7302 = VECTOR('',#7303,1.);
#7303 = DIRECTION('',(1.,0.,0.));
#7304 = ORIENTED_EDGE('',*,*,#7305,.F.);
#7305 = EDGE_CURVE('',#1951,#7298,#7306,.T.);
#7306 = LINE('',#7307,#7308);
#7307 = CARTESIAN_POINT('',(443.9,76.403176,139.995));
#7308 = VECTOR('',#7309,1.);
#7309 = DIRECTION('',(0.,0.,-1.));
#7310 = ORIENTED_EDGE('',*,*,#1950,.T.);
#7311 = PLANE('',#7312);
#7312 = AXIS2_PLACEMENT_3D('',#7313,#7314,#7315);
#7313 = CARTESIAN_POINT('',(443.9,76.403176,139.995));
#7314 = DIRECTION('',(0.,1.,0.));
#7315 = DIRECTION('',(1.,0.,0.));
#7316 = ADVANCED_FACE('',(#7317),#7335,.F.);
#7317 = FACE_BOUND('',#7318,.F.);
#7318 = EDGE_LOOP('',(#7319,#7320,#7328,#7334));
#7319 = ORIENTED_EDGE('',*,*,#7305,.T.);
#7320 = ORIENTED_EDGE('',*,*,#7321,.F.);
#7321 = EDGE_CURVE('',#7322,#7298,#7324,.T.);
#7322 = VERTEX_POINT('',#7323);
#7323 = CARTESIAN_POINT('',(443.9,79.633176,126.01));
#7324 = LINE('',#7325,#7326);
#7325 = CARTESIAN_POINT('',(443.9,76.420108617188,126.01));
#7326 = VECTOR('',#7327,1.);
#7327 = DIRECTION('',(0.,-1.,0.));
#7328 = ORIENTED_EDGE('',*,*,#7329,.F.);
#7329 = EDGE_CURVE('',#1959,#7322,#7330,.T.);
#7330 = LINE('',#7331,#7332);
#7331 = CARTESIAN_POINT('',(443.9,79.633176,139.995));
#7332 = VECTOR('',#7333,1.);
#7333 = DIRECTION('',(0.,0.,-1.));
#7334 = ORIENTED_EDGE('',*,*,#1958,.T.);
#7335 = PLANE('',#7336);
#7336 = AXIS2_PLACEMENT_3D('',#7337,#7338,#7339);
#7337 = CARTESIAN_POINT('',(443.9,79.633176,139.995));
#7338 = DIRECTION('',(1.,0.,0.));
#7339 = DIRECTION('',(0.,-1.,0.));
#7340 = ADVANCED_FACE('',(#7341),#7359,.F.);
#7341 = FACE_BOUND('',#7342,.F.);
#7342 = EDGE_LOOP('',(#7343,#7344,#7352,#7358));
#7343 = ORIENTED_EDGE('',*,*,#7329,.T.);
#7344 = ORIENTED_EDGE('',*,*,#7345,.F.);
#7345 = EDGE_CURVE('',#7346,#7322,#7348,.T.);
#7346 = VERTEX_POINT('',#7347);
#7347 = CARTESIAN_POINT('',(437.15,79.633176,126.01));
#7348 = LINE('',#7349,#7350);
#7349 = CARTESIAN_POINT('',(432.8875,79.633176,126.01));
#7350 = VECTOR('',#7351,1.);
#7351 = DIRECTION('',(1.,0.,0.));
#7352 = ORIENTED_EDGE('',*,*,#7353,.F.);
#7353 = EDGE_CURVE('',#1967,#7346,#7354,.T.);
#7354 = LINE('',#7355,#7356);
#7355 = CARTESIAN_POINT('',(437.15,79.633176,139.995));
#7356 = VECTOR('',#7357,1.);
#7357 = DIRECTION('',(0.,0.,-1.));
#7358 = ORIENTED_EDGE('',*,*,#1966,.T.);
#7359 = PLANE('',#7360);
#7360 = AXIS2_PLACEMENT_3D('',#7361,#7362,#7363);
#7361 = CARTESIAN_POINT('',(437.15,79.633176,139.995));
#7362 = DIRECTION('',(0.,1.,0.));
#7363 = DIRECTION('',(1.,0.,0.));
#7364 = ADVANCED_FACE('',(#7365),#7383,.F.);
#7365 = FACE_BOUND('',#7366,.F.);
#7366 = EDGE_LOOP('',(#7367,#7368,#7376,#7382));
#7367 = ORIENTED_EDGE('',*,*,#7353,.T.);
#7368 = ORIENTED_EDGE('',*,*,#7369,.F.);
#7369 = EDGE_CURVE('',#7370,#7346,#7372,.T.);
#7370 = VERTEX_POINT('',#7371);
#7371 = CARTESIAN_POINT('',(437.15,76.403176,126.01));
#7372 = LINE('',#7373,#7374);
#7373 = CARTESIAN_POINT('',(437.15,74.805108617187,126.01));
#7374 = VECTOR('',#7375,1.);
#7375 = DIRECTION('',(0.,1.,0.));
#7376 = ORIENTED_EDGE('',*,*,#7377,.F.);
#7377 = EDGE_CURVE('',#1975,#7370,#7378,.T.);
#7378 = LINE('',#7379,#7380);
#7379 = CARTESIAN_POINT('',(437.15,76.403176,139.995));
#7380 = VECTOR('',#7381,1.);
#7381 = DIRECTION('',(0.,0.,-1.));
#7382 = ORIENTED_EDGE('',*,*,#1974,.T.);
#7383 = PLANE('',#7384);
#7384 = AXIS2_PLACEMENT_3D('',#7385,#7386,#7387);
#7385 = CARTESIAN_POINT('',(437.15,76.403176,139.995));
#7386 = DIRECTION('',(-1.,0.,0.));
#7387 = DIRECTION('',(0.,1.,0.));
#7388 = ADVANCED_FACE('',(#7389),#7400,.F.);
#7389 = FACE_BOUND('',#7390,.F.);
#7390 = EDGE_LOOP('',(#7391,#7392,#7398,#7399));
#7391 = ORIENTED_EDGE('',*,*,#7377,.T.);
#7392 = ORIENTED_EDGE('',*,*,#7393,.F.);
#7393 = EDGE_CURVE('',#6547,#7370,#7394,.T.);
#7394 = LINE('',#7395,#7396);
#7395 = CARTESIAN_POINT('',(432.125,76.403176,126.01));
#7396 = VECTOR('',#7397,1.);
#7397 = DIRECTION('',(1.,0.,0.));
#7398 = ORIENTED_EDGE('',*,*,#6546,.F.);
#7399 = ORIENTED_EDGE('',*,*,#1982,.T.);
#7400 = PLANE('',#7401);
#7401 = AXIS2_PLACEMENT_3D('',#7402,#7403,#7404);
#7402 = CARTESIAN_POINT('',(435.625,76.403176,139.995));
#7403 = DIRECTION('',(0.,1.,0.));
#7404 = DIRECTION('',(1.,0.,0.));
#7405 = ADVANCED_FACE('',(#7406),#7431,.F.);
#7406 = FACE_BOUND('',#7407,.F.);
#7407 = EDGE_LOOP('',(#7408,#7416,#7424,#7430));
#7408 = ORIENTED_EDGE('',*,*,#7409,.T.);
#7409 = EDGE_CURVE('',#1993,#7410,#7412,.T.);
#7410 = VERTEX_POINT('',#7411);
#7411 = CARTESIAN_POINT('',(483.25,80.618176,126.01));
#7412 = LINE('',#7413,#7414);
#7413 = CARTESIAN_POINT('',(483.25,80.618176,141.995));
#7414 = VECTOR('',#7415,1.);
#7415 = DIRECTION('',(0.,0.,-1.));
#7416 = ORIENTED_EDGE('',*,*,#7417,.F.);
#7417 = EDGE_CURVE('',#7418,#7410,#7420,.T.);
#7418 = VERTEX_POINT('',#7419);
#7419 = CARTESIAN_POINT('',(469.25,80.618176,126.01));
#7420 = LINE('',#7421,#7422);
#7421 = CARTESIAN_POINT('',(476.65,80.618176,126.01));
#7422 = VECTOR('',#7423,1.);
#7423 = DIRECTION('',(1.,0.,0.));
#7424 = ORIENTED_EDGE('',*,*,#7425,.F.);
#7425 = EDGE_CURVE('',#1991,#7418,#7426,.T.);
#7426 = LINE('',#7427,#7428);
#7427 = CARTESIAN_POINT('',(469.25,80.618176,141.995));
#7428 = VECTOR('',#7429,1.);
#7429 = DIRECTION('',(0.,0.,-1.));
#7430 = ORIENTED_EDGE('',*,*,#1990,.T.);
#7431 = PLANE('',#7432);
#7432 = AXIS2_PLACEMENT_3D('',#7433,#7434,#7435);
#7433 = CARTESIAN_POINT('',(469.25,80.618176,141.995));
#7434 = DIRECTION('',(0.,1.,0.));
#7435 = DIRECTION('',(1.,0.,0.));
#7436 = ADVANCED_FACE('',(#7437),#7455,.F.);
#7437 = FACE_BOUND('',#7438,.F.);
#7438 = EDGE_LOOP('',(#7439,#7440,#7448,#7454));
#7439 = ORIENTED_EDGE('',*,*,#7425,.T.);
#7440 = ORIENTED_EDGE('',*,*,#7441,.F.);
#7441 = EDGE_CURVE('',#7442,#7418,#7444,.T.);
#7442 = VERTEX_POINT('',#7443);
#7443 = CARTESIAN_POINT('',(469.25,66.618176,126.01));
#7444 = LINE('',#7445,#7446);
#7445 = CARTESIAN_POINT('',(469.25,74.018176,126.01));
#7446 = VECTOR('',#7447,1.);
#7447 = DIRECTION('',(0.,1.,0.));
#7448 = ORIENTED_EDGE('',*,*,#7449,.F.);
#7449 = EDGE_CURVE('',#2001,#7442,#7450,.T.);
#7450 = LINE('',#7451,#7452);
#7451 = CARTESIAN_POINT('',(469.25,66.618176,141.995));
#7452 = VECTOR('',#7453,1.);
#7453 = DIRECTION('',(0.,0.,-1.));
#7454 = ORIENTED_EDGE('',*,*,#2000,.T.);
#7455 = PLANE('',#7456);
#7456 = AXIS2_PLACEMENT_3D('',#7457,#7458,#7459);
#7457 = CARTESIAN_POINT('',(469.25,66.618176,141.995));
#7458 = DIRECTION('',(-1.,0.,0.));
#7459 = DIRECTION('',(0.,1.,0.));
#7460 = ADVANCED_FACE('',(#7461),#7479,.F.);
#7461 = FACE_BOUND('',#7462,.F.);
#7462 = EDGE_LOOP('',(#7463,#7464,#7472,#7478));
#7463 = ORIENTED_EDGE('',*,*,#7449,.T.);
#7464 = ORIENTED_EDGE('',*,*,#7465,.F.);
#7465 = EDGE_CURVE('',#7466,#7442,#7468,.T.);
#7466 = VERTEX_POINT('',#7467);
#7467 = CARTESIAN_POINT('',(483.25,66.618176,126.01));
#7468 = LINE('',#7469,#7470);
#7469 = CARTESIAN_POINT('',(483.65,66.618176,126.01));
#7470 = VECTOR('',#7471,1.);
#7471 = DIRECTION('',(-1.,0.,0.));
#7472 = ORIENTED_EDGE('',*,*,#7473,.F.);
#7473 = EDGE_CURVE('',#2009,#7466,#7474,.T.);
#7474 = LINE('',#7475,#7476);
#7475 = CARTESIAN_POINT('',(483.25,66.618176,141.995));
#7476 = VECTOR('',#7477,1.);
#7477 = DIRECTION('',(0.,0.,-1.));
#7478 = ORIENTED_EDGE('',*,*,#2008,.T.);
#7479 = PLANE('',#7480);
#7480 = AXIS2_PLACEMENT_3D('',#7481,#7482,#7483);
#7481 = CARTESIAN_POINT('',(483.25,66.618176,141.995));
#7482 = DIRECTION('',(0.,-1.,0.));
#7483 = DIRECTION('',(-1.,0.,0.));
#7484 = ADVANCED_FACE('',(#7485),#7496,.F.);
#7485 = FACE_BOUND('',#7486,.F.);
#7486 = EDGE_LOOP('',(#7487,#7488,#7494,#7495));
#7487 = ORIENTED_EDGE('',*,*,#7473,.T.);
#7488 = ORIENTED_EDGE('',*,*,#7489,.F.);
#7489 = EDGE_CURVE('',#7410,#7466,#7490,.T.);
#7490 = LINE('',#7491,#7492);
#7491 = CARTESIAN_POINT('',(483.25,81.018176,126.01));
#7492 = VECTOR('',#7493,1.);
#7493 = DIRECTION('',(0.,-1.,0.));
#7494 = ORIENTED_EDGE('',*,*,#7409,.F.);
#7495 = ORIENTED_EDGE('',*,*,#2016,.T.);
#7496 = PLANE('',#7497);
#7497 = AXIS2_PLACEMENT_3D('',#7498,#7499,#7500);
#7498 = CARTESIAN_POINT('',(483.25,80.618176,141.995));
#7499 = DIRECTION('',(1.,0.,0.));
#7500 = DIRECTION('',(0.,-1.,0.));
#7501 = ADVANCED_FACE('',(#7502),#7527,.F.);
#7502 = FACE_BOUND('',#7503,.F.);
#7503 = EDGE_LOOP('',(#7504,#7512,#7520,#7526));
#7504 = ORIENTED_EDGE('',*,*,#7505,.T.);
#7505 = EDGE_CURVE('',#2027,#7506,#7508,.T.);
#7506 = VERTEX_POINT('',#7507);
#7507 = CARTESIAN_POINT('',(464.2,80.618176,126.01));
#7508 = LINE('',#7509,#7510);
#7509 = CARTESIAN_POINT('',(464.2,80.618176,141.995));
#7510 = VECTOR('',#7511,1.);
#7511 = DIRECTION('',(0.,0.,-1.));
#7512 = ORIENTED_EDGE('',*,*,#7513,.F.);
#7513 = EDGE_CURVE('',#7514,#7506,#7516,.T.);
#7514 = VERTEX_POINT('',#7515);
#7515 = CARTESIAN_POINT('',(450.2,80.618176,126.01));
#7516 = LINE('',#7517,#7518);
#7517 = CARTESIAN_POINT('',(457.6,80.618176,126.01));
#7518 = VECTOR('',#7519,1.);
#7519 = DIRECTION('',(1.,0.,0.));
#7520 = ORIENTED_EDGE('',*,*,#7521,.F.);
#7521 = EDGE_CURVE('',#2025,#7514,#7522,.T.);
#7522 = LINE('',#7523,#7524);
#7523 = CARTESIAN_POINT('',(450.2,80.618176,141.995));
#7524 = VECTOR('',#7525,1.);
#7525 = DIRECTION('',(0.,0.,-1.));
#7526 = ORIENTED_EDGE('',*,*,#2024,.T.);
#7527 = PLANE('',#7528);
#7528 = AXIS2_PLACEMENT_3D('',#7529,#7530,#7531);
#7529 = CARTESIAN_POINT('',(450.2,80.618176,141.995));
#7530 = DIRECTION('',(0.,1.,0.));
#7531 = DIRECTION('',(1.,0.,0.));
#7532 = ADVANCED_FACE('',(#7533),#7551,.F.);
#7533 = FACE_BOUND('',#7534,.F.);
#7534 = EDGE_LOOP('',(#7535,#7536,#7544,#7550));
#7535 = ORIENTED_EDGE('',*,*,#7521,.T.);
#7536 = ORIENTED_EDGE('',*,*,#7537,.F.);
#7537 = EDGE_CURVE('',#7538,#7514,#7540,.T.);
#7538 = VERTEX_POINT('',#7539);
#7539 = CARTESIAN_POINT('',(450.2,66.618176,126.01));
#7540 = LINE('',#7541,#7542);
#7541 = CARTESIAN_POINT('',(450.2,74.018176,126.01));
#7542 = VECTOR('',#7543,1.);
#7543 = DIRECTION('',(0.,1.,0.));
#7544 = ORIENTED_EDGE('',*,*,#7545,.F.);
#7545 = EDGE_CURVE('',#2035,#7538,#7546,.T.);
#7546 = LINE('',#7547,#7548);
#7547 = CARTESIAN_POINT('',(450.2,66.618176,141.995));
#7548 = VECTOR('',#7549,1.);
#7549 = DIRECTION('',(0.,0.,-1.));
#7550 = ORIENTED_EDGE('',*,*,#2034,.T.);
#7551 = PLANE('',#7552);
#7552 = AXIS2_PLACEMENT_3D('',#7553,#7554,#7555);
#7553 = CARTESIAN_POINT('',(450.2,66.618176,141.995));
#7554 = DIRECTION('',(-1.,0.,0.));
#7555 = DIRECTION('',(0.,1.,0.));
#7556 = ADVANCED_FACE('',(#7557),#7575,.F.);
#7557 = FACE_BOUND('',#7558,.F.);
#7558 = EDGE_LOOP('',(#7559,#7560,#7568,#7574));
#7559 = ORIENTED_EDGE('',*,*,#7545,.T.);
#7560 = ORIENTED_EDGE('',*,*,#7561,.F.);
#7561 = EDGE_CURVE('',#7562,#7538,#7564,.T.);
#7562 = VERTEX_POINT('',#7563);
#7563 = CARTESIAN_POINT('',(464.2,66.618176,126.01));
#7564 = LINE('',#7565,#7566);
#7565 = CARTESIAN_POINT('',(464.6,66.618176,126.01));
#7566 = VECTOR('',#7567,1.);
#7567 = DIRECTION('',(-1.,0.,0.));
#7568 = ORIENTED_EDGE('',*,*,#7569,.F.);
#7569 = EDGE_CURVE('',#2043,#7562,#7570,.T.);
#7570 = LINE('',#7571,#7572);
#7571 = CARTESIAN_POINT('',(464.2,66.618176,141.995));
#7572 = VECTOR('',#7573,1.);
#7573 = DIRECTION('',(0.,0.,-1.));
#7574 = ORIENTED_EDGE('',*,*,#2042,.T.);
#7575 = PLANE('',#7576);
#7576 = AXIS2_PLACEMENT_3D('',#7577,#7578,#7579);
#7577 = CARTESIAN_POINT('',(464.2,66.618176,141.995));
#7578 = DIRECTION('',(0.,-1.,0.));
#7579 = DIRECTION('',(-1.,0.,0.));
#7580 = ADVANCED_FACE('',(#7581),#7592,.F.);
#7581 = FACE_BOUND('',#7582,.F.);
#7582 = EDGE_LOOP('',(#7583,#7584,#7590,#7591));
#7583 = ORIENTED_EDGE('',*,*,#7569,.T.);
#7584 = ORIENTED_EDGE('',*,*,#7585,.F.);
#7585 = EDGE_CURVE('',#7506,#7562,#7586,.T.);
#7586 = LINE('',#7587,#7588);
#7587 = CARTESIAN_POINT('',(464.2,81.018176,126.01));
#7588 = VECTOR('',#7589,1.);
#7589 = DIRECTION('',(0.,-1.,0.));
#7590 = ORIENTED_EDGE('',*,*,#7505,.F.);
#7591 = ORIENTED_EDGE('',*,*,#2050,.T.);
#7592 = PLANE('',#7593);
#7593 = AXIS2_PLACEMENT_3D('',#7594,#7595,#7596);
#7594 = CARTESIAN_POINT('',(464.2,80.618176,141.995));
#7595 = DIRECTION('',(1.,0.,0.));
#7596 = DIRECTION('',(0.,-1.,0.));
#7597 = ADVANCED_FACE('',(#7598),#7623,.F.);
#7598 = FACE_BOUND('',#7599,.F.);
#7599 = EDGE_LOOP('',(#7600,#7608,#7616,#7622));
#7600 = ORIENTED_EDGE('',*,*,#7601,.T.);
#7601 = EDGE_CURVE('',#2061,#7602,#7604,.T.);
#7602 = VERTEX_POINT('',#7603);
#7603 = CARTESIAN_POINT('',(426.1,137.768176,126.01));
#7604 = LINE('',#7605,#7606);
#7605 = CARTESIAN_POINT('',(426.1,137.768176,141.995));
#7606 = VECTOR('',#7607,1.);
#7607 = DIRECTION('',(0.,0.,-1.));
#7608 = ORIENTED_EDGE('',*,*,#7609,.F.);
#7609 = EDGE_CURVE('',#7610,#7602,#7612,.T.);
#7610 = VERTEX_POINT('',#7611);
#7611 = CARTESIAN_POINT('',(412.1,137.768176,126.01));
#7612 = LINE('',#7613,#7614);
#7613 = CARTESIAN_POINT('',(419.5,137.768176,126.01));
#7614 = VECTOR('',#7615,1.);
#7615 = DIRECTION('',(1.,0.,0.));
#7616 = ORIENTED_EDGE('',*,*,#7617,.F.);
#7617 = EDGE_CURVE('',#2059,#7610,#7618,.T.);
#7618 = LINE('',#7619,#7620);
#7619 = CARTESIAN_POINT('',(412.1,137.768176,141.995));
#7620 = VECTOR('',#7621,1.);
#7621 = DIRECTION('',(0.,0.,-1.));
#7622 = ORIENTED_EDGE('',*,*,#2058,.T.);
#7623 = PLANE('',#7624);
#7624 = AXIS2_PLACEMENT_3D('',#7625,#7626,#7627);
#7625 = CARTESIAN_POINT('',(412.1,137.768176,141.995));
#7626 = DIRECTION('',(0.,1.,0.));
#7627 = DIRECTION('',(1.,0.,0.));
#7628 = ADVANCED_FACE('',(#7629),#7647,.F.);
#7629 = FACE_BOUND('',#7630,.F.);
#7630 = EDGE_LOOP('',(#7631,#7632,#7640,#7646));
#7631 = ORIENTED_EDGE('',*,*,#7617,.T.);
#7632 = ORIENTED_EDGE('',*,*,#7633,.F.);
#7633 = EDGE_CURVE('',#7634,#7610,#7636,.T.);
#7634 = VERTEX_POINT('',#7635);
#7635 = CARTESIAN_POINT('',(412.1,123.768176,126.01));
#7636 = LINE('',#7637,#7638);
#7637 = CARTESIAN_POINT('',(412.1,131.168176,126.01));
#7638 = VECTOR('',#7639,1.);
#7639 = DIRECTION('',(0.,1.,0.));
#7640 = ORIENTED_EDGE('',*,*,#7641,.F.);
#7641 = EDGE_CURVE('',#2069,#7634,#7642,.T.);
#7642 = LINE('',#7643,#7644);
#7643 = CARTESIAN_POINT('',(412.1,123.768176,141.995));
#7644 = VECTOR('',#7645,1.);
#7645 = DIRECTION('',(0.,0.,-1.));
#7646 = ORIENTED_EDGE('',*,*,#2068,.T.);
#7647 = PLANE('',#7648);
#7648 = AXIS2_PLACEMENT_3D('',#7649,#7650,#7651);
#7649 = CARTESIAN_POINT('',(412.1,123.768176,141.995));
#7650 = DIRECTION('',(-1.,0.,0.));
#7651 = DIRECTION('',(0.,1.,0.));
#7652 = ADVANCED_FACE('',(#7653),#7671,.F.);
#7653 = FACE_BOUND('',#7654,.F.);
#7654 = EDGE_LOOP('',(#7655,#7656,#7664,#7670));
#7655 = ORIENTED_EDGE('',*,*,#7641,.T.);
#7656 = ORIENTED_EDGE('',*,*,#7657,.F.);
#7657 = EDGE_CURVE('',#7658,#7634,#7660,.T.);
#7658 = VERTEX_POINT('',#7659);
#7659 = CARTESIAN_POINT('',(426.1,123.768176,126.01));
#7660 = LINE('',#7661,#7662);
#7661 = CARTESIAN_POINT('',(426.5,123.768176,126.01));
#7662 = VECTOR('',#7663,1.);
#7663 = DIRECTION('',(-1.,0.,0.));
#7664 = ORIENTED_EDGE('',*,*,#7665,.F.);
#7665 = EDGE_CURVE('',#2077,#7658,#7666,.T.);
#7666 = LINE('',#7667,#7668);
#7667 = CARTESIAN_POINT('',(426.1,123.768176,141.995));
#7668 = VECTOR('',#7669,1.);
#7669 = DIRECTION('',(0.,0.,-1.));
#7670 = ORIENTED_EDGE('',*,*,#2076,.T.);
#7671 = PLANE('',#7672);
#7672 = AXIS2_PLACEMENT_3D('',#7673,#7674,#7675);
#7673 = CARTESIAN_POINT('',(426.1,123.768176,141.995));
#7674 = DIRECTION('',(0.,-1.,0.));
#7675 = DIRECTION('',(-1.,0.,0.));
#7676 = ADVANCED_FACE('',(#7677),#7688,.F.);
#7677 = FACE_BOUND('',#7678,.F.);
#7678 = EDGE_LOOP('',(#7679,#7680,#7686,#7687));
#7679 = ORIENTED_EDGE('',*,*,#7665,.T.);
#7680 = ORIENTED_EDGE('',*,*,#7681,.F.);
#7681 = EDGE_CURVE('',#7602,#7658,#7682,.T.);
#7682 = LINE('',#7683,#7684);
#7683 = CARTESIAN_POINT('',(426.1,138.168176,126.01));
#7684 = VECTOR('',#7685,1.);
#7685 = DIRECTION('',(0.,-1.,0.));
#7686 = ORIENTED_EDGE('',*,*,#7601,.F.);
#7687 = ORIENTED_EDGE('',*,*,#2084,.T.);
#7688 = PLANE('',#7689);
#7689 = AXIS2_PLACEMENT_3D('',#7690,#7691,#7692);
#7690 = CARTESIAN_POINT('',(426.1,137.768176,141.995));
#7691 = DIRECTION('',(1.,0.,0.));
#7692 = DIRECTION('',(0.,-1.,0.));
#7693 = ADVANCED_FACE('',(#7694),#7719,.F.);
#7694 = FACE_BOUND('',#7695,.F.);
#7695 = EDGE_LOOP('',(#7696,#7704,#7712,#7718));
#7696 = ORIENTED_EDGE('',*,*,#7697,.T.);
#7697 = EDGE_CURVE('',#2095,#7698,#7700,.T.);
#7698 = VERTEX_POINT('',#7699);
#7699 = CARTESIAN_POINT('',(445.15,137.768176,126.01));
#7700 = LINE('',#7701,#7702);
#7701 = CARTESIAN_POINT('',(445.15,137.768176,141.995));
#7702 = VECTOR('',#7703,1.);
#7703 = DIRECTION('',(0.,0.,-1.));
#7704 = ORIENTED_EDGE('',*,*,#7705,.F.);
#7705 = EDGE_CURVE('',#7706,#7698,#7708,.T.);
#7706 = VERTEX_POINT('',#7707);
#7707 = CARTESIAN_POINT('',(431.15,137.768176,126.01));
#7708 = LINE('',#7709,#7710);
#7709 = CARTESIAN_POINT('',(438.55,137.768176,126.01));
#7710 = VECTOR('',#7711,1.);
#7711 = DIRECTION('',(1.,0.,0.));
#7712 = ORIENTED_EDGE('',*,*,#7713,.F.);
#7713 = EDGE_CURVE('',#2093,#7706,#7714,.T.);
#7714 = LINE('',#7715,#7716);
#7715 = CARTESIAN_POINT('',(431.15,137.768176,141.995));
#7716 = VECTOR('',#7717,1.);
#7717 = DIRECTION('',(0.,0.,-1.));
#7718 = ORIENTED_EDGE('',*,*,#2092,.T.);
#7719 = PLANE('',#7720);
#7720 = AXIS2_PLACEMENT_3D('',#7721,#7722,#7723);
#7721 = CARTESIAN_POINT('',(431.15,137.768176,141.995));
#7722 = DIRECTION('',(0.,1.,0.));
#7723 = DIRECTION('',(1.,0.,0.));
#7724 = ADVANCED_FACE('',(#7725),#7743,.F.);
#7725 = FACE_BOUND('',#7726,.F.);
#7726 = EDGE_LOOP('',(#7727,#7728,#7736,#7742));
#7727 = ORIENTED_EDGE('',*,*,#7713,.T.);
#7728 = ORIENTED_EDGE('',*,*,#7729,.F.);
#7729 = EDGE_CURVE('',#7730,#7706,#7732,.T.);
#7730 = VERTEX_POINT('',#7731);
#7731 = CARTESIAN_POINT('',(431.15,123.768176,126.01));
#7732 = LINE('',#7733,#7734);
#7733 = CARTESIAN_POINT('',(431.15,131.168176,126.01));
#7734 = VECTOR('',#7735,1.);
#7735 = DIRECTION('',(0.,1.,0.));
#7736 = ORIENTED_EDGE('',*,*,#7737,.F.);
#7737 = EDGE_CURVE('',#2103,#7730,#7738,.T.);
#7738 = LINE('',#7739,#7740);
#7739 = CARTESIAN_POINT('',(431.15,123.768176,141.995));
#7740 = VECTOR('',#7741,1.);
#7741 = DIRECTION('',(0.,0.,-1.));
#7742 = ORIENTED_EDGE('',*,*,#2102,.T.);
#7743 = PLANE('',#7744);
#7744 = AXIS2_PLACEMENT_3D('',#7745,#7746,#7747);
#7745 = CARTESIAN_POINT('',(431.15,123.768176,141.995));
#7746 = DIRECTION('',(-1.,0.,0.));
#7747 = DIRECTION('',(0.,1.,0.));
#7748 = ADVANCED_FACE('',(#7749),#7767,.F.);
#7749 = FACE_BOUND('',#7750,.F.);
#7750 = EDGE_LOOP('',(#7751,#7752,#7760,#7766));
#7751 = ORIENTED_EDGE('',*,*,#7737,.T.);
#7752 = ORIENTED_EDGE('',*,*,#7753,.F.);
#7753 = EDGE_CURVE('',#7754,#7730,#7756,.T.);
#7754 = VERTEX_POINT('',#7755);
#7755 = CARTESIAN_POINT('',(445.15,123.768176,126.01));
#7756 = LINE('',#7757,#7758);
#7757 = CARTESIAN_POINT('',(445.55,123.768176,126.01));
#7758 = VECTOR('',#7759,1.);
#7759 = DIRECTION('',(-1.,0.,0.));
#7760 = ORIENTED_EDGE('',*,*,#7761,.F.);
#7761 = EDGE_CURVE('',#2111,#7754,#7762,.T.);
#7762 = LINE('',#7763,#7764);
#7763 = CARTESIAN_POINT('',(445.15,123.768176,141.995));
#7764 = VECTOR('',#7765,1.);
#7765 = DIRECTION('',(0.,0.,-1.));
#7766 = ORIENTED_EDGE('',*,*,#2110,.T.);
#7767 = PLANE('',#7768);
#7768 = AXIS2_PLACEMENT_3D('',#7769,#7770,#7771);
#7769 = CARTESIAN_POINT('',(445.15,123.768176,141.995));
#7770 = DIRECTION('',(0.,-1.,0.));
#7771 = DIRECTION('',(-1.,0.,0.));
#7772 = ADVANCED_FACE('',(#7773),#7784,.F.);
#7773 = FACE_BOUND('',#7774,.F.);
#7774 = EDGE_LOOP('',(#7775,#7776,#7782,#7783));
#7775 = ORIENTED_EDGE('',*,*,#7761,.T.);
#7776 = ORIENTED_EDGE('',*,*,#7777,.F.);
#7777 = EDGE_CURVE('',#7698,#7754,#7778,.T.);
#7778 = LINE('',#7779,#7780);
#7779 = CARTESIAN_POINT('',(445.15,138.168176,126.01));
#7780 = VECTOR('',#7781,1.);
#7781 = DIRECTION('',(0.,-1.,0.));
#7782 = ORIENTED_EDGE('',*,*,#7697,.F.);
#7783 = ORIENTED_EDGE('',*,*,#2118,.T.);
#7784 = PLANE('',#7785);
#7785 = AXIS2_PLACEMENT_3D('',#7786,#7787,#7788);
#7786 = CARTESIAN_POINT('',(445.15,137.768176,141.995));
#7787 = DIRECTION('',(1.,0.,0.));
#7788 = DIRECTION('',(0.,-1.,0.));
#7789 = ADVANCED_FACE('',(#7790),#7815,.F.);
#7790 = FACE_BOUND('',#7791,.F.);
#7791 = EDGE_LOOP('',(#7792,#7800,#7808,#7814));
#7792 = ORIENTED_EDGE('',*,*,#7793,.T.);
#7793 = EDGE_CURVE('',#2129,#7794,#7796,.T.);
#7794 = VERTEX_POINT('',#7795);
#7795 = CARTESIAN_POINT('',(464.2,137.768176,126.01));
#7796 = LINE('',#7797,#7798);
#7797 = CARTESIAN_POINT('',(464.2,137.768176,141.995));
#7798 = VECTOR('',#7799,1.);
#7799 = DIRECTION('',(0.,0.,-1.));
#7800 = ORIENTED_EDGE('',*,*,#7801,.F.);
#7801 = EDGE_CURVE('',#7802,#7794,#7804,.T.);
#7802 = VERTEX_POINT('',#7803);
#7803 = CARTESIAN_POINT('',(450.2,137.768176,126.01));
#7804 = LINE('',#7805,#7806);
#7805 = CARTESIAN_POINT('',(457.6,137.768176,126.01));
#7806 = VECTOR('',#7807,1.);
#7807 = DIRECTION('',(1.,0.,0.));
#7808 = ORIENTED_EDGE('',*,*,#7809,.F.);
#7809 = EDGE_CURVE('',#2127,#7802,#7810,.T.);
#7810 = LINE('',#7811,#7812);
#7811 = CARTESIAN_POINT('',(450.2,137.768176,141.995));
#7812 = VECTOR('',#7813,1.);
#7813 = DIRECTION('',(0.,0.,-1.));
#7814 = ORIENTED_EDGE('',*,*,#2126,.T.);
#7815 = PLANE('',#7816);
#7816 = AXIS2_PLACEMENT_3D('',#7817,#7818,#7819);
#7817 = CARTESIAN_POINT('',(450.2,137.768176,141.995));
#7818 = DIRECTION('',(0.,1.,0.));
#7819 = DIRECTION('',(1.,0.,0.));
#7820 = ADVANCED_FACE('',(#7821),#7839,.F.);
#7821 = FACE_BOUND('',#7822,.F.);
#7822 = EDGE_LOOP('',(#7823,#7824,#7832,#7838));
#7823 = ORIENTED_EDGE('',*,*,#7809,.T.);
#7824 = ORIENTED_EDGE('',*,*,#7825,.F.);
#7825 = EDGE_CURVE('',#7826,#7802,#7828,.T.);
#7826 = VERTEX_POINT('',#7827);
#7827 = CARTESIAN_POINT('',(450.2,123.768176,126.01));
#7828 = LINE('',#7829,#7830);
#7829 = CARTESIAN_POINT('',(450.2,131.168176,126.01));
#7830 = VECTOR('',#7831,1.);
#7831 = DIRECTION('',(0.,1.,0.));
#7832 = ORIENTED_EDGE('',*,*,#7833,.F.);
#7833 = EDGE_CURVE('',#2137,#7826,#7834,.T.);
#7834 = LINE('',#7835,#7836);
#7835 = CARTESIAN_POINT('',(450.2,123.768176,141.995));
#7836 = VECTOR('',#7837,1.);
#7837 = DIRECTION('',(0.,0.,-1.));
#7838 = ORIENTED_EDGE('',*,*,#2136,.T.);
#7839 = PLANE('',#7840);
#7840 = AXIS2_PLACEMENT_3D('',#7841,#7842,#7843);
#7841 = CARTESIAN_POINT('',(450.2,123.768176,141.995));
#7842 = DIRECTION('',(-1.,0.,0.));
#7843 = DIRECTION('',(0.,1.,0.));
#7844 = ADVANCED_FACE('',(#7845),#7863,.F.);
#7845 = FACE_BOUND('',#7846,.F.);
#7846 = EDGE_LOOP('',(#7847,#7848,#7856,#7862));
#7847 = ORIENTED_EDGE('',*,*,#7833,.T.);
#7848 = ORIENTED_EDGE('',*,*,#7849,.F.);
#7849 = EDGE_CURVE('',#7850,#7826,#7852,.T.);
#7850 = VERTEX_POINT('',#7851);
#7851 = CARTESIAN_POINT('',(464.2,123.768176,126.01));
#7852 = LINE('',#7853,#7854);
#7853 = CARTESIAN_POINT('',(464.6,123.768176,126.01));
#7854 = VECTOR('',#7855,1.);
#7855 = DIRECTION('',(-1.,0.,0.));
#7856 = ORIENTED_EDGE('',*,*,#7857,.F.);
#7857 = EDGE_CURVE('',#2145,#7850,#7858,.T.);
#7858 = LINE('',#7859,#7860);
#7859 = CARTESIAN_POINT('',(464.2,123.768176,141.995));
#7860 = VECTOR('',#7861,1.);
#7861 = DIRECTION('',(0.,0.,-1.));
#7862 = ORIENTED_EDGE('',*,*,#2144,.T.);
#7863 = PLANE('',#7864);
#7864 = AXIS2_PLACEMENT_3D('',#7865,#7866,#7867);
#7865 = CARTESIAN_POINT('',(464.2,123.768176,141.995));
#7866 = DIRECTION('',(0.,-1.,0.));
#7867 = DIRECTION('',(-1.,0.,0.));
#7868 = ADVANCED_FACE('',(#7869),#7880,.F.);
#7869 = FACE_BOUND('',#7870,.F.);
#7870 = EDGE_LOOP('',(#7871,#7872,#7878,#7879));
#7871 = ORIENTED_EDGE('',*,*,#7857,.T.);
#7872 = ORIENTED_EDGE('',*,*,#7873,.F.);
#7873 = EDGE_CURVE('',#7794,#7850,#7874,.T.);
#7874 = LINE('',#7875,#7876);
#7875 = CARTESIAN_POINT('',(464.2,138.168176,126.01));
#7876 = VECTOR('',#7877,1.);
#7877 = DIRECTION('',(0.,-1.,0.));
#7878 = ORIENTED_EDGE('',*,*,#7793,.F.);
#7879 = ORIENTED_EDGE('',*,*,#2152,.T.);
#7880 = PLANE('',#7881);
#7881 = AXIS2_PLACEMENT_3D('',#7882,#7883,#7884);
#7882 = CARTESIAN_POINT('',(464.2,137.768176,141.995));
#7883 = DIRECTION('',(1.,0.,0.));
#7884 = DIRECTION('',(0.,-1.,0.));
#7885 = ADVANCED_FACE('',(#7886),#7911,.F.);
#7886 = FACE_BOUND('',#7887,.F.);
#7887 = EDGE_LOOP('',(#7888,#7896,#7904,#7910));
#7888 = ORIENTED_EDGE('',*,*,#7889,.T.);
#7889 = EDGE_CURVE('',#2163,#7890,#7892,.T.);
#7890 = VERTEX_POINT('',#7891);
#7891 = CARTESIAN_POINT('',(483.25,137.768176,126.01));
#7892 = LINE('',#7893,#7894);
#7893 = CARTESIAN_POINT('',(483.25,137.768176,141.995));
#7894 = VECTOR('',#7895,1.);
#7895 = DIRECTION('',(0.,0.,-1.));
#7896 = ORIENTED_EDGE('',*,*,#7897,.F.);
#7897 = EDGE_CURVE('',#7898,#7890,#7900,.T.);
#7898 = VERTEX_POINT('',#7899);
#7899 = CARTESIAN_POINT('',(469.25,137.768176,126.01));
#7900 = LINE('',#7901,#7902);
#7901 = CARTESIAN_POINT('',(476.65,137.768176,126.01));
#7902 = VECTOR('',#7903,1.);
#7903 = DIRECTION('',(1.,0.,0.));
#7904 = ORIENTED_EDGE('',*,*,#7905,.F.);
#7905 = EDGE_CURVE('',#2161,#7898,#7906,.T.);
#7906 = LINE('',#7907,#7908);
#7907 = CARTESIAN_POINT('',(469.25,137.768176,141.995));
#7908 = VECTOR('',#7909,1.);
#7909 = DIRECTION('',(0.,0.,-1.));
#7910 = ORIENTED_EDGE('',*,*,#2160,.T.);
#7911 = PLANE('',#7912);
#7912 = AXIS2_PLACEMENT_3D('',#7913,#7914,#7915);
#7913 = CARTESIAN_POINT('',(469.25,137.768176,141.995));
#7914 = DIRECTION('',(0.,1.,0.));
#7915 = DIRECTION('',(1.,0.,0.));
#7916 = ADVANCED_FACE('',(#7917),#7935,.F.);
#7917 = FACE_BOUND('',#7918,.F.);
#7918 = EDGE_LOOP('',(#7919,#7920,#7928,#7934));
#7919 = ORIENTED_EDGE('',*,*,#7905,.T.);
#7920 = ORIENTED_EDGE('',*,*,#7921,.F.);
#7921 = EDGE_CURVE('',#7922,#7898,#7924,.T.);
#7922 = VERTEX_POINT('',#7923);
#7923 = CARTESIAN_POINT('',(469.25,123.768176,126.01));
#7924 = LINE('',#7925,#7926);
#7925 = CARTESIAN_POINT('',(469.25,131.168176,126.01));
#7926 = VECTOR('',#7927,1.);
#7927 = DIRECTION('',(0.,1.,0.));
#7928 = ORIENTED_EDGE('',*,*,#7929,.F.);
#7929 = EDGE_CURVE('',#2171,#7922,#7930,.T.);
#7930 = LINE('',#7931,#7932);
#7931 = CARTESIAN_POINT('',(469.25,123.768176,141.995));
#7932 = VECTOR('',#7933,1.);
#7933 = DIRECTION('',(0.,0.,-1.));
#7934 = ORIENTED_EDGE('',*,*,#2170,.T.);
#7935 = PLANE('',#7936);
#7936 = AXIS2_PLACEMENT_3D('',#7937,#7938,#7939);
#7937 = CARTESIAN_POINT('',(469.25,123.768176,141.995));
#7938 = DIRECTION('',(-1.,0.,0.));
#7939 = DIRECTION('',(0.,1.,0.));
#7940 = ADVANCED_FACE('',(#7941),#7959,.F.);
#7941 = FACE_BOUND('',#7942,.F.);
#7942 = EDGE_LOOP('',(#7943,#7944,#7952,#7958));
#7943 = ORIENTED_EDGE('',*,*,#7929,.T.);
#7944 = ORIENTED_EDGE('',*,*,#7945,.F.);
#7945 = EDGE_CURVE('',#7946,#7922,#7948,.T.);
#7946 = VERTEX_POINT('',#7947);
#7947 = CARTESIAN_POINT('',(483.25,123.768176,126.01));
#7948 = LINE('',#7949,#7950);
#7949 = CARTESIAN_POINT('',(483.65,123.768176,126.01));
#7950 = VECTOR('',#7951,1.);
#7951 = DIRECTION('',(-1.,0.,0.));
#7952 = ORIENTED_EDGE('',*,*,#7953,.F.);
#7953 = EDGE_CURVE('',#2179,#7946,#7954,.T.);
#7954 = LINE('',#7955,#7956);
#7955 = CARTESIAN_POINT('',(483.25,123.768176,141.995));
#7956 = VECTOR('',#7957,1.);
#7957 = DIRECTION('',(0.,0.,-1.));
#7958 = ORIENTED_EDGE('',*,*,#2178,.T.);
#7959 = PLANE('',#7960);
#7960 = AXIS2_PLACEMENT_3D('',#7961,#7962,#7963);
#7961 = CARTESIAN_POINT('',(483.25,123.768176,141.995));
#7962 = DIRECTION('',(0.,-1.,0.));
#7963 = DIRECTION('',(-1.,0.,0.));
#7964 = ADVANCED_FACE('',(#7965),#7976,.F.);
#7965 = FACE_BOUND('',#7966,.F.);
#7966 = EDGE_LOOP('',(#7967,#7968,#7974,#7975));
#7967 = ORIENTED_EDGE('',*,*,#7953,.T.);
#7968 = ORIENTED_EDGE('',*,*,#7969,.F.);
#7969 = EDGE_CURVE('',#7890,#7946,#7970,.T.);
#7970 = LINE('',#7971,#7972);
#7971 = CARTESIAN_POINT('',(483.25,138.168176,126.01));
#7972 = VECTOR('',#7973,1.);
#7973 = DIRECTION('',(0.,-1.,0.));
#7974 = ORIENTED_EDGE('',*,*,#7889,.F.);
#7975 = ORIENTED_EDGE('',*,*,#2186,.T.);
#7976 = PLANE('',#7977);
#7977 = AXIS2_PLACEMENT_3D('',#7978,#7979,#7980);
#7978 = CARTESIAN_POINT('',(483.25,137.768176,141.995));
#7979 = DIRECTION('',(1.,0.,0.));
#7980 = DIRECTION('',(0.,-1.,0.));
#7981 = ADVANCED_FACE('',(#7982),#8007,.F.);
#7982 = FACE_BOUND('',#7983,.F.);
#7983 = EDGE_LOOP('',(#7984,#7992,#8000,#8006));
#7984 = ORIENTED_EDGE('',*,*,#7985,.T.);
#7985 = EDGE_CURVE('',#2197,#7986,#7988,.T.);
#7986 = VERTEX_POINT('',#7987);
#7987 = CARTESIAN_POINT('',(426.1,156.818176,126.01));
#7988 = LINE('',#7989,#7990);
#7989 = CARTESIAN_POINT('',(426.1,156.818176,141.995));
#7990 = VECTOR('',#7991,1.);
#7991 = DIRECTION('',(0.,0.,-1.));
#7992 = ORIENTED_EDGE('',*,*,#7993,.F.);
#7993 = EDGE_CURVE('',#7994,#7986,#7996,.T.);
#7994 = VERTEX_POINT('',#7995);
#7995 = CARTESIAN_POINT('',(412.1,156.818176,126.01));
#7996 = LINE('',#7997,#7998);
#7997 = CARTESIAN_POINT('',(419.5,156.818176,126.01));
#7998 = VECTOR('',#7999,1.);
#7999 = DIRECTION('',(1.,0.,0.));
#8000 = ORIENTED_EDGE('',*,*,#8001,.F.);
#8001 = EDGE_CURVE('',#2195,#7994,#8002,.T.);
#8002 = LINE('',#8003,#8004);
#8003 = CARTESIAN_POINT('',(412.1,156.818176,141.995));
#8004 = VECTOR('',#8005,1.);
#8005 = DIRECTION('',(0.,0.,-1.));
#8006 = ORIENTED_EDGE('',*,*,#2194,.T.);
#8007 = PLANE('',#8008);
#8008 = AXIS2_PLACEMENT_3D('',#8009,#8010,#8011);
#8009 = CARTESIAN_POINT('',(412.1,156.818176,141.995));
#8010 = DIRECTION('',(0.,1.,0.));
#8011 = DIRECTION('',(1.,0.,0.));
#8012 = ADVANCED_FACE('',(#8013),#8031,.F.);
#8013 = FACE_BOUND('',#8014,.F.);
#8014 = EDGE_LOOP('',(#8015,#8016,#8024,#8030));
#8015 = ORIENTED_EDGE('',*,*,#8001,.T.);
#8016 = ORIENTED_EDGE('',*,*,#8017,.F.);
#8017 = EDGE_CURVE('',#8018,#7994,#8020,.T.);
#8018 = VERTEX_POINT('',#8019);
#8019 = CARTESIAN_POINT('',(412.1,142.818176,126.01));
#8020 = LINE('',#8021,#8022);
#8021 = CARTESIAN_POINT('',(412.1,150.218176,126.01));
#8022 = VECTOR('',#8023,1.);
#8023 = DIRECTION('',(0.,1.,0.));
#8024 = ORIENTED_EDGE('',*,*,#8025,.F.);
#8025 = EDGE_CURVE('',#2205,#8018,#8026,.T.);
#8026 = LINE('',#8027,#8028);
#8027 = CARTESIAN_POINT('',(412.1,142.818176,141.995));
#8028 = VECTOR('',#8029,1.);
#8029 = DIRECTION('',(0.,0.,-1.));
#8030 = ORIENTED_EDGE('',*,*,#2204,.T.);
#8031 = PLANE('',#8032);
#8032 = AXIS2_PLACEMENT_3D('',#8033,#8034,#8035);
#8033 = CARTESIAN_POINT('',(412.1,142.818176,141.995));
#8034 = DIRECTION('',(-1.,0.,0.));
#8035 = DIRECTION('',(0.,1.,0.));
#8036 = ADVANCED_FACE('',(#8037),#8055,.F.);
#8037 = FACE_BOUND('',#8038,.F.);
#8038 = EDGE_LOOP('',(#8039,#8040,#8048,#8054));
#8039 = ORIENTED_EDGE('',*,*,#8025,.T.);
#8040 = ORIENTED_EDGE('',*,*,#8041,.F.);
#8041 = EDGE_CURVE('',#8042,#8018,#8044,.T.);
#8042 = VERTEX_POINT('',#8043);
#8043 = CARTESIAN_POINT('',(426.1,142.818176,126.01));
#8044 = LINE('',#8045,#8046);
#8045 = CARTESIAN_POINT('',(426.5,142.818176,126.01));
#8046 = VECTOR('',#8047,1.);
#8047 = DIRECTION('',(-1.,0.,0.));
#8048 = ORIENTED_EDGE('',*,*,#8049,.F.);
#8049 = EDGE_CURVE('',#2213,#8042,#8050,.T.);
#8050 = LINE('',#8051,#8052);
#8051 = CARTESIAN_POINT('',(426.1,142.818176,141.995));
#8052 = VECTOR('',#8053,1.);
#8053 = DIRECTION('',(0.,0.,-1.));
#8054 = ORIENTED_EDGE('',*,*,#2212,.T.);
#8055 = PLANE('',#8056);
#8056 = AXIS2_PLACEMENT_3D('',#8057,#8058,#8059);
#8057 = CARTESIAN_POINT('',(426.1,142.818176,141.995));
#8058 = DIRECTION('',(0.,-1.,0.));
#8059 = DIRECTION('',(-1.,0.,0.));
#8060 = ADVANCED_FACE('',(#8061),#8072,.F.);
#8061 = FACE_BOUND('',#8062,.F.);
#8062 = EDGE_LOOP('',(#8063,#8064,#8070,#8071));
#8063 = ORIENTED_EDGE('',*,*,#8049,.T.);
#8064 = ORIENTED_EDGE('',*,*,#8065,.F.);
#8065 = EDGE_CURVE('',#7986,#8042,#8066,.T.);
#8066 = LINE('',#8067,#8068);
#8067 = CARTESIAN_POINT('',(426.1,157.218176,126.01));
#8068 = VECTOR('',#8069,1.);
#8069 = DIRECTION('',(0.,-1.,0.));
#8070 = ORIENTED_EDGE('',*,*,#7985,.F.);
#8071 = ORIENTED_EDGE('',*,*,#2220,.T.);
#8072 = PLANE('',#8073);
#8073 = AXIS2_PLACEMENT_3D('',#8074,#8075,#8076);
#8074 = CARTESIAN_POINT('',(426.1,156.818176,141.995));
#8075 = DIRECTION('',(1.,0.,0.));
#8076 = DIRECTION('',(0.,-1.,0.));
#8077 = ADVANCED_FACE('',(#8078),#8103,.F.);
#8078 = FACE_BOUND('',#8079,.F.);
#8079 = EDGE_LOOP('',(#8080,#8088,#8096,#8102));
#8080 = ORIENTED_EDGE('',*,*,#8081,.T.);
#8081 = EDGE_CURVE('',#2231,#8082,#8084,.T.);
#8082 = VERTEX_POINT('',#8083);
#8083 = CARTESIAN_POINT('',(473.725,32.993176,126.01));
#8084 = LINE('',#8085,#8086);
#8085 = CARTESIAN_POINT('',(473.725,32.993176,139.995));
#8086 = VECTOR('',#8087,1.);
#8087 = DIRECTION('',(0.,0.,-1.));
#8088 = ORIENTED_EDGE('',*,*,#8089,.F.);
#8089 = EDGE_CURVE('',#8090,#8082,#8092,.T.);
#8090 = VERTEX_POINT('',#8091);
#8091 = CARTESIAN_POINT('',(459.725,32.993176,126.01));
#8092 = LINE('',#8093,#8094);
#8093 = CARTESIAN_POINT('',(467.125,32.993176,126.01));
#8094 = VECTOR('',#8095,1.);
#8095 = DIRECTION('',(1.,0.,0.));
#8096 = ORIENTED_EDGE('',*,*,#8097,.F.);
#8097 = EDGE_CURVE('',#2229,#8090,#8098,.T.);
#8098 = LINE('',#8099,#8100);
#8099 = CARTESIAN_POINT('',(459.725,32.993176,139.995));
#8100 = VECTOR('',#8101,1.);
#8101 = DIRECTION('',(0.,0.,-1.));
#8102 = ORIENTED_EDGE('',*,*,#2228,.T.);
#8103 = PLANE('',#8104);
#8104 = AXIS2_PLACEMENT_3D('',#8105,#8106,#8107);
#8105 = CARTESIAN_POINT('',(459.725,32.993176,139.995));
#8106 = DIRECTION('',(0.,1.,0.));
#8107 = DIRECTION('',(1.,0.,0.));
#8108 = ADVANCED_FACE('',(#8109),#8127,.F.);
#8109 = FACE_BOUND('',#8110,.F.);
#8110 = EDGE_LOOP('',(#8111,#8112,#8120,#8126));
#8111 = ORIENTED_EDGE('',*,*,#8097,.T.);
#8112 = ORIENTED_EDGE('',*,*,#8113,.F.);
#8113 = EDGE_CURVE('',#8114,#8090,#8116,.T.);
#8114 = VERTEX_POINT('',#8115);
#8115 = CARTESIAN_POINT('',(459.725,18.993176,126.01));
#8116 = LINE('',#8117,#8118);
#8117 = CARTESIAN_POINT('',(459.725,26.393176,126.01));
#8118 = VECTOR('',#8119,1.);
#8119 = DIRECTION('',(0.,1.,0.));
#8120 = ORIENTED_EDGE('',*,*,#8121,.F.);
#8121 = EDGE_CURVE('',#2239,#8114,#8122,.T.);
#8122 = LINE('',#8123,#8124);
#8123 = CARTESIAN_POINT('',(459.725,18.993176,139.995));
#8124 = VECTOR('',#8125,1.);
#8125 = DIRECTION('',(0.,0.,-1.));
#8126 = ORIENTED_EDGE('',*,*,#2238,.T.);
#8127 = PLANE('',#8128);
#8128 = AXIS2_PLACEMENT_3D('',#8129,#8130,#8131);
#8129 = CARTESIAN_POINT('',(459.725,18.993176,139.995));
#8130 = DIRECTION('',(-1.,0.,0.));
#8131 = DIRECTION('',(0.,1.,0.));
#8132 = ADVANCED_FACE('',(#8133),#8151,.F.);
#8133 = FACE_BOUND('',#8134,.F.);
#8134 = EDGE_LOOP('',(#8135,#8136,#8144,#8150));
#8135 = ORIENTED_EDGE('',*,*,#8121,.T.);
#8136 = ORIENTED_EDGE('',*,*,#8137,.F.);
#8137 = EDGE_CURVE('',#8138,#8114,#8140,.T.);
#8138 = VERTEX_POINT('',#8139);
#8139 = CARTESIAN_POINT('',(473.725,18.993176,126.01));
#8140 = LINE('',#8141,#8142);
#8141 = CARTESIAN_POINT('',(474.125,18.993176,126.01));
#8142 = VECTOR('',#8143,1.);
#8143 = DIRECTION('',(-1.,0.,0.));
#8144 = ORIENTED_EDGE('',*,*,#8145,.F.);
#8145 = EDGE_CURVE('',#2247,#8138,#8146,.T.);
#8146 = LINE('',#8147,#8148);
#8147 = CARTESIAN_POINT('',(473.725,18.993176,139.995));
#8148 = VECTOR('',#8149,1.);
#8149 = DIRECTION('',(0.,0.,-1.));
#8150 = ORIENTED_EDGE('',*,*,#2246,.T.);
#8151 = PLANE('',#8152);
#8152 = AXIS2_PLACEMENT_3D('',#8153,#8154,#8155);
#8153 = CARTESIAN_POINT('',(473.725,18.993176,139.995));
#8154 = DIRECTION('',(0.,-1.,0.));
#8155 = DIRECTION('',(-1.,0.,0.));
#8156 = ADVANCED_FACE('',(#8157),#8168,.F.);
#8157 = FACE_BOUND('',#8158,.F.);
#8158 = EDGE_LOOP('',(#8159,#8160,#8166,#8167));
#8159 = ORIENTED_EDGE('',*,*,#8145,.T.);
#8160 = ORIENTED_EDGE('',*,*,#8161,.F.);
#8161 = EDGE_CURVE('',#8082,#8138,#8162,.T.);
#8162 = LINE('',#8163,#8164);
#8163 = CARTESIAN_POINT('',(473.725,33.393176,126.01));
#8164 = VECTOR('',#8165,1.);
#8165 = DIRECTION('',(0.,-1.,0.));
#8166 = ORIENTED_EDGE('',*,*,#8081,.F.);
#8167 = ORIENTED_EDGE('',*,*,#2254,.T.);
#8168 = PLANE('',#8169);
#8169 = AXIS2_PLACEMENT_3D('',#8170,#8171,#8172);
#8170 = CARTESIAN_POINT('',(473.725,32.993176,139.995));
#8171 = DIRECTION('',(1.,0.,0.));
#8172 = DIRECTION('',(0.,-1.,0.));
#8173 = ADVANCED_FACE('',(#8174),#8199,.F.);
#8174 = FACE_BOUND('',#8175,.F.);
#8175 = EDGE_LOOP('',(#8176,#8184,#8192,#8198));
#8176 = ORIENTED_EDGE('',*,*,#8177,.T.);
#8177 = EDGE_CURVE('',#2265,#8178,#8180,.T.);
#8178 = VERTEX_POINT('',#8179);
#8179 = CARTESIAN_POINT('',(454.675,32.993176,126.01));
#8180 = LINE('',#8181,#8182);
#8181 = CARTESIAN_POINT('',(454.675,32.993176,139.995));
#8182 = VECTOR('',#8183,1.);
#8183 = DIRECTION('',(0.,0.,-1.));
#8184 = ORIENTED_EDGE('',*,*,#8185,.F.);
#8185 = EDGE_CURVE('',#8186,#8178,#8188,.T.);
#8186 = VERTEX_POINT('',#8187);
#8187 = CARTESIAN_POINT('',(440.675,32.993176,126.01));
#8188 = LINE('',#8189,#8190);
#8189 = CARTESIAN_POINT('',(448.075,32.993176,126.01));
#8190 = VECTOR('',#8191,1.);
#8191 = DIRECTION('',(1.,0.,0.));
#8192 = ORIENTED_EDGE('',*,*,#8193,.F.);
#8193 = EDGE_CURVE('',#2263,#8186,#8194,.T.);
#8194 = LINE('',#8195,#8196);
#8195 = CARTESIAN_POINT('',(440.675,32.993176,139.995));
#8196 = VECTOR('',#8197,1.);
#8197 = DIRECTION('',(0.,0.,-1.));
#8198 = ORIENTED_EDGE('',*,*,#2262,.T.);
#8199 = PLANE('',#8200);
#8200 = AXIS2_PLACEMENT_3D('',#8201,#8202,#8203);
#8201 = CARTESIAN_POINT('',(440.675,32.993176,139.995));
#8202 = DIRECTION('',(0.,1.,0.));
#8203 = DIRECTION('',(1.,0.,0.));
#8204 = ADVANCED_FACE('',(#8205),#8223,.F.);
#8205 = FACE_BOUND('',#8206,.F.);
#8206 = EDGE_LOOP('',(#8207,#8208,#8216,#8222));
#8207 = ORIENTED_EDGE('',*,*,#8193,.T.);
#8208 = ORIENTED_EDGE('',*,*,#8209,.F.);
#8209 = EDGE_CURVE('',#8210,#8186,#8212,.T.);
#8210 = VERTEX_POINT('',#8211);
#8211 = CARTESIAN_POINT('',(440.675,18.993176,126.01));
#8212 = LINE('',#8213,#8214);
#8213 = CARTESIAN_POINT('',(440.675,26.393176,126.01));
#8214 = VECTOR('',#8215,1.);
#8215 = DIRECTION('',(0.,1.,0.));
#8216 = ORIENTED_EDGE('',*,*,#8217,.F.);
#8217 = EDGE_CURVE('',#2273,#8210,#8218,.T.);
#8218 = LINE('',#8219,#8220);
#8219 = CARTESIAN_POINT('',(440.675,18.993176,139.995));
#8220 = VECTOR('',#8221,1.);
#8221 = DIRECTION('',(0.,0.,-1.));
#8222 = ORIENTED_EDGE('',*,*,#2272,.T.);
#8223 = PLANE('',#8224);
#8224 = AXIS2_PLACEMENT_3D('',#8225,#8226,#8227);
#8225 = CARTESIAN_POINT('',(440.675,18.993176,139.995));
#8226 = DIRECTION('',(-1.,0.,0.));
#8227 = DIRECTION('',(0.,1.,0.));
#8228 = ADVANCED_FACE('',(#8229),#8247,.F.);
#8229 = FACE_BOUND('',#8230,.F.);
#8230 = EDGE_LOOP('',(#8231,#8232,#8240,#8246));
#8231 = ORIENTED_EDGE('',*,*,#8217,.T.);
#8232 = ORIENTED_EDGE('',*,*,#8233,.F.);
#8233 = EDGE_CURVE('',#8234,#8210,#8236,.T.);
#8234 = VERTEX_POINT('',#8235);
#8235 = CARTESIAN_POINT('',(454.675,18.993176,126.01));
#8236 = LINE('',#8237,#8238);
#8237 = CARTESIAN_POINT('',(455.075,18.993176,126.01));
#8238 = VECTOR('',#8239,1.);
#8239 = DIRECTION('',(-1.,0.,0.));
#8240 = ORIENTED_EDGE('',*,*,#8241,.F.);
#8241 = EDGE_CURVE('',#2281,#8234,#8242,.T.);
#8242 = LINE('',#8243,#8244);
#8243 = CARTESIAN_POINT('',(454.675,18.993176,139.995));
#8244 = VECTOR('',#8245,1.);
#8245 = DIRECTION('',(0.,0.,-1.));
#8246 = ORIENTED_EDGE('',*,*,#2280,.T.);
#8247 = PLANE('',#8248);
#8248 = AXIS2_PLACEMENT_3D('',#8249,#8250,#8251);
#8249 = CARTESIAN_POINT('',(454.675,18.993176,139.995));
#8250 = DIRECTION('',(0.,-1.,0.));
#8251 = DIRECTION('',(-1.,0.,0.));
#8252 = ADVANCED_FACE('',(#8253),#8264,.F.);
#8253 = FACE_BOUND('',#8254,.F.);
#8254 = EDGE_LOOP('',(#8255,#8256,#8262,#8263));
#8255 = ORIENTED_EDGE('',*,*,#8241,.T.);
#8256 = ORIENTED_EDGE('',*,*,#8257,.F.);
#8257 = EDGE_CURVE('',#8178,#8234,#8258,.T.);
#8258 = LINE('',#8259,#8260);
#8259 = CARTESIAN_POINT('',(454.675,33.393176,126.01));
#8260 = VECTOR('',#8261,1.);
#8261 = DIRECTION('',(0.,-1.,0.));
#8262 = ORIENTED_EDGE('',*,*,#8177,.F.);
#8263 = ORIENTED_EDGE('',*,*,#2288,.T.);
#8264 = PLANE('',#8265);
#8265 = AXIS2_PLACEMENT_3D('',#8266,#8267,#8268);
#8266 = CARTESIAN_POINT('',(454.675,32.993176,139.995));
#8267 = DIRECTION('',(1.,0.,0.));
#8268 = DIRECTION('',(0.,-1.,0.));
#8269 = ADVANCED_FACE('',(#8270),#8295,.F.);
#8270 = FACE_BOUND('',#8271,.F.);
#8271 = EDGE_LOOP('',(#8272,#8280,#8288,#8294));
#8272 = ORIENTED_EDGE('',*,*,#8273,.T.);
#8273 = EDGE_CURVE('',#2299,#8274,#8276,.T.);
#8274 = VERTEX_POINT('',#8275);
#8275 = CARTESIAN_POINT('',(454.675,52.043176,126.01));
#8276 = LINE('',#8277,#8278);
#8277 = CARTESIAN_POINT('',(454.675,52.043176,139.995));
#8278 = VECTOR('',#8279,1.);
#8279 = DIRECTION('',(0.,0.,-1.));
#8280 = ORIENTED_EDGE('',*,*,#8281,.F.);
#8281 = EDGE_CURVE('',#8282,#8274,#8284,.T.);
#8282 = VERTEX_POINT('',#8283);
#8283 = CARTESIAN_POINT('',(440.675,52.043176,126.01));
#8284 = LINE('',#8285,#8286);
#8285 = CARTESIAN_POINT('',(448.075,52.043176,126.01));
#8286 = VECTOR('',#8287,1.);
#8287 = DIRECTION('',(1.,0.,0.));
#8288 = ORIENTED_EDGE('',*,*,#8289,.F.);
#8289 = EDGE_CURVE('',#2297,#8282,#8290,.T.);
#8290 = LINE('',#8291,#8292);
#8291 = CARTESIAN_POINT('',(440.675,52.043176,139.995));
#8292 = VECTOR('',#8293,1.);
#8293 = DIRECTION('',(0.,0.,-1.));
#8294 = ORIENTED_EDGE('',*,*,#2296,.T.);
#8295 = PLANE('',#8296);
#8296 = AXIS2_PLACEMENT_3D('',#8297,#8298,#8299);
#8297 = CARTESIAN_POINT('',(440.675,52.043176,139.995));
#8298 = DIRECTION('',(0.,1.,0.));
#8299 = DIRECTION('',(1.,0.,0.));
#8300 = ADVANCED_FACE('',(#8301),#8319,.F.);
#8301 = FACE_BOUND('',#8302,.F.);
#8302 = EDGE_LOOP('',(#8303,#8304,#8312,#8318));
#8303 = ORIENTED_EDGE('',*,*,#8289,.T.);
#8304 = ORIENTED_EDGE('',*,*,#8305,.F.);
#8305 = EDGE_CURVE('',#8306,#8282,#8308,.T.);
#8306 = VERTEX_POINT('',#8307);
#8307 = CARTESIAN_POINT('',(440.675,38.043176,126.01));
#8308 = LINE('',#8309,#8310);
#8309 = CARTESIAN_POINT('',(440.675,45.443176,126.01));
#8310 = VECTOR('',#8311,1.);
#8311 = DIRECTION('',(0.,1.,0.));
#8312 = ORIENTED_EDGE('',*,*,#8313,.F.);
#8313 = EDGE_CURVE('',#2307,#8306,#8314,.T.);
#8314 = LINE('',#8315,#8316);
#8315 = CARTESIAN_POINT('',(440.675,38.043176,139.995));
#8316 = VECTOR('',#8317,1.);
#8317 = DIRECTION('',(0.,0.,-1.));
#8318 = ORIENTED_EDGE('',*,*,#2306,.T.);
#8319 = PLANE('',#8320);
#8320 = AXIS2_PLACEMENT_3D('',#8321,#8322,#8323);
#8321 = CARTESIAN_POINT('',(440.675,38.043176,139.995));
#8322 = DIRECTION('',(-1.,0.,0.));
#8323 = DIRECTION('',(0.,1.,0.));
#8324 = ADVANCED_FACE('',(#8325),#8343,.F.);
#8325 = FACE_BOUND('',#8326,.F.);
#8326 = EDGE_LOOP('',(#8327,#8328,#8336,#8342));
#8327 = ORIENTED_EDGE('',*,*,#8313,.T.);
#8328 = ORIENTED_EDGE('',*,*,#8329,.F.);
#8329 = EDGE_CURVE('',#8330,#8306,#8332,.T.);
#8330 = VERTEX_POINT('',#8331);
#8331 = CARTESIAN_POINT('',(454.675,38.043176,126.01));
#8332 = LINE('',#8333,#8334);
#8333 = CARTESIAN_POINT('',(455.075,38.043176,126.01));
#8334 = VECTOR('',#8335,1.);
#8335 = DIRECTION('',(-1.,0.,0.));
#8336 = ORIENTED_EDGE('',*,*,#8337,.F.);
#8337 = EDGE_CURVE('',#2315,#8330,#8338,.T.);
#8338 = LINE('',#8339,#8340);
#8339 = CARTESIAN_POINT('',(454.675,38.043176,139.995));
#8340 = VECTOR('',#8341,1.);
#8341 = DIRECTION('',(0.,0.,-1.));
#8342 = ORIENTED_EDGE('',*,*,#2314,.T.);
#8343 = PLANE('',#8344);
#8344 = AXIS2_PLACEMENT_3D('',#8345,#8346,#8347);
#8345 = CARTESIAN_POINT('',(454.675,38.043176,139.995));
#8346 = DIRECTION('',(0.,-1.,0.));
#8347 = DIRECTION('',(-1.,0.,0.));
#8348 = ADVANCED_FACE('',(#8349),#8360,.F.);
#8349 = FACE_BOUND('',#8350,.F.);
#8350 = EDGE_LOOP('',(#8351,#8352,#8358,#8359));
#8351 = ORIENTED_EDGE('',*,*,#8337,.T.);
#8352 = ORIENTED_EDGE('',*,*,#8353,.F.);
#8353 = EDGE_CURVE('',#8274,#8330,#8354,.T.);
#8354 = LINE('',#8355,#8356);
#8355 = CARTESIAN_POINT('',(454.675,52.443176,126.01));
#8356 = VECTOR('',#8357,1.);
#8357 = DIRECTION('',(0.,-1.,0.));
#8358 = ORIENTED_EDGE('',*,*,#8273,.F.);
#8359 = ORIENTED_EDGE('',*,*,#2322,.T.);
#8360 = PLANE('',#8361);
#8361 = AXIS2_PLACEMENT_3D('',#8362,#8363,#8364);
#8362 = CARTESIAN_POINT('',(454.675,52.043176,139.995));
#8363 = DIRECTION('',(1.,0.,0.));
#8364 = DIRECTION('',(0.,-1.,0.));
#8365 = ADVANCED_FACE('',(#8366),#8391,.F.);
#8366 = FACE_BOUND('',#8367,.F.);
#8367 = EDGE_LOOP('',(#8368,#8376,#8384,#8390));
#8368 = ORIENTED_EDGE('',*,*,#8369,.T.);
#8369 = EDGE_CURVE('',#2333,#8370,#8372,.T.);
#8370 = VERTEX_POINT('',#8371);
#8371 = CARTESIAN_POINT('',(435.625,32.993176,126.01));
#8372 = LINE('',#8373,#8374);
#8373 = CARTESIAN_POINT('',(435.625,32.993176,139.995));
#8374 = VECTOR('',#8375,1.);
#8375 = DIRECTION('',(0.,0.,-1.));
#8376 = ORIENTED_EDGE('',*,*,#8377,.F.);
#8377 = EDGE_CURVE('',#8378,#8370,#8380,.T.);
#8378 = VERTEX_POINT('',#8379);
#8379 = CARTESIAN_POINT('',(421.625,32.993176,126.01));
#8380 = LINE('',#8381,#8382);
#8381 = CARTESIAN_POINT('',(429.025,32.993176,126.01));
#8382 = VECTOR('',#8383,1.);
#8383 = DIRECTION('',(1.,0.,0.));
#8384 = ORIENTED_EDGE('',*,*,#8385,.F.);
#8385 = EDGE_CURVE('',#2331,#8378,#8386,.T.);
#8386 = LINE('',#8387,#8388);
#8387 = CARTESIAN_POINT('',(421.625,32.993176,139.995));
#8388 = VECTOR('',#8389,1.);
#8389 = DIRECTION('',(0.,0.,-1.));
#8390 = ORIENTED_EDGE('',*,*,#2330,.T.);
#8391 = PLANE('',#8392);
#8392 = AXIS2_PLACEMENT_3D('',#8393,#8394,#8395);
#8393 = CARTESIAN_POINT('',(421.625,32.993176,139.995));
#8394 = DIRECTION('',(0.,1.,0.));
#8395 = DIRECTION('',(1.,0.,0.));
#8396 = ADVANCED_FACE('',(#8397),#8415,.F.);
#8397 = FACE_BOUND('',#8398,.F.);
#8398 = EDGE_LOOP('',(#8399,#8400,#8408,#8414));
#8399 = ORIENTED_EDGE('',*,*,#8385,.T.);
#8400 = ORIENTED_EDGE('',*,*,#8401,.F.);
#8401 = EDGE_CURVE('',#8402,#8378,#8404,.T.);
#8402 = VERTEX_POINT('',#8403);
#8403 = CARTESIAN_POINT('',(421.625,18.993176,126.01));
#8404 = LINE('',#8405,#8406);
#8405 = CARTESIAN_POINT('',(421.625,26.393176,126.01));
#8406 = VECTOR('',#8407,1.);
#8407 = DIRECTION('',(0.,1.,0.));
#8408 = ORIENTED_EDGE('',*,*,#8409,.F.);
#8409 = EDGE_CURVE('',#2341,#8402,#8410,.T.);
#8410 = LINE('',#8411,#8412);
#8411 = CARTESIAN_POINT('',(421.625,18.993176,139.995));
#8412 = VECTOR('',#8413,1.);
#8413 = DIRECTION('',(0.,0.,-1.));
#8414 = ORIENTED_EDGE('',*,*,#2340,.T.);
#8415 = PLANE('',#8416);
#8416 = AXIS2_PLACEMENT_3D('',#8417,#8418,#8419);
#8417 = CARTESIAN_POINT('',(421.625,18.993176,139.995));
#8418 = DIRECTION('',(-1.,0.,0.));
#8419 = DIRECTION('',(0.,1.,0.));
#8420 = ADVANCED_FACE('',(#8421),#8439,.F.);
#8421 = FACE_BOUND('',#8422,.F.);
#8422 = EDGE_LOOP('',(#8423,#8424,#8432,#8438));
#8423 = ORIENTED_EDGE('',*,*,#8409,.T.);
#8424 = ORIENTED_EDGE('',*,*,#8425,.F.);
#8425 = EDGE_CURVE('',#8426,#8402,#8428,.T.);
#8426 = VERTEX_POINT('',#8427);
#8427 = CARTESIAN_POINT('',(435.625,18.993176,126.01));
#8428 = LINE('',#8429,#8430);
#8429 = CARTESIAN_POINT('',(436.025,18.993176,126.01));
#8430 = VECTOR('',#8431,1.);
#8431 = DIRECTION('',(-1.,0.,0.));
#8432 = ORIENTED_EDGE('',*,*,#8433,.F.);
#8433 = EDGE_CURVE('',#2349,#8426,#8434,.T.);
#8434 = LINE('',#8435,#8436);
#8435 = CARTESIAN_POINT('',(435.625,18.993176,139.995));
#8436 = VECTOR('',#8437,1.);
#8437 = DIRECTION('',(0.,0.,-1.));
#8438 = ORIENTED_EDGE('',*,*,#2348,.T.);
#8439 = PLANE('',#8440);
#8440 = AXIS2_PLACEMENT_3D('',#8441,#8442,#8443);
#8441 = CARTESIAN_POINT('',(435.625,18.993176,139.995));
#8442 = DIRECTION('',(0.,-1.,0.));
#8443 = DIRECTION('',(-1.,0.,0.));
#8444 = ADVANCED_FACE('',(#8445),#8456,.F.);
#8445 = FACE_BOUND('',#8446,.F.);
#8446 = EDGE_LOOP('',(#8447,#8448,#8454,#8455));
#8447 = ORIENTED_EDGE('',*,*,#8433,.T.);
#8448 = ORIENTED_EDGE('',*,*,#8449,.F.);
#8449 = EDGE_CURVE('',#8370,#8426,#8450,.T.);
#8450 = LINE('',#8451,#8452);
#8451 = CARTESIAN_POINT('',(435.625,33.393176,126.01));
#8452 = VECTOR('',#8453,1.);
#8453 = DIRECTION('',(0.,-1.,0.));
#8454 = ORIENTED_EDGE('',*,*,#8369,.F.);
#8455 = ORIENTED_EDGE('',*,*,#2356,.T.);
#8456 = PLANE('',#8457);
#8457 = AXIS2_PLACEMENT_3D('',#8458,#8459,#8460);
#8458 = CARTESIAN_POINT('',(435.625,32.993176,139.995));
#8459 = DIRECTION('',(1.,0.,0.));
#8460 = DIRECTION('',(0.,-1.,0.));
#8461 = ADVANCED_FACE('',(#8462),#8487,.F.);
#8462 = FACE_BOUND('',#8463,.F.);
#8463 = EDGE_LOOP('',(#8464,#8472,#8480,#8486));
#8464 = ORIENTED_EDGE('',*,*,#8465,.T.);
#8465 = EDGE_CURVE('',#2367,#8466,#8468,.T.);
#8466 = VERTEX_POINT('',#8467);
#8467 = CARTESIAN_POINT('',(483.25,99.668176,126.01));
#8468 = LINE('',#8469,#8470);
#8469 = CARTESIAN_POINT('',(483.25,99.668176,141.995));
#8470 = VECTOR('',#8471,1.);
#8471 = DIRECTION('',(0.,0.,-1.));
#8472 = ORIENTED_EDGE('',*,*,#8473,.F.);
#8473 = EDGE_CURVE('',#8474,#8466,#8476,.T.);
#8474 = VERTEX_POINT('',#8475);
#8475 = CARTESIAN_POINT('',(469.25,99.668176,126.01));
#8476 = LINE('',#8477,#8478);
#8477 = CARTESIAN_POINT('',(476.65,99.668176,126.01));
#8478 = VECTOR('',#8479,1.);
#8479 = DIRECTION('',(1.,0.,0.));
#8480 = ORIENTED_EDGE('',*,*,#8481,.F.);
#8481 = EDGE_CURVE('',#2365,#8474,#8482,.T.);
#8482 = LINE('',#8483,#8484);
#8483 = CARTESIAN_POINT('',(469.25,99.668176,141.995));
#8484 = VECTOR('',#8485,1.);
#8485 = DIRECTION('',(0.,0.,-1.));
#8486 = ORIENTED_EDGE('',*,*,#2364,.T.);
#8487 = PLANE('',#8488);
#8488 = AXIS2_PLACEMENT_3D('',#8489,#8490,#8491);
#8489 = CARTESIAN_POINT('',(469.25,99.668176,141.995));
#8490 = DIRECTION('',(0.,1.,0.));
#8491 = DIRECTION('',(1.,0.,0.));
#8492 = ADVANCED_FACE('',(#8493),#8511,.F.);
#8493 = FACE_BOUND('',#8494,.F.);
#8494 = EDGE_LOOP('',(#8495,#8496,#8504,#8510));
#8495 = ORIENTED_EDGE('',*,*,#8481,.T.);
#8496 = ORIENTED_EDGE('',*,*,#8497,.F.);
#8497 = EDGE_CURVE('',#8498,#8474,#8500,.T.);
#8498 = VERTEX_POINT('',#8499);
#8499 = CARTESIAN_POINT('',(469.25,85.668176,126.01));
#8500 = LINE('',#8501,#8502);
#8501 = CARTESIAN_POINT('',(469.25,93.068176,126.01));
#8502 = VECTOR('',#8503,1.);
#8503 = DIRECTION('',(0.,1.,0.));
#8504 = ORIENTED_EDGE('',*,*,#8505,.F.);
#8505 = EDGE_CURVE('',#2375,#8498,#8506,.T.);
#8506 = LINE('',#8507,#8508);
#8507 = CARTESIAN_POINT('',(469.25,85.668176,141.995));
#8508 = VECTOR('',#8509,1.);
#8509 = DIRECTION('',(0.,0.,-1.));
#8510 = ORIENTED_EDGE('',*,*,#2374,.T.);
#8511 = PLANE('',#8512);
#8512 = AXIS2_PLACEMENT_3D('',#8513,#8514,#8515);
#8513 = CARTESIAN_POINT('',(469.25,85.668176,141.995));
#8514 = DIRECTION('',(-1.,0.,0.));
#8515 = DIRECTION('',(0.,1.,0.));
#8516 = ADVANCED_FACE('',(#8517),#8535,.F.);
#8517 = FACE_BOUND('',#8518,.F.);
#8518 = EDGE_LOOP('',(#8519,#8520,#8528,#8534));
#8519 = ORIENTED_EDGE('',*,*,#8505,.T.);
#8520 = ORIENTED_EDGE('',*,*,#8521,.F.);
#8521 = EDGE_CURVE('',#8522,#8498,#8524,.T.);
#8522 = VERTEX_POINT('',#8523);
#8523 = CARTESIAN_POINT('',(483.25,85.668176,126.01));
#8524 = LINE('',#8525,#8526);
#8525 = CARTESIAN_POINT('',(483.65,85.668176,126.01));
#8526 = VECTOR('',#8527,1.);
#8527 = DIRECTION('',(-1.,0.,0.));
#8528 = ORIENTED_EDGE('',*,*,#8529,.F.);
#8529 = EDGE_CURVE('',#2383,#8522,#8530,.T.);
#8530 = LINE('',#8531,#8532);
#8531 = CARTESIAN_POINT('',(483.25,85.668176,141.995));
#8532 = VECTOR('',#8533,1.);
#8533 = DIRECTION('',(0.,0.,-1.));
#8534 = ORIENTED_EDGE('',*,*,#2382,.T.);
#8535 = PLANE('',#8536);
#8536 = AXIS2_PLACEMENT_3D('',#8537,#8538,#8539);
#8537 = CARTESIAN_POINT('',(483.25,85.668176,141.995));
#8538 = DIRECTION('',(0.,-1.,0.));
#8539 = DIRECTION('',(-1.,0.,0.));
#8540 = ADVANCED_FACE('',(#8541),#8552,.F.);
#8541 = FACE_BOUND('',#8542,.F.);
#8542 = EDGE_LOOP('',(#8543,#8544,#8550,#8551));
#8543 = ORIENTED_EDGE('',*,*,#8529,.T.);
#8544 = ORIENTED_EDGE('',*,*,#8545,.F.);
#8545 = EDGE_CURVE('',#8466,#8522,#8546,.T.);
#8546 = LINE('',#8547,#8548);
#8547 = CARTESIAN_POINT('',(483.25,100.068176,126.01));
#8548 = VECTOR('',#8549,1.);
#8549 = DIRECTION('',(0.,-1.,0.));
#8550 = ORIENTED_EDGE('',*,*,#8465,.F.);
#8551 = ORIENTED_EDGE('',*,*,#2390,.T.);
#8552 = PLANE('',#8553);
#8553 = AXIS2_PLACEMENT_3D('',#8554,#8555,#8556);
#8554 = CARTESIAN_POINT('',(483.25,99.668176,141.995));
#8555 = DIRECTION('',(1.,0.,0.));
#8556 = DIRECTION('',(0.,-1.,0.));
#8557 = ADVANCED_FACE('',(#8558),#8583,.F.);
#8558 = FACE_BOUND('',#8559,.F.);
#8559 = EDGE_LOOP('',(#8560,#8568,#8576,#8582));
#8560 = ORIENTED_EDGE('',*,*,#8561,.T.);
#8561 = EDGE_CURVE('',#2401,#8562,#8564,.T.);
#8562 = VERTEX_POINT('',#8563);
#8563 = CARTESIAN_POINT('',(483.25,118.718176,126.01));
#8564 = LINE('',#8565,#8566);
#8565 = CARTESIAN_POINT('',(483.25,118.718176,141.995));
#8566 = VECTOR('',#8567,1.);
#8567 = DIRECTION('',(0.,0.,-1.));
#8568 = ORIENTED_EDGE('',*,*,#8569,.F.);
#8569 = EDGE_CURVE('',#8570,#8562,#8572,.T.);
#8570 = VERTEX_POINT('',#8571);
#8571 = CARTESIAN_POINT('',(469.25,118.718176,126.01));
#8572 = LINE('',#8573,#8574);
#8573 = CARTESIAN_POINT('',(476.65,118.718176,126.01));
#8574 = VECTOR('',#8575,1.);
#8575 = DIRECTION('',(1.,0.,0.));
#8576 = ORIENTED_EDGE('',*,*,#8577,.F.);
#8577 = EDGE_CURVE('',#2399,#8570,#8578,.T.);
#8578 = LINE('',#8579,#8580);
#8579 = CARTESIAN_POINT('',(469.25,118.718176,141.995));
#8580 = VECTOR('',#8581,1.);
#8581 = DIRECTION('',(0.,0.,-1.));
#8582 = ORIENTED_EDGE('',*,*,#2398,.T.);
#8583 = PLANE('',#8584);
#8584 = AXIS2_PLACEMENT_3D('',#8585,#8586,#8587);
#8585 = CARTESIAN_POINT('',(469.25,118.718176,141.995));
#8586 = DIRECTION('',(0.,1.,0.));
#8587 = DIRECTION('',(1.,0.,0.));
#8588 = ADVANCED_FACE('',(#8589),#8607,.F.);
#8589 = FACE_BOUND('',#8590,.F.);
#8590 = EDGE_LOOP('',(#8591,#8592,#8600,#8606));
#8591 = ORIENTED_EDGE('',*,*,#8577,.T.);
#8592 = ORIENTED_EDGE('',*,*,#8593,.F.);
#8593 = EDGE_CURVE('',#8594,#8570,#8596,.T.);
#8594 = VERTEX_POINT('',#8595);
#8595 = CARTESIAN_POINT('',(469.25,104.718176,126.01));
#8596 = LINE('',#8597,#8598);
#8597 = CARTESIAN_POINT('',(469.25,112.118176,126.01));
#8598 = VECTOR('',#8599,1.);
#8599 = DIRECTION('',(0.,1.,0.));
#8600 = ORIENTED_EDGE('',*,*,#8601,.F.);
#8601 = EDGE_CURVE('',#2409,#8594,#8602,.T.);
#8602 = LINE('',#8603,#8604);
#8603 = CARTESIAN_POINT('',(469.25,104.718176,141.995));
#8604 = VECTOR('',#8605,1.);
#8605 = DIRECTION('',(0.,0.,-1.));
#8606 = ORIENTED_EDGE('',*,*,#2408,.T.);
#8607 = PLANE('',#8608);
#8608 = AXIS2_PLACEMENT_3D('',#8609,#8610,#8611);
#8609 = CARTESIAN_POINT('',(469.25,104.718176,141.995));
#8610 = DIRECTION('',(-1.,0.,0.));
#8611 = DIRECTION('',(0.,1.,0.));
#8612 = ADVANCED_FACE('',(#8613),#8631,.F.);
#8613 = FACE_BOUND('',#8614,.F.);
#8614 = EDGE_LOOP('',(#8615,#8616,#8624,#8630));
#8615 = ORIENTED_EDGE('',*,*,#8601,.T.);
#8616 = ORIENTED_EDGE('',*,*,#8617,.F.);
#8617 = EDGE_CURVE('',#8618,#8594,#8620,.T.);
#8618 = VERTEX_POINT('',#8619);
#8619 = CARTESIAN_POINT('',(483.25,104.718176,126.01));
#8620 = LINE('',#8621,#8622);
#8621 = CARTESIAN_POINT('',(483.65,104.718176,126.01));
#8622 = VECTOR('',#8623,1.);
#8623 = DIRECTION('',(-1.,0.,0.));
#8624 = ORIENTED_EDGE('',*,*,#8625,.F.);
#8625 = EDGE_CURVE('',#2417,#8618,#8626,.T.);
#8626 = LINE('',#8627,#8628);
#8627 = CARTESIAN_POINT('',(483.25,104.718176,141.995));
#8628 = VECTOR('',#8629,1.);
#8629 = DIRECTION('',(0.,0.,-1.));
#8630 = ORIENTED_EDGE('',*,*,#2416,.T.);
#8631 = PLANE('',#8632);
#8632 = AXIS2_PLACEMENT_3D('',#8633,#8634,#8635);
#8633 = CARTESIAN_POINT('',(483.25,104.718176,141.995));
#8634 = DIRECTION('',(0.,-1.,0.));
#8635 = DIRECTION('',(-1.,0.,0.));
#8636 = ADVANCED_FACE('',(#8637),#8648,.F.);
#8637 = FACE_BOUND('',#8638,.F.);
#8638 = EDGE_LOOP('',(#8639,#8640,#8646,#8647));
#8639 = ORIENTED_EDGE('',*,*,#8625,.T.);
#8640 = ORIENTED_EDGE('',*,*,#8641,.F.);
#8641 = EDGE_CURVE('',#8562,#8618,#8642,.T.);
#8642 = LINE('',#8643,#8644);
#8643 = CARTESIAN_POINT('',(483.25,119.118176,126.01));
#8644 = VECTOR('',#8645,1.);
#8645 = DIRECTION('',(0.,-1.,0.));
#8646 = ORIENTED_EDGE('',*,*,#8561,.F.);
#8647 = ORIENTED_EDGE('',*,*,#2424,.T.);
#8648 = PLANE('',#8649);
#8649 = AXIS2_PLACEMENT_3D('',#8650,#8651,#8652);
#8650 = CARTESIAN_POINT('',(483.25,118.718176,141.995));
#8651 = DIRECTION('',(1.,0.,0.));
#8652 = DIRECTION('',(0.,-1.,0.));
#8653 = ADVANCED_FACE('',(#8654),#8679,.F.);
#8654 = FACE_BOUND('',#8655,.F.);
#8655 = EDGE_LOOP('',(#8656,#8664,#8672,#8678));
#8656 = ORIENTED_EDGE('',*,*,#8657,.T.);
#8657 = EDGE_CURVE('',#2435,#8658,#8660,.T.);
#8658 = VERTEX_POINT('',#8659);
#8659 = CARTESIAN_POINT('',(464.2,99.668176,126.01));
#8660 = LINE('',#8661,#8662);
#8661 = CARTESIAN_POINT('',(464.2,99.668176,141.995));
#8662 = VECTOR('',#8663,1.);
#8663 = DIRECTION('',(0.,0.,-1.));
#8664 = ORIENTED_EDGE('',*,*,#8665,.F.);
#8665 = EDGE_CURVE('',#8666,#8658,#8668,.T.);
#8666 = VERTEX_POINT('',#8667);
#8667 = CARTESIAN_POINT('',(450.2,99.668176,126.01));
#8668 = LINE('',#8669,#8670);
#8669 = CARTESIAN_POINT('',(457.6,99.668176,126.01));
#8670 = VECTOR('',#8671,1.);
#8671 = DIRECTION('',(1.,0.,0.));
#8672 = ORIENTED_EDGE('',*,*,#8673,.F.);
#8673 = EDGE_CURVE('',#2433,#8666,#8674,.T.);
#8674 = LINE('',#8675,#8676);
#8675 = CARTESIAN_POINT('',(450.2,99.668176,141.995));
#8676 = VECTOR('',#8677,1.);
#8677 = DIRECTION('',(0.,0.,-1.));
#8678 = ORIENTED_EDGE('',*,*,#2432,.T.);
#8679 = PLANE('',#8680);
#8680 = AXIS2_PLACEMENT_3D('',#8681,#8682,#8683);
#8681 = CARTESIAN_POINT('',(450.2,99.668176,141.995));
#8682 = DIRECTION('',(0.,1.,0.));
#8683 = DIRECTION('',(1.,0.,0.));
#8684 = ADVANCED_FACE('',(#8685),#8703,.F.);
#8685 = FACE_BOUND('',#8686,.F.);
#8686 = EDGE_LOOP('',(#8687,#8688,#8696,#8702));
#8687 = ORIENTED_EDGE('',*,*,#8673,.T.);
#8688 = ORIENTED_EDGE('',*,*,#8689,.F.);
#8689 = EDGE_CURVE('',#8690,#8666,#8692,.T.);
#8690 = VERTEX_POINT('',#8691);
#8691 = CARTESIAN_POINT('',(450.2,85.668176,126.01));
#8692 = LINE('',#8693,#8694);
#8693 = CARTESIAN_POINT('',(450.2,93.068176,126.01));
#8694 = VECTOR('',#8695,1.);
#8695 = DIRECTION('',(0.,1.,0.));
#8696 = ORIENTED_EDGE('',*,*,#8697,.F.);
#8697 = EDGE_CURVE('',#2443,#8690,#8698,.T.);
#8698 = LINE('',#8699,#8700);
#8699 = CARTESIAN_POINT('',(450.2,85.668176,141.995));
#8700 = VECTOR('',#8701,1.);
#8701 = DIRECTION('',(0.,0.,-1.));
#8702 = ORIENTED_EDGE('',*,*,#2442,.T.);
#8703 = PLANE('',#8704);
#8704 = AXIS2_PLACEMENT_3D('',#8705,#8706,#8707);
#8705 = CARTESIAN_POINT('',(450.2,85.668176,141.995));
#8706 = DIRECTION('',(-1.,0.,0.));
#8707 = DIRECTION('',(0.,1.,0.));
#8708 = ADVANCED_FACE('',(#8709),#8727,.F.);
#8709 = FACE_BOUND('',#8710,.F.);
#8710 = EDGE_LOOP('',(#8711,#8712,#8720,#8726));
#8711 = ORIENTED_EDGE('',*,*,#8697,.T.);
#8712 = ORIENTED_EDGE('',*,*,#8713,.F.);
#8713 = EDGE_CURVE('',#8714,#8690,#8716,.T.);
#8714 = VERTEX_POINT('',#8715);
#8715 = CARTESIAN_POINT('',(464.2,85.668176,126.01));
#8716 = LINE('',#8717,#8718);
#8717 = CARTESIAN_POINT('',(464.6,85.668176,126.01));
#8718 = VECTOR('',#8719,1.);
#8719 = DIRECTION('',(-1.,0.,0.));
#8720 = ORIENTED_EDGE('',*,*,#8721,.F.);
#8721 = EDGE_CURVE('',#2451,#8714,#8722,.T.);
#8722 = LINE('',#8723,#8724);
#8723 = CARTESIAN_POINT('',(464.2,85.668176,141.995));
#8724 = VECTOR('',#8725,1.);
#8725 = DIRECTION('',(0.,0.,-1.));
#8726 = ORIENTED_EDGE('',*,*,#2450,.T.);
#8727 = PLANE('',#8728);
#8728 = AXIS2_PLACEMENT_3D('',#8729,#8730,#8731);
#8729 = CARTESIAN_POINT('',(464.2,85.668176,141.995));
#8730 = DIRECTION('',(0.,-1.,0.));
#8731 = DIRECTION('',(-1.,0.,0.));
#8732 = ADVANCED_FACE('',(#8733),#8744,.F.);
#8733 = FACE_BOUND('',#8734,.F.);
#8734 = EDGE_LOOP('',(#8735,#8736,#8742,#8743));
#8735 = ORIENTED_EDGE('',*,*,#8721,.T.);
#8736 = ORIENTED_EDGE('',*,*,#8737,.F.);
#8737 = EDGE_CURVE('',#8658,#8714,#8738,.T.);
#8738 = LINE('',#8739,#8740);
#8739 = CARTESIAN_POINT('',(464.2,100.068176,126.01));
#8740 = VECTOR('',#8741,1.);
#8741 = DIRECTION('',(0.,-1.,0.));
#8742 = ORIENTED_EDGE('',*,*,#8657,.F.);
#8743 = ORIENTED_EDGE('',*,*,#2458,.T.);
#8744 = PLANE('',#8745);
#8745 = AXIS2_PLACEMENT_3D('',#8746,#8747,#8748);
#8746 = CARTESIAN_POINT('',(464.2,99.668176,141.995));
#8747 = DIRECTION('',(1.,0.,0.));
#8748 = DIRECTION('',(0.,-1.,0.));
#8749 = ADVANCED_FACE('',(#8750),#8775,.F.);
#8750 = FACE_BOUND('',#8751,.F.);
#8751 = EDGE_LOOP('',(#8752,#8760,#8768,#8774));
#8752 = ORIENTED_EDGE('',*,*,#8753,.T.);
#8753 = EDGE_CURVE('',#2469,#8754,#8756,.T.);
#8754 = VERTEX_POINT('',#8755);
#8755 = CARTESIAN_POINT('',(464.2,118.718176,126.01));
#8756 = LINE('',#8757,#8758);
#8757 = CARTESIAN_POINT('',(464.2,118.718176,141.995));
#8758 = VECTOR('',#8759,1.);
#8759 = DIRECTION('',(0.,0.,-1.));
#8760 = ORIENTED_EDGE('',*,*,#8761,.F.);
#8761 = EDGE_CURVE('',#8762,#8754,#8764,.T.);
#8762 = VERTEX_POINT('',#8763);
#8763 = CARTESIAN_POINT('',(450.2,118.718176,126.01));
#8764 = LINE('',#8765,#8766);
#8765 = CARTESIAN_POINT('',(457.6,118.718176,126.01));
#8766 = VECTOR('',#8767,1.);
#8767 = DIRECTION('',(1.,0.,0.));
#8768 = ORIENTED_EDGE('',*,*,#8769,.F.);
#8769 = EDGE_CURVE('',#2467,#8762,#8770,.T.);
#8770 = LINE('',#8771,#8772);
#8771 = CARTESIAN_POINT('',(450.2,118.718176,141.995));
#8772 = VECTOR('',#8773,1.);
#8773 = DIRECTION('',(0.,0.,-1.));
#8774 = ORIENTED_EDGE('',*,*,#2466,.T.);
#8775 = PLANE('',#8776);
#8776 = AXIS2_PLACEMENT_3D('',#8777,#8778,#8779);
#8777 = CARTESIAN_POINT('',(450.2,118.718176,141.995));
#8778 = DIRECTION('',(0.,1.,0.));
#8779 = DIRECTION('',(1.,0.,0.));
#8780 = ADVANCED_FACE('',(#8781),#8799,.F.);
#8781 = FACE_BOUND('',#8782,.F.);
#8782 = EDGE_LOOP('',(#8783,#8784,#8792,#8798));
#8783 = ORIENTED_EDGE('',*,*,#8769,.T.);
#8784 = ORIENTED_EDGE('',*,*,#8785,.F.);
#8785 = EDGE_CURVE('',#8786,#8762,#8788,.T.);
#8786 = VERTEX_POINT('',#8787);
#8787 = CARTESIAN_POINT('',(450.2,104.718176,126.01));
#8788 = LINE('',#8789,#8790);
#8789 = CARTESIAN_POINT('',(450.2,112.118176,126.01));
#8790 = VECTOR('',#8791,1.);
#8791 = DIRECTION('',(0.,1.,0.));
#8792 = ORIENTED_EDGE('',*,*,#8793,.F.);
#8793 = EDGE_CURVE('',#2477,#8786,#8794,.T.);
#8794 = LINE('',#8795,#8796);
#8795 = CARTESIAN_POINT('',(450.2,104.718176,141.995));
#8796 = VECTOR('',#8797,1.);
#8797 = DIRECTION('',(0.,0.,-1.));
#8798 = ORIENTED_EDGE('',*,*,#2476,.T.);
#8799 = PLANE('',#8800);
#8800 = AXIS2_PLACEMENT_3D('',#8801,#8802,#8803);
#8801 = CARTESIAN_POINT('',(450.2,104.718176,141.995));
#8802 = DIRECTION('',(-1.,0.,0.));
#8803 = DIRECTION('',(0.,1.,0.));
#8804 = ADVANCED_FACE('',(#8805),#8823,.F.);
#8805 = FACE_BOUND('',#8806,.F.);
#8806 = EDGE_LOOP('',(#8807,#8808,#8816,#8822));
#8807 = ORIENTED_EDGE('',*,*,#8793,.T.);
#8808 = ORIENTED_EDGE('',*,*,#8809,.F.);
#8809 = EDGE_CURVE('',#8810,#8786,#8812,.T.);
#8810 = VERTEX_POINT('',#8811);
#8811 = CARTESIAN_POINT('',(464.2,104.718176,126.01));
#8812 = LINE('',#8813,#8814);
#8813 = CARTESIAN_POINT('',(464.6,104.718176,126.01));
#8814 = VECTOR('',#8815,1.);
#8815 = DIRECTION('',(-1.,0.,0.));
#8816 = ORIENTED_EDGE('',*,*,#8817,.F.);
#8817 = EDGE_CURVE('',#2485,#8810,#8818,.T.);
#8818 = LINE('',#8819,#8820);
#8819 = CARTESIAN_POINT('',(464.2,104.718176,141.995));
#8820 = VECTOR('',#8821,1.);
#8821 = DIRECTION('',(0.,0.,-1.));
#8822 = ORIENTED_EDGE('',*,*,#2484,.T.);
#8823 = PLANE('',#8824);
#8824 = AXIS2_PLACEMENT_3D('',#8825,#8826,#8827);
#8825 = CARTESIAN_POINT('',(464.2,104.718176,141.995));
#8826 = DIRECTION('',(0.,-1.,0.));
#8827 = DIRECTION('',(-1.,0.,0.));
#8828 = ADVANCED_FACE('',(#8829),#8840,.F.);
#8829 = FACE_BOUND('',#8830,.F.);
#8830 = EDGE_LOOP('',(#8831,#8832,#8838,#8839));
#8831 = ORIENTED_EDGE('',*,*,#8817,.T.);
#8832 = ORIENTED_EDGE('',*,*,#8833,.F.);
#8833 = EDGE_CURVE('',#8754,#8810,#8834,.T.);
#8834 = LINE('',#8835,#8836);
#8835 = CARTESIAN_POINT('',(464.2,119.118176,126.01));
#8836 = VECTOR('',#8837,1.);
#8837 = DIRECTION('',(0.,-1.,0.));
#8838 = ORIENTED_EDGE('',*,*,#8753,.F.);
#8839 = ORIENTED_EDGE('',*,*,#2492,.T.);
#8840 = PLANE('',#8841);
#8841 = AXIS2_PLACEMENT_3D('',#8842,#8843,#8844);
#8842 = CARTESIAN_POINT('',(464.2,118.718176,141.995));
#8843 = DIRECTION('',(1.,0.,0.));
#8844 = DIRECTION('',(0.,-1.,0.));
#8845 = ADVANCED_FACE('',(#8846),#8871,.F.);
#8846 = FACE_BOUND('',#8847,.F.);
#8847 = EDGE_LOOP('',(#8848,#8856,#8864,#8870));
#8848 = ORIENTED_EDGE('',*,*,#8849,.T.);
#8849 = EDGE_CURVE('',#2503,#8850,#8852,.T.);
#8850 = VERTEX_POINT('',#8851);
#8851 = CARTESIAN_POINT('',(483.25,156.818176,126.01));
#8852 = LINE('',#8853,#8854);
#8853 = CARTESIAN_POINT('',(483.25,156.818176,141.995));
#8854 = VECTOR('',#8855,1.);
#8855 = DIRECTION('',(0.,0.,-1.));
#8856 = ORIENTED_EDGE('',*,*,#8857,.F.);
#8857 = EDGE_CURVE('',#8858,#8850,#8860,.T.);
#8858 = VERTEX_POINT('',#8859);
#8859 = CARTESIAN_POINT('',(469.25,156.818176,126.01));
#8860 = LINE('',#8861,#8862);
#8861 = CARTESIAN_POINT('',(476.65,156.818176,126.01));
#8862 = VECTOR('',#8863,1.);
#8863 = DIRECTION('',(1.,0.,0.));
#8864 = ORIENTED_EDGE('',*,*,#8865,.F.);
#8865 = EDGE_CURVE('',#2501,#8858,#8866,.T.);
#8866 = LINE('',#8867,#8868);
#8867 = CARTESIAN_POINT('',(469.25,156.818176,141.995));
#8868 = VECTOR('',#8869,1.);
#8869 = DIRECTION('',(0.,0.,-1.));
#8870 = ORIENTED_EDGE('',*,*,#2500,.T.);
#8871 = PLANE('',#8872);
#8872 = AXIS2_PLACEMENT_3D('',#8873,#8874,#8875);
#8873 = CARTESIAN_POINT('',(469.25,156.818176,141.995));
#8874 = DIRECTION('',(0.,1.,0.));
#8875 = DIRECTION('',(1.,0.,0.));
#8876 = ADVANCED_FACE('',(#8877),#8895,.F.);
#8877 = FACE_BOUND('',#8878,.F.);
#8878 = EDGE_LOOP('',(#8879,#8880,#8888,#8894));
#8879 = ORIENTED_EDGE('',*,*,#8865,.T.);
#8880 = ORIENTED_EDGE('',*,*,#8881,.F.);
#8881 = EDGE_CURVE('',#8882,#8858,#8884,.T.);
#8882 = VERTEX_POINT('',#8883);
#8883 = CARTESIAN_POINT('',(469.25,142.818176,126.01));
#8884 = LINE('',#8885,#8886);
#8885 = CARTESIAN_POINT('',(469.25,150.218176,126.01));
#8886 = VECTOR('',#8887,1.);
#8887 = DIRECTION('',(0.,1.,0.));
#8888 = ORIENTED_EDGE('',*,*,#8889,.F.);
#8889 = EDGE_CURVE('',#2511,#8882,#8890,.T.);
#8890 = LINE('',#8891,#8892);
#8891 = CARTESIAN_POINT('',(469.25,142.818176,141.995));
#8892 = VECTOR('',#8893,1.);
#8893 = DIRECTION('',(0.,0.,-1.));
#8894 = ORIENTED_EDGE('',*,*,#2510,.T.);
#8895 = PLANE('',#8896);
#8896 = AXIS2_PLACEMENT_3D('',#8897,#8898,#8899);
#8897 = CARTESIAN_POINT('',(469.25,142.818176,141.995));
#8898 = DIRECTION('',(-1.,0.,0.));
#8899 = DIRECTION('',(0.,1.,0.));
#8900 = ADVANCED_FACE('',(#8901),#8919,.F.);
#8901 = FACE_BOUND('',#8902,.F.);
#8902 = EDGE_LOOP('',(#8903,#8904,#8912,#8918));
#8903 = ORIENTED_EDGE('',*,*,#8889,.T.);
#8904 = ORIENTED_EDGE('',*,*,#8905,.F.);
#8905 = EDGE_CURVE('',#8906,#8882,#8908,.T.);
#8906 = VERTEX_POINT('',#8907);
#8907 = CARTESIAN_POINT('',(483.25,142.818176,126.01));
#8908 = LINE('',#8909,#8910);
#8909 = CARTESIAN_POINT('',(483.65,142.818176,126.01));
#8910 = VECTOR('',#8911,1.);
#8911 = DIRECTION('',(-1.,0.,0.));
#8912 = ORIENTED_EDGE('',*,*,#8913,.F.);
#8913 = EDGE_CURVE('',#2519,#8906,#8914,.T.);
#8914 = LINE('',#8915,#8916);
#8915 = CARTESIAN_POINT('',(483.25,142.818176,141.995));
#8916 = VECTOR('',#8917,1.);
#8917 = DIRECTION('',(0.,0.,-1.));
#8918 = ORIENTED_EDGE('',*,*,#2518,.T.);
#8919 = PLANE('',#8920);
#8920 = AXIS2_PLACEMENT_3D('',#8921,#8922,#8923);
#8921 = CARTESIAN_POINT('',(483.25,142.818176,141.995));
#8922 = DIRECTION('',(0.,-1.,0.));
#8923 = DIRECTION('',(-1.,0.,0.));
#8924 = ADVANCED_FACE('',(#8925),#8936,.F.);
#8925 = FACE_BOUND('',#8926,.F.);
#8926 = EDGE_LOOP('',(#8927,#8928,#8934,#8935));
#8927 = ORIENTED_EDGE('',*,*,#8913,.T.);
#8928 = ORIENTED_EDGE('',*,*,#8929,.F.);
#8929 = EDGE_CURVE('',#8850,#8906,#8930,.T.);
#8930 = LINE('',#8931,#8932);
#8931 = CARTESIAN_POINT('',(483.25,157.218176,126.01));
#8932 = VECTOR('',#8933,1.);
#8933 = DIRECTION('',(0.,-1.,0.));
#8934 = ORIENTED_EDGE('',*,*,#8849,.F.);
#8935 = ORIENTED_EDGE('',*,*,#2526,.T.);
#8936 = PLANE('',#8937);
#8937 = AXIS2_PLACEMENT_3D('',#8938,#8939,#8940);
#8938 = CARTESIAN_POINT('',(483.25,156.818176,141.995));
#8939 = DIRECTION('',(1.,0.,0.));
#8940 = DIRECTION('',(0.,-1.,0.));
#8941 = ADVANCED_FACE('',(#8942),#8967,.F.);
#8942 = FACE_BOUND('',#8943,.F.);
#8943 = EDGE_LOOP('',(#8944,#8952,#8960,#8966));
#8944 = ORIENTED_EDGE('',*,*,#8945,.T.);
#8945 = EDGE_CURVE('',#2537,#8946,#8948,.T.);
#8946 = VERTEX_POINT('',#8947);
#8947 = CARTESIAN_POINT('',(464.2,156.818176,126.01));
#8948 = LINE('',#8949,#8950);
#8949 = CARTESIAN_POINT('',(464.2,156.818176,141.995));
#8950 = VECTOR('',#8951,1.);
#8951 = DIRECTION('',(0.,0.,-1.));
#8952 = ORIENTED_EDGE('',*,*,#8953,.F.);
#8953 = EDGE_CURVE('',#8954,#8946,#8956,.T.);
#8954 = VERTEX_POINT('',#8955);
#8955 = CARTESIAN_POINT('',(450.2,156.818176,126.01));
#8956 = LINE('',#8957,#8958);
#8957 = CARTESIAN_POINT('',(457.6,156.818176,126.01));
#8958 = VECTOR('',#8959,1.);
#8959 = DIRECTION('',(1.,0.,0.));
#8960 = ORIENTED_EDGE('',*,*,#8961,.F.);
#8961 = EDGE_CURVE('',#2535,#8954,#8962,.T.);
#8962 = LINE('',#8963,#8964);
#8963 = CARTESIAN_POINT('',(450.2,156.818176,141.995));
#8964 = VECTOR('',#8965,1.);
#8965 = DIRECTION('',(0.,0.,-1.));
#8966 = ORIENTED_EDGE('',*,*,#2534,.T.);
#8967 = PLANE('',#8968);
#8968 = AXIS2_PLACEMENT_3D('',#8969,#8970,#8971);
#8969 = CARTESIAN_POINT('',(450.2,156.818176,141.995));
#8970 = DIRECTION('',(0.,1.,0.));
#8971 = DIRECTION('',(1.,0.,0.));
#8972 = ADVANCED_FACE('',(#8973),#8991,.F.);
#8973 = FACE_BOUND('',#8974,.F.);
#8974 = EDGE_LOOP('',(#8975,#8976,#8984,#8990));
#8975 = ORIENTED_EDGE('',*,*,#8961,.T.);
#8976 = ORIENTED_EDGE('',*,*,#8977,.F.);
#8977 = EDGE_CURVE('',#8978,#8954,#8980,.T.);
#8978 = VERTEX_POINT('',#8979);
#8979 = CARTESIAN_POINT('',(450.2,142.818176,126.01));
#8980 = LINE('',#8981,#8982);
#8981 = CARTESIAN_POINT('',(450.2,150.218176,126.01));
#8982 = VECTOR('',#8983,1.);
#8983 = DIRECTION('',(0.,1.,0.));
#8984 = ORIENTED_EDGE('',*,*,#8985,.F.);
#8985 = EDGE_CURVE('',#2545,#8978,#8986,.T.);
#8986 = LINE('',#8987,#8988);
#8987 = CARTESIAN_POINT('',(450.2,142.818176,141.995));
#8988 = VECTOR('',#8989,1.);
#8989 = DIRECTION('',(0.,0.,-1.));
#8990 = ORIENTED_EDGE('',*,*,#2544,.T.);
#8991 = PLANE('',#8992);
#8992 = AXIS2_PLACEMENT_3D('',#8993,#8994,#8995);
#8993 = CARTESIAN_POINT('',(450.2,142.818176,141.995));
#8994 = DIRECTION('',(-1.,0.,0.));
#8995 = DIRECTION('',(0.,1.,0.));
#8996 = ADVANCED_FACE('',(#8997),#9015,.F.);
#8997 = FACE_BOUND('',#8998,.F.);
#8998 = EDGE_LOOP('',(#8999,#9000,#9008,#9014));
#8999 = ORIENTED_EDGE('',*,*,#8985,.T.);
#9000 = ORIENTED_EDGE('',*,*,#9001,.F.);
#9001 = EDGE_CURVE('',#9002,#8978,#9004,.T.);
#9002 = VERTEX_POINT('',#9003);
#9003 = CARTESIAN_POINT('',(464.2,142.818176,126.01));
#9004 = LINE('',#9005,#9006);
#9005 = CARTESIAN_POINT('',(464.6,142.818176,126.01));
#9006 = VECTOR('',#9007,1.);
#9007 = DIRECTION('',(-1.,0.,0.));
#9008 = ORIENTED_EDGE('',*,*,#9009,.F.);
#9009 = EDGE_CURVE('',#2553,#9002,#9010,.T.);
#9010 = LINE('',#9011,#9012);
#9011 = CARTESIAN_POINT('',(464.2,142.818176,141.995));
#9012 = VECTOR('',#9013,1.);
#9013 = DIRECTION('',(0.,0.,-1.));
#9014 = ORIENTED_EDGE('',*,*,#2552,.T.);
#9015 = PLANE('',#9016);
#9016 = AXIS2_PLACEMENT_3D('',#9017,#9018,#9019);
#9017 = CARTESIAN_POINT('',(464.2,142.818176,141.995));
#9018 = DIRECTION('',(0.,-1.,0.));
#9019 = DIRECTION('',(-1.,0.,0.));
#9020 = ADVANCED_FACE('',(#9021),#9032,.F.);
#9021 = FACE_BOUND('',#9022,.F.);
#9022 = EDGE_LOOP('',(#9023,#9024,#9030,#9031));
#9023 = ORIENTED_EDGE('',*,*,#9009,.T.);
#9024 = ORIENTED_EDGE('',*,*,#9025,.F.);
#9025 = EDGE_CURVE('',#8946,#9002,#9026,.T.);
#9026 = LINE('',#9027,#9028);
#9027 = CARTESIAN_POINT('',(464.2,157.218176,126.01));
#9028 = VECTOR('',#9029,1.);
#9029 = DIRECTION('',(0.,-1.,0.));
#9030 = ORIENTED_EDGE('',*,*,#8945,.F.);
#9031 = ORIENTED_EDGE('',*,*,#2560,.T.);
#9032 = PLANE('',#9033);
#9033 = AXIS2_PLACEMENT_3D('',#9034,#9035,#9036);
#9034 = CARTESIAN_POINT('',(464.2,156.818176,141.995));
#9035 = DIRECTION('',(1.,0.,0.));
#9036 = DIRECTION('',(0.,-1.,0.));
#9037 = ADVANCED_FACE('',(#9038),#9063,.F.);
#9038 = FACE_BOUND('',#9039,.F.);
#9039 = EDGE_LOOP('',(#9040,#9048,#9056,#9062));
#9040 = ORIENTED_EDGE('',*,*,#9041,.T.);
#9041 = EDGE_CURVE('',#2571,#9042,#9044,.T.);
#9042 = VERTEX_POINT('',#9043);
#9043 = CARTESIAN_POINT('',(445.15,99.668176,126.01));
#9044 = LINE('',#9045,#9046);
#9045 = CARTESIAN_POINT('',(445.15,99.668176,141.995));
#9046 = VECTOR('',#9047,1.);
#9047 = DIRECTION('',(0.,0.,-1.));
#9048 = ORIENTED_EDGE('',*,*,#9049,.F.);
#9049 = EDGE_CURVE('',#9050,#9042,#9052,.T.);
#9050 = VERTEX_POINT('',#9051);
#9051 = CARTESIAN_POINT('',(431.15,99.668176,126.01));
#9052 = LINE('',#9053,#9054);
#9053 = CARTESIAN_POINT('',(438.55,99.668176,126.01));
#9054 = VECTOR('',#9055,1.);
#9055 = DIRECTION('',(1.,0.,0.));
#9056 = ORIENTED_EDGE('',*,*,#9057,.F.);
#9057 = EDGE_CURVE('',#2569,#9050,#9058,.T.);
#9058 = LINE('',#9059,#9060);
#9059 = CARTESIAN_POINT('',(431.15,99.668176,141.995));
#9060 = VECTOR('',#9061,1.);
#9061 = DIRECTION('',(0.,0.,-1.));
#9062 = ORIENTED_EDGE('',*,*,#2568,.T.);
#9063 = PLANE('',#9064);
#9064 = AXIS2_PLACEMENT_3D('',#9065,#9066,#9067);
#9065 = CARTESIAN_POINT('',(431.15,99.668176,141.995));
#9066 = DIRECTION('',(0.,1.,0.));
#9067 = DIRECTION('',(1.,0.,0.));
#9068 = ADVANCED_FACE('',(#9069),#9087,.F.);
#9069 = FACE_BOUND('',#9070,.F.);
#9070 = EDGE_LOOP('',(#9071,#9072,#9080,#9086));
#9071 = ORIENTED_EDGE('',*,*,#9057,.T.);
#9072 = ORIENTED_EDGE('',*,*,#9073,.F.);
#9073 = EDGE_CURVE('',#9074,#9050,#9076,.T.);
#9074 = VERTEX_POINT('',#9075);
#9075 = CARTESIAN_POINT('',(431.15,85.668176,126.01));
#9076 = LINE('',#9077,#9078);
#9077 = CARTESIAN_POINT('',(431.15,93.068176,126.01));
#9078 = VECTOR('',#9079,1.);
#9079 = DIRECTION('',(0.,1.,0.));
#9080 = ORIENTED_EDGE('',*,*,#9081,.F.);
#9081 = EDGE_CURVE('',#2579,#9074,#9082,.T.);
#9082 = LINE('',#9083,#9084);
#9083 = CARTESIAN_POINT('',(431.15,85.668176,141.995));
#9084 = VECTOR('',#9085,1.);
#9085 = DIRECTION('',(0.,0.,-1.));
#9086 = ORIENTED_EDGE('',*,*,#2578,.T.);
#9087 = PLANE('',#9088);
#9088 = AXIS2_PLACEMENT_3D('',#9089,#9090,#9091);
#9089 = CARTESIAN_POINT('',(431.15,85.668176,141.995));
#9090 = DIRECTION('',(-1.,0.,0.));
#9091 = DIRECTION('',(0.,1.,0.));
#9092 = ADVANCED_FACE('',(#9093),#9111,.F.);
#9093 = FACE_BOUND('',#9094,.F.);
#9094 = EDGE_LOOP('',(#9095,#9096,#9104,#9110));
#9095 = ORIENTED_EDGE('',*,*,#9081,.T.);
#9096 = ORIENTED_EDGE('',*,*,#9097,.F.);
#9097 = EDGE_CURVE('',#9098,#9074,#9100,.T.);
#9098 = VERTEX_POINT('',#9099);
#9099 = CARTESIAN_POINT('',(445.15,85.668176,126.01));
#9100 = LINE('',#9101,#9102);
#9101 = CARTESIAN_POINT('',(445.55,85.668176,126.01));
#9102 = VECTOR('',#9103,1.);
#9103 = DIRECTION('',(-1.,0.,0.));
#9104 = ORIENTED_EDGE('',*,*,#9105,.F.);
#9105 = EDGE_CURVE('',#2587,#9098,#9106,.T.);
#9106 = LINE('',#9107,#9108);
#9107 = CARTESIAN_POINT('',(445.15,85.668176,141.995));
#9108 = VECTOR('',#9109,1.);
#9109 = DIRECTION('',(0.,0.,-1.));
#9110 = ORIENTED_EDGE('',*,*,#2586,.T.);
#9111 = PLANE('',#9112);
#9112 = AXIS2_PLACEMENT_3D('',#9113,#9114,#9115);
#9113 = CARTESIAN_POINT('',(445.15,85.668176,141.995));
#9114 = DIRECTION('',(0.,-1.,0.));
#9115 = DIRECTION('',(-1.,0.,0.));
#9116 = ADVANCED_FACE('',(#9117),#9128,.F.);
#9117 = FACE_BOUND('',#9118,.F.);
#9118 = EDGE_LOOP('',(#9119,#9120,#9126,#9127));
#9119 = ORIENTED_EDGE('',*,*,#9105,.T.);
#9120 = ORIENTED_EDGE('',*,*,#9121,.F.);
#9121 = EDGE_CURVE('',#9042,#9098,#9122,.T.);
#9122 = LINE('',#9123,#9124);
#9123 = CARTESIAN_POINT('',(445.15,100.068176,126.01));
#9124 = VECTOR('',#9125,1.);
#9125 = DIRECTION('',(0.,-1.,0.));
#9126 = ORIENTED_EDGE('',*,*,#9041,.F.);
#9127 = ORIENTED_EDGE('',*,*,#2594,.T.);
#9128 = PLANE('',#9129);
#9129 = AXIS2_PLACEMENT_3D('',#9130,#9131,#9132);
#9130 = CARTESIAN_POINT('',(445.15,99.668176,141.995));
#9131 = DIRECTION('',(1.,0.,0.));
#9132 = DIRECTION('',(0.,-1.,0.));
#9133 = ADVANCED_FACE('',(#9134),#9159,.F.);
#9134 = FACE_BOUND('',#9135,.F.);
#9135 = EDGE_LOOP('',(#9136,#9144,#9152,#9158));
#9136 = ORIENTED_EDGE('',*,*,#9137,.T.);
#9137 = EDGE_CURVE('',#2605,#9138,#9140,.T.);
#9138 = VERTEX_POINT('',#9139);
#9139 = CARTESIAN_POINT('',(445.15,118.718176,126.01));
#9140 = LINE('',#9141,#9142);
#9141 = CARTESIAN_POINT('',(445.15,118.718176,141.995));
#9142 = VECTOR('',#9143,1.);
#9143 = DIRECTION('',(0.,0.,-1.));
#9144 = ORIENTED_EDGE('',*,*,#9145,.F.);
#9145 = EDGE_CURVE('',#9146,#9138,#9148,.T.);
#9146 = VERTEX_POINT('',#9147);
#9147 = CARTESIAN_POINT('',(431.15,118.718176,126.01));
#9148 = LINE('',#9149,#9150);
#9149 = CARTESIAN_POINT('',(438.55,118.718176,126.01));
#9150 = VECTOR('',#9151,1.);
#9151 = DIRECTION('',(1.,0.,0.));
#9152 = ORIENTED_EDGE('',*,*,#9153,.F.);
#9153 = EDGE_CURVE('',#2603,#9146,#9154,.T.);
#9154 = LINE('',#9155,#9156);
#9155 = CARTESIAN_POINT('',(431.15,118.718176,141.995));
#9156 = VECTOR('',#9157,1.);
#9157 = DIRECTION('',(0.,0.,-1.));
#9158 = ORIENTED_EDGE('',*,*,#2602,.T.);
#9159 = PLANE('',#9160);
#9160 = AXIS2_PLACEMENT_3D('',#9161,#9162,#9163);
#9161 = CARTESIAN_POINT('',(431.15,118.718176,141.995));
#9162 = DIRECTION('',(0.,1.,0.));
#9163 = DIRECTION('',(1.,0.,0.));
#9164 = ADVANCED_FACE('',(#9165),#9183,.F.);
#9165 = FACE_BOUND('',#9166,.F.);
#9166 = EDGE_LOOP('',(#9167,#9168,#9176,#9182));
#9167 = ORIENTED_EDGE('',*,*,#9153,.T.);
#9168 = ORIENTED_EDGE('',*,*,#9169,.F.);
#9169 = EDGE_CURVE('',#9170,#9146,#9172,.T.);
#9170 = VERTEX_POINT('',#9171);
#9171 = CARTESIAN_POINT('',(431.15,104.718176,126.01));
#9172 = LINE('',#9173,#9174);
#9173 = CARTESIAN_POINT('',(431.15,112.118176,126.01));
#9174 = VECTOR('',#9175,1.);
#9175 = DIRECTION('',(0.,1.,0.));
#9176 = ORIENTED_EDGE('',*,*,#9177,.F.);
#9177 = EDGE_CURVE('',#2613,#9170,#9178,.T.);
#9178 = LINE('',#9179,#9180);
#9179 = CARTESIAN_POINT('',(431.15,104.718176,141.995));
#9180 = VECTOR('',#9181,1.);
#9181 = DIRECTION('',(0.,0.,-1.));
#9182 = ORIENTED_EDGE('',*,*,#2612,.T.);
#9183 = PLANE('',#9184);
#9184 = AXIS2_PLACEMENT_3D('',#9185,#9186,#9187);
#9185 = CARTESIAN_POINT('',(431.15,104.718176,141.995));
#9186 = DIRECTION('',(-1.,0.,0.));
#9187 = DIRECTION('',(0.,1.,0.));
#9188 = ADVANCED_FACE('',(#9189),#9207,.F.);
#9189 = FACE_BOUND('',#9190,.F.);
#9190 = EDGE_LOOP('',(#9191,#9192,#9200,#9206));
#9191 = ORIENTED_EDGE('',*,*,#9177,.T.);
#9192 = ORIENTED_EDGE('',*,*,#9193,.F.);
#9193 = EDGE_CURVE('',#9194,#9170,#9196,.T.);
#9194 = VERTEX_POINT('',#9195);
#9195 = CARTESIAN_POINT('',(445.15,104.718176,126.01));
#9196 = LINE('',#9197,#9198);
#9197 = CARTESIAN_POINT('',(445.55,104.718176,126.01));
#9198 = VECTOR('',#9199,1.);
#9199 = DIRECTION('',(-1.,0.,0.));
#9200 = ORIENTED_EDGE('',*,*,#9201,.F.);
#9201 = EDGE_CURVE('',#2621,#9194,#9202,.T.);
#9202 = LINE('',#9203,#9204);
#9203 = CARTESIAN_POINT('',(445.15,104.718176,141.995));
#9204 = VECTOR('',#9205,1.);
#9205 = DIRECTION('',(0.,0.,-1.));
#9206 = ORIENTED_EDGE('',*,*,#2620,.T.);
#9207 = PLANE('',#9208);
#9208 = AXIS2_PLACEMENT_3D('',#9209,#9210,#9211);
#9209 = CARTESIAN_POINT('',(445.15,104.718176,141.995));
#9210 = DIRECTION('',(0.,-1.,0.));
#9211 = DIRECTION('',(-1.,0.,0.));
#9212 = ADVANCED_FACE('',(#9213),#9224,.F.);
#9213 = FACE_BOUND('',#9214,.F.);
#9214 = EDGE_LOOP('',(#9215,#9216,#9222,#9223));
#9215 = ORIENTED_EDGE('',*,*,#9201,.T.);
#9216 = ORIENTED_EDGE('',*,*,#9217,.F.);
#9217 = EDGE_CURVE('',#9138,#9194,#9218,.T.);
#9218 = LINE('',#9219,#9220);
#9219 = CARTESIAN_POINT('',(445.15,119.118176,126.01));
#9220 = VECTOR('',#9221,1.);
#9221 = DIRECTION('',(0.,-1.,0.));
#9222 = ORIENTED_EDGE('',*,*,#9137,.F.);
#9223 = ORIENTED_EDGE('',*,*,#2628,.T.);
#9224 = PLANE('',#9225);
#9225 = AXIS2_PLACEMENT_3D('',#9226,#9227,#9228);
#9226 = CARTESIAN_POINT('',(445.15,118.718176,141.995));
#9227 = DIRECTION('',(1.,0.,0.));
#9228 = DIRECTION('',(0.,-1.,0.));
#9229 = ADVANCED_FACE('',(#9230),#9255,.F.);
#9230 = FACE_BOUND('',#9231,.F.);
#9231 = EDGE_LOOP('',(#9232,#9240,#9248,#9254));
#9232 = ORIENTED_EDGE('',*,*,#9233,.T.);
#9233 = EDGE_CURVE('',#2639,#9234,#9236,.T.);
#9234 = VERTEX_POINT('',#9235);
#9235 = CARTESIAN_POINT('',(426.1,99.668176,126.01));
#9236 = LINE('',#9237,#9238);
#9237 = CARTESIAN_POINT('',(426.1,99.668176,141.995));
#9238 = VECTOR('',#9239,1.);
#9239 = DIRECTION('',(0.,0.,-1.));
#9240 = ORIENTED_EDGE('',*,*,#9241,.F.);
#9241 = EDGE_CURVE('',#9242,#9234,#9244,.T.);
#9242 = VERTEX_POINT('',#9243);
#9243 = CARTESIAN_POINT('',(412.1,99.668176,126.01));
#9244 = LINE('',#9245,#9246);
#9245 = CARTESIAN_POINT('',(419.5,99.668176,126.01));
#9246 = VECTOR('',#9247,1.);
#9247 = DIRECTION('',(1.,0.,0.));
#9248 = ORIENTED_EDGE('',*,*,#9249,.F.);
#9249 = EDGE_CURVE('',#2637,#9242,#9250,.T.);
#9250 = LINE('',#9251,#9252);
#9251 = CARTESIAN_POINT('',(412.1,99.668176,141.995));
#9252 = VECTOR('',#9253,1.);
#9253 = DIRECTION('',(0.,0.,-1.));
#9254 = ORIENTED_EDGE('',*,*,#2636,.T.);
#9255 = PLANE('',#9256);
#9256 = AXIS2_PLACEMENT_3D('',#9257,#9258,#9259);
#9257 = CARTESIAN_POINT('',(412.1,99.668176,141.995));
#9258 = DIRECTION('',(0.,1.,0.));
#9259 = DIRECTION('',(1.,0.,0.));
#9260 = ADVANCED_FACE('',(#9261),#9279,.F.);
#9261 = FACE_BOUND('',#9262,.F.);
#9262 = EDGE_LOOP('',(#9263,#9264,#9272,#9278));
#9263 = ORIENTED_EDGE('',*,*,#9249,.T.);
#9264 = ORIENTED_EDGE('',*,*,#9265,.F.);
#9265 = EDGE_CURVE('',#9266,#9242,#9268,.T.);
#9266 = VERTEX_POINT('',#9267);
#9267 = CARTESIAN_POINT('',(412.1,85.668176,126.01));
#9268 = LINE('',#9269,#9270);
#9269 = CARTESIAN_POINT('',(412.1,93.068176,126.01));
#9270 = VECTOR('',#9271,1.);
#9271 = DIRECTION('',(0.,1.,0.));
#9272 = ORIENTED_EDGE('',*,*,#9273,.F.);
#9273 = EDGE_CURVE('',#2647,#9266,#9274,.T.);
#9274 = LINE('',#9275,#9276);
#9275 = CARTESIAN_POINT('',(412.1,85.668176,141.995));
#9276 = VECTOR('',#9277,1.);
#9277 = DIRECTION('',(0.,0.,-1.));
#9278 = ORIENTED_EDGE('',*,*,#2646,.T.);
#9279 = PLANE('',#9280);
#9280 = AXIS2_PLACEMENT_3D('',#9281,#9282,#9283);
#9281 = CARTESIAN_POINT('',(412.1,85.668176,141.995));
#9282 = DIRECTION('',(-1.,0.,0.));
#9283 = DIRECTION('',(0.,1.,0.));
#9284 = ADVANCED_FACE('',(#9285),#9303,.F.);
#9285 = FACE_BOUND('',#9286,.F.);
#9286 = EDGE_LOOP('',(#9287,#9288,#9296,#9302));
#9287 = ORIENTED_EDGE('',*,*,#9273,.T.);
#9288 = ORIENTED_EDGE('',*,*,#9289,.F.);
#9289 = EDGE_CURVE('',#9290,#9266,#9292,.T.);
#9290 = VERTEX_POINT('',#9291);
#9291 = CARTESIAN_POINT('',(426.1,85.668176,126.01));
#9292 = LINE('',#9293,#9294);
#9293 = CARTESIAN_POINT('',(426.5,85.668176,126.01));
#9294 = VECTOR('',#9295,1.);
#9295 = DIRECTION('',(-1.,0.,0.));
#9296 = ORIENTED_EDGE('',*,*,#9297,.F.);
#9297 = EDGE_CURVE('',#2655,#9290,#9298,.T.);
#9298 = LINE('',#9299,#9300);
#9299 = CARTESIAN_POINT('',(426.1,85.668176,141.995));
#9300 = VECTOR('',#9301,1.);
#9301 = DIRECTION('',(0.,0.,-1.));
#9302 = ORIENTED_EDGE('',*,*,#2654,.T.);
#9303 = PLANE('',#9304);
#9304 = AXIS2_PLACEMENT_3D('',#9305,#9306,#9307);
#9305 = CARTESIAN_POINT('',(426.1,85.668176,141.995));
#9306 = DIRECTION('',(0.,-1.,0.));
#9307 = DIRECTION('',(-1.,0.,0.));
#9308 = ADVANCED_FACE('',(#9309),#9320,.F.);
#9309 = FACE_BOUND('',#9310,.F.);
#9310 = EDGE_LOOP('',(#9311,#9312,#9318,#9319));
#9311 = ORIENTED_EDGE('',*,*,#9297,.T.);
#9312 = ORIENTED_EDGE('',*,*,#9313,.F.);
#9313 = EDGE_CURVE('',#9234,#9290,#9314,.T.);
#9314 = LINE('',#9315,#9316);
#9315 = CARTESIAN_POINT('',(426.1,100.068176,126.01));
#9316 = VECTOR('',#9317,1.);
#9317 = DIRECTION('',(0.,-1.,0.));
#9318 = ORIENTED_EDGE('',*,*,#9233,.F.);
#9319 = ORIENTED_EDGE('',*,*,#2662,.T.);
#9320 = PLANE('',#9321);
#9321 = AXIS2_PLACEMENT_3D('',#9322,#9323,#9324);
#9322 = CARTESIAN_POINT('',(426.1,99.668176,141.995));
#9323 = DIRECTION('',(1.,0.,0.));
#9324 = DIRECTION('',(0.,-1.,0.));
#9325 = ADVANCED_FACE('',(#9326),#9351,.F.);
#9326 = FACE_BOUND('',#9327,.F.);
#9327 = EDGE_LOOP('',(#9328,#9336,#9344,#9350));
#9328 = ORIENTED_EDGE('',*,*,#9329,.T.);
#9329 = EDGE_CURVE('',#2673,#9330,#9332,.T.);
#9330 = VERTEX_POINT('',#9331);
#9331 = CARTESIAN_POINT('',(426.1,118.718176,126.01));
#9332 = LINE('',#9333,#9334);
#9333 = CARTESIAN_POINT('',(426.1,118.718176,141.995));
#9334 = VECTOR('',#9335,1.);
#9335 = DIRECTION('',(0.,0.,-1.));
#9336 = ORIENTED_EDGE('',*,*,#9337,.F.);
#9337 = EDGE_CURVE('',#9338,#9330,#9340,.T.);
#9338 = VERTEX_POINT('',#9339);
#9339 = CARTESIAN_POINT('',(412.1,118.718176,126.01));
#9340 = LINE('',#9341,#9342);
#9341 = CARTESIAN_POINT('',(419.5,118.718176,126.01));
#9342 = VECTOR('',#9343,1.);
#9343 = DIRECTION('',(1.,0.,0.));
#9344 = ORIENTED_EDGE('',*,*,#9345,.F.);
#9345 = EDGE_CURVE('',#2671,#9338,#9346,.T.);
#9346 = LINE('',#9347,#9348);
#9347 = CARTESIAN_POINT('',(412.1,118.718176,141.995));
#9348 = VECTOR('',#9349,1.);
#9349 = DIRECTION('',(0.,0.,-1.));
#9350 = ORIENTED_EDGE('',*,*,#2670,.T.);
#9351 = PLANE('',#9352);
#9352 = AXIS2_PLACEMENT_3D('',#9353,#9354,#9355);
#9353 = CARTESIAN_POINT('',(412.1,118.718176,141.995));
#9354 = DIRECTION('',(0.,1.,0.));
#9355 = DIRECTION('',(1.,0.,0.));
#9356 = ADVANCED_FACE('',(#9357),#9375,.F.);
#9357 = FACE_BOUND('',#9358,.F.);
#9358 = EDGE_LOOP('',(#9359,#9360,#9368,#9374));
#9359 = ORIENTED_EDGE('',*,*,#9345,.T.);
#9360 = ORIENTED_EDGE('',*,*,#9361,.F.);
#9361 = EDGE_CURVE('',#9362,#9338,#9364,.T.);
#9362 = VERTEX_POINT('',#9363);
#9363 = CARTESIAN_POINT('',(412.1,104.718176,126.01));
#9364 = LINE('',#9365,#9366);
#9365 = CARTESIAN_POINT('',(412.1,112.118176,126.01));
#9366 = VECTOR('',#9367,1.);
#9367 = DIRECTION('',(0.,1.,0.));
#9368 = ORIENTED_EDGE('',*,*,#9369,.F.);
#9369 = EDGE_CURVE('',#2681,#9362,#9370,.T.);
#9370 = LINE('',#9371,#9372);
#9371 = CARTESIAN_POINT('',(412.1,104.718176,141.995));
#9372 = VECTOR('',#9373,1.);
#9373 = DIRECTION('',(0.,0.,-1.));
#9374 = ORIENTED_EDGE('',*,*,#2680,.T.);
#9375 = PLANE('',#9376);
#9376 = AXIS2_PLACEMENT_3D('',#9377,#9378,#9379);
#9377 = CARTESIAN_POINT('',(412.1,104.718176,141.995));
#9378 = DIRECTION('',(-1.,0.,0.));
#9379 = DIRECTION('',(0.,1.,0.));
#9380 = ADVANCED_FACE('',(#9381),#9399,.F.);
#9381 = FACE_BOUND('',#9382,.F.);
#9382 = EDGE_LOOP('',(#9383,#9384,#9392,#9398));
#9383 = ORIENTED_EDGE('',*,*,#9369,.T.);
#9384 = ORIENTED_EDGE('',*,*,#9385,.F.);
#9385 = EDGE_CURVE('',#9386,#9362,#9388,.T.);
#9386 = VERTEX_POINT('',#9387);
#9387 = CARTESIAN_POINT('',(426.1,104.718176,126.01));
#9388 = LINE('',#9389,#9390);
#9389 = CARTESIAN_POINT('',(426.5,104.718176,126.01));
#9390 = VECTOR('',#9391,1.);
#9391 = DIRECTION('',(-1.,0.,0.));
#9392 = ORIENTED_EDGE('',*,*,#9393,.F.);
#9393 = EDGE_CURVE('',#2689,#9386,#9394,.T.);
#9394 = LINE('',#9395,#9396);
#9395 = CARTESIAN_POINT('',(426.1,104.718176,141.995));
#9396 = VECTOR('',#9397,1.);
#9397 = DIRECTION('',(0.,0.,-1.));
#9398 = ORIENTED_EDGE('',*,*,#2688,.T.);
#9399 = PLANE('',#9400);
#9400 = AXIS2_PLACEMENT_3D('',#9401,#9402,#9403);
#9401 = CARTESIAN_POINT('',(426.1,104.718176,141.995));
#9402 = DIRECTION('',(0.,-1.,0.));
#9403 = DIRECTION('',(-1.,0.,0.));
#9404 = ADVANCED_FACE('',(#9405),#9416,.F.);
#9405 = FACE_BOUND('',#9406,.F.);
#9406 = EDGE_LOOP('',(#9407,#9408,#9414,#9415));
#9407 = ORIENTED_EDGE('',*,*,#9393,.T.);
#9408 = ORIENTED_EDGE('',*,*,#9409,.F.);
#9409 = EDGE_CURVE('',#9330,#9386,#9410,.T.);
#9410 = LINE('',#9411,#9412);
#9411 = CARTESIAN_POINT('',(426.1,119.118176,126.01));
#9412 = VECTOR('',#9413,1.);
#9413 = DIRECTION('',(0.,-1.,0.));
#9414 = ORIENTED_EDGE('',*,*,#9329,.F.);
#9415 = ORIENTED_EDGE('',*,*,#2696,.T.);
#9416 = PLANE('',#9417);
#9417 = AXIS2_PLACEMENT_3D('',#9418,#9419,#9420);
#9418 = CARTESIAN_POINT('',(426.1,118.718176,141.995));
#9419 = DIRECTION('',(1.,0.,0.));
#9420 = DIRECTION('',(0.,-1.,0.));
#9421 = ADVANCED_FACE('',(#9422),#9447,.F.);
#9422 = FACE_BOUND('',#9423,.F.);
#9423 = EDGE_LOOP('',(#9424,#9432,#9440,#9446));
#9424 = ORIENTED_EDGE('',*,*,#9425,.T.);
#9425 = EDGE_CURVE('',#2707,#9426,#9428,.T.);
#9426 = VERTEX_POINT('',#9427);
#9427 = CARTESIAN_POINT('',(445.15,156.818176,126.01));
#9428 = LINE('',#9429,#9430);
#9429 = CARTESIAN_POINT('',(445.15,156.818176,141.995));
#9430 = VECTOR('',#9431,1.);
#9431 = DIRECTION('',(0.,0.,-1.));
#9432 = ORIENTED_EDGE('',*,*,#9433,.F.);
#9433 = EDGE_CURVE('',#9434,#9426,#9436,.T.);
#9434 = VERTEX_POINT('',#9435);
#9435 = CARTESIAN_POINT('',(431.15,156.818176,126.01));
#9436 = LINE('',#9437,#9438);
#9437 = CARTESIAN_POINT('',(438.55,156.818176,126.01));
#9438 = VECTOR('',#9439,1.);
#9439 = DIRECTION('',(1.,0.,0.));
#9440 = ORIENTED_EDGE('',*,*,#9441,.F.);
#9441 = EDGE_CURVE('',#2705,#9434,#9442,.T.);
#9442 = LINE('',#9443,#9444);
#9443 = CARTESIAN_POINT('',(431.15,156.818176,141.995));
#9444 = VECTOR('',#9445,1.);
#9445 = DIRECTION('',(0.,0.,-1.));
#9446 = ORIENTED_EDGE('',*,*,#2704,.T.);
#9447 = PLANE('',#9448);
#9448 = AXIS2_PLACEMENT_3D('',#9449,#9450,#9451);
#9449 = CARTESIAN_POINT('',(431.15,156.818176,141.995));
#9450 = DIRECTION('',(0.,1.,0.));
#9451 = DIRECTION('',(1.,0.,0.));
#9452 = ADVANCED_FACE('',(#9453),#9471,.F.);
#9453 = FACE_BOUND('',#9454,.F.);
#9454 = EDGE_LOOP('',(#9455,#9456,#9464,#9470));
#9455 = ORIENTED_EDGE('',*,*,#9441,.T.);
#9456 = ORIENTED_EDGE('',*,*,#9457,.F.);
#9457 = EDGE_CURVE('',#9458,#9434,#9460,.T.);
#9458 = VERTEX_POINT('',#9459);
#9459 = CARTESIAN_POINT('',(431.15,142.818176,126.01));
#9460 = LINE('',#9461,#9462);
#9461 = CARTESIAN_POINT('',(431.15,150.218176,126.01));
#9462 = VECTOR('',#9463,1.);
#9463 = DIRECTION('',(0.,1.,0.));
#9464 = ORIENTED_EDGE('',*,*,#9465,.F.);
#9465 = EDGE_CURVE('',#2715,#9458,#9466,.T.);
#9466 = LINE('',#9467,#9468);
#9467 = CARTESIAN_POINT('',(431.15,142.818176,141.995));
#9468 = VECTOR('',#9469,1.);
#9469 = DIRECTION('',(0.,0.,-1.));
#9470 = ORIENTED_EDGE('',*,*,#2714,.T.);
#9471 = PLANE('',#9472);
#9472 = AXIS2_PLACEMENT_3D('',#9473,#9474,#9475);
#9473 = CARTESIAN_POINT('',(431.15,142.818176,141.995));
#9474 = DIRECTION('',(-1.,0.,0.));
#9475 = DIRECTION('',(0.,1.,0.));
#9476 = ADVANCED_FACE('',(#9477),#9495,.F.);
#9477 = FACE_BOUND('',#9478,.F.);
#9478 = EDGE_LOOP('',(#9479,#9480,#9488,#9494));
#9479 = ORIENTED_EDGE('',*,*,#9465,.T.);
#9480 = ORIENTED_EDGE('',*,*,#9481,.F.);
#9481 = EDGE_CURVE('',#9482,#9458,#9484,.T.);
#9482 = VERTEX_POINT('',#9483);
#9483 = CARTESIAN_POINT('',(445.15,142.818176,126.01));
#9484 = LINE('',#9485,#9486);
#9485 = CARTESIAN_POINT('',(445.55,142.818176,126.01));
#9486 = VECTOR('',#9487,1.);
#9487 = DIRECTION('',(-1.,0.,0.));
#9488 = ORIENTED_EDGE('',*,*,#9489,.F.);
#9489 = EDGE_CURVE('',#2723,#9482,#9490,.T.);
#9490 = LINE('',#9491,#9492);
#9491 = CARTESIAN_POINT('',(445.15,142.818176,141.995));
#9492 = VECTOR('',#9493,1.);
#9493 = DIRECTION('',(0.,0.,-1.));
#9494 = ORIENTED_EDGE('',*,*,#2722,.T.);
#9495 = PLANE('',#9496);
#9496 = AXIS2_PLACEMENT_3D('',#9497,#9498,#9499);
#9497 = CARTESIAN_POINT('',(445.15,142.818176,141.995));
#9498 = DIRECTION('',(0.,-1.,0.));
#9499 = DIRECTION('',(-1.,0.,0.));
#9500 = ADVANCED_FACE('',(#9501),#9512,.F.);
#9501 = FACE_BOUND('',#9502,.F.);
#9502 = EDGE_LOOP('',(#9503,#9504,#9510,#9511));
#9503 = ORIENTED_EDGE('',*,*,#9489,.T.);
#9504 = ORIENTED_EDGE('',*,*,#9505,.F.);
#9505 = EDGE_CURVE('',#9426,#9482,#9506,.T.);
#9506 = LINE('',#9507,#9508);
#9507 = CARTESIAN_POINT('',(445.15,157.218176,126.01));
#9508 = VECTOR('',#9509,1.);
#9509 = DIRECTION('',(0.,-1.,0.));
#9510 = ORIENTED_EDGE('',*,*,#9425,.F.);
#9511 = ORIENTED_EDGE('',*,*,#2730,.T.);
#9512 = PLANE('',#9513);
#9513 = AXIS2_PLACEMENT_3D('',#9514,#9515,#9516);
#9514 = CARTESIAN_POINT('',(445.15,156.818176,141.995));
#9515 = DIRECTION('',(1.,0.,0.));
#9516 = DIRECTION('',(0.,-1.,0.));
#9517 = ADVANCED_FACE('',(#9518,#9524),#9530,.F.);
#9518 = FACE_BOUND('',#9519,.F.);
#9519 = EDGE_LOOP('',(#9520,#9521,#9522,#9523));
#9520 = ORIENTED_EDGE('',*,*,#3572,.F.);
#9521 = ORIENTED_EDGE('',*,*,#3613,.T.);
#9522 = ORIENTED_EDGE('',*,*,#3596,.T.);
#9523 = ORIENTED_EDGE('',*,*,#3548,.F.);
#9524 = FACE_BOUND('',#9525,.F.);
#9525 = EDGE_LOOP('',(#9526,#9527,#9528,#9529));
#9526 = ORIENTED_EDGE('',*,*,#7993,.T.);
#9527 = ORIENTED_EDGE('',*,*,#8065,.T.);
#9528 = ORIENTED_EDGE('',*,*,#8041,.T.);
#9529 = ORIENTED_EDGE('',*,*,#8017,.T.);
#9530 = PLANE('',#9531);
#9531 = AXIS2_PLACEMENT_3D('',#9532,#9533,#9534);
#9532 = CARTESIAN_POINT('',(426.9,157.618176,126.01));
#9533 = DIRECTION('',(0.,0.,1.));
#9534 = DIRECTION('',(-1.,0.,0.));
#9535 = ADVANCED_FACE('',(#9536,#9542),#9548,.F.);
#9536 = FACE_BOUND('',#9537,.F.);
#9537 = EDGE_LOOP('',(#9538,#9539,#9540,#9541));
#9538 = ORIENTED_EDGE('',*,*,#3693,.F.);
#9539 = ORIENTED_EDGE('',*,*,#3734,.T.);
#9540 = ORIENTED_EDGE('',*,*,#3717,.T.);
#9541 = ORIENTED_EDGE('',*,*,#3669,.F.);
#9542 = FACE_BOUND('',#9543,.F.);
#9543 = EDGE_LOOP('',(#9544,#9545,#9546,#9547));
#9544 = ORIENTED_EDGE('',*,*,#7609,.T.);
#9545 = ORIENTED_EDGE('',*,*,#7681,.T.);
#9546 = ORIENTED_EDGE('',*,*,#7657,.T.);
#9547 = ORIENTED_EDGE('',*,*,#7633,.T.);
#9548 = PLANE('',#9549);
#9549 = AXIS2_PLACEMENT_3D('',#9550,#9551,#9552);
#9550 = CARTESIAN_POINT('',(426.9,138.568176,126.01));
#9551 = DIRECTION('',(0.,0.,1.));
#9552 = DIRECTION('',(-1.,0.,0.));
#9553 = ADVANCED_FACE('',(#9554,#9560),#9566,.F.);
#9554 = FACE_BOUND('',#9555,.F.);
#9555 = EDGE_LOOP('',(#9556,#9557,#9558,#9559));
#9556 = ORIENTED_EDGE('',*,*,#3806,.F.);
#9557 = ORIENTED_EDGE('',*,*,#3847,.T.);
#9558 = ORIENTED_EDGE('',*,*,#3830,.T.);
#9559 = ORIENTED_EDGE('',*,*,#3782,.F.);
#9560 = FACE_BOUND('',#9561,.F.);
#9561 = EDGE_LOOP('',(#9562,#9563,#9564,#9565));
#9562 = ORIENTED_EDGE('',*,*,#9433,.T.);
#9563 = ORIENTED_EDGE('',*,*,#9505,.T.);
#9564 = ORIENTED_EDGE('',*,*,#9481,.T.);
#9565 = ORIENTED_EDGE('',*,*,#9457,.T.);
#9566 = PLANE('',#9567);
#9567 = AXIS2_PLACEMENT_3D('',#9568,#9569,#9570);
#9568 = CARTESIAN_POINT('',(445.95,157.618176,126.01));
#9569 = DIRECTION('',(0.,0.,1.));
#9570 = DIRECTION('',(-1.,0.,0.));
#9571 = ADVANCED_FACE('',(#9572,#9578),#9584,.F.);
#9572 = FACE_BOUND('',#9573,.F.);
#9573 = EDGE_LOOP('',(#9574,#9575,#9576,#9577));
#9574 = ORIENTED_EDGE('',*,*,#3902,.F.);
#9575 = ORIENTED_EDGE('',*,*,#3943,.T.);
#9576 = ORIENTED_EDGE('',*,*,#3926,.T.);
#9577 = ORIENTED_EDGE('',*,*,#3878,.F.);
#9578 = FACE_BOUND('',#9579,.F.);
#9579 = EDGE_LOOP('',(#9580,#9581,#9582,#9583));
#9580 = ORIENTED_EDGE('',*,*,#7705,.T.);
#9581 = ORIENTED_EDGE('',*,*,#7777,.T.);
#9582 = ORIENTED_EDGE('',*,*,#7753,.T.);
#9583 = ORIENTED_EDGE('',*,*,#7729,.T.);
#9584 = PLANE('',#9585);
#9585 = AXIS2_PLACEMENT_3D('',#9586,#9587,#9588);
#9586 = CARTESIAN_POINT('',(445.95,138.568176,126.01));
#9587 = DIRECTION('',(0.,0.,1.));
#9588 = DIRECTION('',(-1.,0.,0.));
#9589 = ADVANCED_FACE('',(#9590,#9596),#9602,.F.);
#9590 = FACE_BOUND('',#9591,.F.);
#9591 = EDGE_LOOP('',(#9592,#9593,#9594,#9595));
#9592 = ORIENTED_EDGE('',*,*,#3998,.F.);
#9593 = ORIENTED_EDGE('',*,*,#4039,.T.);
#9594 = ORIENTED_EDGE('',*,*,#4022,.T.);
#9595 = ORIENTED_EDGE('',*,*,#3974,.F.);
#9596 = FACE_BOUND('',#9597,.F.);
#9597 = EDGE_LOOP('',(#9598,#9599,#9600,#9601));
#9598 = ORIENTED_EDGE('',*,*,#9337,.T.);
#9599 = ORIENTED_EDGE('',*,*,#9409,.T.);
#9600 = ORIENTED_EDGE('',*,*,#9385,.T.);
#9601 = ORIENTED_EDGE('',*,*,#9361,.T.);
#9602 = PLANE('',#9603);
#9603 = AXIS2_PLACEMENT_3D('',#9604,#9605,#9606);
#9604 = CARTESIAN_POINT('',(426.9,119.518176,126.01));
#9605 = DIRECTION('',(0.,0.,1.));
#9606 = DIRECTION('',(-1.,0.,0.));
#9607 = ADVANCED_FACE('',(#9608,#9614),#9620,.F.);
#9608 = FACE_BOUND('',#9609,.F.);
#9609 = EDGE_LOOP('',(#9610,#9611,#9612,#9613));
#9610 = ORIENTED_EDGE('',*,*,#4094,.F.);
#9611 = ORIENTED_EDGE('',*,*,#4135,.T.);
#9612 = ORIENTED_EDGE('',*,*,#4118,.T.);
#9613 = ORIENTED_EDGE('',*,*,#4070,.F.);
#9614 = FACE_BOUND('',#9615,.F.);
#9615 = EDGE_LOOP('',(#9616,#9617,#9618,#9619));
#9616 = ORIENTED_EDGE('',*,*,#9241,.T.);
#9617 = ORIENTED_EDGE('',*,*,#9313,.T.);
#9618 = ORIENTED_EDGE('',*,*,#9289,.T.);
#9619 = ORIENTED_EDGE('',*,*,#9265,.T.);
#9620 = PLANE('',#9621);
#9621 = AXIS2_PLACEMENT_3D('',#9622,#9623,#9624);
#9622 = CARTESIAN_POINT('',(426.9,100.468176,126.01));
#9623 = DIRECTION('',(0.,0.,1.));
#9624 = DIRECTION('',(-1.,0.,0.));
#9625 = ADVANCED_FACE('',(#9626,#9632),#9638,.F.);
#9626 = FACE_BOUND('',#9627,.F.);
#9627 = EDGE_LOOP('',(#9628,#9629,#9630,#9631));
#9628 = ORIENTED_EDGE('',*,*,#4190,.F.);
#9629 = ORIENTED_EDGE('',*,*,#4231,.T.);
#9630 = ORIENTED_EDGE('',*,*,#4214,.T.);
#9631 = ORIENTED_EDGE('',*,*,#4166,.F.);
#9632 = FACE_BOUND('',#9633,.F.);
#9633 = EDGE_LOOP('',(#9634,#9635,#9636,#9637));
#9634 = ORIENTED_EDGE('',*,*,#9145,.T.);
#9635 = ORIENTED_EDGE('',*,*,#9217,.T.);
#9636 = ORIENTED_EDGE('',*,*,#9193,.T.);
#9637 = ORIENTED_EDGE('',*,*,#9169,.T.);
#9638 = PLANE('',#9639);
#9639 = AXIS2_PLACEMENT_3D('',#9640,#9641,#9642);
#9640 = CARTESIAN_POINT('',(445.95,119.518176,126.01));
#9641 = DIRECTION('',(0.,0.,1.));
#9642 = DIRECTION('',(-1.,0.,0.));
#9643 = ADVANCED_FACE('',(#9644,#9650),#9656,.F.);
#9644 = FACE_BOUND('',#9645,.F.);
#9645 = EDGE_LOOP('',(#9646,#9647,#9648,#9649));
#9646 = ORIENTED_EDGE('',*,*,#4286,.F.);
#9647 = ORIENTED_EDGE('',*,*,#4327,.T.);
#9648 = ORIENTED_EDGE('',*,*,#4310,.T.);
#9649 = ORIENTED_EDGE('',*,*,#4262,.F.);
#9650 = FACE_BOUND('',#9651,.F.);
#9651 = EDGE_LOOP('',(#9652,#9653,#9654,#9655));
#9652 = ORIENTED_EDGE('',*,*,#9049,.T.);
#9653 = ORIENTED_EDGE('',*,*,#9121,.T.);
#9654 = ORIENTED_EDGE('',*,*,#9097,.T.);
#9655 = ORIENTED_EDGE('',*,*,#9073,.T.);
#9656 = PLANE('',#9657);
#9657 = AXIS2_PLACEMENT_3D('',#9658,#9659,#9660);
#9658 = CARTESIAN_POINT('',(445.95,100.468176,126.01));
#9659 = DIRECTION('',(0.,0.,1.));
#9660 = DIRECTION('',(-1.,0.,0.));
#9661 = ADVANCED_FACE('',(#9662,#9668),#9674,.F.);
#9662 = FACE_BOUND('',#9663,.F.);
#9663 = EDGE_LOOP('',(#9664,#9665,#9666,#9667));
#9664 = ORIENTED_EDGE('',*,*,#4382,.F.);
#9665 = ORIENTED_EDGE('',*,*,#4423,.T.);
#9666 = ORIENTED_EDGE('',*,*,#4406,.T.);
#9667 = ORIENTED_EDGE('',*,*,#4358,.F.);
#9668 = FACE_BOUND('',#9669,.F.);
#9669 = EDGE_LOOP('',(#9670,#9671,#9672,#9673));
#9670 = ORIENTED_EDGE('',*,*,#8953,.T.);
#9671 = ORIENTED_EDGE('',*,*,#9025,.T.);
#9672 = ORIENTED_EDGE('',*,*,#9001,.T.);
#9673 = ORIENTED_EDGE('',*,*,#8977,.T.);
#9674 = PLANE('',#9675);
#9675 = AXIS2_PLACEMENT_3D('',#9676,#9677,#9678);
#9676 = CARTESIAN_POINT('',(465.,157.618176,126.01));
#9677 = DIRECTION('',(0.,0.,1.));
#9678 = DIRECTION('',(-1.,0.,0.));
#9679 = ADVANCED_FACE('',(#9680,#9686),#9692,.F.);
#9680 = FACE_BOUND('',#9681,.F.);
#9681 = EDGE_LOOP('',(#9682,#9683,#9684,#9685));
#9682 = ORIENTED_EDGE('',*,*,#4478,.F.);
#9683 = ORIENTED_EDGE('',*,*,#4519,.T.);
#9684 = ORIENTED_EDGE('',*,*,#4502,.T.);
#9685 = ORIENTED_EDGE('',*,*,#4454,.F.);
#9686 = FACE_BOUND('',#9687,.F.);
#9687 = EDGE_LOOP('',(#9688,#9689,#9690,#9691));
#9688 = ORIENTED_EDGE('',*,*,#7801,.T.);
#9689 = ORIENTED_EDGE('',*,*,#7873,.T.);
#9690 = ORIENTED_EDGE('',*,*,#7849,.T.);
#9691 = ORIENTED_EDGE('',*,*,#7825,.T.);
#9692 = PLANE('',#9693);
#9693 = AXIS2_PLACEMENT_3D('',#9694,#9695,#9696);
#9694 = CARTESIAN_POINT('',(465.,138.568176,126.01));
#9695 = DIRECTION('',(0.,0.,1.));
#9696 = DIRECTION('',(-1.,0.,0.));
#9697 = ADVANCED_FACE('',(#9698,#9704),#9710,.F.);
#9698 = FACE_BOUND('',#9699,.F.);
#9699 = EDGE_LOOP('',(#9700,#9701,#9702,#9703));
#9700 = ORIENTED_EDGE('',*,*,#4591,.F.);
#9701 = ORIENTED_EDGE('',*,*,#4632,.T.);
#9702 = ORIENTED_EDGE('',*,*,#4615,.T.);
#9703 = ORIENTED_EDGE('',*,*,#4567,.F.);
#9704 = FACE_BOUND('',#9705,.F.);
#9705 = EDGE_LOOP('',(#9706,#9707,#9708,#9709));
#9706 = ORIENTED_EDGE('',*,*,#8857,.T.);
#9707 = ORIENTED_EDGE('',*,*,#8929,.T.);
#9708 = ORIENTED_EDGE('',*,*,#8905,.T.);
#9709 = ORIENTED_EDGE('',*,*,#8881,.T.);
#9710 = PLANE('',#9711);
#9711 = AXIS2_PLACEMENT_3D('',#9712,#9713,#9714);
#9712 = CARTESIAN_POINT('',(484.05,157.618176,126.01));
#9713 = DIRECTION('',(0.,0.,1.));
#9714 = DIRECTION('',(-1.,0.,0.));
#9715 = ADVANCED_FACE('',(#9716,#9722),#9728,.F.);
#9716 = FACE_BOUND('',#9717,.F.);
#9717 = EDGE_LOOP('',(#9718,#9719,#9720,#9721));
#9718 = ORIENTED_EDGE('',*,*,#4687,.F.);
#9719 = ORIENTED_EDGE('',*,*,#4728,.T.);
#9720 = ORIENTED_EDGE('',*,*,#4711,.T.);
#9721 = ORIENTED_EDGE('',*,*,#4663,.F.);
#9722 = FACE_BOUND('',#9723,.F.);
#9723 = EDGE_LOOP('',(#9724,#9725,#9726,#9727));
#9724 = ORIENTED_EDGE('',*,*,#7897,.T.);
#9725 = ORIENTED_EDGE('',*,*,#7969,.T.);
#9726 = ORIENTED_EDGE('',*,*,#7945,.T.);
#9727 = ORIENTED_EDGE('',*,*,#7921,.T.);
#9728 = PLANE('',#9729);
#9729 = AXIS2_PLACEMENT_3D('',#9730,#9731,#9732);
#9730 = CARTESIAN_POINT('',(484.05,138.568176,126.01));
#9731 = DIRECTION('',(0.,0.,1.));
#9732 = DIRECTION('',(-1.,0.,0.));
#9733 = ADVANCED_FACE('',(#9734,#9740),#9746,.F.);
#9734 = FACE_BOUND('',#9735,.F.);
#9735 = EDGE_LOOP('',(#9736,#9737,#9738,#9739));
#9736 = ORIENTED_EDGE('',*,*,#4783,.F.);
#9737 = ORIENTED_EDGE('',*,*,#4824,.T.);
#9738 = ORIENTED_EDGE('',*,*,#4807,.T.);
#9739 = ORIENTED_EDGE('',*,*,#4759,.F.);
#9740 = FACE_BOUND('',#9741,.F.);
#9741 = EDGE_LOOP('',(#9742,#9743,#9744,#9745));
#9742 = ORIENTED_EDGE('',*,*,#8761,.T.);
#9743 = ORIENTED_EDGE('',*,*,#8833,.T.);
#9744 = ORIENTED_EDGE('',*,*,#8809,.T.);
#9745 = ORIENTED_EDGE('',*,*,#8785,.T.);
#9746 = PLANE('',#9747);
#9747 = AXIS2_PLACEMENT_3D('',#9748,#9749,#9750);
#9748 = CARTESIAN_POINT('',(465.,119.518176,126.01));
#9749 = DIRECTION('',(0.,0.,1.));
#9750 = DIRECTION('',(-1.,0.,0.));
#9751 = ADVANCED_FACE('',(#9752,#9758),#9764,.F.);
#9752 = FACE_BOUND('',#9753,.F.);
#9753 = EDGE_LOOP('',(#9754,#9755,#9756,#9757));
#9754 = ORIENTED_EDGE('',*,*,#4896,.F.);
#9755 = ORIENTED_EDGE('',*,*,#4937,.T.);
#9756 = ORIENTED_EDGE('',*,*,#4920,.T.);
#9757 = ORIENTED_EDGE('',*,*,#4872,.F.);
#9758 = FACE_BOUND('',#9759,.F.);
#9759 = EDGE_LOOP('',(#9760,#9761,#9762,#9763));
#9760 = ORIENTED_EDGE('',*,*,#8665,.T.);
#9761 = ORIENTED_EDGE('',*,*,#8737,.T.);
#9762 = ORIENTED_EDGE('',*,*,#8713,.T.);
#9763 = ORIENTED_EDGE('',*,*,#8689,.T.);
#9764 = PLANE('',#9765);
#9765 = AXIS2_PLACEMENT_3D('',#9766,#9767,#9768);
#9766 = CARTESIAN_POINT('',(465.,100.468176,126.01));
#9767 = DIRECTION('',(0.,0.,1.));
#9768 = DIRECTION('',(-1.,0.,0.));
#9769 = ADVANCED_FACE('',(#9770,#9776),#9782,.F.);
#9770 = FACE_BOUND('',#9771,.F.);
#9771 = EDGE_LOOP('',(#9772,#9773,#9774,#9775));
#9772 = ORIENTED_EDGE('',*,*,#4992,.F.);
#9773 = ORIENTED_EDGE('',*,*,#5033,.T.);
#9774 = ORIENTED_EDGE('',*,*,#5016,.T.);
#9775 = ORIENTED_EDGE('',*,*,#4968,.F.);
#9776 = FACE_BOUND('',#9777,.F.);
#9777 = EDGE_LOOP('',(#9778,#9779,#9780,#9781));
#9778 = ORIENTED_EDGE('',*,*,#8569,.T.);
#9779 = ORIENTED_EDGE('',*,*,#8641,.T.);
#9780 = ORIENTED_EDGE('',*,*,#8617,.T.);
#9781 = ORIENTED_EDGE('',*,*,#8593,.T.);
#9782 = PLANE('',#9783);
#9783 = AXIS2_PLACEMENT_3D('',#9784,#9785,#9786);
#9784 = CARTESIAN_POINT('',(484.05,119.518176,126.01));
#9785 = DIRECTION('',(0.,0.,1.));
#9786 = DIRECTION('',(-1.,0.,0.));
#9787 = ADVANCED_FACE('',(#9788,#9794),#9800,.F.);
#9788 = FACE_BOUND('',#9789,.F.);
#9789 = EDGE_LOOP('',(#9790,#9791,#9792,#9793));
#9790 = ORIENTED_EDGE('',*,*,#5088,.F.);
#9791 = ORIENTED_EDGE('',*,*,#5129,.T.);
#9792 = ORIENTED_EDGE('',*,*,#5112,.T.);
#9793 = ORIENTED_EDGE('',*,*,#5064,.F.);
#9794 = FACE_BOUND('',#9795,.F.);
#9795 = EDGE_LOOP('',(#9796,#9797,#9798,#9799));
#9796 = ORIENTED_EDGE('',*,*,#8473,.T.);
#9797 = ORIENTED_EDGE('',*,*,#8545,.T.);
#9798 = ORIENTED_EDGE('',*,*,#8521,.T.);
#9799 = ORIENTED_EDGE('',*,*,#8497,.T.);
#9800 = PLANE('',#9801);
#9801 = AXIS2_PLACEMENT_3D('',#9802,#9803,#9804);
#9802 = CARTESIAN_POINT('',(484.05,100.468176,126.01));
#9803 = DIRECTION('',(0.,0.,1.));
#9804 = DIRECTION('',(-1.,0.,0.));
#9805 = ADVANCED_FACE('',(#9806,#9836),#9874,.T.);
#9806 = FACE_BOUND('',#9807,.T.);
#9807 = EDGE_LOOP('',(#9808,#9809,#9810,#9811,#9812,#9813,#9814,#9815,
    #9816,#9817,#9818,#9819,#9820,#9821,#9822,#9823,#9824,#9825,#9826,
    #9827,#9828,#9829,#9830,#9831,#9832,#9833,#9834,#9835));
#9808 = ORIENTED_EDGE('',*,*,#5184,.T.);
#9809 = ORIENTED_EDGE('',*,*,#5152,.T.);
#9810 = ORIENTED_EDGE('',*,*,#5200,.T.);
#9811 = ORIENTED_EDGE('',*,*,#5248,.T.);
#9812 = ORIENTED_EDGE('',*,*,#5296,.T.);
#9813 = ORIENTED_EDGE('',*,*,#5344,.T.);
#9814 = ORIENTED_EDGE('',*,*,#5392,.T.);
#9815 = ORIENTED_EDGE('',*,*,#5440,.T.);
#9816 = ORIENTED_EDGE('',*,*,#5488,.T.);
#9817 = ORIENTED_EDGE('',*,*,#5536,.T.);
#9818 = ORIENTED_EDGE('',*,*,#5584,.T.);
#9819 = ORIENTED_EDGE('',*,*,#5632,.T.);
#9820 = ORIENTED_EDGE('',*,*,#5688,.T.);
#9821 = ORIENTED_EDGE('',*,*,#5728,.T.);
#9822 = ORIENTED_EDGE('',*,*,#5784,.F.);
#9823 = ORIENTED_EDGE('',*,*,#5800,.T.);
#9824 = ORIENTED_EDGE('',*,*,#5759,.T.);
#9825 = ORIENTED_EDGE('',*,*,#5711,.T.);
#9826 = ORIENTED_EDGE('',*,*,#5663,.T.);
#9827 = ORIENTED_EDGE('',*,*,#5615,.T.);
#9828 = ORIENTED_EDGE('',*,*,#5567,.T.);
#9829 = ORIENTED_EDGE('',*,*,#5519,.T.);
#9830 = ORIENTED_EDGE('',*,*,#5471,.T.);
#9831 = ORIENTED_EDGE('',*,*,#5423,.T.);
#9832 = ORIENTED_EDGE('',*,*,#5375,.T.);
#9833 = ORIENTED_EDGE('',*,*,#5327,.T.);
#9834 = ORIENTED_EDGE('',*,*,#5280,.F.);
#9835 = ORIENTED_EDGE('',*,*,#5224,.F.);
#9836 = FACE_BOUND('',#9837,.T.);
#9837 = EDGE_LOOP('',(#9838,#9839,#9840,#9841,#9842,#9843,#9844,#9845,
    #9846,#9847,#9848,#9849,#9850,#9851,#9852,#9853,#9854,#9855,#9856,
    #9857,#9858,#9859,#9860,#9861,#9862,#9863,#9864,#9865,#9866,#9867,
    #9868,#9869,#9870,#9871,#9872,#9873));
#9838 = ORIENTED_EDGE('',*,*,#7393,.F.);
#9839 = ORIENTED_EDGE('',*,*,#6554,.F.);
#9840 = ORIENTED_EDGE('',*,*,#6576,.T.);
#9841 = ORIENTED_EDGE('',*,*,#6601,.F.);
#9842 = ORIENTED_EDGE('',*,*,#6625,.F.);
#9843 = ORIENTED_EDGE('',*,*,#6649,.F.);
#9844 = ORIENTED_EDGE('',*,*,#6673,.F.);
#9845 = ORIENTED_EDGE('',*,*,#6697,.F.);
#9846 = ORIENTED_EDGE('',*,*,#6721,.F.);
#9847 = ORIENTED_EDGE('',*,*,#6745,.F.);
#9848 = ORIENTED_EDGE('',*,*,#6769,.F.);
#9849 = ORIENTED_EDGE('',*,*,#6793,.F.);
#9850 = ORIENTED_EDGE('',*,*,#6817,.F.);
#9851 = ORIENTED_EDGE('',*,*,#6841,.F.);
#9852 = ORIENTED_EDGE('',*,*,#6865,.F.);
#9853 = ORIENTED_EDGE('',*,*,#6889,.F.);
#9854 = ORIENTED_EDGE('',*,*,#6913,.F.);
#9855 = ORIENTED_EDGE('',*,*,#6937,.F.);
#9856 = ORIENTED_EDGE('',*,*,#6961,.F.);
#9857 = ORIENTED_EDGE('',*,*,#6984,.T.);
#9858 = ORIENTED_EDGE('',*,*,#7009,.F.);
#9859 = ORIENTED_EDGE('',*,*,#7032,.T.);
#9860 = ORIENTED_EDGE('',*,*,#7057,.F.);
#9861 = ORIENTED_EDGE('',*,*,#7081,.F.);
#9862 = ORIENTED_EDGE('',*,*,#7105,.F.);
#9863 = ORIENTED_EDGE('',*,*,#7129,.F.);
#9864 = ORIENTED_EDGE('',*,*,#7153,.F.);
#9865 = ORIENTED_EDGE('',*,*,#7177,.F.);
#9866 = ORIENTED_EDGE('',*,*,#7201,.F.);
#9867 = ORIENTED_EDGE('',*,*,#7225,.F.);
#9868 = ORIENTED_EDGE('',*,*,#7249,.F.);
#9869 = ORIENTED_EDGE('',*,*,#7273,.F.);
#9870 = ORIENTED_EDGE('',*,*,#7297,.F.);
#9871 = ORIENTED_EDGE('',*,*,#7321,.F.);
#9872 = ORIENTED_EDGE('',*,*,#7345,.F.);
#9873 = ORIENTED_EDGE('',*,*,#7369,.F.);
#9874 = PLANE('',#9875);
#9875 = AXIS2_PLACEMENT_3D('',#9876,#9877,#9878);
#9876 = CARTESIAN_POINT('',(428.625,73.149824166023,126.01));
#9877 = DIRECTION('',(-0.,-0.,-1.));
#9878 = DIRECTION('',(-1.,0.,0.));
#9879 = ADVANCED_FACE('',(#9880,#9886),#9892,.F.);
#9880 = FACE_BOUND('',#9881,.F.);
#9881 = EDGE_LOOP('',(#9882,#9883,#9884,#9885));
#9882 = ORIENTED_EDGE('',*,*,#5873,.F.);
#9883 = ORIENTED_EDGE('',*,*,#5914,.T.);
#9884 = ORIENTED_EDGE('',*,*,#5897,.T.);
#9885 = ORIENTED_EDGE('',*,*,#5849,.F.);
#9886 = FACE_BOUND('',#9887,.F.);
#9887 = EDGE_LOOP('',(#9888,#9889,#9890,#9891));
#9888 = ORIENTED_EDGE('',*,*,#8377,.T.);
#9889 = ORIENTED_EDGE('',*,*,#8449,.T.);
#9890 = ORIENTED_EDGE('',*,*,#8425,.T.);
#9891 = ORIENTED_EDGE('',*,*,#8401,.T.);
#9892 = PLANE('',#9893);
#9893 = AXIS2_PLACEMENT_3D('',#9894,#9895,#9896);
#9894 = CARTESIAN_POINT('',(436.425,33.793176,126.01));
#9895 = DIRECTION('',(0.,0.,1.));
#9896 = DIRECTION('',(-1.,0.,0.));
#9897 = ADVANCED_FACE('',(#9898,#9904),#9910,.F.);
#9898 = FACE_BOUND('',#9899,.F.);
#9899 = EDGE_LOOP('',(#9900,#9901,#9902,#9903));
#9900 = ORIENTED_EDGE('',*,*,#5969,.F.);
#9901 = ORIENTED_EDGE('',*,*,#6010,.T.);
#9902 = ORIENTED_EDGE('',*,*,#5993,.T.);
#9903 = ORIENTED_EDGE('',*,*,#5945,.F.);
#9904 = FACE_BOUND('',#9905,.F.);
#9905 = EDGE_LOOP('',(#9906,#9907,#9908,#9909));
#9906 = ORIENTED_EDGE('',*,*,#7513,.T.);
#9907 = ORIENTED_EDGE('',*,*,#7585,.T.);
#9908 = ORIENTED_EDGE('',*,*,#7561,.T.);
#9909 = ORIENTED_EDGE('',*,*,#7537,.T.);
#9910 = PLANE('',#9911);
#9911 = AXIS2_PLACEMENT_3D('',#9912,#9913,#9914);
#9912 = CARTESIAN_POINT('',(465.,81.418176,126.01));
#9913 = DIRECTION('',(0.,0.,1.));
#9914 = DIRECTION('',(-1.,0.,0.));
#9915 = ADVANCED_FACE('',(#9916,#9922),#9928,.F.);
#9916 = FACE_BOUND('',#9917,.F.);
#9917 = EDGE_LOOP('',(#9918,#9919,#9920,#9921));
#9918 = ORIENTED_EDGE('',*,*,#6065,.F.);
#9919 = ORIENTED_EDGE('',*,*,#6106,.T.);
#9920 = ORIENTED_EDGE('',*,*,#6089,.T.);
#9921 = ORIENTED_EDGE('',*,*,#6041,.F.);
#9922 = FACE_BOUND('',#9923,.F.);
#9923 = EDGE_LOOP('',(#9924,#9925,#9926,#9927));
#9924 = ORIENTED_EDGE('',*,*,#7417,.T.);
#9925 = ORIENTED_EDGE('',*,*,#7489,.T.);
#9926 = ORIENTED_EDGE('',*,*,#7465,.T.);
#9927 = ORIENTED_EDGE('',*,*,#7441,.T.);
#9928 = PLANE('',#9929);
#9929 = AXIS2_PLACEMENT_3D('',#9930,#9931,#9932);
#9930 = CARTESIAN_POINT('',(484.05,81.418176,126.01));
#9931 = DIRECTION('',(0.,0.,1.));
#9932 = DIRECTION('',(-1.,0.,0.));
#9933 = ADVANCED_FACE('',(#9934,#9940),#9946,.F.);
#9934 = FACE_BOUND('',#9935,.F.);
#9935 = EDGE_LOOP('',(#9936,#9937,#9938,#9939));
#9936 = ORIENTED_EDGE('',*,*,#6161,.F.);
#9937 = ORIENTED_EDGE('',*,*,#6202,.T.);
#9938 = ORIENTED_EDGE('',*,*,#6185,.T.);
#9939 = ORIENTED_EDGE('',*,*,#6137,.F.);
#9940 = FACE_BOUND('',#9941,.F.);
#9941 = EDGE_LOOP('',(#9942,#9943,#9944,#9945));
#9942 = ORIENTED_EDGE('',*,*,#8281,.T.);
#9943 = ORIENTED_EDGE('',*,*,#8353,.T.);
#9944 = ORIENTED_EDGE('',*,*,#8329,.T.);
#9945 = ORIENTED_EDGE('',*,*,#8305,.T.);
#9946 = PLANE('',#9947);
#9947 = AXIS2_PLACEMENT_3D('',#9948,#9949,#9950);
#9948 = CARTESIAN_POINT('',(455.475,52.843176,126.01));
#9949 = DIRECTION('',(0.,0.,1.));
#9950 = DIRECTION('',(-1.,0.,0.));
#9951 = ADVANCED_FACE('',(#9952,#9958),#9964,.F.);
#9952 = FACE_BOUND('',#9953,.F.);
#9953 = EDGE_LOOP('',(#9954,#9955,#9956,#9957));
#9954 = ORIENTED_EDGE('',*,*,#6257,.F.);
#9955 = ORIENTED_EDGE('',*,*,#6298,.T.);
#9956 = ORIENTED_EDGE('',*,*,#6281,.T.);
#9957 = ORIENTED_EDGE('',*,*,#6233,.F.);
#9958 = FACE_BOUND('',#9959,.F.);
#9959 = EDGE_LOOP('',(#9960,#9961,#9962,#9963));
#9960 = ORIENTED_EDGE('',*,*,#8185,.T.);
#9961 = ORIENTED_EDGE('',*,*,#8257,.T.);
#9962 = ORIENTED_EDGE('',*,*,#8233,.T.);
#9963 = ORIENTED_EDGE('',*,*,#8209,.T.);
#9964 = PLANE('',#9965);
#9965 = AXIS2_PLACEMENT_3D('',#9966,#9967,#9968);
#9966 = CARTESIAN_POINT('',(455.475,33.793176,126.01));
#9967 = DIRECTION('',(0.,0.,1.));
#9968 = DIRECTION('',(-1.,0.,0.));
#9969 = ADVANCED_FACE('',(#9970,#9976),#9982,.F.);
#9970 = FACE_BOUND('',#9971,.F.);
#9971 = EDGE_LOOP('',(#9972,#9973,#9974,#9975));
#9972 = ORIENTED_EDGE('',*,*,#6353,.F.);
#9973 = ORIENTED_EDGE('',*,*,#6394,.T.);
#9974 = ORIENTED_EDGE('',*,*,#6377,.T.);
#9975 = ORIENTED_EDGE('',*,*,#6329,.F.);
#9976 = FACE_BOUND('',#9977,.F.);
#9977 = EDGE_LOOP('',(#9978,#9979,#9980,#9981));
#9978 = ORIENTED_EDGE('',*,*,#8089,.T.);
#9979 = ORIENTED_EDGE('',*,*,#8161,.T.);
#9980 = ORIENTED_EDGE('',*,*,#8137,.T.);
#9981 = ORIENTED_EDGE('',*,*,#8113,.T.);
#9982 = PLANE('',#9983);
#9983 = AXIS2_PLACEMENT_3D('',#9984,#9985,#9986);
#9984 = CARTESIAN_POINT('',(474.525,33.793176,126.01));
#9985 = DIRECTION('',(0.,0.,1.));
#9986 = DIRECTION('',(-1.,0.,0.));
#9987 = ( GEOMETRIC_REPRESENTATION_CONTEXT(3) 
GLOBAL_UNCERTAINTY_ASSIGNED_CONTEXT((#9991)) 
GLOBAL_UNIT_ASSIGNED_CONTEXT((#9988,#9989,#9990)) REPRESENTATION_CONTEXT
('Context #1','3D Context with UNIT and UNCERTAINTY') );
#9988 = ( LENGTH_UNIT() NAMED_UNIT(*) SI_UNIT(.MILLI.,.METRE.) );
#9989 = ( NAMED_UNIT(*) PLANE_ANGLE_UNIT() SI_UNIT($,.RADIAN.) );
#9990 = ( NAMED_UNIT(*) SI_UNIT($,.STERADIAN.) SOLID_ANGLE_UNIT() );
#9991 = UNCERTAINTY_MEASURE_WITH_UNIT(LENGTH_MEASURE(2.E-04),#9988,
  'distance_accuracy_value','confusion accuracy');
#9992 = PRODUCT_RELATED_PRODUCT_CATEGORY('part',$,(#7));
ENDSEC;
END-ISO-10303-21;
