ISO-10303-21;
HEADER;
FILE_DESCRIPTION(('FreeCAD Model'),'2;1');
FILE_NAME('Open CASCADE Shape Model','2026-09-25T18:28:57',('Author'),(
    ''),'Open CASCADE STEP processor 7.8','FreeCAD','Unknown');
FILE_SCHEMA(('AUTOMOTIVE_DESIGN { 1 0 10303 214 1 1 1 1 }'));
ENDSEC;
DATA;
#1 = APPLICATION_PROTOCOL_DEFINITION('international standard',
  'automotive_design',2000,#2);
#2 = APPLICATION_CONTEXT(
  'core data for automotive mechanical design processes');
#3 = SHAPE_DEFINITION_REPRESENTATION(#4,#10);
#4 = PRODUCT_DEFINITION_SHAPE('','',#5);
#5 = PRODUCT_DEFINITION('design','',#6,#9);
#6 = PRODUCT_DEFINITION_FORMATION('','',#7);
#7 = PRODUCT('Plate_Git_pad','Plate_Git_pad','',(#8));
#8 = PRODUCT_CONTEXT('',#2,'mechanical');
#9 = PRODUCT_DEFINITION_CONTEXT('part definition',#2,'design');
#10 = ADVANCED_BREP_SHAPE_REPRESENTATION('',(#11,#15),#15427);
#11 = AXIS2_PLACEMENT_3D('',#12,#13,#14);
#12 = CARTESIAN_POINT('',(0.,0.,0.));
#13 = DIRECTION('',(0.,0.,1.));
#14 = DIRECTION('',(1.,0.,-0.));
#15 = MANIFOLD_SOLID_BREP('',#16);
#16 = CLOSED_SHELL('',(#17,#803,#867,#892,#916,#942,#999,#1024,#1049,
    #1075,#1101,#1126,#1151,#1169,#1194,#1257,#1345,#1401,#1578,#1609,
    #1633,#1657,#1674,#1705,#1729,#1753,#1770,#1833,#1921,#2105,#2154,
    #2179,#2210,#2234,#2258,#2275,#2306,#2330,#2354,#2371,#2396,#2427,
    #2451,#2475,#2492,#2523,#2547,#2571,#2588,#2619,#2643,#2667,#2684,
    #2715,#2739,#2763,#2780,#2805,#2836,#2860,#2884,#2901,#2932,#2956,
    #2980,#2997,#3028,#3052,#3076,#3093,#3124,#3148,#3172,#3189,#3220,
    #3244,#3268,#3285,#3316,#3340,#3364,#3381,#3412,#3436,#3460,#3477,
    #3502,#3533,#3557,#3581,#3598,#3623,#6348,#6371,#6395,#6582,#6599,
    #6616,#6639,#6656,#6673,#6690,#6707,#6724,#6741,#6758,#6770,#6794,
    #6818,#6835,#6859,#7035,#7052,#7076,#7252,#7269,#7293,#7317,#7334,
    #7358,#7390,#7407,#7431,#7623,#7640,#7664,#7840,#7857,#7881,#8073,
    #8090,#8114,#8146,#8163,#8209,#8255,#8279,#8303,#8320,#8344,#8520,
    #8537,#8561,#8737,#8754,#8778,#8810,#8827,#8851,#9043,#9060,#9084,
    #9260,#9277,#9301,#9493,#9510,#9534,#9566,#9583,#9607,#9631,#9648,
    #9694,#9740,#9786,#9832,#9878,#9924,#9970,#10016,#10062,#10108,
    #10154,#10200,#10246,#10292,#10316,#10340,#10363,#10386,#10401,
    #10416,#10440,#10464,#10479,#10494,#10511,#10528,#10545,#10562,
    #10579,#10596,#10613,#10630,#10647,#10664,#10681,#10698,#10715,
    #10732,#10749,#10766,#10783,#10800,#10817,#10834,#10846,#10863,
    #10880,#10897,#10914,#10931,#10948,#10965,#10982,#10999,#11016,
    #11033,#11050,#11067,#11084,#11101,#11118,#11135,#11152,#11169,
    #11181,#11193,#11210,#11222,#11239,#11256,#11273,#11290,#11307,
    #11324,#11341,#11358,#11375,#11392,#11409,#11426,#11443,#11460,
    #11477,#11494,#11511,#11528,#11545,#11562,#11579,#11591,#11608,
    #11625,#11642,#11659,#11676,#11693,#11710,#11727,#11744,#11761,
    #11778,#11795,#11812,#11829,#11846,#11863,#11880,#11897,#11914,
    #11926,#11943,#11960,#11977,#11994,#12011,#12028,#12045,#12062,
    #12079,#12096,#12113,#12130,#12147,#12164,#12181,#12198,#12215,
    #12232,#12249,#12266,#12283,#12295,#12312,#12324,#12336,#12358,
    #12375,#12392,#12404,#12426,#12443,#12460,#12472,#12484,#12501,
    #12518,#12535,#12552,#12569,#12586,#12603,#12615,#12632,#12649,
    #12666,#12683,#12700,#12717,#12734,#12751,#12768,#12785,#12802,
    #12819,#12836,#12853,#12870,#12887,#12904,#12921,#12938,#12955,
    #12972,#12989,#13006,#13018,#13035,#13052,#13069,#13086,#13103,
    #13120,#13137,#13154,#13171,#13188,#13205,#13222,#13239,#13256,
    #13273,#13290,#13307,#13324,#13341,#13353,#13370,#13387,#13404,
    #13421,#13438,#13455,#13472,#13489,#13506,#13523,#13540,#13557,
    #13574,#13591,#13608,#13625,#13642,#13659,#13676,#13688,#13705,
    #13722,#13739,#13756,#13773,#13785,#13802,#13819,#13836,#13853,
    #13870,#13887,#13904,#13916,#13928,#13945,#13962,#13979,#13996,
    #14013,#14030,#14047,#14064,#14081,#14098,#14115,#14132,#14149,
    #14166,#14183,#14200,#14217,#14234,#14251,#14268,#14285,#14297,
    #14319,#14336,#14353,#14365,#14387,#14404,#14421,#14433,#14455,
    #14472,#14489,#14501,#14523,#14540,#14557,#14569,#14591,#14608,
    #14625,#14637,#14659,#14676,#14693,#14705,#14727,#14744,#14761,
    #14773,#14795,#14812,#14829,#14841,#14863,#14880,#14897,#14909,
    #14931,#14948,#14965,#14977,#14999,#15016,#15033,#15045,#15067,
    #15084,#15101,#15113,#15135,#15152,#15169,#15181,#15203,#15220,
    #15237,#15249,#15266,#15283,#15300,#15316,#15333,#15349,#15366,
    #15382,#15399,#15415));
#17 = ADVANCED_FACE('',(#18,#120,#131,#165,#199,#233,#267,#278,#312,#346
    ,#357,#391,#425,#459,#493,#504,#538,#572,#606,#640,#674,#708,#742,
    #753,#787),#798,.F.);
#18 = FACE_BOUND('',#19,.F.);
#19 = EDGE_LOOP('',(#20,#30,#38,#47,#55,#64,#72,#81,#89,#98,#106,#114));
#20 = ORIENTED_EDGE('',*,*,#21,.T.);
#21 = EDGE_CURVE('',#22,#24,#26,.T.);
#22 = VERTEX_POINT('',#23);
#23 = CARTESIAN_POINT('',(-164.9875,111.995676,71.51));
#24 = VERTEX_POINT('',#25);
#25 = CARTESIAN_POINT('',(-161.4875,111.995676,71.51));
#26 = LINE('',#27,#28);
#27 = CARTESIAN_POINT('',(-186.0281249999,111.995676,71.51));
#28 = VECTOR('',#29,1.);
#29 = DIRECTION('',(1.,0.,0.));
#30 = ORIENTED_EDGE('',*,*,#31,.T.);
#31 = EDGE_CURVE('',#24,#32,#34,.T.);
#32 = VERTEX_POINT('',#33);
#33 = CARTESIAN_POINT('',(-161.4875,76.304999999999,71.51));
#34 = LINE('',#35,#36);
#35 = CARTESIAN_POINT('',(-161.4875,111.995676,71.51));
#36 = VECTOR('',#37,1.);
#37 = DIRECTION('',(-0.,-1.,-0.));
#38 = ORIENTED_EDGE('',*,*,#39,.T.);
#39 = EDGE_CURVE('',#32,#40,#42,.T.);
#40 = VERTEX_POINT('',#41);
#41 = CARTESIAN_POINT('',(-166.1874999999,71.604999999999,71.51));
#42 = CIRCLE('',#43,4.7);
#43 = AXIS2_PLACEMENT_3D('',#44,#45,#46);
#44 = CARTESIAN_POINT('',(-166.1875,76.304999999999,71.51));
#45 = DIRECTION('',(0.,0.,-1.));
#46 = DIRECTION('',(1.,-7.75E-15,0.));
#47 = ORIENTED_EDGE('',*,*,#48,.T.);
#48 = EDGE_CURVE('',#40,#49,#51,.T.);
#49 = VERTEX_POINT('',#50);
#50 = CARTESIAN_POINT('',(-249.4499973853,71.604999999951,71.51));
#51 = LINE('',#52,#53);
#52 = CARTESIAN_POINT('',(-166.1874999999,71.604999999999,71.51));
#53 = VECTOR('',#54,1.);
#54 = DIRECTION('',(-1.,-5.7348E-13,0.));
#55 = ORIENTED_EDGE('',*,*,#56,.T.);
#56 = EDGE_CURVE('',#49,#57,#59,.T.);
#57 = VERTEX_POINT('',#58);
#58 = CARTESIAN_POINT('',(-254.15,76.30499978267,71.51));
#59 = CIRCLE('',#60,4.699998505901);
#60 = AXIS2_PLACEMENT_3D('',#61,#62,#63);
#61 = CARTESIAN_POINT('',(-249.4500014941,76.30499850585,71.51));
#62 = DIRECTION('',(0.,0.,-1.));
#63 = DIRECTION('',(7.4705057279E-07,-1.,0.));
#64 = ORIENTED_EDGE('',*,*,#65,.T.);
#65 = EDGE_CURVE('',#57,#66,#68,.T.);
#66 = VERTEX_POINT('',#67);
#67 = CARTESIAN_POINT('',(-254.1499999999,180.91499738523,71.51));
#68 = LINE('',#69,#70);
#69 = CARTESIAN_POINT('',(-254.15,76.305000000001,71.51));
#70 = VECTOR('',#71,1.);
#71 = DIRECTION('',(4.9108E-13,1.,0.));
#72 = ORIENTED_EDGE('',*,*,#73,.T.);
#73 = EDGE_CURVE('',#66,#74,#76,.T.);
#74 = VERTEX_POINT('',#75);
#75 = CARTESIAN_POINT('',(-249.4500002173,185.615,71.51));
#76 = CIRCLE('',#77,4.699998505851);
#77 = AXIS2_PLACEMENT_3D('',#78,#79,#80);
#78 = CARTESIAN_POINT('',(-249.4500014941,180.91500149415,71.51));
#79 = DIRECTION('',(0.,0.,-1.));
#80 = DIRECTION('',(-1.,-7.4707556323E-07,-0.));
#81 = ORIENTED_EDGE('',*,*,#82,.T.);
#82 = EDGE_CURVE('',#74,#83,#85,.T.);
#83 = VERTEX_POINT('',#84);
#84 = CARTESIAN_POINT('',(-166.1875,185.61499999999,71.51));
#85 = LINE('',#86,#87);
#86 = CARTESIAN_POINT('',(-249.45,185.615,71.51));
#87 = VECTOR('',#88,1.);
#88 = DIRECTION('',(1.,-2.221E-14,0.));
#89 = ORIENTED_EDGE('',*,*,#90,.T.);
#90 = EDGE_CURVE('',#83,#91,#93,.T.);
#91 = VERTEX_POINT('',#92);
#92 = CARTESIAN_POINT('',(-161.4875,180.91499999999,71.51));
#93 = CIRCLE('',#94,4.7);
#94 = AXIS2_PLACEMENT_3D('',#95,#96,#97);
#95 = CARTESIAN_POINT('',(-166.1875,180.91499999999,71.51));
#96 = DIRECTION('',(0.,0.,-1.));
#97 = DIRECTION('',(1.55E-14,1.,0.));
#98 = ORIENTED_EDGE('',*,*,#99,.T.);
#99 = EDGE_CURVE('',#91,#100,#102,.T.);
#100 = VERTEX_POINT('',#101);
#101 = CARTESIAN_POINT('',(-161.4875,132.395676,71.51));
#102 = LINE('',#103,#104);
#103 = CARTESIAN_POINT('',(-161.4875,180.91499999999,71.51));
#104 = VECTOR('',#105,1.);
#105 = DIRECTION('',(-0.,-1.,-0.));
#106 = ORIENTED_EDGE('',*,*,#107,.F.);
#107 = EDGE_CURVE('',#108,#100,#110,.T.);
#108 = VERTEX_POINT('',#109);
#109 = CARTESIAN_POINT('',(-164.9875,132.395676,71.51));
#110 = LINE('',#111,#112);
#111 = CARTESIAN_POINT('',(-186.0281249999,132.395676,71.51));
#112 = VECTOR('',#113,1.);
#113 = DIRECTION('',(1.,0.,0.));
#114 = ORIENTED_EDGE('',*,*,#115,.T.);
#115 = EDGE_CURVE('',#108,#22,#116,.T.);
#116 = LINE('',#117,#118);
#117 = CARTESIAN_POINT('',(-164.9875,120.30283799998,71.51));
#118 = VECTOR('',#119,1.);
#119 = DIRECTION('',(0.,-1.,0.));
#120 = FACE_BOUND('',#121,.F.);
#121 = EDGE_LOOP('',(#122));
#122 = ORIENTED_EDGE('',*,*,#123,.F.);
#123 = EDGE_CURVE('',#124,#124,#126,.T.);
#124 = VERTEX_POINT('',#125);
#125 = CARTESIAN_POINT('',(-247.1,171.5,71.51));
#126 = CIRCLE('',#127,1.1);
#127 = AXIS2_PLACEMENT_3D('',#128,#129,#130);
#128 = CARTESIAN_POINT('',(-246.,171.5,71.51));
#129 = DIRECTION('',(0.,0.,-1.));
#130 = DIRECTION('',(1.,0.,0.));
#131 = FACE_BOUND('',#132,.F.);
#132 = EDGE_LOOP('',(#133,#143,#151,#159));
#133 = ORIENTED_EDGE('',*,*,#134,.F.);
#134 = EDGE_CURVE('',#135,#137,#139,.T.);
#135 = VERTEX_POINT('',#136);
#136 = CARTESIAN_POINT('',(-239.8967061529,177.79474419047,71.51));
#137 = VERTEX_POINT('',#138);
#138 = CARTESIAN_POINT('',(-226.8967061529,177.79474419047,71.51));
#139 = LINE('',#140,#141);
#140 = CARTESIAN_POINT('',(-223.4827280764,177.79474419047,71.51));
#141 = VECTOR('',#142,1.);
#142 = DIRECTION('',(1.,0.,0.));
#143 = ORIENTED_EDGE('',*,*,#144,.T.);
#144 = EDGE_CURVE('',#135,#145,#147,.T.);
#145 = VERTEX_POINT('',#146);
#146 = CARTESIAN_POINT('',(-239.8967061529,165.09474419047,71.51));
#147 = LINE('',#148,#149);
#148 = CARTESIAN_POINT('',(-239.8967061529,146.85237209522,71.51));
#149 = VECTOR('',#150,1.);
#150 = DIRECTION('',(0.,-1.,0.));
#151 = ORIENTED_EDGE('',*,*,#152,.T.);
#152 = EDGE_CURVE('',#145,#153,#155,.T.);
#153 = VERTEX_POINT('',#154);
#154 = CARTESIAN_POINT('',(-226.8967061529,165.09474419047,71.51));
#155 = LINE('',#156,#157);
#156 = CARTESIAN_POINT('',(-223.4827280764,165.09474419047,71.51));
#157 = VECTOR('',#158,1.);
#158 = DIRECTION('',(1.,0.,0.));
#159 = ORIENTED_EDGE('',*,*,#160,.F.);
#160 = EDGE_CURVE('',#137,#153,#161,.T.);
#161 = LINE('',#162,#163);
#162 = CARTESIAN_POINT('',(-226.8967061529,146.85237209522,71.51));
#163 = VECTOR('',#164,1.);
#164 = DIRECTION('',(0.,-1.,0.));
#165 = FACE_BOUND('',#166,.F.);
#166 = EDGE_LOOP('',(#167,#177,#185,#193));
#167 = ORIENTED_EDGE('',*,*,#168,.F.);
#168 = EDGE_CURVE('',#169,#171,#173,.T.);
#169 = VERTEX_POINT('',#170);
#170 = CARTESIAN_POINT('',(-231.125,142.86,71.51));
#171 = VERTEX_POINT('',#172);
#172 = CARTESIAN_POINT('',(-245.125,142.86,71.51));
#173 = LINE('',#174,#175);
#174 = CARTESIAN_POINT('',(-219.0968749999,142.86,71.51));
#175 = VECTOR('',#176,1.);
#176 = DIRECTION('',(-1.,0.,0.));
#177 = ORIENTED_EDGE('',*,*,#178,.F.);
#178 = EDGE_CURVE('',#179,#169,#181,.T.);
#179 = VERTEX_POINT('',#180);
#180 = CARTESIAN_POINT('',(-231.125,156.86,71.51));
#181 = LINE('',#182,#183);
#182 = CARTESIAN_POINT('',(-231.125,142.73499999998,71.51));
#183 = VECTOR('',#184,1.);
#184 = DIRECTION('',(0.,-1.,0.));
#185 = ORIENTED_EDGE('',*,*,#186,.F.);
#186 = EDGE_CURVE('',#187,#179,#189,.T.);
#187 = VERTEX_POINT('',#188);
#188 = CARTESIAN_POINT('',(-245.125,156.86,71.51));
#189 = LINE('',#190,#191);
#190 = CARTESIAN_POINT('',(-226.0968749999,156.86,71.51));
#191 = VECTOR('',#192,1.);
#192 = DIRECTION('',(1.,0.,0.));
#193 = ORIENTED_EDGE('',*,*,#194,.F.);
#194 = EDGE_CURVE('',#171,#187,#195,.T.);
#195 = LINE('',#196,#197);
#196 = CARTESIAN_POINT('',(-245.125,135.73499999998,71.51));
#197 = VECTOR('',#198,1.);
#198 = DIRECTION('',(0.,1.,0.));
#199 = FACE_BOUND('',#200,.F.);
#200 = EDGE_LOOP('',(#201,#211,#219,#227));
#201 = ORIENTED_EDGE('',*,*,#202,.F.);
#202 = EDGE_CURVE('',#203,#205,#207,.T.);
#203 = VERTEX_POINT('',#204);
#204 = CARTESIAN_POINT('',(-212.075,142.86,71.51));
#205 = VERTEX_POINT('',#206);
#206 = CARTESIAN_POINT('',(-226.075,142.86,71.51));
#207 = LINE('',#208,#209);
#208 = CARTESIAN_POINT('',(-209.5718749999,142.86,71.51));
#209 = VECTOR('',#210,1.);
#210 = DIRECTION('',(-1.,0.,0.));
#211 = ORIENTED_EDGE('',*,*,#212,.F.);
#212 = EDGE_CURVE('',#213,#203,#215,.T.);
#213 = VERTEX_POINT('',#214);
#214 = CARTESIAN_POINT('',(-212.075,156.86,71.51));
#215 = LINE('',#216,#217);
#216 = CARTESIAN_POINT('',(-212.075,142.73499999998,71.51));
#217 = VECTOR('',#218,1.);
#218 = DIRECTION('',(0.,-1.,0.));
#219 = ORIENTED_EDGE('',*,*,#220,.F.);
#220 = EDGE_CURVE('',#221,#213,#223,.T.);
#221 = VERTEX_POINT('',#222);
#222 = CARTESIAN_POINT('',(-226.075,156.86,71.51));
#223 = LINE('',#224,#225);
#224 = CARTESIAN_POINT('',(-216.5718749999,156.86,71.51));
#225 = VECTOR('',#226,1.);
#226 = DIRECTION('',(1.,0.,0.));
#227 = ORIENTED_EDGE('',*,*,#228,.F.);
#228 = EDGE_CURVE('',#205,#221,#229,.T.);
#229 = LINE('',#230,#231);
#230 = CARTESIAN_POINT('',(-226.075,135.73499999998,71.51));
#231 = VECTOR('',#232,1.);
#232 = DIRECTION('',(0.,1.,0.));
#233 = FACE_BOUND('',#234,.F.);
#234 = EDGE_LOOP('',(#235,#245,#253,#261));
#235 = ORIENTED_EDGE('',*,*,#236,.F.);
#236 = EDGE_CURVE('',#237,#239,#241,.T.);
#237 = VERTEX_POINT('',#238);
#238 = CARTESIAN_POINT('',(-192.203293847,177.80525580953,71.51));
#239 = VERTEX_POINT('',#240);
#240 = CARTESIAN_POINT('',(-179.203293847,177.80525580953,71.51));
#241 = LINE('',#242,#243);
#242 = CARTESIAN_POINT('',(-199.6360219235,177.80525580953,71.51));
#243 = VECTOR('',#244,1.);
#244 = DIRECTION('',(1.,0.,0.));
#245 = ORIENTED_EDGE('',*,*,#246,.T.);
#246 = EDGE_CURVE('',#237,#247,#249,.T.);
#247 = VERTEX_POINT('',#248);
#248 = CARTESIAN_POINT('',(-192.203293847,165.10525580953,71.51));
#249 = LINE('',#250,#251);
#250 = CARTESIAN_POINT('',(-192.203293847,146.85762790475,71.51));
#251 = VECTOR('',#252,1.);
#252 = DIRECTION('',(0.,-1.,0.));
#253 = ORIENTED_EDGE('',*,*,#254,.T.);
#254 = EDGE_CURVE('',#247,#255,#257,.T.);
#255 = VERTEX_POINT('',#256);
#256 = CARTESIAN_POINT('',(-179.203293847,165.10525580953,71.51));
#257 = LINE('',#258,#259);
#258 = CARTESIAN_POINT('',(-199.6360219235,165.10525580953,71.51));
#259 = VECTOR('',#260,1.);
#260 = DIRECTION('',(1.,0.,0.));
#261 = ORIENTED_EDGE('',*,*,#262,.F.);
#262 = EDGE_CURVE('',#239,#255,#263,.T.);
#263 = LINE('',#264,#265);
#264 = CARTESIAN_POINT('',(-179.203293847,146.85762790475,71.51));
#265 = VECTOR('',#266,1.);
#266 = DIRECTION('',(0.,-1.,0.));
#267 = FACE_BOUND('',#268,.F.);
#268 = EDGE_LOOP('',(#269));
#269 = ORIENTED_EDGE('',*,*,#270,.F.);
#270 = EDGE_CURVE('',#271,#271,#273,.T.);
#271 = VERTEX_POINT('',#272);
#272 = CARTESIAN_POINT('',(-170.6,170.5,71.51));
#273 = CIRCLE('',#274,1.1);
#274 = AXIS2_PLACEMENT_3D('',#275,#276,#277);
#275 = CARTESIAN_POINT('',(-169.5,170.5,71.51));
#276 = DIRECTION('',(0.,0.,-1.));
#277 = DIRECTION('',(1.,0.,0.));
#278 = FACE_BOUND('',#279,.F.);
#279 = EDGE_LOOP('',(#280,#290,#298,#306));
#280 = ORIENTED_EDGE('',*,*,#281,.F.);
#281 = EDGE_CURVE('',#282,#284,#286,.T.);
#282 = VERTEX_POINT('',#283);
#283 = CARTESIAN_POINT('',(-193.025,142.86,71.51));
#284 = VERTEX_POINT('',#285);
#285 = CARTESIAN_POINT('',(-207.025,142.86,71.51));
#286 = LINE('',#287,#288);
#287 = CARTESIAN_POINT('',(-200.0468749999,142.86,71.51));
#288 = VECTOR('',#289,1.);
#289 = DIRECTION('',(-1.,0.,0.));
#290 = ORIENTED_EDGE('',*,*,#291,.F.);
#291 = EDGE_CURVE('',#292,#282,#294,.T.);
#292 = VERTEX_POINT('',#293);
#293 = CARTESIAN_POINT('',(-193.025,156.86,71.51));
#294 = LINE('',#295,#296);
#295 = CARTESIAN_POINT('',(-193.025,142.73499999998,71.51));
#296 = VECTOR('',#297,1.);
#297 = DIRECTION('',(0.,-1.,0.));
#298 = ORIENTED_EDGE('',*,*,#299,.F.);
#299 = EDGE_CURVE('',#300,#292,#302,.T.);
#300 = VERTEX_POINT('',#301);
#301 = CARTESIAN_POINT('',(-207.025,156.86,71.51));
#302 = LINE('',#303,#304);
#303 = CARTESIAN_POINT('',(-207.0468749999,156.86,71.51));
#304 = VECTOR('',#305,1.);
#305 = DIRECTION('',(1.,0.,0.));
#306 = ORIENTED_EDGE('',*,*,#307,.F.);
#307 = EDGE_CURVE('',#284,#300,#308,.T.);
#308 = LINE('',#309,#310);
#309 = CARTESIAN_POINT('',(-207.025,135.73499999998,71.51));
#310 = VECTOR('',#311,1.);
#311 = DIRECTION('',(0.,1.,0.));
#312 = FACE_BOUND('',#313,.F.);
#313 = EDGE_LOOP('',(#314,#324,#332,#340));
#314 = ORIENTED_EDGE('',*,*,#315,.F.);
#315 = EDGE_CURVE('',#316,#318,#320,.T.);
#316 = VERTEX_POINT('',#317);
#317 = CARTESIAN_POINT('',(-173.975,142.86,71.51));
#318 = VERTEX_POINT('',#319);
#319 = CARTESIAN_POINT('',(-187.975,142.86,71.51));
#320 = LINE('',#321,#322);
#321 = CARTESIAN_POINT('',(-190.5218749999,142.86,71.51));
#322 = VECTOR('',#323,1.);
#323 = DIRECTION('',(-1.,0.,0.));
#324 = ORIENTED_EDGE('',*,*,#325,.F.);
#325 = EDGE_CURVE('',#326,#316,#328,.T.);
#326 = VERTEX_POINT('',#327);
#327 = CARTESIAN_POINT('',(-173.975,156.86,71.51));
#328 = LINE('',#329,#330);
#329 = CARTESIAN_POINT('',(-173.975,142.73499999998,71.51));
#330 = VECTOR('',#331,1.);
#331 = DIRECTION('',(0.,-1.,0.));
#332 = ORIENTED_EDGE('',*,*,#333,.F.);
#333 = EDGE_CURVE('',#334,#326,#336,.T.);
#334 = VERTEX_POINT('',#335);
#335 = CARTESIAN_POINT('',(-187.975,156.86,71.51));
#336 = LINE('',#337,#338);
#337 = CARTESIAN_POINT('',(-197.5218749999,156.86,71.51));
#338 = VECTOR('',#339,1.);
#339 = DIRECTION('',(1.,0.,0.));
#340 = ORIENTED_EDGE('',*,*,#341,.F.);
#341 = EDGE_CURVE('',#318,#334,#342,.T.);
#342 = LINE('',#343,#344);
#343 = CARTESIAN_POINT('',(-187.975,135.73499999998,71.51));
#344 = VECTOR('',#345,1.);
#345 = DIRECTION('',(0.,1.,0.));
#346 = FACE_BOUND('',#347,.F.);
#347 = EDGE_LOOP('',(#348));
#348 = ORIENTED_EDGE('',*,*,#349,.F.);
#349 = EDGE_CURVE('',#350,#350,#352,.T.);
#350 = VERTEX_POINT('',#351);
#351 = CARTESIAN_POINT('',(-167.7875,138.0057,71.51));
#352 = CIRCLE('',#353,1.1);
#353 = AXIS2_PLACEMENT_3D('',#354,#355,#356);
#354 = CARTESIAN_POINT('',(-166.6875,138.0057,71.51));
#355 = DIRECTION('',(0.,0.,-1.));
#356 = DIRECTION('',(1.,0.,0.));
#357 = FACE_BOUND('',#358,.F.);
#358 = EDGE_LOOP('',(#359,#369,#377,#385));
#359 = ORIENTED_EDGE('',*,*,#360,.F.);
#360 = EDGE_CURVE('',#361,#363,#365,.T.);
#361 = VERTEX_POINT('',#362);
#362 = CARTESIAN_POINT('',(-231.125,123.81,71.51));
#363 = VERTEX_POINT('',#364);
#364 = CARTESIAN_POINT('',(-245.125,123.81,71.51));
#365 = LINE('',#366,#367);
#366 = CARTESIAN_POINT('',(-219.0968749999,123.81,71.51));
#367 = VECTOR('',#368,1.);
#368 = DIRECTION('',(-1.,0.,0.));
#369 = ORIENTED_EDGE('',*,*,#370,.F.);
#370 = EDGE_CURVE('',#371,#361,#373,.T.);
#371 = VERTEX_POINT('',#372);
#372 = CARTESIAN_POINT('',(-231.125,137.81,71.51));
#373 = LINE('',#374,#375);
#374 = CARTESIAN_POINT('',(-231.125,133.20999999998,71.51));
#375 = VECTOR('',#376,1.);
#376 = DIRECTION('',(0.,-1.,0.));
#377 = ORIENTED_EDGE('',*,*,#378,.F.);
#378 = EDGE_CURVE('',#379,#371,#381,.T.);
#379 = VERTEX_POINT('',#380);
#380 = CARTESIAN_POINT('',(-245.125,137.81,71.51));
#381 = LINE('',#382,#383);
#382 = CARTESIAN_POINT('',(-226.0968749999,137.81,71.51));
#383 = VECTOR('',#384,1.);
#384 = DIRECTION('',(1.,0.,0.));
#385 = ORIENTED_EDGE('',*,*,#386,.F.);
#386 = EDGE_CURVE('',#363,#379,#387,.T.);
#387 = LINE('',#388,#389);
#388 = CARTESIAN_POINT('',(-245.125,126.20999999998,71.51));
#389 = VECTOR('',#390,1.);
#390 = DIRECTION('',(0.,1.,0.));
#391 = FACE_BOUND('',#392,.F.);
#392 = EDGE_LOOP('',(#393,#403,#411,#419));
#393 = ORIENTED_EDGE('',*,*,#394,.F.);
#394 = EDGE_CURVE('',#395,#397,#399,.T.);
#395 = VERTEX_POINT('',#396);
#396 = CARTESIAN_POINT('',(-231.125,104.76,71.51));
#397 = VERTEX_POINT('',#398);
#398 = CARTESIAN_POINT('',(-245.125,104.76,71.51));
#399 = LINE('',#400,#401);
#400 = CARTESIAN_POINT('',(-219.0968749999,104.76,71.51));
#401 = VECTOR('',#402,1.);
#402 = DIRECTION('',(-1.,0.,0.));
#403 = ORIENTED_EDGE('',*,*,#404,.F.);
#404 = EDGE_CURVE('',#405,#395,#407,.T.);
#405 = VERTEX_POINT('',#406);
#406 = CARTESIAN_POINT('',(-231.125,118.76,71.51));
#407 = LINE('',#408,#409);
#408 = CARTESIAN_POINT('',(-231.125,123.68499999998,71.51));
#409 = VECTOR('',#410,1.);
#410 = DIRECTION('',(0.,-1.,0.));
#411 = ORIENTED_EDGE('',*,*,#412,.F.);
#412 = EDGE_CURVE('',#413,#405,#415,.T.);
#413 = VERTEX_POINT('',#414);
#414 = CARTESIAN_POINT('',(-245.125,118.76,71.51));
#415 = LINE('',#416,#417);
#416 = CARTESIAN_POINT('',(-226.0968749999,118.76,71.51));
#417 = VECTOR('',#418,1.);
#418 = DIRECTION('',(1.,0.,0.));
#419 = ORIENTED_EDGE('',*,*,#420,.F.);
#420 = EDGE_CURVE('',#397,#413,#421,.T.);
#421 = LINE('',#422,#423);
#422 = CARTESIAN_POINT('',(-245.125,116.68499999998,71.51));
#423 = VECTOR('',#424,1.);
#424 = DIRECTION('',(0.,1.,0.));
#425 = FACE_BOUND('',#426,.F.);
#426 = EDGE_LOOP('',(#427,#437,#445,#453));
#427 = ORIENTED_EDGE('',*,*,#428,.F.);
#428 = EDGE_CURVE('',#429,#431,#433,.T.);
#429 = VERTEX_POINT('',#430);
#430 = CARTESIAN_POINT('',(-212.075,123.81,71.51));
#431 = VERTEX_POINT('',#432);
#432 = CARTESIAN_POINT('',(-226.075,123.81,71.51));
#433 = LINE('',#434,#435);
#434 = CARTESIAN_POINT('',(-209.5718749999,123.81,71.51));
#435 = VECTOR('',#436,1.);
#436 = DIRECTION('',(-1.,0.,0.));
#437 = ORIENTED_EDGE('',*,*,#438,.F.);
#438 = EDGE_CURVE('',#439,#429,#441,.T.);
#439 = VERTEX_POINT('',#440);
#440 = CARTESIAN_POINT('',(-212.075,137.81,71.51));
#441 = LINE('',#442,#443);
#442 = CARTESIAN_POINT('',(-212.075,133.20999999998,71.51));
#443 = VECTOR('',#444,1.);
#444 = DIRECTION('',(0.,-1.,0.));
#445 = ORIENTED_EDGE('',*,*,#446,.F.);
#446 = EDGE_CURVE('',#447,#439,#449,.T.);
#447 = VERTEX_POINT('',#448);
#448 = CARTESIAN_POINT('',(-226.075,137.81,71.51));
#449 = LINE('',#450,#451);
#450 = CARTESIAN_POINT('',(-216.5718749999,137.81,71.51));
#451 = VECTOR('',#452,1.);
#452 = DIRECTION('',(1.,0.,0.));
#453 = ORIENTED_EDGE('',*,*,#454,.F.);
#454 = EDGE_CURVE('',#431,#447,#455,.T.);
#455 = LINE('',#456,#457);
#456 = CARTESIAN_POINT('',(-226.075,126.20999999998,71.51));
#457 = VECTOR('',#458,1.);
#458 = DIRECTION('',(0.,1.,0.));
#459 = FACE_BOUND('',#460,.F.);
#460 = EDGE_LOOP('',(#461,#471,#479,#487));
#461 = ORIENTED_EDGE('',*,*,#462,.F.);
#462 = EDGE_CURVE('',#463,#465,#467,.T.);
#463 = VERTEX_POINT('',#464);
#464 = CARTESIAN_POINT('',(-212.075,104.76,71.51));
#465 = VERTEX_POINT('',#466);
#466 = CARTESIAN_POINT('',(-226.075,104.76,71.51));
#467 = LINE('',#468,#469);
#468 = CARTESIAN_POINT('',(-209.5718749999,104.76,71.51));
#469 = VECTOR('',#470,1.);
#470 = DIRECTION('',(-1.,0.,0.));
#471 = ORIENTED_EDGE('',*,*,#472,.F.);
#472 = EDGE_CURVE('',#473,#463,#475,.T.);
#473 = VERTEX_POINT('',#474);
#474 = CARTESIAN_POINT('',(-212.075,118.76,71.51));
#475 = LINE('',#476,#477);
#476 = CARTESIAN_POINT('',(-212.075,123.68499999998,71.51));
#477 = VECTOR('',#478,1.);
#478 = DIRECTION('',(0.,-1.,0.));
#479 = ORIENTED_EDGE('',*,*,#480,.F.);
#480 = EDGE_CURVE('',#481,#473,#483,.T.);
#481 = VERTEX_POINT('',#482);
#482 = CARTESIAN_POINT('',(-226.075,118.76,71.51));
#483 = LINE('',#484,#485);
#484 = CARTESIAN_POINT('',(-216.5718749999,118.76,71.51));
#485 = VECTOR('',#486,1.);
#486 = DIRECTION('',(1.,0.,0.));
#487 = ORIENTED_EDGE('',*,*,#488,.F.);
#488 = EDGE_CURVE('',#465,#481,#489,.T.);
#489 = LINE('',#490,#491);
#490 = CARTESIAN_POINT('',(-226.075,116.68499999998,71.51));
#491 = VECTOR('',#492,1.);
#492 = DIRECTION('',(0.,1.,0.));
#493 = FACE_BOUND('',#494,.F.);
#494 = EDGE_LOOP('',(#495));
#495 = ORIENTED_EDGE('',*,*,#496,.F.);
#496 = EDGE_CURVE('',#497,#497,#499,.T.);
#497 = VERTEX_POINT('',#498);
#498 = CARTESIAN_POINT('',(-229.6,101.,71.51));
#499 = CIRCLE('',#500,1.1);
#500 = AXIS2_PLACEMENT_3D('',#501,#502,#503);
#501 = CARTESIAN_POINT('',(-228.5,101.,71.51));
#502 = DIRECTION('',(0.,0.,-1.));
#503 = DIRECTION('',(1.,0.,0.));
#504 = FACE_BOUND('',#505,.F.);
#505 = EDGE_LOOP('',(#506,#516,#524,#532));
#506 = ORIENTED_EDGE('',*,*,#507,.F.);
#507 = EDGE_CURVE('',#508,#510,#512,.T.);
#508 = VERTEX_POINT('',#509);
#509 = CARTESIAN_POINT('',(-231.125,85.71,71.51));
#510 = VERTEX_POINT('',#511);
#511 = CARTESIAN_POINT('',(-245.125,85.71,71.51));
#512 = LINE('',#513,#514);
#513 = CARTESIAN_POINT('',(-219.0968749999,85.71,71.51));
#514 = VECTOR('',#515,1.);
#515 = DIRECTION('',(-1.,0.,0.));
#516 = ORIENTED_EDGE('',*,*,#517,.F.);
#517 = EDGE_CURVE('',#518,#508,#520,.T.);
#518 = VERTEX_POINT('',#519);
#519 = CARTESIAN_POINT('',(-231.125,99.71,71.51));
#520 = LINE('',#521,#522);
#521 = CARTESIAN_POINT('',(-231.125,114.15999999998,71.51));
#522 = VECTOR('',#523,1.);
#523 = DIRECTION('',(0.,-1.,0.));
#524 = ORIENTED_EDGE('',*,*,#525,.F.);
#525 = EDGE_CURVE('',#526,#518,#528,.T.);
#526 = VERTEX_POINT('',#527);
#527 = CARTESIAN_POINT('',(-245.125,99.71,71.51));
#528 = LINE('',#529,#530);
#529 = CARTESIAN_POINT('',(-226.0968749999,99.71,71.51));
#530 = VECTOR('',#531,1.);
#531 = DIRECTION('',(1.,0.,0.));
#532 = ORIENTED_EDGE('',*,*,#533,.F.);
#533 = EDGE_CURVE('',#510,#526,#534,.T.);
#534 = LINE('',#535,#536);
#535 = CARTESIAN_POINT('',(-245.125,107.15999999998,71.51));
#536 = VECTOR('',#537,1.);
#537 = DIRECTION('',(0.,1.,0.));
#538 = FACE_BOUND('',#539,.F.);
#539 = EDGE_LOOP('',(#540,#550,#558,#566));
#540 = ORIENTED_EDGE('',*,*,#541,.F.);
#541 = EDGE_CURVE('',#542,#544,#546,.T.);
#542 = VERTEX_POINT('',#543);
#543 = CARTESIAN_POINT('',(-212.075,85.71,71.51));
#544 = VERTEX_POINT('',#545);
#545 = CARTESIAN_POINT('',(-226.075,85.71,71.51));
#546 = LINE('',#547,#548);
#547 = CARTESIAN_POINT('',(-209.5718749999,85.71,71.51));
#548 = VECTOR('',#549,1.);
#549 = DIRECTION('',(-1.,0.,0.));
#550 = ORIENTED_EDGE('',*,*,#551,.F.);
#551 = EDGE_CURVE('',#552,#542,#554,.T.);
#552 = VERTEX_POINT('',#553);
#553 = CARTESIAN_POINT('',(-212.075,99.71,71.51));
#554 = LINE('',#555,#556);
#555 = CARTESIAN_POINT('',(-212.075,114.15999999998,71.51));
#556 = VECTOR('',#557,1.);
#557 = DIRECTION('',(0.,-1.,0.));
#558 = ORIENTED_EDGE('',*,*,#559,.F.);
#559 = EDGE_CURVE('',#560,#552,#562,.T.);
#560 = VERTEX_POINT('',#561);
#561 = CARTESIAN_POINT('',(-226.075,99.71,71.51));
#562 = LINE('',#563,#564);
#563 = CARTESIAN_POINT('',(-216.5718749999,99.71,71.51));
#564 = VECTOR('',#565,1.);
#565 = DIRECTION('',(1.,0.,0.));
#566 = ORIENTED_EDGE('',*,*,#567,.F.);
#567 = EDGE_CURVE('',#544,#560,#568,.T.);
#568 = LINE('',#569,#570);
#569 = CARTESIAN_POINT('',(-226.075,107.15999999998,71.51));
#570 = VECTOR('',#571,1.);
#571 = DIRECTION('',(0.,1.,0.));
#572 = FACE_BOUND('',#573,.F.);
#573 = EDGE_LOOP('',(#574,#584,#592,#600));
#574 = ORIENTED_EDGE('',*,*,#575,.F.);
#575 = EDGE_CURVE('',#576,#578,#580,.T.);
#576 = VERTEX_POINT('',#577);
#577 = CARTESIAN_POINT('',(-193.025,123.81,71.51));
#578 = VERTEX_POINT('',#579);
#579 = CARTESIAN_POINT('',(-207.025,123.81,71.51));
#580 = LINE('',#581,#582);
#581 = CARTESIAN_POINT('',(-200.0468749999,123.81,71.51));
#582 = VECTOR('',#583,1.);
#583 = DIRECTION('',(-1.,0.,0.));
#584 = ORIENTED_EDGE('',*,*,#585,.F.);
#585 = EDGE_CURVE('',#586,#576,#588,.T.);
#586 = VERTEX_POINT('',#587);
#587 = CARTESIAN_POINT('',(-193.025,137.81,71.51));
#588 = LINE('',#589,#590);
#589 = CARTESIAN_POINT('',(-193.025,133.20999999998,71.51));
#590 = VECTOR('',#591,1.);
#591 = DIRECTION('',(0.,-1.,0.));
#592 = ORIENTED_EDGE('',*,*,#593,.F.);
#593 = EDGE_CURVE('',#594,#586,#596,.T.);
#594 = VERTEX_POINT('',#595);
#595 = CARTESIAN_POINT('',(-207.025,137.81,71.51));
#596 = LINE('',#597,#598);
#597 = CARTESIAN_POINT('',(-207.0468749999,137.81,71.51));
#598 = VECTOR('',#599,1.);
#599 = DIRECTION('',(1.,0.,0.));
#600 = ORIENTED_EDGE('',*,*,#601,.F.);
#601 = EDGE_CURVE('',#578,#594,#602,.T.);
#602 = LINE('',#603,#604);
#603 = CARTESIAN_POINT('',(-207.025,126.20999999998,71.51));
#604 = VECTOR('',#605,1.);
#605 = DIRECTION('',(0.,1.,0.));
#606 = FACE_BOUND('',#607,.F.);
#607 = EDGE_LOOP('',(#608,#618,#626,#634));
#608 = ORIENTED_EDGE('',*,*,#609,.F.);
#609 = EDGE_CURVE('',#610,#612,#614,.T.);
#610 = VERTEX_POINT('',#611);
#611 = CARTESIAN_POINT('',(-193.025,104.76,71.51));
#612 = VERTEX_POINT('',#613);
#613 = CARTESIAN_POINT('',(-207.025,104.76,71.51));
#614 = LINE('',#615,#616);
#615 = CARTESIAN_POINT('',(-200.0468749999,104.76,71.51));
#616 = VECTOR('',#617,1.);
#617 = DIRECTION('',(-1.,0.,0.));
#618 = ORIENTED_EDGE('',*,*,#619,.F.);
#619 = EDGE_CURVE('',#620,#610,#622,.T.);
#620 = VERTEX_POINT('',#621);
#621 = CARTESIAN_POINT('',(-193.025,118.76,71.51));
#622 = LINE('',#623,#624);
#623 = CARTESIAN_POINT('',(-193.025,123.68499999998,71.51));
#624 = VECTOR('',#625,1.);
#625 = DIRECTION('',(0.,-1.,0.));
#626 = ORIENTED_EDGE('',*,*,#627,.F.);
#627 = EDGE_CURVE('',#628,#620,#630,.T.);
#628 = VERTEX_POINT('',#629);
#629 = CARTESIAN_POINT('',(-207.025,118.76,71.51));
#630 = LINE('',#631,#632);
#631 = CARTESIAN_POINT('',(-207.0468749999,118.76,71.51));
#632 = VECTOR('',#633,1.);
#633 = DIRECTION('',(1.,0.,0.));
#634 = ORIENTED_EDGE('',*,*,#635,.F.);
#635 = EDGE_CURVE('',#612,#628,#636,.T.);
#636 = LINE('',#637,#638);
#637 = CARTESIAN_POINT('',(-207.025,116.68499999998,71.51));
#638 = VECTOR('',#639,1.);
#639 = DIRECTION('',(0.,1.,0.));
#640 = FACE_BOUND('',#641,.F.);
#641 = EDGE_LOOP('',(#642,#652,#660,#668));
#642 = ORIENTED_EDGE('',*,*,#643,.F.);
#643 = EDGE_CURVE('',#644,#646,#648,.T.);
#644 = VERTEX_POINT('',#645);
#645 = CARTESIAN_POINT('',(-173.975,123.81,71.51));
#646 = VERTEX_POINT('',#647);
#647 = CARTESIAN_POINT('',(-187.975,123.81,71.51));
#648 = LINE('',#649,#650);
#649 = CARTESIAN_POINT('',(-190.5218749999,123.81,71.51));
#650 = VECTOR('',#651,1.);
#651 = DIRECTION('',(-1.,0.,0.));
#652 = ORIENTED_EDGE('',*,*,#653,.F.);
#653 = EDGE_CURVE('',#654,#644,#656,.T.);
#654 = VERTEX_POINT('',#655);
#655 = CARTESIAN_POINT('',(-173.975,137.81,71.51));
#656 = LINE('',#657,#658);
#657 = CARTESIAN_POINT('',(-173.975,133.20999999998,71.51));
#658 = VECTOR('',#659,1.);
#659 = DIRECTION('',(0.,-1.,0.));
#660 = ORIENTED_EDGE('',*,*,#661,.F.);
#661 = EDGE_CURVE('',#662,#654,#664,.T.);
#662 = VERTEX_POINT('',#663);
#663 = CARTESIAN_POINT('',(-187.975,137.81,71.51));
#664 = LINE('',#665,#666);
#665 = CARTESIAN_POINT('',(-197.5218749999,137.81,71.51));
#666 = VECTOR('',#667,1.);
#667 = DIRECTION('',(1.,0.,0.));
#668 = ORIENTED_EDGE('',*,*,#669,.F.);
#669 = EDGE_CURVE('',#646,#662,#670,.T.);
#670 = LINE('',#671,#672);
#671 = CARTESIAN_POINT('',(-187.975,126.20999999998,71.51));
#672 = VECTOR('',#673,1.);
#673 = DIRECTION('',(0.,1.,0.));
#674 = FACE_BOUND('',#675,.F.);
#675 = EDGE_LOOP('',(#676,#686,#694,#702));
#676 = ORIENTED_EDGE('',*,*,#677,.F.);
#677 = EDGE_CURVE('',#678,#680,#682,.T.);
#678 = VERTEX_POINT('',#679);
#679 = CARTESIAN_POINT('',(-173.975,104.76,71.51));
#680 = VERTEX_POINT('',#681);
#681 = CARTESIAN_POINT('',(-187.975,104.76,71.51));
#682 = LINE('',#683,#684);
#683 = CARTESIAN_POINT('',(-190.5218749999,104.76,71.51));
#684 = VECTOR('',#685,1.);
#685 = DIRECTION('',(-1.,0.,0.));
#686 = ORIENTED_EDGE('',*,*,#687,.F.);
#687 = EDGE_CURVE('',#688,#678,#690,.T.);
#688 = VERTEX_POINT('',#689);
#689 = CARTESIAN_POINT('',(-173.975,118.76,71.51));
#690 = LINE('',#691,#692);
#691 = CARTESIAN_POINT('',(-173.975,123.68499999998,71.51));
#692 = VECTOR('',#693,1.);
#693 = DIRECTION('',(0.,-1.,0.));
#694 = ORIENTED_EDGE('',*,*,#695,.F.);
#695 = EDGE_CURVE('',#696,#688,#698,.T.);
#696 = VERTEX_POINT('',#697);
#697 = CARTESIAN_POINT('',(-187.975,118.76,71.51));
#698 = LINE('',#699,#700);
#699 = CARTESIAN_POINT('',(-197.5218749999,118.76,71.51));
#700 = VECTOR('',#701,1.);
#701 = DIRECTION('',(1.,0.,0.));
#702 = ORIENTED_EDGE('',*,*,#703,.F.);
#703 = EDGE_CURVE('',#680,#696,#704,.T.);
#704 = LINE('',#705,#706);
#705 = CARTESIAN_POINT('',(-187.975,116.68499999998,71.51));
#706 = VECTOR('',#707,1.);
#707 = DIRECTION('',(0.,1.,0.));
#708 = FACE_BOUND('',#709,.F.);
#709 = EDGE_LOOP('',(#710,#720,#728,#736));
#710 = ORIENTED_EDGE('',*,*,#711,.F.);
#711 = EDGE_CURVE('',#712,#714,#716,.T.);
#712 = VERTEX_POINT('',#713);
#713 = CARTESIAN_POINT('',(-193.025,85.71,71.51));
#714 = VERTEX_POINT('',#715);
#715 = CARTESIAN_POINT('',(-207.025,85.71,71.51));
#716 = LINE('',#717,#718);
#717 = CARTESIAN_POINT('',(-200.0468749999,85.71,71.51));
#718 = VECTOR('',#719,1.);
#719 = DIRECTION('',(-1.,0.,0.));
#720 = ORIENTED_EDGE('',*,*,#721,.F.);
#721 = EDGE_CURVE('',#722,#712,#724,.T.);
#722 = VERTEX_POINT('',#723);
#723 = CARTESIAN_POINT('',(-193.025,99.71,71.51));
#724 = LINE('',#725,#726);
#725 = CARTESIAN_POINT('',(-193.025,114.15999999998,71.51));
#726 = VECTOR('',#727,1.);
#727 = DIRECTION('',(0.,-1.,0.));
#728 = ORIENTED_EDGE('',*,*,#729,.F.);
#729 = EDGE_CURVE('',#730,#722,#732,.T.);
#730 = VERTEX_POINT('',#731);
#731 = CARTESIAN_POINT('',(-207.025,99.71,71.51));
#732 = LINE('',#733,#734);
#733 = CARTESIAN_POINT('',(-207.0468749999,99.71,71.51));
#734 = VECTOR('',#735,1.);
#735 = DIRECTION('',(1.,0.,0.));
#736 = ORIENTED_EDGE('',*,*,#737,.F.);
#737 = EDGE_CURVE('',#714,#730,#738,.T.);
#738 = LINE('',#739,#740);
#739 = CARTESIAN_POINT('',(-207.025,107.15999999998,71.51));
#740 = VECTOR('',#741,1.);
#741 = DIRECTION('',(0.,1.,0.));
#742 = FACE_BOUND('',#743,.F.);
#743 = EDGE_LOOP('',(#744));
#744 = ORIENTED_EDGE('',*,*,#745,.F.);
#745 = EDGE_CURVE('',#746,#746,#748,.T.);
#746 = VERTEX_POINT('',#747);
#747 = CARTESIAN_POINT('',(-169.1,108.,71.51));
#748 = CIRCLE('',#749,1.1);
#749 = AXIS2_PLACEMENT_3D('',#750,#751,#752);
#750 = CARTESIAN_POINT('',(-168.,108.,71.51));
#751 = DIRECTION('',(0.,0.,-1.));
#752 = DIRECTION('',(1.,0.,0.));
#753 = FACE_BOUND('',#754,.F.);
#754 = EDGE_LOOP('',(#755,#765,#773,#781));
#755 = ORIENTED_EDGE('',*,*,#756,.F.);
#756 = EDGE_CURVE('',#757,#759,#761,.T.);
#757 = VERTEX_POINT('',#758);
#758 = CARTESIAN_POINT('',(-173.975,85.71,71.51));
#759 = VERTEX_POINT('',#760);
#760 = CARTESIAN_POINT('',(-187.975,85.71,71.51));
#761 = LINE('',#762,#763);
#762 = CARTESIAN_POINT('',(-190.5218749999,85.71,71.51));
#763 = VECTOR('',#764,1.);
#764 = DIRECTION('',(-1.,0.,0.));
#765 = ORIENTED_EDGE('',*,*,#766,.F.);
#766 = EDGE_CURVE('',#767,#757,#769,.T.);
#767 = VERTEX_POINT('',#768);
#768 = CARTESIAN_POINT('',(-173.975,99.71,71.51));
#769 = LINE('',#770,#771);
#770 = CARTESIAN_POINT('',(-173.975,114.15999999998,71.51));
#771 = VECTOR('',#772,1.);
#772 = DIRECTION('',(0.,-1.,0.));
#773 = ORIENTED_EDGE('',*,*,#774,.F.);
#774 = EDGE_CURVE('',#775,#767,#777,.T.);
#775 = VERTEX_POINT('',#776);
#776 = CARTESIAN_POINT('',(-187.975,99.71,71.51));
#777 = LINE('',#778,#779);
#778 = CARTESIAN_POINT('',(-197.5218749999,99.71,71.51));
#779 = VECTOR('',#780,1.);
#780 = DIRECTION('',(1.,0.,0.));
#781 = ORIENTED_EDGE('',*,*,#782,.F.);
#782 = EDGE_CURVE('',#759,#775,#783,.T.);
#783 = LINE('',#784,#785);
#784 = CARTESIAN_POINT('',(-187.975,107.15999999998,71.51));
#785 = VECTOR('',#786,1.);
#786 = DIRECTION('',(0.,1.,0.));
#787 = FACE_BOUND('',#788,.F.);
#788 = EDGE_LOOP('',(#789));
#789 = ORIENTED_EDGE('',*,*,#790,.F.);
#790 = EDGE_CURVE('',#791,#791,#793,.T.);
#791 = VERTEX_POINT('',#792);
#792 = CARTESIAN_POINT('',(-170.6,88.5,71.51));
#793 = CIRCLE('',#794,1.1);
#794 = AXIS2_PLACEMENT_3D('',#795,#796,#797);
#795 = CARTESIAN_POINT('',(-169.5,88.5,71.51));
#796 = DIRECTION('',(0.,0.,-1.));
#797 = DIRECTION('',(1.,0.,0.));
#798 = PLANE('',#799);
#799 = AXIS2_PLACEMENT_3D('',#800,#801,#802);
#800 = CARTESIAN_POINT('',(-207.0687499999,128.60999999997,71.51));
#801 = DIRECTION('',(0.,0.,-1.));
#802 = DIRECTION('',(1.,0.,0.));
#803 = ADVANCED_FACE('',(#804),#862,.T.);
#804 = FACE_BOUND('',#805,.T.);
#805 = EDGE_LOOP('',(#806,#815,#823,#831,#839,#847,#855,#861));
#806 = ORIENTED_EDGE('',*,*,#807,.T.);
#807 = EDGE_CURVE('',#24,#808,#810,.T.);
#808 = VERTEX_POINT('',#809);
#809 = CARTESIAN_POINT('',(-160.6875,111.995676,70.71));
#810 = CIRCLE('',#811,0.8);
#811 = AXIS2_PLACEMENT_3D('',#812,#813,#814);
#812 = CARTESIAN_POINT('',(-161.4875,111.995676,70.71));
#813 = DIRECTION('',(0.,1.,0.));
#814 = DIRECTION('',(0.,0.,-1.));
#815 = ORIENTED_EDGE('',*,*,#816,.T.);
#816 = EDGE_CURVE('',#808,#817,#819,.T.);
#817 = VERTEX_POINT('',#818);
#818 = CARTESIAN_POINT('',(-160.6875,111.995676,70.31));
#819 = LINE('',#820,#821);
#820 = CARTESIAN_POINT('',(-160.6875,111.995676,-80.));
#821 = VECTOR('',#822,1.);
#822 = DIRECTION('',(0.,0.,-1.));
#823 = ORIENTED_EDGE('',*,*,#824,.F.);
#824 = EDGE_CURVE('',#825,#817,#827,.T.);
#825 = VERTEX_POINT('',#826);
#826 = CARTESIAN_POINT('',(-162.1875,111.995676,70.31));
#827 = LINE('',#828,#829);
#828 = CARTESIAN_POINT('',(-82.49375,111.995676,70.31));
#829 = VECTOR('',#830,1.);
#830 = DIRECTION('',(1.,0.,0.));
#831 = ORIENTED_EDGE('',*,*,#832,.T.);
#832 = EDGE_CURVE('',#825,#833,#835,.T.);
#833 = VERTEX_POINT('',#834);
#834 = CARTESIAN_POINT('',(-162.1875,111.995676,69.81));
#835 = LINE('',#836,#837);
#836 = CARTESIAN_POINT('',(-162.1875,111.995676,-15.395));
#837 = VECTOR('',#838,1.);
#838 = DIRECTION('',(0.,0.,-1.));
#839 = ORIENTED_EDGE('',*,*,#840,.T.);
#840 = EDGE_CURVE('',#833,#841,#843,.T.);
#841 = VERTEX_POINT('',#842);
#842 = CARTESIAN_POINT('',(-162.4875,111.995676,69.51));
#843 = LINE('',#844,#845);
#844 = CARTESIAN_POINT('',(-205.34,111.995676,26.657500000002));
#845 = VECTOR('',#846,1.);
#846 = DIRECTION('',(-0.707106781187,0.,-0.707106781187));
#847 = ORIENTED_EDGE('',*,*,#848,.F.);
#848 = EDGE_CURVE('',#849,#841,#851,.T.);
#849 = VERTEX_POINT('',#850);
#850 = CARTESIAN_POINT('',(-164.9875,111.995676,69.51));
#851 = LINE('',#852,#853);
#852 = CARTESIAN_POINT('',(-186.0281249999,111.995676,69.51));
#853 = VECTOR('',#854,1.);
#854 = DIRECTION('',(1.,0.,0.));
#855 = ORIENTED_EDGE('',*,*,#856,.T.);
#856 = EDGE_CURVE('',#849,#22,#857,.T.);
#857 = LINE('',#858,#859);
#858 = CARTESIAN_POINT('',(-164.9875,111.995676,-100.));
#859 = VECTOR('',#860,1.);
#860 = DIRECTION('',(0.,0.,1.));
#861 = ORIENTED_EDGE('',*,*,#21,.T.);
#862 = PLANE('',#863);
#863 = AXIS2_PLACEMENT_3D('',#864,#865,#866);
#864 = CARTESIAN_POINT('',(-164.9875,111.995676,-100.));
#865 = DIRECTION('',(0.,1.,0.));
#866 = DIRECTION('',(0.,0.,1.));
#867 = ADVANCED_FACE('',(#868),#887,.T.);
#868 = FACE_BOUND('',#869,.F.);
#869 = EDGE_LOOP('',(#870,#871,#879,#886));
#870 = ORIENTED_EDGE('',*,*,#807,.T.);
#871 = ORIENTED_EDGE('',*,*,#872,.T.);
#872 = EDGE_CURVE('',#808,#873,#875,.T.);
#873 = VERTEX_POINT('',#874);
#874 = CARTESIAN_POINT('',(-160.6875,76.304999999999,70.71));
#875 = LINE('',#876,#877);
#876 = CARTESIAN_POINT('',(-160.6875,111.995676,70.71));
#877 = VECTOR('',#878,1.);
#878 = DIRECTION('',(-0.,-1.,-0.));
#879 = ORIENTED_EDGE('',*,*,#880,.F.);
#880 = EDGE_CURVE('',#32,#873,#881,.T.);
#881 = CIRCLE('',#882,0.8);
#882 = AXIS2_PLACEMENT_3D('',#883,#884,#885);
#883 = CARTESIAN_POINT('',(-161.4875,76.304999999999,70.71));
#884 = DIRECTION('',(0.,1.,0.));
#885 = DIRECTION('',(0.,0.,1.));
#886 = ORIENTED_EDGE('',*,*,#31,.F.);
#887 = CYLINDRICAL_SURFACE('',#888,0.8);
#888 = AXIS2_PLACEMENT_3D('',#889,#890,#891);
#889 = CARTESIAN_POINT('',(-161.4875,111.995676,70.71));
#890 = DIRECTION('',(-0.,-1.,-0.));
#891 = DIRECTION('',(0.,0.,1.));
#892 = ADVANCED_FACE('',(#893),#911,.T.);
#893 = FACE_BOUND('',#894,.T.);
#894 = EDGE_LOOP('',(#895,#896,#904,#910));
#895 = ORIENTED_EDGE('',*,*,#856,.F.);
#896 = ORIENTED_EDGE('',*,*,#897,.F.);
#897 = EDGE_CURVE('',#898,#849,#900,.T.);
#898 = VERTEX_POINT('',#899);
#899 = CARTESIAN_POINT('',(-164.9875,132.395676,69.51));
#900 = LINE('',#901,#902);
#901 = CARTESIAN_POINT('',(-164.9875,120.30283799998,69.51));
#902 = VECTOR('',#903,1.);
#903 = DIRECTION('',(0.,-1.,0.));
#904 = ORIENTED_EDGE('',*,*,#905,.T.);
#905 = EDGE_CURVE('',#898,#108,#906,.T.);
#906 = LINE('',#907,#908);
#907 = CARTESIAN_POINT('',(-164.9875,132.395676,-100.));
#908 = VECTOR('',#909,1.);
#909 = DIRECTION('',(0.,0.,1.));
#910 = ORIENTED_EDGE('',*,*,#115,.T.);
#911 = PLANE('',#912);
#912 = AXIS2_PLACEMENT_3D('',#913,#914,#915);
#913 = CARTESIAN_POINT('',(-164.9875,111.995676,-100.));
#914 = DIRECTION('',(1.,0.,0.));
#915 = DIRECTION('',(0.,0.,1.));
#916 = ADVANCED_FACE('',(#917),#937,.T.);
#917 = FACE_BOUND('',#918,.T.);
#918 = EDGE_LOOP('',(#919,#920,#921,#930));
#919 = ORIENTED_EDGE('',*,*,#880,.F.);
#920 = ORIENTED_EDGE('',*,*,#39,.T.);
#921 = ORIENTED_EDGE('',*,*,#922,.T.);
#922 = EDGE_CURVE('',#40,#923,#925,.T.);
#923 = VERTEX_POINT('',#924);
#924 = CARTESIAN_POINT('',(-166.1874999999,70.804999999999,70.71));
#925 = CIRCLE('',#926,0.8);
#926 = AXIS2_PLACEMENT_3D('',#927,#928,#929);
#927 = CARTESIAN_POINT('',(-166.1874999999,71.604999999999,70.71));
#928 = DIRECTION('',(1.,5.8006E-13,0.));
#929 = DIRECTION('',(5.8006E-13,-1.,0.));
#930 = ORIENTED_EDGE('',*,*,#931,.F.);
#931 = EDGE_CURVE('',#873,#923,#932,.T.);
#932 = CIRCLE('',#933,5.5);
#933 = AXIS2_PLACEMENT_3D('',#934,#935,#936);
#934 = CARTESIAN_POINT('',(-166.1875,76.304999999999,70.71));
#935 = DIRECTION('',(0.,0.,-1.));
#936 = DIRECTION('',(1.,-7.75E-15,0.));
#937 = TOROIDAL_SURFACE('',#938,4.7,0.8);
#938 = AXIS2_PLACEMENT_3D('',#939,#940,#941);
#939 = CARTESIAN_POINT('',(-166.1875,76.304999999999,70.71));
#940 = DIRECTION('',(0.,0.,-1.));
#941 = DIRECTION('',(1.,-7.75E-15,0.));
#942 = ADVANCED_FACE('',(#943),#994,.F.);
#943 = FACE_BOUND('',#944,.F.);
#944 = EDGE_LOOP('',(#945,#954,#962,#970,#978,#986,#992,#993));
#945 = ORIENTED_EDGE('',*,*,#946,.T.);
#946 = EDGE_CURVE('',#100,#947,#949,.T.);
#947 = VERTEX_POINT('',#948);
#948 = CARTESIAN_POINT('',(-160.6875,132.395676,70.71));
#949 = CIRCLE('',#950,0.8);
#950 = AXIS2_PLACEMENT_3D('',#951,#952,#953);
#951 = CARTESIAN_POINT('',(-161.4875,132.395676,70.71));
#952 = DIRECTION('',(0.,1.,0.));
#953 = DIRECTION('',(0.,0.,-1.));
#954 = ORIENTED_EDGE('',*,*,#955,.T.);
#955 = EDGE_CURVE('',#947,#956,#958,.T.);
#956 = VERTEX_POINT('',#957);
#957 = CARTESIAN_POINT('',(-160.6875,132.395676,70.31));
#958 = LINE('',#959,#960);
#959 = CARTESIAN_POINT('',(-160.6875,132.395676,-80.));
#960 = VECTOR('',#961,1.);
#961 = DIRECTION('',(0.,0.,-1.));
#962 = ORIENTED_EDGE('',*,*,#963,.F.);
#963 = EDGE_CURVE('',#964,#956,#966,.T.);
#964 = VERTEX_POINT('',#965);
#965 = CARTESIAN_POINT('',(-162.1875,132.395676,70.31));
#966 = LINE('',#967,#968);
#967 = CARTESIAN_POINT('',(-82.49375,132.395676,70.31));
#968 = VECTOR('',#969,1.);
#969 = DIRECTION('',(1.,0.,0.));
#970 = ORIENTED_EDGE('',*,*,#971,.T.);
#971 = EDGE_CURVE('',#964,#972,#974,.T.);
#972 = VERTEX_POINT('',#973);
#973 = CARTESIAN_POINT('',(-162.1875,132.395676,69.81));
#974 = LINE('',#975,#976);
#975 = CARTESIAN_POINT('',(-162.1875,132.395676,-15.395));
#976 = VECTOR('',#977,1.);
#977 = DIRECTION('',(0.,0.,-1.));
#978 = ORIENTED_EDGE('',*,*,#979,.T.);
#979 = EDGE_CURVE('',#972,#980,#982,.T.);
#980 = VERTEX_POINT('',#981);
#981 = CARTESIAN_POINT('',(-162.4875,132.395676,69.51));
#982 = LINE('',#983,#984);
#983 = CARTESIAN_POINT('',(-205.34,132.395676,26.657500000002));
#984 = VECTOR('',#985,1.);
#985 = DIRECTION('',(-0.707106781187,0.,-0.707106781187));
#986 = ORIENTED_EDGE('',*,*,#987,.F.);
#987 = EDGE_CURVE('',#898,#980,#988,.T.);
#988 = LINE('',#989,#990);
#989 = CARTESIAN_POINT('',(-186.0281249999,132.395676,69.51));
#990 = VECTOR('',#991,1.);
#991 = DIRECTION('',(1.,0.,0.));
#992 = ORIENTED_EDGE('',*,*,#905,.T.);
#993 = ORIENTED_EDGE('',*,*,#107,.T.);
#994 = PLANE('',#995);
#995 = AXIS2_PLACEMENT_3D('',#996,#997,#998);
#996 = CARTESIAN_POINT('',(-164.9875,132.395676,-100.));
#997 = DIRECTION('',(0.,1.,0.));
#998 = DIRECTION('',(0.,0.,1.));
#999 = ADVANCED_FACE('',(#1000),#1019,.T.);
#1000 = FACE_BOUND('',#1001,.F.);
#1001 = EDGE_LOOP('',(#1002,#1003,#1011,#1018));
#1002 = ORIENTED_EDGE('',*,*,#922,.T.);
#1003 = ORIENTED_EDGE('',*,*,#1004,.T.);
#1004 = EDGE_CURVE('',#923,#1005,#1007,.T.);
#1005 = VERTEX_POINT('',#1006);
#1006 = CARTESIAN_POINT('',(-249.4499973853,70.804999999951,70.71));
#1007 = LINE('',#1008,#1009);
#1008 = CARTESIAN_POINT('',(-166.1874999999,70.804999999999,70.71));
#1009 = VECTOR('',#1010,1.);
#1010 = DIRECTION('',(-1.,-5.7348E-13,0.));
#1011 = ORIENTED_EDGE('',*,*,#1012,.F.);
#1012 = EDGE_CURVE('',#49,#1005,#1013,.T.);
#1013 = CIRCLE('',#1014,0.8);
#1014 = AXIS2_PLACEMENT_3D('',#1015,#1016,#1017);
#1015 = CARTESIAN_POINT('',(-249.4499973853,71.604999999951,70.71));
#1016 = DIRECTION('',(1.,5.7348E-13,-0.));
#1017 = DIRECTION('',(0.,0.,1.));
#1018 = ORIENTED_EDGE('',*,*,#48,.F.);
#1019 = CYLINDRICAL_SURFACE('',#1020,0.8);
#1020 = AXIS2_PLACEMENT_3D('',#1021,#1022,#1023);
#1021 = CARTESIAN_POINT('',(-166.1874999999,71.604999999999,70.71));
#1022 = DIRECTION('',(-1.,-5.7348E-13,0.));
#1023 = DIRECTION('',(0.,0.,1.));
#1024 = ADVANCED_FACE('',(#1025),#1044,.T.);
#1025 = FACE_BOUND('',#1026,.F.);
#1026 = EDGE_LOOP('',(#1027,#1036,#1042,#1043));
#1027 = ORIENTED_EDGE('',*,*,#1028,.T.);
#1028 = EDGE_CURVE('',#91,#1029,#1031,.T.);
#1029 = VERTEX_POINT('',#1030);
#1030 = CARTESIAN_POINT('',(-160.6875,180.91499999999,70.71));
#1031 = CIRCLE('',#1032,0.8);
#1032 = AXIS2_PLACEMENT_3D('',#1033,#1034,#1035);
#1033 = CARTESIAN_POINT('',(-161.4875,180.91499999999,70.71));
#1034 = DIRECTION('',(-2.186E-14,1.,0.));
#1035 = DIRECTION('',(1.,2.186E-14,0.));
#1036 = ORIENTED_EDGE('',*,*,#1037,.T.);
#1037 = EDGE_CURVE('',#1029,#947,#1038,.T.);
#1038 = LINE('',#1039,#1040);
#1039 = CARTESIAN_POINT('',(-160.6875,180.91499999999,70.71));
#1040 = VECTOR('',#1041,1.);
#1041 = DIRECTION('',(-0.,-1.,-0.));
#1042 = ORIENTED_EDGE('',*,*,#946,.F.);
#1043 = ORIENTED_EDGE('',*,*,#99,.F.);
#1044 = CYLINDRICAL_SURFACE('',#1045,0.8);
#1045 = AXIS2_PLACEMENT_3D('',#1046,#1047,#1048);
#1046 = CARTESIAN_POINT('',(-161.4875,180.91499999999,70.71));
#1047 = DIRECTION('',(-0.,-1.,-0.));
#1048 = DIRECTION('',(0.,0.,1.));
#1049 = ADVANCED_FACE('',(#1050),#1070,.T.);
#1050 = FACE_BOUND('',#1051,.T.);
#1051 = EDGE_LOOP('',(#1052,#1053,#1054,#1063));
#1052 = ORIENTED_EDGE('',*,*,#1012,.F.);
#1053 = ORIENTED_EDGE('',*,*,#56,.T.);
#1054 = ORIENTED_EDGE('',*,*,#1055,.T.);
#1055 = EDGE_CURVE('',#57,#1056,#1058,.T.);
#1056 = VERTEX_POINT('',#1057);
#1057 = CARTESIAN_POINT('',(-254.95,76.305000000002,70.71));
#1058 = CIRCLE('',#1059,0.8);
#1059 = AXIS2_PLACEMENT_3D('',#1060,#1061,#1062);
#1060 = CARTESIAN_POINT('',(-254.15,76.30499978267,70.71));
#1061 = DIRECTION('',(-2.7166401983E-07,-1.,-0.));
#1062 = DIRECTION('',(-1.,2.7166401983E-07,0.));
#1063 = ORIENTED_EDGE('',*,*,#1064,.F.);
#1064 = EDGE_CURVE('',#1005,#1056,#1065,.T.);
#1065 = CIRCLE('',#1066,5.499998505901);
#1066 = AXIS2_PLACEMENT_3D('',#1067,#1068,#1069);
#1067 = CARTESIAN_POINT('',(-249.4500014941,76.30499850585,70.71));
#1068 = DIRECTION('',(0.,0.,-1.));
#1069 = DIRECTION('',(7.4705057279E-07,-1.,0.));
#1070 = TOROIDAL_SURFACE('',#1071,4.699998505901,0.8);
#1071 = AXIS2_PLACEMENT_3D('',#1072,#1073,#1074);
#1072 = CARTESIAN_POINT('',(-249.4500014941,76.30499850585,70.71));
#1073 = DIRECTION('',(0.,0.,-1.));
#1074 = DIRECTION('',(7.4705057279E-07,-1.,0.));
#1075 = ADVANCED_FACE('',(#1076),#1096,.T.);
#1076 = FACE_BOUND('',#1077,.T.);
#1077 = EDGE_LOOP('',(#1078,#1087,#1088,#1089));
#1078 = ORIENTED_EDGE('',*,*,#1079,.F.);
#1079 = EDGE_CURVE('',#83,#1080,#1082,.T.);
#1080 = VERTEX_POINT('',#1081);
#1081 = CARTESIAN_POINT('',(-166.1875,186.41499999999,70.71));
#1082 = CIRCLE('',#1083,0.8);
#1083 = AXIS2_PLACEMENT_3D('',#1084,#1085,#1086);
#1084 = CARTESIAN_POINT('',(-166.1875,185.61499999999,70.71));
#1085 = DIRECTION('',(-1.,2.221E-14,0.));
#1086 = DIRECTION('',(0.,0.,1.));
#1087 = ORIENTED_EDGE('',*,*,#90,.T.);
#1088 = ORIENTED_EDGE('',*,*,#1028,.T.);
#1089 = ORIENTED_EDGE('',*,*,#1090,.F.);
#1090 = EDGE_CURVE('',#1080,#1029,#1091,.T.);
#1091 = CIRCLE('',#1092,5.5);
#1092 = AXIS2_PLACEMENT_3D('',#1093,#1094,#1095);
#1093 = CARTESIAN_POINT('',(-166.1875,180.91499999999,70.71));
#1094 = DIRECTION('',(0.,0.,-1.));
#1095 = DIRECTION('',(1.55E-14,1.,0.));
#1096 = TOROIDAL_SURFACE('',#1097,4.7,0.8);
#1097 = AXIS2_PLACEMENT_3D('',#1098,#1099,#1100);
#1098 = CARTESIAN_POINT('',(-166.1875,180.91499999999,70.71));
#1099 = DIRECTION('',(0.,0.,-1.));
#1100 = DIRECTION('',(1.55E-14,1.,0.));
#1101 = ADVANCED_FACE('',(#1102),#1121,.T.);
#1102 = FACE_BOUND('',#1103,.F.);
#1103 = EDGE_LOOP('',(#1104,#1105,#1113,#1120));
#1104 = ORIENTED_EDGE('',*,*,#1055,.T.);
#1105 = ORIENTED_EDGE('',*,*,#1106,.T.);
#1106 = EDGE_CURVE('',#1056,#1107,#1109,.T.);
#1107 = VERTEX_POINT('',#1108);
#1108 = CARTESIAN_POINT('',(-254.9499999999,180.91499738523,70.71));
#1109 = LINE('',#1110,#1111);
#1110 = CARTESIAN_POINT('',(-254.95,76.305000000002,70.71));
#1111 = VECTOR('',#1112,1.);
#1112 = DIRECTION('',(4.9108E-13,1.,0.));
#1113 = ORIENTED_EDGE('',*,*,#1114,.F.);
#1114 = EDGE_CURVE('',#66,#1107,#1115,.T.);
#1115 = CIRCLE('',#1116,0.8);
#1116 = AXIS2_PLACEMENT_3D('',#1117,#1118,#1119);
#1117 = CARTESIAN_POINT('',(-254.1499999999,180.91499738523,70.71));
#1118 = DIRECTION('',(-4.9108E-13,-1.,0.));
#1119 = DIRECTION('',(0.,0.,1.));
#1120 = ORIENTED_EDGE('',*,*,#65,.F.);
#1121 = CYLINDRICAL_SURFACE('',#1122,0.8);
#1122 = AXIS2_PLACEMENT_3D('',#1123,#1124,#1125);
#1123 = CARTESIAN_POINT('',(-254.15,76.305000000001,70.71));
#1124 = DIRECTION('',(4.9108E-13,1.,0.));
#1125 = DIRECTION('',(0.,0.,1.));
#1126 = ADVANCED_FACE('',(#1127),#1146,.T.);
#1127 = FACE_BOUND('',#1128,.F.);
#1128 = EDGE_LOOP('',(#1129,#1138,#1144,#1145));
#1129 = ORIENTED_EDGE('',*,*,#1130,.T.);
#1130 = EDGE_CURVE('',#74,#1131,#1133,.T.);
#1131 = VERTEX_POINT('',#1132);
#1132 = CARTESIAN_POINT('',(-249.45,186.415,70.71));
#1133 = CIRCLE('',#1134,0.8);
#1134 = AXIS2_PLACEMENT_3D('',#1135,#1136,#1137);
#1135 = CARTESIAN_POINT('',(-249.4500002173,185.615,70.71));
#1136 = DIRECTION('',(-1.,2.7165462269E-07,0.));
#1137 = DIRECTION('',(2.7165462269E-07,1.,0.));
#1138 = ORIENTED_EDGE('',*,*,#1139,.T.);
#1139 = EDGE_CURVE('',#1131,#1080,#1140,.T.);
#1140 = LINE('',#1141,#1142);
#1141 = CARTESIAN_POINT('',(-249.45,186.415,70.71));
#1142 = VECTOR('',#1143,1.);
#1143 = DIRECTION('',(1.,-2.221E-14,0.));
#1144 = ORIENTED_EDGE('',*,*,#1079,.F.);
#1145 = ORIENTED_EDGE('',*,*,#82,.F.);
#1146 = CYLINDRICAL_SURFACE('',#1147,0.8);
#1147 = AXIS2_PLACEMENT_3D('',#1148,#1149,#1150);
#1148 = CARTESIAN_POINT('',(-249.45,185.615,70.71));
#1149 = DIRECTION('',(1.,-2.221E-14,0.));
#1150 = DIRECTION('',(0.,0.,1.));
#1151 = ADVANCED_FACE('',(#1152),#1164,.T.);
#1152 = FACE_BOUND('',#1153,.T.);
#1153 = EDGE_LOOP('',(#1154,#1155,#1156,#1157));
#1154 = ORIENTED_EDGE('',*,*,#1114,.F.);
#1155 = ORIENTED_EDGE('',*,*,#73,.T.);
#1156 = ORIENTED_EDGE('',*,*,#1130,.T.);
#1157 = ORIENTED_EDGE('',*,*,#1158,.F.);
#1158 = EDGE_CURVE('',#1107,#1131,#1159,.T.);
#1159 = CIRCLE('',#1160,5.499998505851);
#1160 = AXIS2_PLACEMENT_3D('',#1161,#1162,#1163);
#1161 = CARTESIAN_POINT('',(-249.4500014941,180.91500149415,70.71));
#1162 = DIRECTION('',(0.,0.,-1.));
#1163 = DIRECTION('',(-1.,-7.4707556323E-07,-0.));
#1164 = TOROIDAL_SURFACE('',#1165,4.699998505851,0.8);
#1165 = AXIS2_PLACEMENT_3D('',#1166,#1167,#1168);
#1166 = CARTESIAN_POINT('',(-249.4500014941,180.91500149415,70.71));
#1167 = DIRECTION('',(0.,0.,-1.));
#1168 = DIRECTION('',(-1.,-7.4707556323E-07,-0.));
#1169 = ADVANCED_FACE('',(#1170),#1189,.F.);
#1170 = FACE_BOUND('',#1171,.F.);
#1171 = EDGE_LOOP('',(#1172,#1180,#1181,#1182));
#1172 = ORIENTED_EDGE('',*,*,#1173,.T.);
#1173 = EDGE_CURVE('',#1174,#124,#1176,.T.);
#1174 = VERTEX_POINT('',#1175);
#1175 = CARTESIAN_POINT('',(-247.1,171.5,69.51));
#1176 = LINE('',#1177,#1178);
#1177 = CARTESIAN_POINT('',(-247.1,171.5,69.51));
#1178 = VECTOR('',#1179,1.);
#1179 = DIRECTION('',(0.,0.,1.));
#1180 = ORIENTED_EDGE('',*,*,#123,.T.);
#1181 = ORIENTED_EDGE('',*,*,#1173,.F.);
#1182 = ORIENTED_EDGE('',*,*,#1183,.T.);
#1183 = EDGE_CURVE('',#1174,#1174,#1184,.T.);
#1184 = CIRCLE('',#1185,1.1);
#1185 = AXIS2_PLACEMENT_3D('',#1186,#1187,#1188);
#1186 = CARTESIAN_POINT('',(-246.,171.5,69.51));
#1187 = DIRECTION('',(0.,0.,1.));
#1188 = DIRECTION('',(1.,0.,0.));
#1189 = CYLINDRICAL_SURFACE('',#1190,1.1);
#1190 = AXIS2_PLACEMENT_3D('',#1191,#1192,#1193);
#1191 = CARTESIAN_POINT('',(-246.,171.5,69.51));
#1192 = DIRECTION('',(0.,0.,1.));
#1193 = DIRECTION('',(1.,0.,0.));
#1194 = ADVANCED_FACE('',(#1195),#1252,.F.);
#1195 = FACE_BOUND('',#1196,.F.);
#1196 = EDGE_LOOP('',(#1197,#1205,#1213,#1221,#1229,#1237,#1245,#1251));
#1197 = ORIENTED_EDGE('',*,*,#1198,.F.);
#1198 = EDGE_CURVE('',#1199,#137,#1201,.T.);
#1199 = VERTEX_POINT('',#1200);
#1200 = CARTESIAN_POINT('',(-226.8967061529,177.79474419047,69.51));
#1201 = LINE('',#1202,#1203);
#1202 = CARTESIAN_POINT('',(-226.8967061529,177.79474419047,68.51));
#1203 = VECTOR('',#1204,1.);
#1204 = DIRECTION('',(0.,0.,1.));
#1205 = ORIENTED_EDGE('',*,*,#1206,.F.);
#1206 = EDGE_CURVE('',#1207,#1199,#1209,.T.);
#1207 = VERTEX_POINT('',#1208);
#1208 = CARTESIAN_POINT('',(-232.1467061529,177.79474419047,69.51));
#1209 = LINE('',#1210,#1211);
#1210 = CARTESIAN_POINT('',(-223.4827280764,177.79474419047,69.51));
#1211 = VECTOR('',#1212,1.);
#1212 = DIRECTION('',(1.,0.,0.));
#1213 = ORIENTED_EDGE('',*,*,#1214,.T.);
#1214 = EDGE_CURVE('',#1207,#1215,#1217,.T.);
#1215 = VERTEX_POINT('',#1216);
#1216 = CARTESIAN_POINT('',(-232.1467061529,177.79474419047,70.51));
#1217 = LINE('',#1218,#1219);
#1218 = CARTESIAN_POINT('',(-232.1467061529,177.79474419047,69.01));
#1219 = VECTOR('',#1220,1.);
#1220 = DIRECTION('',(0.,-0.,1.));
#1221 = ORIENTED_EDGE('',*,*,#1222,.F.);
#1222 = EDGE_CURVE('',#1223,#1215,#1225,.T.);
#1223 = VERTEX_POINT('',#1224);
#1224 = CARTESIAN_POINT('',(-234.6467061529,177.79474419047,70.51));
#1225 = LINE('',#1226,#1227);
#1226 = CARTESIAN_POINT('',(-236.7717061518,177.79474419047,70.51));
#1227 = VECTOR('',#1228,1.);
#1228 = DIRECTION('',(1.,0.,0.));
#1229 = ORIENTED_EDGE('',*,*,#1230,.T.);
#1230 = EDGE_CURVE('',#1223,#1231,#1233,.T.);
#1231 = VERTEX_POINT('',#1232);
#1232 = CARTESIAN_POINT('',(-234.6467061529,177.79474419047,69.51));
#1233 = LINE('',#1234,#1235);
#1234 = CARTESIAN_POINT('',(-234.6467061529,177.79474419047,69.01));
#1235 = VECTOR('',#1236,1.);
#1236 = DIRECTION('',(0.,0.,-1.));
#1237 = ORIENTED_EDGE('',*,*,#1238,.F.);
#1238 = EDGE_CURVE('',#1239,#1231,#1241,.T.);
#1239 = VERTEX_POINT('',#1240);
#1240 = CARTESIAN_POINT('',(-239.8967061529,177.79474419047,69.51));
#1241 = LINE('',#1242,#1243);
#1242 = CARTESIAN_POINT('',(-223.4827280764,177.79474419047,69.51));
#1243 = VECTOR('',#1244,1.);
#1244 = DIRECTION('',(1.,0.,0.));
#1245 = ORIENTED_EDGE('',*,*,#1246,.T.);
#1246 = EDGE_CURVE('',#1239,#135,#1247,.T.);
#1247 = LINE('',#1248,#1249);
#1248 = CARTESIAN_POINT('',(-239.8967061529,177.79474419047,68.51));
#1249 = VECTOR('',#1250,1.);
#1250 = DIRECTION('',(0.,0.,1.));
#1251 = ORIENTED_EDGE('',*,*,#134,.T.);
#1252 = PLANE('',#1253);
#1253 = AXIS2_PLACEMENT_3D('',#1254,#1255,#1256);
#1254 = CARTESIAN_POINT('',(-239.8967061529,177.79474419047,68.51));
#1255 = DIRECTION('',(-0.,1.,0.));
#1256 = DIRECTION('',(0.,0.,1.));
#1257 = ADVANCED_FACE('',(#1258),#1340,.F.);
#1258 = FACE_BOUND('',#1259,.F.);
#1259 = EDGE_LOOP('',(#1260,#1268,#1276,#1284,#1292,#1300,#1308,#1316,
    #1324,#1332,#1338,#1339));
#1260 = ORIENTED_EDGE('',*,*,#1261,.F.);
#1261 = EDGE_CURVE('',#1262,#153,#1264,.T.);
#1262 = VERTEX_POINT('',#1263);
#1263 = CARTESIAN_POINT('',(-226.8967061529,165.09474419047,69.51));
#1264 = LINE('',#1265,#1266);
#1265 = CARTESIAN_POINT('',(-226.8967061529,165.09474419047,68.51));
#1266 = VECTOR('',#1267,1.);
#1267 = DIRECTION('',(0.,0.,1.));
#1268 = ORIENTED_EDGE('',*,*,#1269,.F.);
#1269 = EDGE_CURVE('',#1270,#1262,#1272,.T.);
#1270 = VERTEX_POINT('',#1271);
#1271 = CARTESIAN_POINT('',(-226.8967061529,168.19474419047,69.51));
#1272 = LINE('',#1273,#1274);
#1273 = CARTESIAN_POINT('',(-226.8967061529,146.85237209522,69.51));
#1274 = VECTOR('',#1275,1.);
#1275 = DIRECTION('',(0.,-1.,0.));
#1276 = ORIENTED_EDGE('',*,*,#1277,.T.);
#1277 = EDGE_CURVE('',#1270,#1278,#1280,.T.);
#1278 = VERTEX_POINT('',#1279);
#1279 = CARTESIAN_POINT('',(-226.8967061529,168.19474419047,70.51));
#1280 = LINE('',#1281,#1282);
#1281 = CARTESIAN_POINT('',(-226.8967061529,168.19474419047,69.01));
#1282 = VECTOR('',#1283,1.);
#1283 = DIRECTION('',(0.,0.,1.));
#1284 = ORIENTED_EDGE('',*,*,#1285,.F.);
#1285 = EDGE_CURVE('',#1286,#1278,#1288,.T.);
#1286 = VERTEX_POINT('',#1287);
#1287 = CARTESIAN_POINT('',(-226.8967061529,169.69474419047,70.51));
#1288 = LINE('',#1289,#1290);
#1289 = CARTESIAN_POINT('',(-226.8967061529,168.26974419047,70.51));
#1290 = VECTOR('',#1291,1.);
#1291 = DIRECTION('',(0.,-1.,0.));
#1292 = ORIENTED_EDGE('',*,*,#1293,.T.);
#1293 = EDGE_CURVE('',#1286,#1294,#1296,.T.);
#1294 = VERTEX_POINT('',#1295);
#1295 = CARTESIAN_POINT('',(-226.8967061529,169.69474419047,69.51));
#1296 = LINE('',#1297,#1298);
#1297 = CARTESIAN_POINT('',(-226.8967061529,169.69474419047,69.01));
#1298 = VECTOR('',#1299,1.);
#1299 = DIRECTION('',(-0.,0.,-1.));
#1300 = ORIENTED_EDGE('',*,*,#1301,.F.);
#1301 = EDGE_CURVE('',#1302,#1294,#1304,.T.);
#1302 = VERTEX_POINT('',#1303);
#1303 = CARTESIAN_POINT('',(-226.8967061529,173.19474419047,69.51));
#1304 = LINE('',#1305,#1306);
#1305 = CARTESIAN_POINT('',(-226.8967061529,146.85237209522,69.51));
#1306 = VECTOR('',#1307,1.);
#1307 = DIRECTION('',(0.,-1.,0.));
#1308 = ORIENTED_EDGE('',*,*,#1309,.T.);
#1309 = EDGE_CURVE('',#1302,#1310,#1312,.T.);
#1310 = VERTEX_POINT('',#1311);
#1311 = CARTESIAN_POINT('',(-226.8967061529,173.19474419047,70.51));
#1312 = LINE('',#1313,#1314);
#1313 = CARTESIAN_POINT('',(-226.8967061529,173.19474419047,69.01));
#1314 = VECTOR('',#1315,1.);
#1315 = DIRECTION('',(0.,0.,1.));
#1316 = ORIENTED_EDGE('',*,*,#1317,.F.);
#1317 = EDGE_CURVE('',#1318,#1310,#1320,.T.);
#1318 = VERTEX_POINT('',#1319);
#1319 = CARTESIAN_POINT('',(-226.8967061529,174.69474419047,70.51));
#1320 = LINE('',#1321,#1322);
#1321 = CARTESIAN_POINT('',(-226.8967061529,168.26974419047,70.51));
#1322 = VECTOR('',#1323,1.);
#1323 = DIRECTION('',(0.,-1.,0.));
#1324 = ORIENTED_EDGE('',*,*,#1325,.T.);
#1325 = EDGE_CURVE('',#1318,#1326,#1328,.T.);
#1326 = VERTEX_POINT('',#1327);
#1327 = CARTESIAN_POINT('',(-226.8967061529,174.69474419047,69.51));
#1328 = LINE('',#1329,#1330);
#1329 = CARTESIAN_POINT('',(-226.8967061529,174.69474419047,69.01));
#1330 = VECTOR('',#1331,1.);
#1331 = DIRECTION('',(-0.,0.,-1.));
#1332 = ORIENTED_EDGE('',*,*,#1333,.F.);
#1333 = EDGE_CURVE('',#1199,#1326,#1334,.T.);
#1334 = LINE('',#1335,#1336);
#1335 = CARTESIAN_POINT('',(-226.8967061529,146.85237209522,69.51));
#1336 = VECTOR('',#1337,1.);
#1337 = DIRECTION('',(0.,-1.,0.));
#1338 = ORIENTED_EDGE('',*,*,#1198,.T.);
#1339 = ORIENTED_EDGE('',*,*,#160,.T.);
#1340 = PLANE('',#1341);
#1341 = AXIS2_PLACEMENT_3D('',#1342,#1343,#1344);
#1342 = CARTESIAN_POINT('',(-226.8967061529,165.09474419047,68.51));
#1343 = DIRECTION('',(1.,0.,-0.));
#1344 = DIRECTION('',(0.,0.,1.));
#1345 = ADVANCED_FACE('',(#1346),#1396,.T.);
#1346 = FACE_BOUND('',#1347,.T.);
#1347 = EDGE_LOOP('',(#1348,#1349,#1357,#1365,#1373,#1381,#1389,#1395));
#1348 = ORIENTED_EDGE('',*,*,#1261,.F.);
#1349 = ORIENTED_EDGE('',*,*,#1350,.F.);
#1350 = EDGE_CURVE('',#1351,#1262,#1353,.T.);
#1351 = VERTEX_POINT('',#1352);
#1352 = CARTESIAN_POINT('',(-232.1467061529,165.09474419047,69.51));
#1353 = LINE('',#1354,#1355);
#1354 = CARTESIAN_POINT('',(-223.4827280764,165.09474419047,69.51));
#1355 = VECTOR('',#1356,1.);
#1356 = DIRECTION('',(1.,0.,0.));
#1357 = ORIENTED_EDGE('',*,*,#1358,.T.);
#1358 = EDGE_CURVE('',#1351,#1359,#1361,.T.);
#1359 = VERTEX_POINT('',#1360);
#1360 = CARTESIAN_POINT('',(-232.1467061529,165.09474419047,70.51));
#1361 = LINE('',#1362,#1363);
#1362 = CARTESIAN_POINT('',(-232.1467061529,165.09474419047,69.01));
#1363 = VECTOR('',#1364,1.);
#1364 = DIRECTION('',(0.,-0.,1.));
#1365 = ORIENTED_EDGE('',*,*,#1366,.F.);
#1366 = EDGE_CURVE('',#1367,#1359,#1369,.T.);
#1367 = VERTEX_POINT('',#1368);
#1368 = CARTESIAN_POINT('',(-234.6467061529,165.09474419047,70.51));
#1369 = LINE('',#1370,#1371);
#1370 = CARTESIAN_POINT('',(-236.7717061518,165.09474419047,70.51));
#1371 = VECTOR('',#1372,1.);
#1372 = DIRECTION('',(1.,0.,0.));
#1373 = ORIENTED_EDGE('',*,*,#1374,.T.);
#1374 = EDGE_CURVE('',#1367,#1375,#1377,.T.);
#1375 = VERTEX_POINT('',#1376);
#1376 = CARTESIAN_POINT('',(-234.6467061529,165.09474419047,69.51));
#1377 = LINE('',#1378,#1379);
#1378 = CARTESIAN_POINT('',(-234.6467061529,165.09474419047,69.01));
#1379 = VECTOR('',#1380,1.);
#1380 = DIRECTION('',(0.,0.,-1.));
#1381 = ORIENTED_EDGE('',*,*,#1382,.F.);
#1382 = EDGE_CURVE('',#1383,#1375,#1385,.T.);
#1383 = VERTEX_POINT('',#1384);
#1384 = CARTESIAN_POINT('',(-239.8967061529,165.09474419047,69.51));
#1385 = LINE('',#1386,#1387);
#1386 = CARTESIAN_POINT('',(-223.4827280764,165.09474419047,69.51));
#1387 = VECTOR('',#1388,1.);
#1388 = DIRECTION('',(1.,0.,0.));
#1389 = ORIENTED_EDGE('',*,*,#1390,.T.);
#1390 = EDGE_CURVE('',#1383,#145,#1391,.T.);
#1391 = LINE('',#1392,#1393);
#1392 = CARTESIAN_POINT('',(-239.8967061529,165.09474419047,68.51));
#1393 = VECTOR('',#1394,1.);
#1394 = DIRECTION('',(0.,0.,1.));
#1395 = ORIENTED_EDGE('',*,*,#152,.T.);
#1396 = PLANE('',#1397);
#1397 = AXIS2_PLACEMENT_3D('',#1398,#1399,#1400);
#1398 = CARTESIAN_POINT('',(-239.8967061529,165.09474419047,68.51));
#1399 = DIRECTION('',(-0.,1.,0.));
#1400 = DIRECTION('',(0.,0.,1.));
#1401 = ADVANCED_FACE('',(#1402),#1573,.T.);
#1402 = FACE_BOUND('',#1403,.T.);
#1403 = EDGE_LOOP('',(#1404,#1405,#1413,#1421,#1429,#1437,#1445,#1453,
    #1461,#1469,#1477,#1485,#1493,#1501,#1509,#1517,#1525,#1533,#1541,
    #1549,#1557,#1565,#1571,#1572));
#1404 = ORIENTED_EDGE('',*,*,#1390,.F.);
#1405 = ORIENTED_EDGE('',*,*,#1406,.F.);
#1406 = EDGE_CURVE('',#1407,#1383,#1409,.T.);
#1407 = VERTEX_POINT('',#1408);
#1408 = CARTESIAN_POINT('',(-239.8967061529,166.84474419047,69.51));
#1409 = LINE('',#1410,#1411);
#1410 = CARTESIAN_POINT('',(-239.8967061529,146.85237209522,69.51));
#1411 = VECTOR('',#1412,1.);
#1412 = DIRECTION('',(0.,-1.,0.));
#1413 = ORIENTED_EDGE('',*,*,#1414,.T.);
#1414 = EDGE_CURVE('',#1407,#1415,#1417,.T.);
#1415 = VERTEX_POINT('',#1416);
#1416 = CARTESIAN_POINT('',(-239.8967061529,166.84474419047,70.51));
#1417 = LINE('',#1418,#1419);
#1418 = CARTESIAN_POINT('',(-239.8967061529,166.84474419047,69.01));
#1419 = VECTOR('',#1420,1.);
#1420 = DIRECTION('',(0.,0.,1.));
#1421 = ORIENTED_EDGE('',*,*,#1422,.F.);
#1422 = EDGE_CURVE('',#1423,#1415,#1425,.T.);
#1423 = VERTEX_POINT('',#1424);
#1424 = CARTESIAN_POINT('',(-239.8967061529,167.48987180487,70.51));
#1425 = LINE('',#1426,#1427);
#1426 = CARTESIAN_POINT('',(-239.8967061529,168.26974419047,70.51));
#1427 = VECTOR('',#1428,1.);
#1428 = DIRECTION('',(0.,-1.,0.));
#1429 = ORIENTED_EDGE('',*,*,#1430,.T.);
#1430 = EDGE_CURVE('',#1423,#1431,#1433,.T.);
#1431 = VERTEX_POINT('',#1432);
#1432 = CARTESIAN_POINT('',(-239.8967061529,167.48987180487,69.51));
#1433 = LINE('',#1434,#1435);
#1434 = CARTESIAN_POINT('',(-239.8967061529,167.48987180487,69.01));
#1435 = VECTOR('',#1436,1.);
#1436 = DIRECTION('',(-0.,0.,-1.));
#1437 = ORIENTED_EDGE('',*,*,#1438,.F.);
#1438 = EDGE_CURVE('',#1439,#1431,#1441,.T.);
#1439 = VERTEX_POINT('',#1440);
#1440 = CARTESIAN_POINT('',(-239.8967061529,168.15118873918,69.51));
#1441 = LINE('',#1442,#1443);
#1442 = CARTESIAN_POINT('',(-239.8967061529,146.85237209522,69.51));
#1443 = VECTOR('',#1444,1.);
#1444 = DIRECTION('',(0.,-1.,0.));
#1445 = ORIENTED_EDGE('',*,*,#1446,.T.);
#1446 = EDGE_CURVE('',#1439,#1447,#1449,.T.);
#1447 = VERTEX_POINT('',#1448);
#1448 = CARTESIAN_POINT('',(-239.8967061529,168.15118873918,70.51));
#1449 = LINE('',#1450,#1451);
#1450 = CARTESIAN_POINT('',(-239.8967061529,168.15118873918,69.01));
#1451 = VECTOR('',#1452,1.);
#1452 = DIRECTION('',(0.,0.,1.));
#1453 = ORIENTED_EDGE('',*,*,#1454,.F.);
#1454 = EDGE_CURVE('',#1455,#1447,#1457,.T.);
#1455 = VERTEX_POINT('',#1456);
#1456 = CARTESIAN_POINT('',(-239.8967061529,169.69474419047,70.51));
#1457 = LINE('',#1458,#1459);
#1458 = CARTESIAN_POINT('',(-239.8967061529,168.26974419047,70.51));
#1459 = VECTOR('',#1460,1.);
#1460 = DIRECTION('',(0.,-1.,0.));
#1461 = ORIENTED_EDGE('',*,*,#1462,.T.);
#1462 = EDGE_CURVE('',#1455,#1463,#1465,.T.);
#1463 = VERTEX_POINT('',#1464);
#1464 = CARTESIAN_POINT('',(-239.8967061529,169.69474419047,69.51));
#1465 = LINE('',#1466,#1467);
#1466 = CARTESIAN_POINT('',(-239.8967061529,169.69474419047,69.01));
#1467 = VECTOR('',#1468,1.);
#1468 = DIRECTION('',(-0.,0.,-1.));
#1469 = ORIENTED_EDGE('',*,*,#1470,.F.);
#1470 = EDGE_CURVE('',#1471,#1463,#1473,.T.);
#1471 = VERTEX_POINT('',#1472);
#1472 = CARTESIAN_POINT('',(-239.8967061529,170.69474419047,69.51));
#1473 = LINE('',#1474,#1475);
#1474 = CARTESIAN_POINT('',(-239.8967061529,146.85237209522,69.51));
#1475 = VECTOR('',#1476,1.);
#1476 = DIRECTION('',(0.,-1.,0.));
#1477 = ORIENTED_EDGE('',*,*,#1478,.T.);
#1478 = EDGE_CURVE('',#1471,#1479,#1481,.T.);
#1479 = VERTEX_POINT('',#1480);
#1480 = CARTESIAN_POINT('',(-239.8967061529,170.69474419047,70.51));
#1481 = LINE('',#1482,#1483);
#1482 = CARTESIAN_POINT('',(-239.8967061529,170.69474419047,69.01));
#1483 = VECTOR('',#1484,1.);
#1484 = DIRECTION('',(0.,0.,1.));
#1485 = ORIENTED_EDGE('',*,*,#1486,.F.);
#1486 = EDGE_CURVE('',#1487,#1479,#1489,.T.);
#1487 = VERTEX_POINT('',#1488);
#1488 = CARTESIAN_POINT('',(-239.8967061529,172.19474419047,70.51));
#1489 = LINE('',#1490,#1491);
#1490 = CARTESIAN_POINT('',(-239.8967061529,168.26974419047,70.51));
#1491 = VECTOR('',#1492,1.);
#1492 = DIRECTION('',(0.,-1.,0.));
#1493 = ORIENTED_EDGE('',*,*,#1494,.T.);
#1494 = EDGE_CURVE('',#1487,#1495,#1497,.T.);
#1495 = VERTEX_POINT('',#1496);
#1496 = CARTESIAN_POINT('',(-239.8967061529,172.19474419047,69.51));
#1497 = LINE('',#1498,#1499);
#1498 = CARTESIAN_POINT('',(-239.8967061529,172.19474419047,69.01));
#1499 = VECTOR('',#1500,1.);
#1500 = DIRECTION('',(-0.,0.,-1.));
#1501 = ORIENTED_EDGE('',*,*,#1502,.F.);
#1502 = EDGE_CURVE('',#1503,#1495,#1505,.T.);
#1503 = VERTEX_POINT('',#1504);
#1504 = CARTESIAN_POINT('',(-239.8967061529,173.19474419047,69.51));
#1505 = LINE('',#1506,#1507);
#1506 = CARTESIAN_POINT('',(-239.8967061529,146.85237209522,69.51));
#1507 = VECTOR('',#1508,1.);
#1508 = DIRECTION('',(0.,-1.,0.));
#1509 = ORIENTED_EDGE('',*,*,#1510,.T.);
#1510 = EDGE_CURVE('',#1503,#1511,#1513,.T.);
#1511 = VERTEX_POINT('',#1512);
#1512 = CARTESIAN_POINT('',(-239.8967061529,173.19474419047,70.51));
#1513 = LINE('',#1514,#1515);
#1514 = CARTESIAN_POINT('',(-239.8967061529,173.19474419047,69.01));
#1515 = VECTOR('',#1516,1.);
#1516 = DIRECTION('',(0.,0.,1.));
#1517 = ORIENTED_EDGE('',*,*,#1518,.F.);
#1518 = EDGE_CURVE('',#1519,#1511,#1521,.T.);
#1519 = VERTEX_POINT('',#1520);
#1520 = CARTESIAN_POINT('',(-239.8967061529,174.73829964175,70.51));
#1521 = LINE('',#1522,#1523);
#1522 = CARTESIAN_POINT('',(-239.8967061529,168.26974419047,70.51));
#1523 = VECTOR('',#1524,1.);
#1524 = DIRECTION('',(0.,-1.,0.));
#1525 = ORIENTED_EDGE('',*,*,#1526,.T.);
#1526 = EDGE_CURVE('',#1519,#1527,#1529,.T.);
#1527 = VERTEX_POINT('',#1528);
#1528 = CARTESIAN_POINT('',(-239.8967061529,174.73829964175,69.51));
#1529 = LINE('',#1530,#1531);
#1530 = CARTESIAN_POINT('',(-239.8967061529,174.73829964175,69.01));
#1531 = VECTOR('',#1532,1.);
#1532 = DIRECTION('',(-0.,0.,-1.));
#1533 = ORIENTED_EDGE('',*,*,#1534,.F.);
#1534 = EDGE_CURVE('',#1535,#1527,#1537,.T.);
#1535 = VERTEX_POINT('',#1536);
#1536 = CARTESIAN_POINT('',(-239.8967061529,175.39961657606,69.51));
#1537 = LINE('',#1538,#1539);
#1538 = CARTESIAN_POINT('',(-239.8967061529,146.85237209522,69.51));
#1539 = VECTOR('',#1540,1.);
#1540 = DIRECTION('',(0.,-1.,0.));
#1541 = ORIENTED_EDGE('',*,*,#1542,.T.);
#1542 = EDGE_CURVE('',#1535,#1543,#1545,.T.);
#1543 = VERTEX_POINT('',#1544);
#1544 = CARTESIAN_POINT('',(-239.8967061529,175.39961657606,70.51));
#1545 = LINE('',#1546,#1547);
#1546 = CARTESIAN_POINT('',(-239.8967061529,175.39961657606,69.01));
#1547 = VECTOR('',#1548,1.);
#1548 = DIRECTION('',(0.,0.,1.));
#1549 = ORIENTED_EDGE('',*,*,#1550,.F.);
#1550 = EDGE_CURVE('',#1551,#1543,#1553,.T.);
#1551 = VERTEX_POINT('',#1552);
#1552 = CARTESIAN_POINT('',(-239.8967061529,176.04474419047,70.51));
#1553 = LINE('',#1554,#1555);
#1554 = CARTESIAN_POINT('',(-239.8967061529,168.26974419047,70.51));
#1555 = VECTOR('',#1556,1.);
#1556 = DIRECTION('',(0.,-1.,0.));
#1557 = ORIENTED_EDGE('',*,*,#1558,.T.);
#1558 = EDGE_CURVE('',#1551,#1559,#1561,.T.);
#1559 = VERTEX_POINT('',#1560);
#1560 = CARTESIAN_POINT('',(-239.8967061529,176.04474419047,69.51));
#1561 = LINE('',#1562,#1563);
#1562 = CARTESIAN_POINT('',(-239.8967061529,176.04474419047,69.01));
#1563 = VECTOR('',#1564,1.);
#1564 = DIRECTION('',(-0.,0.,-1.));
#1565 = ORIENTED_EDGE('',*,*,#1566,.F.);
#1566 = EDGE_CURVE('',#1239,#1559,#1567,.T.);
#1567 = LINE('',#1568,#1569);
#1568 = CARTESIAN_POINT('',(-239.8967061529,146.85237209522,69.51));
#1569 = VECTOR('',#1570,1.);
#1570 = DIRECTION('',(0.,-1.,0.));
#1571 = ORIENTED_EDGE('',*,*,#1246,.T.);
#1572 = ORIENTED_EDGE('',*,*,#144,.T.);
#1573 = PLANE('',#1574);
#1574 = AXIS2_PLACEMENT_3D('',#1575,#1576,#1577);
#1575 = CARTESIAN_POINT('',(-239.8967061529,165.09474419047,68.51));
#1576 = DIRECTION('',(1.,0.,-0.));
#1577 = DIRECTION('',(0.,0.,1.));
#1578 = ADVANCED_FACE('',(#1579),#1604,.F.);
#1579 = FACE_BOUND('',#1580,.F.);
#1580 = EDGE_LOOP('',(#1581,#1589,#1597,#1603));
#1581 = ORIENTED_EDGE('',*,*,#1582,.T.);
#1582 = EDGE_CURVE('',#171,#1583,#1585,.T.);
#1583 = VERTEX_POINT('',#1584);
#1584 = CARTESIAN_POINT('',(-245.125,142.86,70.01));
#1585 = LINE('',#1586,#1587);
#1586 = CARTESIAN_POINT('',(-245.125,142.86,82.995));
#1587 = VECTOR('',#1588,1.);
#1588 = DIRECTION('',(0.,0.,-1.));
#1589 = ORIENTED_EDGE('',*,*,#1590,.F.);
#1590 = EDGE_CURVE('',#1591,#1583,#1593,.T.);
#1591 = VERTEX_POINT('',#1592);
#1592 = CARTESIAN_POINT('',(-231.125,142.86,70.01));
#1593 = LINE('',#1594,#1595);
#1594 = CARTESIAN_POINT('',(-230.725,142.86,70.01));
#1595 = VECTOR('',#1596,1.);
#1596 = DIRECTION('',(-1.,0.,0.));
#1597 = ORIENTED_EDGE('',*,*,#1598,.F.);
#1598 = EDGE_CURVE('',#169,#1591,#1599,.T.);
#1599 = LINE('',#1600,#1601);
#1600 = CARTESIAN_POINT('',(-231.125,142.86,82.995));
#1601 = VECTOR('',#1602,1.);
#1602 = DIRECTION('',(0.,0.,-1.));
#1603 = ORIENTED_EDGE('',*,*,#168,.T.);
#1604 = PLANE('',#1605);
#1605 = AXIS2_PLACEMENT_3D('',#1606,#1607,#1608);
#1606 = CARTESIAN_POINT('',(-231.125,142.86,82.995));
#1607 = DIRECTION('',(0.,-1.,0.));
#1608 = DIRECTION('',(-1.,0.,0.));
#1609 = ADVANCED_FACE('',(#1610),#1628,.F.);
#1610 = FACE_BOUND('',#1611,.F.);
#1611 = EDGE_LOOP('',(#1612,#1613,#1621,#1627));
#1612 = ORIENTED_EDGE('',*,*,#1598,.T.);
#1613 = ORIENTED_EDGE('',*,*,#1614,.F.);
#1614 = EDGE_CURVE('',#1615,#1591,#1617,.T.);
#1615 = VERTEX_POINT('',#1616);
#1616 = CARTESIAN_POINT('',(-231.125,156.86,70.01));
#1617 = LINE('',#1618,#1619);
#1618 = CARTESIAN_POINT('',(-231.125,157.26,70.01));
#1619 = VECTOR('',#1620,1.);
#1620 = DIRECTION('',(0.,-1.,0.));
#1621 = ORIENTED_EDGE('',*,*,#1622,.F.);
#1622 = EDGE_CURVE('',#179,#1615,#1623,.T.);
#1623 = LINE('',#1624,#1625);
#1624 = CARTESIAN_POINT('',(-231.125,156.86,82.995));
#1625 = VECTOR('',#1626,1.);
#1626 = DIRECTION('',(0.,0.,-1.));
#1627 = ORIENTED_EDGE('',*,*,#178,.T.);
#1628 = PLANE('',#1629);
#1629 = AXIS2_PLACEMENT_3D('',#1630,#1631,#1632);
#1630 = CARTESIAN_POINT('',(-231.125,156.86,82.995));
#1631 = DIRECTION('',(1.,0.,0.));
#1632 = DIRECTION('',(0.,-1.,0.));
#1633 = ADVANCED_FACE('',(#1634),#1652,.F.);
#1634 = FACE_BOUND('',#1635,.F.);
#1635 = EDGE_LOOP('',(#1636,#1644,#1650,#1651));
#1636 = ORIENTED_EDGE('',*,*,#1637,.T.);
#1637 = EDGE_CURVE('',#187,#1638,#1640,.T.);
#1638 = VERTEX_POINT('',#1639);
#1639 = CARTESIAN_POINT('',(-245.125,156.86,70.01));
#1640 = LINE('',#1641,#1642);
#1641 = CARTESIAN_POINT('',(-245.125,156.86,82.995));
#1642 = VECTOR('',#1643,1.);
#1643 = DIRECTION('',(0.,0.,-1.));
#1644 = ORIENTED_EDGE('',*,*,#1645,.F.);
#1645 = EDGE_CURVE('',#1583,#1638,#1646,.T.);
#1646 = LINE('',#1647,#1648);
#1647 = CARTESIAN_POINT('',(-245.125,150.26,70.01));
#1648 = VECTOR('',#1649,1.);
#1649 = DIRECTION('',(0.,1.,0.));
#1650 = ORIENTED_EDGE('',*,*,#1582,.F.);
#1651 = ORIENTED_EDGE('',*,*,#194,.T.);
#1652 = PLANE('',#1653);
#1653 = AXIS2_PLACEMENT_3D('',#1654,#1655,#1656);
#1654 = CARTESIAN_POINT('',(-245.125,142.86,82.995));
#1655 = DIRECTION('',(-1.,0.,0.));
#1656 = DIRECTION('',(0.,1.,0.));
#1657 = ADVANCED_FACE('',(#1658),#1669,.F.);
#1658 = FACE_BOUND('',#1659,.F.);
#1659 = EDGE_LOOP('',(#1660,#1661,#1667,#1668));
#1660 = ORIENTED_EDGE('',*,*,#1622,.T.);
#1661 = ORIENTED_EDGE('',*,*,#1662,.F.);
#1662 = EDGE_CURVE('',#1638,#1615,#1663,.T.);
#1663 = LINE('',#1664,#1665);
#1664 = CARTESIAN_POINT('',(-237.725,156.86,70.01));
#1665 = VECTOR('',#1666,1.);
#1666 = DIRECTION('',(1.,0.,0.));
#1667 = ORIENTED_EDGE('',*,*,#1637,.F.);
#1668 = ORIENTED_EDGE('',*,*,#186,.T.);
#1669 = PLANE('',#1670);
#1670 = AXIS2_PLACEMENT_3D('',#1671,#1672,#1673);
#1671 = CARTESIAN_POINT('',(-245.125,156.86,82.995));
#1672 = DIRECTION('',(0.,1.,0.));
#1673 = DIRECTION('',(1.,0.,0.));
#1674 = ADVANCED_FACE('',(#1675),#1700,.F.);
#1675 = FACE_BOUND('',#1676,.F.);
#1676 = EDGE_LOOP('',(#1677,#1685,#1693,#1699));
#1677 = ORIENTED_EDGE('',*,*,#1678,.T.);
#1678 = EDGE_CURVE('',#205,#1679,#1681,.T.);
#1679 = VERTEX_POINT('',#1680);
#1680 = CARTESIAN_POINT('',(-226.075,142.86,70.01));
#1681 = LINE('',#1682,#1683);
#1682 = CARTESIAN_POINT('',(-226.075,142.86,82.995));
#1683 = VECTOR('',#1684,1.);
#1684 = DIRECTION('',(0.,0.,-1.));
#1685 = ORIENTED_EDGE('',*,*,#1686,.F.);
#1686 = EDGE_CURVE('',#1687,#1679,#1689,.T.);
#1687 = VERTEX_POINT('',#1688);
#1688 = CARTESIAN_POINT('',(-212.075,142.86,70.01));
#1689 = LINE('',#1690,#1691);
#1690 = CARTESIAN_POINT('',(-211.675,142.86,70.01));
#1691 = VECTOR('',#1692,1.);
#1692 = DIRECTION('',(-1.,0.,0.));
#1693 = ORIENTED_EDGE('',*,*,#1694,.F.);
#1694 = EDGE_CURVE('',#203,#1687,#1695,.T.);
#1695 = LINE('',#1696,#1697);
#1696 = CARTESIAN_POINT('',(-212.075,142.86,82.995));
#1697 = VECTOR('',#1698,1.);
#1698 = DIRECTION('',(0.,0.,-1.));
#1699 = ORIENTED_EDGE('',*,*,#202,.T.);
#1700 = PLANE('',#1701);
#1701 = AXIS2_PLACEMENT_3D('',#1702,#1703,#1704);
#1702 = CARTESIAN_POINT('',(-212.075,142.86,82.995));
#1703 = DIRECTION('',(0.,-1.,0.));
#1704 = DIRECTION('',(-1.,0.,0.));
#1705 = ADVANCED_FACE('',(#1706),#1724,.F.);
#1706 = FACE_BOUND('',#1707,.F.);
#1707 = EDGE_LOOP('',(#1708,#1709,#1717,#1723));
#1708 = ORIENTED_EDGE('',*,*,#1694,.T.);
#1709 = ORIENTED_EDGE('',*,*,#1710,.F.);
#1710 = EDGE_CURVE('',#1711,#1687,#1713,.T.);
#1711 = VERTEX_POINT('',#1712);
#1712 = CARTESIAN_POINT('',(-212.075,156.86,70.01));
#1713 = LINE('',#1714,#1715);
#1714 = CARTESIAN_POINT('',(-212.075,157.26,70.01));
#1715 = VECTOR('',#1716,1.);
#1716 = DIRECTION('',(0.,-1.,0.));
#1717 = ORIENTED_EDGE('',*,*,#1718,.F.);
#1718 = EDGE_CURVE('',#213,#1711,#1719,.T.);
#1719 = LINE('',#1720,#1721);
#1720 = CARTESIAN_POINT('',(-212.075,156.86,82.995));
#1721 = VECTOR('',#1722,1.);
#1722 = DIRECTION('',(0.,0.,-1.));
#1723 = ORIENTED_EDGE('',*,*,#212,.T.);
#1724 = PLANE('',#1725);
#1725 = AXIS2_PLACEMENT_3D('',#1726,#1727,#1728);
#1726 = CARTESIAN_POINT('',(-212.075,156.86,82.995));
#1727 = DIRECTION('',(1.,0.,0.));
#1728 = DIRECTION('',(0.,-1.,0.));
#1729 = ADVANCED_FACE('',(#1730),#1748,.F.);
#1730 = FACE_BOUND('',#1731,.F.);
#1731 = EDGE_LOOP('',(#1732,#1740,#1746,#1747));
#1732 = ORIENTED_EDGE('',*,*,#1733,.T.);
#1733 = EDGE_CURVE('',#221,#1734,#1736,.T.);
#1734 = VERTEX_POINT('',#1735);
#1735 = CARTESIAN_POINT('',(-226.075,156.86,70.01));
#1736 = LINE('',#1737,#1738);
#1737 = CARTESIAN_POINT('',(-226.075,156.86,82.995));
#1738 = VECTOR('',#1739,1.);
#1739 = DIRECTION('',(0.,0.,-1.));
#1740 = ORIENTED_EDGE('',*,*,#1741,.F.);
#1741 = EDGE_CURVE('',#1679,#1734,#1742,.T.);
#1742 = LINE('',#1743,#1744);
#1743 = CARTESIAN_POINT('',(-226.075,150.26,70.01));
#1744 = VECTOR('',#1745,1.);
#1745 = DIRECTION('',(0.,1.,0.));
#1746 = ORIENTED_EDGE('',*,*,#1678,.F.);
#1747 = ORIENTED_EDGE('',*,*,#228,.T.);
#1748 = PLANE('',#1749);
#1749 = AXIS2_PLACEMENT_3D('',#1750,#1751,#1752);
#1750 = CARTESIAN_POINT('',(-226.075,142.86,82.995));
#1751 = DIRECTION('',(-1.,0.,0.));
#1752 = DIRECTION('',(0.,1.,0.));
#1753 = ADVANCED_FACE('',(#1754),#1765,.F.);
#1754 = FACE_BOUND('',#1755,.F.);
#1755 = EDGE_LOOP('',(#1756,#1757,#1763,#1764));
#1756 = ORIENTED_EDGE('',*,*,#1718,.T.);
#1757 = ORIENTED_EDGE('',*,*,#1758,.F.);
#1758 = EDGE_CURVE('',#1734,#1711,#1759,.T.);
#1759 = LINE('',#1760,#1761);
#1760 = CARTESIAN_POINT('',(-218.675,156.86,70.01));
#1761 = VECTOR('',#1762,1.);
#1762 = DIRECTION('',(1.,0.,0.));
#1763 = ORIENTED_EDGE('',*,*,#1733,.F.);
#1764 = ORIENTED_EDGE('',*,*,#220,.T.);
#1765 = PLANE('',#1766);
#1766 = AXIS2_PLACEMENT_3D('',#1767,#1768,#1769);
#1767 = CARTESIAN_POINT('',(-226.075,156.86,82.995));
#1768 = DIRECTION('',(0.,1.,0.));
#1769 = DIRECTION('',(1.,0.,0.));
#1770 = ADVANCED_FACE('',(#1771),#1828,.F.);
#1771 = FACE_BOUND('',#1772,.F.);
#1772 = EDGE_LOOP('',(#1773,#1781,#1789,#1797,#1805,#1813,#1821,#1827));
#1773 = ORIENTED_EDGE('',*,*,#1774,.F.);
#1774 = EDGE_CURVE('',#1775,#239,#1777,.T.);
#1775 = VERTEX_POINT('',#1776);
#1776 = CARTESIAN_POINT('',(-179.203293847,177.80525580953,69.51));
#1777 = LINE('',#1778,#1779);
#1778 = CARTESIAN_POINT('',(-179.203293847,177.80525580953,68.51));
#1779 = VECTOR('',#1780,1.);
#1780 = DIRECTION('',(0.,0.,1.));
#1781 = ORIENTED_EDGE('',*,*,#1782,.F.);
#1782 = EDGE_CURVE('',#1783,#1775,#1785,.T.);
#1783 = VERTEX_POINT('',#1784);
#1784 = CARTESIAN_POINT('',(-184.453293847,177.80525580953,69.51));
#1785 = LINE('',#1786,#1787);
#1786 = CARTESIAN_POINT('',(-199.6360219235,177.80525580953,69.51));
#1787 = VECTOR('',#1788,1.);
#1788 = DIRECTION('',(1.,0.,0.));
#1789 = ORIENTED_EDGE('',*,*,#1790,.T.);
#1790 = EDGE_CURVE('',#1783,#1791,#1793,.T.);
#1791 = VERTEX_POINT('',#1792);
#1792 = CARTESIAN_POINT('',(-184.453293847,177.80525580953,70.51));
#1793 = LINE('',#1794,#1795);
#1794 = CARTESIAN_POINT('',(-184.453293847,177.80525580953,69.01));
#1795 = VECTOR('',#1796,1.);
#1796 = DIRECTION('',(0.,-0.,1.));
#1797 = ORIENTED_EDGE('',*,*,#1798,.F.);
#1798 = EDGE_CURVE('',#1799,#1791,#1801,.T.);
#1799 = VERTEX_POINT('',#1800);
#1800 = CARTESIAN_POINT('',(-186.953293847,177.80525580953,70.51));
#1801 = LINE('',#1802,#1803);
#1802 = CARTESIAN_POINT('',(-188.8282938481,177.80525580953,70.51));
#1803 = VECTOR('',#1804,1.);
#1804 = DIRECTION('',(1.,0.,0.));
#1805 = ORIENTED_EDGE('',*,*,#1806,.T.);
#1806 = EDGE_CURVE('',#1799,#1807,#1809,.T.);
#1807 = VERTEX_POINT('',#1808);
#1808 = CARTESIAN_POINT('',(-186.953293847,177.80525580953,69.51));
#1809 = LINE('',#1810,#1811);
#1810 = CARTESIAN_POINT('',(-186.953293847,177.80525580953,69.01));
#1811 = VECTOR('',#1812,1.);
#1812 = DIRECTION('',(0.,0.,-1.));
#1813 = ORIENTED_EDGE('',*,*,#1814,.F.);
#1814 = EDGE_CURVE('',#1815,#1807,#1817,.T.);
#1815 = VERTEX_POINT('',#1816);
#1816 = CARTESIAN_POINT('',(-192.203293847,177.80525580953,69.51));
#1817 = LINE('',#1818,#1819);
#1818 = CARTESIAN_POINT('',(-199.6360219235,177.80525580953,69.51));
#1819 = VECTOR('',#1820,1.);
#1820 = DIRECTION('',(1.,0.,0.));
#1821 = ORIENTED_EDGE('',*,*,#1822,.T.);
#1822 = EDGE_CURVE('',#1815,#237,#1823,.T.);
#1823 = LINE('',#1824,#1825);
#1824 = CARTESIAN_POINT('',(-192.203293847,177.80525580953,68.51));
#1825 = VECTOR('',#1826,1.);
#1826 = DIRECTION('',(0.,0.,1.));
#1827 = ORIENTED_EDGE('',*,*,#236,.T.);
#1828 = PLANE('',#1829);
#1829 = AXIS2_PLACEMENT_3D('',#1830,#1831,#1832);
#1830 = CARTESIAN_POINT('',(-192.203293847,177.80525580953,68.51));
#1831 = DIRECTION('',(-0.,1.,0.));
#1832 = DIRECTION('',(0.,0.,1.));
#1833 = ADVANCED_FACE('',(#1834),#1916,.T.);
#1834 = FACE_BOUND('',#1835,.T.);
#1835 = EDGE_LOOP('',(#1836,#1844,#1852,#1860,#1868,#1876,#1884,#1892,
    #1900,#1908,#1914,#1915));
#1836 = ORIENTED_EDGE('',*,*,#1837,.F.);
#1837 = EDGE_CURVE('',#1838,#247,#1840,.T.);
#1838 = VERTEX_POINT('',#1839);
#1839 = CARTESIAN_POINT('',(-192.203293847,165.10525580953,69.51));
#1840 = LINE('',#1841,#1842);
#1841 = CARTESIAN_POINT('',(-192.203293847,165.10525580953,68.51));
#1842 = VECTOR('',#1843,1.);
#1843 = DIRECTION('',(0.,0.,1.));
#1844 = ORIENTED_EDGE('',*,*,#1845,.F.);
#1845 = EDGE_CURVE('',#1846,#1838,#1848,.T.);
#1846 = VERTEX_POINT('',#1847);
#1847 = CARTESIAN_POINT('',(-192.203293847,168.20525580953,69.51));
#1848 = LINE('',#1849,#1850);
#1849 = CARTESIAN_POINT('',(-192.203293847,146.85762790475,69.51));
#1850 = VECTOR('',#1851,1.);
#1851 = DIRECTION('',(0.,-1.,0.));
#1852 = ORIENTED_EDGE('',*,*,#1853,.T.);
#1853 = EDGE_CURVE('',#1846,#1854,#1856,.T.);
#1854 = VERTEX_POINT('',#1855);
#1855 = CARTESIAN_POINT('',(-192.203293847,168.20525580953,70.51));
#1856 = LINE('',#1857,#1858);
#1857 = CARTESIAN_POINT('',(-192.203293847,168.20525580953,69.01));
#1858 = VECTOR('',#1859,1.);
#1859 = DIRECTION('',(0.,0.,1.));
#1860 = ORIENTED_EDGE('',*,*,#1861,.F.);
#1861 = EDGE_CURVE('',#1862,#1854,#1864,.T.);
#1862 = VERTEX_POINT('',#1863);
#1863 = CARTESIAN_POINT('',(-192.203293847,169.70525580953,70.51));
#1864 = LINE('',#1865,#1866);
#1865 = CARTESIAN_POINT('',(-192.203293847,168.28025580953,70.51));
#1866 = VECTOR('',#1867,1.);
#1867 = DIRECTION('',(0.,-1.,0.));
#1868 = ORIENTED_EDGE('',*,*,#1869,.T.);
#1869 = EDGE_CURVE('',#1862,#1870,#1872,.T.);
#1870 = VERTEX_POINT('',#1871);
#1871 = CARTESIAN_POINT('',(-192.203293847,169.70525580953,69.51));
#1872 = LINE('',#1873,#1874);
#1873 = CARTESIAN_POINT('',(-192.203293847,169.70525580953,69.01));
#1874 = VECTOR('',#1875,1.);
#1875 = DIRECTION('',(-0.,0.,-1.));
#1876 = ORIENTED_EDGE('',*,*,#1877,.F.);
#1877 = EDGE_CURVE('',#1878,#1870,#1880,.T.);
#1878 = VERTEX_POINT('',#1879);
#1879 = CARTESIAN_POINT('',(-192.203293847,173.20525580953,69.51));
#1880 = LINE('',#1881,#1882);
#1881 = CARTESIAN_POINT('',(-192.203293847,146.85762790475,69.51));
#1882 = VECTOR('',#1883,1.);
#1883 = DIRECTION('',(0.,-1.,0.));
#1884 = ORIENTED_EDGE('',*,*,#1885,.T.);
#1885 = EDGE_CURVE('',#1878,#1886,#1888,.T.);
#1886 = VERTEX_POINT('',#1887);
#1887 = CARTESIAN_POINT('',(-192.203293847,173.20525580953,70.51));
#1888 = LINE('',#1889,#1890);
#1889 = CARTESIAN_POINT('',(-192.203293847,173.20525580953,69.01));
#1890 = VECTOR('',#1891,1.);
#1891 = DIRECTION('',(0.,0.,1.));
#1892 = ORIENTED_EDGE('',*,*,#1893,.F.);
#1893 = EDGE_CURVE('',#1894,#1886,#1896,.T.);
#1894 = VERTEX_POINT('',#1895);
#1895 = CARTESIAN_POINT('',(-192.203293847,174.70525580953,70.51));
#1896 = LINE('',#1897,#1898);
#1897 = CARTESIAN_POINT('',(-192.203293847,168.28025580953,70.51));
#1898 = VECTOR('',#1899,1.);
#1899 = DIRECTION('',(0.,-1.,0.));
#1900 = ORIENTED_EDGE('',*,*,#1901,.T.);
#1901 = EDGE_CURVE('',#1894,#1902,#1904,.T.);
#1902 = VERTEX_POINT('',#1903);
#1903 = CARTESIAN_POINT('',(-192.203293847,174.70525580953,69.51));
#1904 = LINE('',#1905,#1906);
#1905 = CARTESIAN_POINT('',(-192.203293847,174.70525580953,69.01));
#1906 = VECTOR('',#1907,1.);
#1907 = DIRECTION('',(-0.,0.,-1.));
#1908 = ORIENTED_EDGE('',*,*,#1909,.F.);
#1909 = EDGE_CURVE('',#1815,#1902,#1910,.T.);
#1910 = LINE('',#1911,#1912);
#1911 = CARTESIAN_POINT('',(-192.203293847,146.85762790475,69.51));
#1912 = VECTOR('',#1913,1.);
#1913 = DIRECTION('',(0.,-1.,0.));
#1914 = ORIENTED_EDGE('',*,*,#1822,.T.);
#1915 = ORIENTED_EDGE('',*,*,#246,.T.);
#1916 = PLANE('',#1917);
#1917 = AXIS2_PLACEMENT_3D('',#1918,#1919,#1920);
#1918 = CARTESIAN_POINT('',(-192.203293847,165.10525580953,68.51));
#1919 = DIRECTION('',(1.,0.,-0.));
#1920 = DIRECTION('',(0.,0.,1.));
#1921 = ADVANCED_FACE('',(#1922),#2100,.F.);
#1922 = FACE_BOUND('',#1923,.F.);
#1923 = EDGE_LOOP('',(#1924,#1932,#1940,#1948,#1956,#1964,#1972,#1980,
    #1988,#1996,#2004,#2012,#2020,#2028,#2036,#2044,#2052,#2060,#2068,
    #2076,#2084,#2092,#2098,#2099));
#1924 = ORIENTED_EDGE('',*,*,#1925,.F.);
#1925 = EDGE_CURVE('',#1926,#255,#1928,.T.);
#1926 = VERTEX_POINT('',#1927);
#1927 = CARTESIAN_POINT('',(-179.203293847,165.10525580953,69.51));
#1928 = LINE('',#1929,#1930);
#1929 = CARTESIAN_POINT('',(-179.203293847,165.10525580953,68.51));
#1930 = VECTOR('',#1931,1.);
#1931 = DIRECTION('',(0.,0.,1.));
#1932 = ORIENTED_EDGE('',*,*,#1933,.F.);
#1933 = EDGE_CURVE('',#1934,#1926,#1936,.T.);
#1934 = VERTEX_POINT('',#1935);
#1935 = CARTESIAN_POINT('',(-179.203293847,166.85525580953,69.51));
#1936 = LINE('',#1937,#1938);
#1937 = CARTESIAN_POINT('',(-179.203293847,146.85762790475,69.51));
#1938 = VECTOR('',#1939,1.);
#1939 = DIRECTION('',(0.,-1.,0.));
#1940 = ORIENTED_EDGE('',*,*,#1941,.T.);
#1941 = EDGE_CURVE('',#1934,#1942,#1944,.T.);
#1942 = VERTEX_POINT('',#1943);
#1943 = CARTESIAN_POINT('',(-179.203293847,166.85525580953,70.51));
#1944 = LINE('',#1945,#1946);
#1945 = CARTESIAN_POINT('',(-179.203293847,166.85525580953,69.01));
#1946 = VECTOR('',#1947,1.);
#1947 = DIRECTION('',(0.,0.,1.));
#1948 = ORIENTED_EDGE('',*,*,#1949,.F.);
#1949 = EDGE_CURVE('',#1950,#1942,#1952,.T.);
#1950 = VERTEX_POINT('',#1951);
#1951 = CARTESIAN_POINT('',(-179.203293847,167.50038342393,70.51));
#1952 = LINE('',#1953,#1954);
#1953 = CARTESIAN_POINT('',(-179.203293847,168.28025580953,70.51));
#1954 = VECTOR('',#1955,1.);
#1955 = DIRECTION('',(0.,-1.,0.));
#1956 = ORIENTED_EDGE('',*,*,#1957,.T.);
#1957 = EDGE_CURVE('',#1950,#1958,#1960,.T.);
#1958 = VERTEX_POINT('',#1959);
#1959 = CARTESIAN_POINT('',(-179.203293847,167.50038342393,69.51));
#1960 = LINE('',#1961,#1962);
#1961 = CARTESIAN_POINT('',(-179.203293847,167.50038342393,69.01));
#1962 = VECTOR('',#1963,1.);
#1963 = DIRECTION('',(-0.,0.,-1.));
#1964 = ORIENTED_EDGE('',*,*,#1965,.F.);
#1965 = EDGE_CURVE('',#1966,#1958,#1968,.T.);
#1966 = VERTEX_POINT('',#1967);
#1967 = CARTESIAN_POINT('',(-179.203293847,168.16170035824,69.51));
#1968 = LINE('',#1969,#1970);
#1969 = CARTESIAN_POINT('',(-179.203293847,146.85762790475,69.51));
#1970 = VECTOR('',#1971,1.);
#1971 = DIRECTION('',(0.,-1.,0.));
#1972 = ORIENTED_EDGE('',*,*,#1973,.T.);
#1973 = EDGE_CURVE('',#1966,#1974,#1976,.T.);
#1974 = VERTEX_POINT('',#1975);
#1975 = CARTESIAN_POINT('',(-179.203293847,168.16170035824,70.51));
#1976 = LINE('',#1977,#1978);
#1977 = CARTESIAN_POINT('',(-179.203293847,168.16170035824,69.01));
#1978 = VECTOR('',#1979,1.);
#1979 = DIRECTION('',(0.,0.,1.));
#1980 = ORIENTED_EDGE('',*,*,#1981,.F.);
#1981 = EDGE_CURVE('',#1982,#1974,#1984,.T.);
#1982 = VERTEX_POINT('',#1983);
#1983 = CARTESIAN_POINT('',(-179.203293847,169.70525580953,70.51));
#1984 = LINE('',#1985,#1986);
#1985 = CARTESIAN_POINT('',(-179.203293847,168.28025580953,70.51));
#1986 = VECTOR('',#1987,1.);
#1987 = DIRECTION('',(0.,-1.,0.));
#1988 = ORIENTED_EDGE('',*,*,#1989,.T.);
#1989 = EDGE_CURVE('',#1982,#1990,#1992,.T.);
#1990 = VERTEX_POINT('',#1991);
#1991 = CARTESIAN_POINT('',(-179.203293847,169.70525580953,69.51));
#1992 = LINE('',#1993,#1994);
#1993 = CARTESIAN_POINT('',(-179.203293847,169.70525580953,69.01));
#1994 = VECTOR('',#1995,1.);
#1995 = DIRECTION('',(-0.,0.,-1.));
#1996 = ORIENTED_EDGE('',*,*,#1997,.F.);
#1997 = EDGE_CURVE('',#1998,#1990,#2000,.T.);
#1998 = VERTEX_POINT('',#1999);
#1999 = CARTESIAN_POINT('',(-179.203293847,170.70525580953,69.51));
#2000 = LINE('',#2001,#2002);
#2001 = CARTESIAN_POINT('',(-179.203293847,146.85762790475,69.51));
#2002 = VECTOR('',#2003,1.);
#2003 = DIRECTION('',(0.,-1.,0.));
#2004 = ORIENTED_EDGE('',*,*,#2005,.T.);
#2005 = EDGE_CURVE('',#1998,#2006,#2008,.T.);
#2006 = VERTEX_POINT('',#2007);
#2007 = CARTESIAN_POINT('',(-179.203293847,170.70525580953,70.51));
#2008 = LINE('',#2009,#2010);
#2009 = CARTESIAN_POINT('',(-179.203293847,170.70525580953,69.01));
#2010 = VECTOR('',#2011,1.);
#2011 = DIRECTION('',(0.,0.,1.));
#2012 = ORIENTED_EDGE('',*,*,#2013,.F.);
#2013 = EDGE_CURVE('',#2014,#2006,#2016,.T.);
#2014 = VERTEX_POINT('',#2015);
#2015 = CARTESIAN_POINT('',(-179.203293847,172.20525580953,70.51));
#2016 = LINE('',#2017,#2018);
#2017 = CARTESIAN_POINT('',(-179.203293847,168.28025580953,70.51));
#2018 = VECTOR('',#2019,1.);
#2019 = DIRECTION('',(0.,-1.,0.));
#2020 = ORIENTED_EDGE('',*,*,#2021,.T.);
#2021 = EDGE_CURVE('',#2014,#2022,#2024,.T.);
#2022 = VERTEX_POINT('',#2023);
#2023 = CARTESIAN_POINT('',(-179.203293847,172.20525580953,69.51));
#2024 = LINE('',#2025,#2026);
#2025 = CARTESIAN_POINT('',(-179.203293847,172.20525580953,69.01));
#2026 = VECTOR('',#2027,1.);
#2027 = DIRECTION('',(-0.,0.,-1.));
#2028 = ORIENTED_EDGE('',*,*,#2029,.F.);
#2029 = EDGE_CURVE('',#2030,#2022,#2032,.T.);
#2030 = VERTEX_POINT('',#2031);
#2031 = CARTESIAN_POINT('',(-179.203293847,173.20525580953,69.51));
#2032 = LINE('',#2033,#2034);
#2033 = CARTESIAN_POINT('',(-179.203293847,146.85762790475,69.51));
#2034 = VECTOR('',#2035,1.);
#2035 = DIRECTION('',(0.,-1.,0.));
#2036 = ORIENTED_EDGE('',*,*,#2037,.T.);
#2037 = EDGE_CURVE('',#2030,#2038,#2040,.T.);
#2038 = VERTEX_POINT('',#2039);
#2039 = CARTESIAN_POINT('',(-179.203293847,173.20525580953,70.51));
#2040 = LINE('',#2041,#2042);
#2041 = CARTESIAN_POINT('',(-179.203293847,173.20525580953,69.01));
#2042 = VECTOR('',#2043,1.);
#2043 = DIRECTION('',(0.,0.,1.));
#2044 = ORIENTED_EDGE('',*,*,#2045,.F.);
#2045 = EDGE_CURVE('',#2046,#2038,#2048,.T.);
#2046 = VERTEX_POINT('',#2047);
#2047 = CARTESIAN_POINT('',(-179.203293847,174.74881126081,70.51));
#2048 = LINE('',#2049,#2050);
#2049 = CARTESIAN_POINT('',(-179.203293847,168.28025580953,70.51));
#2050 = VECTOR('',#2051,1.);
#2051 = DIRECTION('',(0.,-1.,0.));
#2052 = ORIENTED_EDGE('',*,*,#2053,.T.);
#2053 = EDGE_CURVE('',#2046,#2054,#2056,.T.);
#2054 = VERTEX_POINT('',#2055);
#2055 = CARTESIAN_POINT('',(-179.203293847,174.74881126081,69.51));
#2056 = LINE('',#2057,#2058);
#2057 = CARTESIAN_POINT('',(-179.203293847,174.74881126081,69.01));
#2058 = VECTOR('',#2059,1.);
#2059 = DIRECTION('',(-0.,0.,-1.));
#2060 = ORIENTED_EDGE('',*,*,#2061,.F.);
#2061 = EDGE_CURVE('',#2062,#2054,#2064,.T.);
#2062 = VERTEX_POINT('',#2063);
#2063 = CARTESIAN_POINT('',(-179.203293847,175.41012819512,69.51));
#2064 = LINE('',#2065,#2066);
#2065 = CARTESIAN_POINT('',(-179.203293847,146.85762790475,69.51));
#2066 = VECTOR('',#2067,1.);
#2067 = DIRECTION('',(0.,-1.,0.));
#2068 = ORIENTED_EDGE('',*,*,#2069,.T.);
#2069 = EDGE_CURVE('',#2062,#2070,#2072,.T.);
#2070 = VERTEX_POINT('',#2071);
#2071 = CARTESIAN_POINT('',(-179.203293847,175.41012819512,70.51));
#2072 = LINE('',#2073,#2074);
#2073 = CARTESIAN_POINT('',(-179.203293847,175.41012819512,69.01));
#2074 = VECTOR('',#2075,1.);
#2075 = DIRECTION('',(0.,0.,1.));
#2076 = ORIENTED_EDGE('',*,*,#2077,.F.);
#2077 = EDGE_CURVE('',#2078,#2070,#2080,.T.);
#2078 = VERTEX_POINT('',#2079);
#2079 = CARTESIAN_POINT('',(-179.203293847,176.05525580953,70.51));
#2080 = LINE('',#2081,#2082);
#2081 = CARTESIAN_POINT('',(-179.203293847,168.28025580953,70.51));
#2082 = VECTOR('',#2083,1.);
#2083 = DIRECTION('',(0.,-1.,0.));
#2084 = ORIENTED_EDGE('',*,*,#2085,.T.);
#2085 = EDGE_CURVE('',#2078,#2086,#2088,.T.);
#2086 = VERTEX_POINT('',#2087);
#2087 = CARTESIAN_POINT('',(-179.203293847,176.05525580953,69.51));
#2088 = LINE('',#2089,#2090);
#2089 = CARTESIAN_POINT('',(-179.203293847,176.05525580953,69.01));
#2090 = VECTOR('',#2091,1.);
#2091 = DIRECTION('',(-0.,0.,-1.));
#2092 = ORIENTED_EDGE('',*,*,#2093,.F.);
#2093 = EDGE_CURVE('',#1775,#2086,#2094,.T.);
#2094 = LINE('',#2095,#2096);
#2095 = CARTESIAN_POINT('',(-179.203293847,146.85762790475,69.51));
#2096 = VECTOR('',#2097,1.);
#2097 = DIRECTION('',(0.,-1.,0.));
#2098 = ORIENTED_EDGE('',*,*,#1774,.T.);
#2099 = ORIENTED_EDGE('',*,*,#262,.T.);
#2100 = PLANE('',#2101);
#2101 = AXIS2_PLACEMENT_3D('',#2102,#2103,#2104);
#2102 = CARTESIAN_POINT('',(-179.203293847,165.10525580953,68.51));
#2103 = DIRECTION('',(1.,0.,-0.));
#2104 = DIRECTION('',(0.,0.,1.));
#2105 = ADVANCED_FACE('',(#2106),#2149,.T.);
#2106 = FACE_BOUND('',#2107,.T.);
#2107 = EDGE_LOOP('',(#2108,#2109,#2117,#2125,#2133,#2141,#2147,#2148));
#2108 = ORIENTED_EDGE('',*,*,#1925,.F.);
#2109 = ORIENTED_EDGE('',*,*,#2110,.F.);
#2110 = EDGE_CURVE('',#2111,#1926,#2113,.T.);
#2111 = VERTEX_POINT('',#2112);
#2112 = CARTESIAN_POINT('',(-184.453293847,165.10525580953,69.51));
#2113 = LINE('',#2114,#2115);
#2114 = CARTESIAN_POINT('',(-199.6360219235,165.10525580953,69.51));
#2115 = VECTOR('',#2116,1.);
#2116 = DIRECTION('',(1.,0.,0.));
#2117 = ORIENTED_EDGE('',*,*,#2118,.T.);
#2118 = EDGE_CURVE('',#2111,#2119,#2121,.T.);
#2119 = VERTEX_POINT('',#2120);
#2120 = CARTESIAN_POINT('',(-184.453293847,165.10525580953,70.51));
#2121 = LINE('',#2122,#2123);
#2122 = CARTESIAN_POINT('',(-184.453293847,165.10525580953,69.01));
#2123 = VECTOR('',#2124,1.);
#2124 = DIRECTION('',(0.,-0.,1.));
#2125 = ORIENTED_EDGE('',*,*,#2126,.F.);
#2126 = EDGE_CURVE('',#2127,#2119,#2129,.T.);
#2127 = VERTEX_POINT('',#2128);
#2128 = CARTESIAN_POINT('',(-186.953293847,165.10525580953,70.51));
#2129 = LINE('',#2130,#2131);
#2130 = CARTESIAN_POINT('',(-188.8282938481,165.10525580953,70.51));
#2131 = VECTOR('',#2132,1.);
#2132 = DIRECTION('',(1.,0.,0.));
#2133 = ORIENTED_EDGE('',*,*,#2134,.T.);
#2134 = EDGE_CURVE('',#2127,#2135,#2137,.T.);
#2135 = VERTEX_POINT('',#2136);
#2136 = CARTESIAN_POINT('',(-186.953293847,165.10525580953,69.51));
#2137 = LINE('',#2138,#2139);
#2138 = CARTESIAN_POINT('',(-186.953293847,165.10525580953,69.01));
#2139 = VECTOR('',#2140,1.);
#2140 = DIRECTION('',(0.,0.,-1.));
#2141 = ORIENTED_EDGE('',*,*,#2142,.F.);
#2142 = EDGE_CURVE('',#1838,#2135,#2143,.T.);
#2143 = LINE('',#2144,#2145);
#2144 = CARTESIAN_POINT('',(-199.6360219235,165.10525580953,69.51));
#2145 = VECTOR('',#2146,1.);
#2146 = DIRECTION('',(1.,0.,0.));
#2147 = ORIENTED_EDGE('',*,*,#1837,.T.);
#2148 = ORIENTED_EDGE('',*,*,#254,.T.);
#2149 = PLANE('',#2150);
#2150 = AXIS2_PLACEMENT_3D('',#2151,#2152,#2153);
#2151 = CARTESIAN_POINT('',(-192.203293847,165.10525580953,68.51));
#2152 = DIRECTION('',(-0.,1.,0.));
#2153 = DIRECTION('',(0.,0.,1.));
#2154 = ADVANCED_FACE('',(#2155),#2174,.F.);
#2155 = FACE_BOUND('',#2156,.F.);
#2156 = EDGE_LOOP('',(#2157,#2165,#2166,#2167));
#2157 = ORIENTED_EDGE('',*,*,#2158,.T.);
#2158 = EDGE_CURVE('',#2159,#271,#2161,.T.);
#2159 = VERTEX_POINT('',#2160);
#2160 = CARTESIAN_POINT('',(-170.6,170.5,69.51));
#2161 = LINE('',#2162,#2163);
#2162 = CARTESIAN_POINT('',(-170.6,170.5,69.51));
#2163 = VECTOR('',#2164,1.);
#2164 = DIRECTION('',(0.,0.,1.));
#2165 = ORIENTED_EDGE('',*,*,#270,.T.);
#2166 = ORIENTED_EDGE('',*,*,#2158,.F.);
#2167 = ORIENTED_EDGE('',*,*,#2168,.T.);
#2168 = EDGE_CURVE('',#2159,#2159,#2169,.T.);
#2169 = CIRCLE('',#2170,1.1);
#2170 = AXIS2_PLACEMENT_3D('',#2171,#2172,#2173);
#2171 = CARTESIAN_POINT('',(-169.5,170.5,69.51));
#2172 = DIRECTION('',(0.,0.,1.));
#2173 = DIRECTION('',(1.,0.,0.));
#2174 = CYLINDRICAL_SURFACE('',#2175,1.1);
#2175 = AXIS2_PLACEMENT_3D('',#2176,#2177,#2178);
#2176 = CARTESIAN_POINT('',(-169.5,170.5,69.51));
#2177 = DIRECTION('',(0.,0.,1.));
#2178 = DIRECTION('',(1.,0.,0.));
#2179 = ADVANCED_FACE('',(#2180),#2205,.F.);
#2180 = FACE_BOUND('',#2181,.F.);
#2181 = EDGE_LOOP('',(#2182,#2190,#2198,#2204));
#2182 = ORIENTED_EDGE('',*,*,#2183,.T.);
#2183 = EDGE_CURVE('',#284,#2184,#2186,.T.);
#2184 = VERTEX_POINT('',#2185);
#2185 = CARTESIAN_POINT('',(-207.025,142.86,70.01));
#2186 = LINE('',#2187,#2188);
#2187 = CARTESIAN_POINT('',(-207.025,142.86,82.995));
#2188 = VECTOR('',#2189,1.);
#2189 = DIRECTION('',(0.,0.,-1.));
#2190 = ORIENTED_EDGE('',*,*,#2191,.F.);
#2191 = EDGE_CURVE('',#2192,#2184,#2194,.T.);
#2192 = VERTEX_POINT('',#2193);
#2193 = CARTESIAN_POINT('',(-193.025,142.86,70.01));
#2194 = LINE('',#2195,#2196);
#2195 = CARTESIAN_POINT('',(-192.625,142.86,70.01));
#2196 = VECTOR('',#2197,1.);
#2197 = DIRECTION('',(-1.,0.,0.));
#2198 = ORIENTED_EDGE('',*,*,#2199,.F.);
#2199 = EDGE_CURVE('',#282,#2192,#2200,.T.);
#2200 = LINE('',#2201,#2202);
#2201 = CARTESIAN_POINT('',(-193.025,142.86,82.995));
#2202 = VECTOR('',#2203,1.);
#2203 = DIRECTION('',(0.,0.,-1.));
#2204 = ORIENTED_EDGE('',*,*,#281,.T.);
#2205 = PLANE('',#2206);
#2206 = AXIS2_PLACEMENT_3D('',#2207,#2208,#2209);
#2207 = CARTESIAN_POINT('',(-193.025,142.86,82.995));
#2208 = DIRECTION('',(0.,-1.,0.));
#2209 = DIRECTION('',(-1.,0.,0.));
#2210 = ADVANCED_FACE('',(#2211),#2229,.F.);
#2211 = FACE_BOUND('',#2212,.F.);
#2212 = EDGE_LOOP('',(#2213,#2214,#2222,#2228));
#2213 = ORIENTED_EDGE('',*,*,#2199,.T.);
#2214 = ORIENTED_EDGE('',*,*,#2215,.F.);
#2215 = EDGE_CURVE('',#2216,#2192,#2218,.T.);
#2216 = VERTEX_POINT('',#2217);
#2217 = CARTESIAN_POINT('',(-193.025,156.86,70.01));
#2218 = LINE('',#2219,#2220);
#2219 = CARTESIAN_POINT('',(-193.025,157.26,70.01));
#2220 = VECTOR('',#2221,1.);
#2221 = DIRECTION('',(0.,-1.,0.));
#2222 = ORIENTED_EDGE('',*,*,#2223,.F.);
#2223 = EDGE_CURVE('',#292,#2216,#2224,.T.);
#2224 = LINE('',#2225,#2226);
#2225 = CARTESIAN_POINT('',(-193.025,156.86,82.995));
#2226 = VECTOR('',#2227,1.);
#2227 = DIRECTION('',(0.,0.,-1.));
#2228 = ORIENTED_EDGE('',*,*,#291,.T.);
#2229 = PLANE('',#2230);
#2230 = AXIS2_PLACEMENT_3D('',#2231,#2232,#2233);
#2231 = CARTESIAN_POINT('',(-193.025,156.86,82.995));
#2232 = DIRECTION('',(1.,0.,0.));
#2233 = DIRECTION('',(0.,-1.,0.));
#2234 = ADVANCED_FACE('',(#2235),#2253,.F.);
#2235 = FACE_BOUND('',#2236,.F.);
#2236 = EDGE_LOOP('',(#2237,#2245,#2251,#2252));
#2237 = ORIENTED_EDGE('',*,*,#2238,.T.);
#2238 = EDGE_CURVE('',#300,#2239,#2241,.T.);
#2239 = VERTEX_POINT('',#2240);
#2240 = CARTESIAN_POINT('',(-207.025,156.86,70.01));
#2241 = LINE('',#2242,#2243);
#2242 = CARTESIAN_POINT('',(-207.025,156.86,82.995));
#2243 = VECTOR('',#2244,1.);
#2244 = DIRECTION('',(0.,0.,-1.));
#2245 = ORIENTED_EDGE('',*,*,#2246,.F.);
#2246 = EDGE_CURVE('',#2184,#2239,#2247,.T.);
#2247 = LINE('',#2248,#2249);
#2248 = CARTESIAN_POINT('',(-207.025,150.26,70.01));
#2249 = VECTOR('',#2250,1.);
#2250 = DIRECTION('',(0.,1.,0.));
#2251 = ORIENTED_EDGE('',*,*,#2183,.F.);
#2252 = ORIENTED_EDGE('',*,*,#307,.T.);
#2253 = PLANE('',#2254);
#2254 = AXIS2_PLACEMENT_3D('',#2255,#2256,#2257);
#2255 = CARTESIAN_POINT('',(-207.025,142.86,82.995));
#2256 = DIRECTION('',(-1.,0.,0.));
#2257 = DIRECTION('',(0.,1.,0.));
#2258 = ADVANCED_FACE('',(#2259),#2270,.F.);
#2259 = FACE_BOUND('',#2260,.F.);
#2260 = EDGE_LOOP('',(#2261,#2262,#2268,#2269));
#2261 = ORIENTED_EDGE('',*,*,#2223,.T.);
#2262 = ORIENTED_EDGE('',*,*,#2263,.F.);
#2263 = EDGE_CURVE('',#2239,#2216,#2264,.T.);
#2264 = LINE('',#2265,#2266);
#2265 = CARTESIAN_POINT('',(-199.625,156.86,70.01));
#2266 = VECTOR('',#2267,1.);
#2267 = DIRECTION('',(1.,0.,0.));
#2268 = ORIENTED_EDGE('',*,*,#2238,.F.);
#2269 = ORIENTED_EDGE('',*,*,#299,.T.);
#2270 = PLANE('',#2271);
#2271 = AXIS2_PLACEMENT_3D('',#2272,#2273,#2274);
#2272 = CARTESIAN_POINT('',(-207.025,156.86,82.995));
#2273 = DIRECTION('',(0.,1.,0.));
#2274 = DIRECTION('',(1.,0.,0.));
#2275 = ADVANCED_FACE('',(#2276),#2301,.F.);
#2276 = FACE_BOUND('',#2277,.F.);
#2277 = EDGE_LOOP('',(#2278,#2286,#2294,#2300));
#2278 = ORIENTED_EDGE('',*,*,#2279,.T.);
#2279 = EDGE_CURVE('',#318,#2280,#2282,.T.);
#2280 = VERTEX_POINT('',#2281);
#2281 = CARTESIAN_POINT('',(-187.975,142.86,70.01));
#2282 = LINE('',#2283,#2284);
#2283 = CARTESIAN_POINT('',(-187.975,142.86,82.995));
#2284 = VECTOR('',#2285,1.);
#2285 = DIRECTION('',(0.,0.,-1.));
#2286 = ORIENTED_EDGE('',*,*,#2287,.F.);
#2287 = EDGE_CURVE('',#2288,#2280,#2290,.T.);
#2288 = VERTEX_POINT('',#2289);
#2289 = CARTESIAN_POINT('',(-173.975,142.86,70.01));
#2290 = LINE('',#2291,#2292);
#2291 = CARTESIAN_POINT('',(-173.575,142.86,70.01));
#2292 = VECTOR('',#2293,1.);
#2293 = DIRECTION('',(-1.,0.,0.));
#2294 = ORIENTED_EDGE('',*,*,#2295,.F.);
#2295 = EDGE_CURVE('',#316,#2288,#2296,.T.);
#2296 = LINE('',#2297,#2298);
#2297 = CARTESIAN_POINT('',(-173.975,142.86,82.995));
#2298 = VECTOR('',#2299,1.);
#2299 = DIRECTION('',(0.,0.,-1.));
#2300 = ORIENTED_EDGE('',*,*,#315,.T.);
#2301 = PLANE('',#2302);
#2302 = AXIS2_PLACEMENT_3D('',#2303,#2304,#2305);
#2303 = CARTESIAN_POINT('',(-173.975,142.86,82.995));
#2304 = DIRECTION('',(0.,-1.,0.));
#2305 = DIRECTION('',(-1.,0.,0.));
#2306 = ADVANCED_FACE('',(#2307),#2325,.F.);
#2307 = FACE_BOUND('',#2308,.F.);
#2308 = EDGE_LOOP('',(#2309,#2310,#2318,#2324));
#2309 = ORIENTED_EDGE('',*,*,#2295,.T.);
#2310 = ORIENTED_EDGE('',*,*,#2311,.F.);
#2311 = EDGE_CURVE('',#2312,#2288,#2314,.T.);
#2312 = VERTEX_POINT('',#2313);
#2313 = CARTESIAN_POINT('',(-173.975,156.86,70.01));
#2314 = LINE('',#2315,#2316);
#2315 = CARTESIAN_POINT('',(-173.975,157.26,70.01));
#2316 = VECTOR('',#2317,1.);
#2317 = DIRECTION('',(0.,-1.,0.));
#2318 = ORIENTED_EDGE('',*,*,#2319,.F.);
#2319 = EDGE_CURVE('',#326,#2312,#2320,.T.);
#2320 = LINE('',#2321,#2322);
#2321 = CARTESIAN_POINT('',(-173.975,156.86,82.995));
#2322 = VECTOR('',#2323,1.);
#2323 = DIRECTION('',(0.,0.,-1.));
#2324 = ORIENTED_EDGE('',*,*,#325,.T.);
#2325 = PLANE('',#2326);
#2326 = AXIS2_PLACEMENT_3D('',#2327,#2328,#2329);
#2327 = CARTESIAN_POINT('',(-173.975,156.86,82.995));
#2328 = DIRECTION('',(1.,0.,0.));
#2329 = DIRECTION('',(0.,-1.,0.));
#2330 = ADVANCED_FACE('',(#2331),#2349,.F.);
#2331 = FACE_BOUND('',#2332,.F.);
#2332 = EDGE_LOOP('',(#2333,#2341,#2347,#2348));
#2333 = ORIENTED_EDGE('',*,*,#2334,.T.);
#2334 = EDGE_CURVE('',#334,#2335,#2337,.T.);
#2335 = VERTEX_POINT('',#2336);
#2336 = CARTESIAN_POINT('',(-187.975,156.86,70.01));
#2337 = LINE('',#2338,#2339);
#2338 = CARTESIAN_POINT('',(-187.975,156.86,82.995));
#2339 = VECTOR('',#2340,1.);
#2340 = DIRECTION('',(0.,0.,-1.));
#2341 = ORIENTED_EDGE('',*,*,#2342,.F.);
#2342 = EDGE_CURVE('',#2280,#2335,#2343,.T.);
#2343 = LINE('',#2344,#2345);
#2344 = CARTESIAN_POINT('',(-187.975,150.26,70.01));
#2345 = VECTOR('',#2346,1.);
#2346 = DIRECTION('',(0.,1.,0.));
#2347 = ORIENTED_EDGE('',*,*,#2279,.F.);
#2348 = ORIENTED_EDGE('',*,*,#341,.T.);
#2349 = PLANE('',#2350);
#2350 = AXIS2_PLACEMENT_3D('',#2351,#2352,#2353);
#2351 = CARTESIAN_POINT('',(-187.975,142.86,82.995));
#2352 = DIRECTION('',(-1.,0.,0.));
#2353 = DIRECTION('',(0.,1.,0.));
#2354 = ADVANCED_FACE('',(#2355),#2366,.F.);
#2355 = FACE_BOUND('',#2356,.F.);
#2356 = EDGE_LOOP('',(#2357,#2358,#2364,#2365));
#2357 = ORIENTED_EDGE('',*,*,#2319,.T.);
#2358 = ORIENTED_EDGE('',*,*,#2359,.F.);
#2359 = EDGE_CURVE('',#2335,#2312,#2360,.T.);
#2360 = LINE('',#2361,#2362);
#2361 = CARTESIAN_POINT('',(-180.575,156.86,70.01));
#2362 = VECTOR('',#2363,1.);
#2363 = DIRECTION('',(1.,0.,0.));
#2364 = ORIENTED_EDGE('',*,*,#2334,.F.);
#2365 = ORIENTED_EDGE('',*,*,#333,.T.);
#2366 = PLANE('',#2367);
#2367 = AXIS2_PLACEMENT_3D('',#2368,#2369,#2370);
#2368 = CARTESIAN_POINT('',(-187.975,156.86,82.995));
#2369 = DIRECTION('',(0.,1.,0.));
#2370 = DIRECTION('',(1.,0.,0.));
#2371 = ADVANCED_FACE('',(#2372),#2391,.F.);
#2372 = FACE_BOUND('',#2373,.F.);
#2373 = EDGE_LOOP('',(#2374,#2382,#2383,#2384));
#2374 = ORIENTED_EDGE('',*,*,#2375,.T.);
#2375 = EDGE_CURVE('',#2376,#350,#2378,.T.);
#2376 = VERTEX_POINT('',#2377);
#2377 = CARTESIAN_POINT('',(-167.7875,138.0057,69.51));
#2378 = LINE('',#2379,#2380);
#2379 = CARTESIAN_POINT('',(-167.7875,138.0057,69.51));
#2380 = VECTOR('',#2381,1.);
#2381 = DIRECTION('',(0.,0.,1.));
#2382 = ORIENTED_EDGE('',*,*,#349,.T.);
#2383 = ORIENTED_EDGE('',*,*,#2375,.F.);
#2384 = ORIENTED_EDGE('',*,*,#2385,.T.);
#2385 = EDGE_CURVE('',#2376,#2376,#2386,.T.);
#2386 = CIRCLE('',#2387,1.1);
#2387 = AXIS2_PLACEMENT_3D('',#2388,#2389,#2390);
#2388 = CARTESIAN_POINT('',(-166.6875,138.0057,69.51));
#2389 = DIRECTION('',(0.,0.,1.));
#2390 = DIRECTION('',(1.,0.,0.));
#2391 = CYLINDRICAL_SURFACE('',#2392,1.1);
#2392 = AXIS2_PLACEMENT_3D('',#2393,#2394,#2395);
#2393 = CARTESIAN_POINT('',(-166.6875,138.0057,69.51));
#2394 = DIRECTION('',(0.,0.,1.));
#2395 = DIRECTION('',(1.,0.,0.));
#2396 = ADVANCED_FACE('',(#2397),#2422,.F.);
#2397 = FACE_BOUND('',#2398,.F.);
#2398 = EDGE_LOOP('',(#2399,#2407,#2415,#2421));
#2399 = ORIENTED_EDGE('',*,*,#2400,.T.);
#2400 = EDGE_CURVE('',#363,#2401,#2403,.T.);
#2401 = VERTEX_POINT('',#2402);
#2402 = CARTESIAN_POINT('',(-245.125,123.81,70.01));
#2403 = LINE('',#2404,#2405);
#2404 = CARTESIAN_POINT('',(-245.125,123.81,82.995));
#2405 = VECTOR('',#2406,1.);
#2406 = DIRECTION('',(0.,0.,-1.));
#2407 = ORIENTED_EDGE('',*,*,#2408,.F.);
#2408 = EDGE_CURVE('',#2409,#2401,#2411,.T.);
#2409 = VERTEX_POINT('',#2410);
#2410 = CARTESIAN_POINT('',(-231.125,123.81,70.01));
#2411 = LINE('',#2412,#2413);
#2412 = CARTESIAN_POINT('',(-230.725,123.81,70.01));
#2413 = VECTOR('',#2414,1.);
#2414 = DIRECTION('',(-1.,0.,0.));
#2415 = ORIENTED_EDGE('',*,*,#2416,.F.);
#2416 = EDGE_CURVE('',#361,#2409,#2417,.T.);
#2417 = LINE('',#2418,#2419);
#2418 = CARTESIAN_POINT('',(-231.125,123.81,82.995));
#2419 = VECTOR('',#2420,1.);
#2420 = DIRECTION('',(0.,0.,-1.));
#2421 = ORIENTED_EDGE('',*,*,#360,.T.);
#2422 = PLANE('',#2423);
#2423 = AXIS2_PLACEMENT_3D('',#2424,#2425,#2426);
#2424 = CARTESIAN_POINT('',(-231.125,123.81,82.995));
#2425 = DIRECTION('',(0.,-1.,0.));
#2426 = DIRECTION('',(-1.,0.,0.));
#2427 = ADVANCED_FACE('',(#2428),#2446,.F.);
#2428 = FACE_BOUND('',#2429,.F.);
#2429 = EDGE_LOOP('',(#2430,#2431,#2439,#2445));
#2430 = ORIENTED_EDGE('',*,*,#2416,.T.);
#2431 = ORIENTED_EDGE('',*,*,#2432,.F.);
#2432 = EDGE_CURVE('',#2433,#2409,#2435,.T.);
#2433 = VERTEX_POINT('',#2434);
#2434 = CARTESIAN_POINT('',(-231.125,137.81,70.01));
#2435 = LINE('',#2436,#2437);
#2436 = CARTESIAN_POINT('',(-231.125,138.21,70.01));
#2437 = VECTOR('',#2438,1.);
#2438 = DIRECTION('',(0.,-1.,0.));
#2439 = ORIENTED_EDGE('',*,*,#2440,.F.);
#2440 = EDGE_CURVE('',#371,#2433,#2441,.T.);
#2441 = LINE('',#2442,#2443);
#2442 = CARTESIAN_POINT('',(-231.125,137.81,82.995));
#2443 = VECTOR('',#2444,1.);
#2444 = DIRECTION('',(0.,0.,-1.));
#2445 = ORIENTED_EDGE('',*,*,#370,.T.);
#2446 = PLANE('',#2447);
#2447 = AXIS2_PLACEMENT_3D('',#2448,#2449,#2450);
#2448 = CARTESIAN_POINT('',(-231.125,137.81,82.995));
#2449 = DIRECTION('',(1.,0.,0.));
#2450 = DIRECTION('',(0.,-1.,0.));
#2451 = ADVANCED_FACE('',(#2452),#2470,.F.);
#2452 = FACE_BOUND('',#2453,.F.);
#2453 = EDGE_LOOP('',(#2454,#2462,#2468,#2469));
#2454 = ORIENTED_EDGE('',*,*,#2455,.T.);
#2455 = EDGE_CURVE('',#379,#2456,#2458,.T.);
#2456 = VERTEX_POINT('',#2457);
#2457 = CARTESIAN_POINT('',(-245.125,137.81,70.01));
#2458 = LINE('',#2459,#2460);
#2459 = CARTESIAN_POINT('',(-245.125,137.81,82.995));
#2460 = VECTOR('',#2461,1.);
#2461 = DIRECTION('',(0.,0.,-1.));
#2462 = ORIENTED_EDGE('',*,*,#2463,.F.);
#2463 = EDGE_CURVE('',#2401,#2456,#2464,.T.);
#2464 = LINE('',#2465,#2466);
#2465 = CARTESIAN_POINT('',(-245.125,131.21,70.01));
#2466 = VECTOR('',#2467,1.);
#2467 = DIRECTION('',(0.,1.,0.));
#2468 = ORIENTED_EDGE('',*,*,#2400,.F.);
#2469 = ORIENTED_EDGE('',*,*,#386,.T.);
#2470 = PLANE('',#2471);
#2471 = AXIS2_PLACEMENT_3D('',#2472,#2473,#2474);
#2472 = CARTESIAN_POINT('',(-245.125,123.81,82.995));
#2473 = DIRECTION('',(-1.,0.,0.));
#2474 = DIRECTION('',(0.,1.,0.));
#2475 = ADVANCED_FACE('',(#2476),#2487,.F.);
#2476 = FACE_BOUND('',#2477,.F.);
#2477 = EDGE_LOOP('',(#2478,#2479,#2485,#2486));
#2478 = ORIENTED_EDGE('',*,*,#2440,.T.);
#2479 = ORIENTED_EDGE('',*,*,#2480,.F.);
#2480 = EDGE_CURVE('',#2456,#2433,#2481,.T.);
#2481 = LINE('',#2482,#2483);
#2482 = CARTESIAN_POINT('',(-237.725,137.81,70.01));
#2483 = VECTOR('',#2484,1.);
#2484 = DIRECTION('',(1.,0.,0.));
#2485 = ORIENTED_EDGE('',*,*,#2455,.F.);
#2486 = ORIENTED_EDGE('',*,*,#378,.T.);
#2487 = PLANE('',#2488);
#2488 = AXIS2_PLACEMENT_3D('',#2489,#2490,#2491);
#2489 = CARTESIAN_POINT('',(-245.125,137.81,82.995));
#2490 = DIRECTION('',(0.,1.,0.));
#2491 = DIRECTION('',(1.,0.,0.));
#2492 = ADVANCED_FACE('',(#2493),#2518,.F.);
#2493 = FACE_BOUND('',#2494,.F.);
#2494 = EDGE_LOOP('',(#2495,#2503,#2511,#2517));
#2495 = ORIENTED_EDGE('',*,*,#2496,.T.);
#2496 = EDGE_CURVE('',#397,#2497,#2499,.T.);
#2497 = VERTEX_POINT('',#2498);
#2498 = CARTESIAN_POINT('',(-245.125,104.76,70.01));
#2499 = LINE('',#2500,#2501);
#2500 = CARTESIAN_POINT('',(-245.125,104.76,82.995));
#2501 = VECTOR('',#2502,1.);
#2502 = DIRECTION('',(0.,0.,-1.));
#2503 = ORIENTED_EDGE('',*,*,#2504,.F.);
#2504 = EDGE_CURVE('',#2505,#2497,#2507,.T.);
#2505 = VERTEX_POINT('',#2506);
#2506 = CARTESIAN_POINT('',(-231.125,104.76,70.01));
#2507 = LINE('',#2508,#2509);
#2508 = CARTESIAN_POINT('',(-230.725,104.76,70.01));
#2509 = VECTOR('',#2510,1.);
#2510 = DIRECTION('',(-1.,0.,0.));
#2511 = ORIENTED_EDGE('',*,*,#2512,.F.);
#2512 = EDGE_CURVE('',#395,#2505,#2513,.T.);
#2513 = LINE('',#2514,#2515);
#2514 = CARTESIAN_POINT('',(-231.125,104.76,82.995));
#2515 = VECTOR('',#2516,1.);
#2516 = DIRECTION('',(0.,0.,-1.));
#2517 = ORIENTED_EDGE('',*,*,#394,.T.);
#2518 = PLANE('',#2519);
#2519 = AXIS2_PLACEMENT_3D('',#2520,#2521,#2522);
#2520 = CARTESIAN_POINT('',(-231.125,104.76,82.995));
#2521 = DIRECTION('',(0.,-1.,0.));
#2522 = DIRECTION('',(-1.,0.,0.));
#2523 = ADVANCED_FACE('',(#2524),#2542,.F.);
#2524 = FACE_BOUND('',#2525,.F.);
#2525 = EDGE_LOOP('',(#2526,#2527,#2535,#2541));
#2526 = ORIENTED_EDGE('',*,*,#2512,.T.);
#2527 = ORIENTED_EDGE('',*,*,#2528,.F.);
#2528 = EDGE_CURVE('',#2529,#2505,#2531,.T.);
#2529 = VERTEX_POINT('',#2530);
#2530 = CARTESIAN_POINT('',(-231.125,118.76,70.01));
#2531 = LINE('',#2532,#2533);
#2532 = CARTESIAN_POINT('',(-231.125,119.16,70.01));
#2533 = VECTOR('',#2534,1.);
#2534 = DIRECTION('',(0.,-1.,0.));
#2535 = ORIENTED_EDGE('',*,*,#2536,.F.);
#2536 = EDGE_CURVE('',#405,#2529,#2537,.T.);
#2537 = LINE('',#2538,#2539);
#2538 = CARTESIAN_POINT('',(-231.125,118.76,82.995));
#2539 = VECTOR('',#2540,1.);
#2540 = DIRECTION('',(0.,0.,-1.));
#2541 = ORIENTED_EDGE('',*,*,#404,.T.);
#2542 = PLANE('',#2543);
#2543 = AXIS2_PLACEMENT_3D('',#2544,#2545,#2546);
#2544 = CARTESIAN_POINT('',(-231.125,118.76,82.995));
#2545 = DIRECTION('',(1.,0.,0.));
#2546 = DIRECTION('',(0.,-1.,0.));
#2547 = ADVANCED_FACE('',(#2548),#2566,.F.);
#2548 = FACE_BOUND('',#2549,.F.);
#2549 = EDGE_LOOP('',(#2550,#2558,#2564,#2565));
#2550 = ORIENTED_EDGE('',*,*,#2551,.T.);
#2551 = EDGE_CURVE('',#413,#2552,#2554,.T.);
#2552 = VERTEX_POINT('',#2553);
#2553 = CARTESIAN_POINT('',(-245.125,118.76,70.01));
#2554 = LINE('',#2555,#2556);
#2555 = CARTESIAN_POINT('',(-245.125,118.76,82.995));
#2556 = VECTOR('',#2557,1.);
#2557 = DIRECTION('',(0.,0.,-1.));
#2558 = ORIENTED_EDGE('',*,*,#2559,.F.);
#2559 = EDGE_CURVE('',#2497,#2552,#2560,.T.);
#2560 = LINE('',#2561,#2562);
#2561 = CARTESIAN_POINT('',(-245.125,112.16,70.01));
#2562 = VECTOR('',#2563,1.);
#2563 = DIRECTION('',(0.,1.,0.));
#2564 = ORIENTED_EDGE('',*,*,#2496,.F.);
#2565 = ORIENTED_EDGE('',*,*,#420,.T.);
#2566 = PLANE('',#2567);
#2567 = AXIS2_PLACEMENT_3D('',#2568,#2569,#2570);
#2568 = CARTESIAN_POINT('',(-245.125,104.76,82.995));
#2569 = DIRECTION('',(-1.,0.,0.));
#2570 = DIRECTION('',(0.,1.,0.));
#2571 = ADVANCED_FACE('',(#2572),#2583,.F.);
#2572 = FACE_BOUND('',#2573,.F.);
#2573 = EDGE_LOOP('',(#2574,#2575,#2581,#2582));
#2574 = ORIENTED_EDGE('',*,*,#2536,.T.);
#2575 = ORIENTED_EDGE('',*,*,#2576,.F.);
#2576 = EDGE_CURVE('',#2552,#2529,#2577,.T.);
#2577 = LINE('',#2578,#2579);
#2578 = CARTESIAN_POINT('',(-237.725,118.76,70.01));
#2579 = VECTOR('',#2580,1.);
#2580 = DIRECTION('',(1.,0.,0.));
#2581 = ORIENTED_EDGE('',*,*,#2551,.F.);
#2582 = ORIENTED_EDGE('',*,*,#412,.T.);
#2583 = PLANE('',#2584);
#2584 = AXIS2_PLACEMENT_3D('',#2585,#2586,#2587);
#2585 = CARTESIAN_POINT('',(-245.125,118.76,82.995));
#2586 = DIRECTION('',(0.,1.,0.));
#2587 = DIRECTION('',(1.,0.,0.));
#2588 = ADVANCED_FACE('',(#2589),#2614,.F.);
#2589 = FACE_BOUND('',#2590,.F.);
#2590 = EDGE_LOOP('',(#2591,#2599,#2607,#2613));
#2591 = ORIENTED_EDGE('',*,*,#2592,.T.);
#2592 = EDGE_CURVE('',#431,#2593,#2595,.T.);
#2593 = VERTEX_POINT('',#2594);
#2594 = CARTESIAN_POINT('',(-226.075,123.81,70.01));
#2595 = LINE('',#2596,#2597);
#2596 = CARTESIAN_POINT('',(-226.075,123.81,82.995));
#2597 = VECTOR('',#2598,1.);
#2598 = DIRECTION('',(0.,0.,-1.));
#2599 = ORIENTED_EDGE('',*,*,#2600,.F.);
#2600 = EDGE_CURVE('',#2601,#2593,#2603,.T.);
#2601 = VERTEX_POINT('',#2602);
#2602 = CARTESIAN_POINT('',(-212.075,123.81,70.01));
#2603 = LINE('',#2604,#2605);
#2604 = CARTESIAN_POINT('',(-211.675,123.81,70.01));
#2605 = VECTOR('',#2606,1.);
#2606 = DIRECTION('',(-1.,0.,0.));
#2607 = ORIENTED_EDGE('',*,*,#2608,.F.);
#2608 = EDGE_CURVE('',#429,#2601,#2609,.T.);
#2609 = LINE('',#2610,#2611);
#2610 = CARTESIAN_POINT('',(-212.075,123.81,82.995));
#2611 = VECTOR('',#2612,1.);
#2612 = DIRECTION('',(0.,0.,-1.));
#2613 = ORIENTED_EDGE('',*,*,#428,.T.);
#2614 = PLANE('',#2615);
#2615 = AXIS2_PLACEMENT_3D('',#2616,#2617,#2618);
#2616 = CARTESIAN_POINT('',(-212.075,123.81,82.995));
#2617 = DIRECTION('',(0.,-1.,0.));
#2618 = DIRECTION('',(-1.,0.,0.));
#2619 = ADVANCED_FACE('',(#2620),#2638,.F.);
#2620 = FACE_BOUND('',#2621,.F.);
#2621 = EDGE_LOOP('',(#2622,#2623,#2631,#2637));
#2622 = ORIENTED_EDGE('',*,*,#2608,.T.);
#2623 = ORIENTED_EDGE('',*,*,#2624,.F.);
#2624 = EDGE_CURVE('',#2625,#2601,#2627,.T.);
#2625 = VERTEX_POINT('',#2626);
#2626 = CARTESIAN_POINT('',(-212.075,137.81,70.01));
#2627 = LINE('',#2628,#2629);
#2628 = CARTESIAN_POINT('',(-212.075,138.21,70.01));
#2629 = VECTOR('',#2630,1.);
#2630 = DIRECTION('',(0.,-1.,0.));
#2631 = ORIENTED_EDGE('',*,*,#2632,.F.);
#2632 = EDGE_CURVE('',#439,#2625,#2633,.T.);
#2633 = LINE('',#2634,#2635);
#2634 = CARTESIAN_POINT('',(-212.075,137.81,82.995));
#2635 = VECTOR('',#2636,1.);
#2636 = DIRECTION('',(0.,0.,-1.));
#2637 = ORIENTED_EDGE('',*,*,#438,.T.);
#2638 = PLANE('',#2639);
#2639 = AXIS2_PLACEMENT_3D('',#2640,#2641,#2642);
#2640 = CARTESIAN_POINT('',(-212.075,137.81,82.995));
#2641 = DIRECTION('',(1.,0.,0.));
#2642 = DIRECTION('',(0.,-1.,0.));
#2643 = ADVANCED_FACE('',(#2644),#2662,.F.);
#2644 = FACE_BOUND('',#2645,.F.);
#2645 = EDGE_LOOP('',(#2646,#2654,#2660,#2661));
#2646 = ORIENTED_EDGE('',*,*,#2647,.T.);
#2647 = EDGE_CURVE('',#447,#2648,#2650,.T.);
#2648 = VERTEX_POINT('',#2649);
#2649 = CARTESIAN_POINT('',(-226.075,137.81,70.01));
#2650 = LINE('',#2651,#2652);
#2651 = CARTESIAN_POINT('',(-226.075,137.81,82.995));
#2652 = VECTOR('',#2653,1.);
#2653 = DIRECTION('',(0.,0.,-1.));
#2654 = ORIENTED_EDGE('',*,*,#2655,.F.);
#2655 = EDGE_CURVE('',#2593,#2648,#2656,.T.);
#2656 = LINE('',#2657,#2658);
#2657 = CARTESIAN_POINT('',(-226.075,131.21,70.01));
#2658 = VECTOR('',#2659,1.);
#2659 = DIRECTION('',(0.,1.,0.));
#2660 = ORIENTED_EDGE('',*,*,#2592,.F.);
#2661 = ORIENTED_EDGE('',*,*,#454,.T.);
#2662 = PLANE('',#2663);
#2663 = AXIS2_PLACEMENT_3D('',#2664,#2665,#2666);
#2664 = CARTESIAN_POINT('',(-226.075,123.81,82.995));
#2665 = DIRECTION('',(-1.,0.,0.));
#2666 = DIRECTION('',(0.,1.,0.));
#2667 = ADVANCED_FACE('',(#2668),#2679,.F.);
#2668 = FACE_BOUND('',#2669,.F.);
#2669 = EDGE_LOOP('',(#2670,#2671,#2677,#2678));
#2670 = ORIENTED_EDGE('',*,*,#2632,.T.);
#2671 = ORIENTED_EDGE('',*,*,#2672,.F.);
#2672 = EDGE_CURVE('',#2648,#2625,#2673,.T.);
#2673 = LINE('',#2674,#2675);
#2674 = CARTESIAN_POINT('',(-218.675,137.81,70.01));
#2675 = VECTOR('',#2676,1.);
#2676 = DIRECTION('',(1.,0.,0.));
#2677 = ORIENTED_EDGE('',*,*,#2647,.F.);
#2678 = ORIENTED_EDGE('',*,*,#446,.T.);
#2679 = PLANE('',#2680);
#2680 = AXIS2_PLACEMENT_3D('',#2681,#2682,#2683);
#2681 = CARTESIAN_POINT('',(-226.075,137.81,82.995));
#2682 = DIRECTION('',(0.,1.,0.));
#2683 = DIRECTION('',(1.,0.,0.));
#2684 = ADVANCED_FACE('',(#2685),#2710,.F.);
#2685 = FACE_BOUND('',#2686,.F.);
#2686 = EDGE_LOOP('',(#2687,#2695,#2703,#2709));
#2687 = ORIENTED_EDGE('',*,*,#2688,.T.);
#2688 = EDGE_CURVE('',#465,#2689,#2691,.T.);
#2689 = VERTEX_POINT('',#2690);
#2690 = CARTESIAN_POINT('',(-226.075,104.76,70.01));
#2691 = LINE('',#2692,#2693);
#2692 = CARTESIAN_POINT('',(-226.075,104.76,82.995));
#2693 = VECTOR('',#2694,1.);
#2694 = DIRECTION('',(0.,0.,-1.));
#2695 = ORIENTED_EDGE('',*,*,#2696,.F.);
#2696 = EDGE_CURVE('',#2697,#2689,#2699,.T.);
#2697 = VERTEX_POINT('',#2698);
#2698 = CARTESIAN_POINT('',(-212.075,104.76,70.01));
#2699 = LINE('',#2700,#2701);
#2700 = CARTESIAN_POINT('',(-211.675,104.76,70.01));
#2701 = VECTOR('',#2702,1.);
#2702 = DIRECTION('',(-1.,0.,0.));
#2703 = ORIENTED_EDGE('',*,*,#2704,.F.);
#2704 = EDGE_CURVE('',#463,#2697,#2705,.T.);
#2705 = LINE('',#2706,#2707);
#2706 = CARTESIAN_POINT('',(-212.075,104.76,82.995));
#2707 = VECTOR('',#2708,1.);
#2708 = DIRECTION('',(0.,0.,-1.));
#2709 = ORIENTED_EDGE('',*,*,#462,.T.);
#2710 = PLANE('',#2711);
#2711 = AXIS2_PLACEMENT_3D('',#2712,#2713,#2714);
#2712 = CARTESIAN_POINT('',(-212.075,104.76,82.995));
#2713 = DIRECTION('',(0.,-1.,0.));
#2714 = DIRECTION('',(-1.,0.,0.));
#2715 = ADVANCED_FACE('',(#2716),#2734,.F.);
#2716 = FACE_BOUND('',#2717,.F.);
#2717 = EDGE_LOOP('',(#2718,#2719,#2727,#2733));
#2718 = ORIENTED_EDGE('',*,*,#2704,.T.);
#2719 = ORIENTED_EDGE('',*,*,#2720,.F.);
#2720 = EDGE_CURVE('',#2721,#2697,#2723,.T.);
#2721 = VERTEX_POINT('',#2722);
#2722 = CARTESIAN_POINT('',(-212.075,118.76,70.01));
#2723 = LINE('',#2724,#2725);
#2724 = CARTESIAN_POINT('',(-212.075,119.16,70.01));
#2725 = VECTOR('',#2726,1.);
#2726 = DIRECTION('',(0.,-1.,0.));
#2727 = ORIENTED_EDGE('',*,*,#2728,.F.);
#2728 = EDGE_CURVE('',#473,#2721,#2729,.T.);
#2729 = LINE('',#2730,#2731);
#2730 = CARTESIAN_POINT('',(-212.075,118.76,82.995));
#2731 = VECTOR('',#2732,1.);
#2732 = DIRECTION('',(0.,0.,-1.));
#2733 = ORIENTED_EDGE('',*,*,#472,.T.);
#2734 = PLANE('',#2735);
#2735 = AXIS2_PLACEMENT_3D('',#2736,#2737,#2738);
#2736 = CARTESIAN_POINT('',(-212.075,118.76,82.995));
#2737 = DIRECTION('',(1.,0.,0.));
#2738 = DIRECTION('',(0.,-1.,0.));
#2739 = ADVANCED_FACE('',(#2740),#2758,.F.);
#2740 = FACE_BOUND('',#2741,.F.);
#2741 = EDGE_LOOP('',(#2742,#2750,#2756,#2757));
#2742 = ORIENTED_EDGE('',*,*,#2743,.T.);
#2743 = EDGE_CURVE('',#481,#2744,#2746,.T.);
#2744 = VERTEX_POINT('',#2745);
#2745 = CARTESIAN_POINT('',(-226.075,118.76,70.01));
#2746 = LINE('',#2747,#2748);
#2747 = CARTESIAN_POINT('',(-226.075,118.76,82.995));
#2748 = VECTOR('',#2749,1.);
#2749 = DIRECTION('',(0.,0.,-1.));
#2750 = ORIENTED_EDGE('',*,*,#2751,.F.);
#2751 = EDGE_CURVE('',#2689,#2744,#2752,.T.);
#2752 = LINE('',#2753,#2754);
#2753 = CARTESIAN_POINT('',(-226.075,112.16,70.01));
#2754 = VECTOR('',#2755,1.);
#2755 = DIRECTION('',(0.,1.,0.));
#2756 = ORIENTED_EDGE('',*,*,#2688,.F.);
#2757 = ORIENTED_EDGE('',*,*,#488,.T.);
#2758 = PLANE('',#2759);
#2759 = AXIS2_PLACEMENT_3D('',#2760,#2761,#2762);
#2760 = CARTESIAN_POINT('',(-226.075,104.76,82.995));
#2761 = DIRECTION('',(-1.,0.,0.));
#2762 = DIRECTION('',(0.,1.,0.));
#2763 = ADVANCED_FACE('',(#2764),#2775,.F.);
#2764 = FACE_BOUND('',#2765,.F.);
#2765 = EDGE_LOOP('',(#2766,#2767,#2773,#2774));
#2766 = ORIENTED_EDGE('',*,*,#2728,.T.);
#2767 = ORIENTED_EDGE('',*,*,#2768,.F.);
#2768 = EDGE_CURVE('',#2744,#2721,#2769,.T.);
#2769 = LINE('',#2770,#2771);
#2770 = CARTESIAN_POINT('',(-218.675,118.76,70.01));
#2771 = VECTOR('',#2772,1.);
#2772 = DIRECTION('',(1.,0.,0.));
#2773 = ORIENTED_EDGE('',*,*,#2743,.F.);
#2774 = ORIENTED_EDGE('',*,*,#480,.T.);
#2775 = PLANE('',#2776);
#2776 = AXIS2_PLACEMENT_3D('',#2777,#2778,#2779);
#2777 = CARTESIAN_POINT('',(-226.075,118.76,82.995));
#2778 = DIRECTION('',(0.,1.,0.));
#2779 = DIRECTION('',(1.,0.,0.));
#2780 = ADVANCED_FACE('',(#2781),#2800,.F.);
#2781 = FACE_BOUND('',#2782,.F.);
#2782 = EDGE_LOOP('',(#2783,#2791,#2792,#2793));
#2783 = ORIENTED_EDGE('',*,*,#2784,.T.);
#2784 = EDGE_CURVE('',#2785,#497,#2787,.T.);
#2785 = VERTEX_POINT('',#2786);
#2786 = CARTESIAN_POINT('',(-229.6,101.,69.51));
#2787 = LINE('',#2788,#2789);
#2788 = CARTESIAN_POINT('',(-229.6,101.,69.51));
#2789 = VECTOR('',#2790,1.);
#2790 = DIRECTION('',(0.,0.,1.));
#2791 = ORIENTED_EDGE('',*,*,#496,.T.);
#2792 = ORIENTED_EDGE('',*,*,#2784,.F.);
#2793 = ORIENTED_EDGE('',*,*,#2794,.T.);
#2794 = EDGE_CURVE('',#2785,#2785,#2795,.T.);
#2795 = CIRCLE('',#2796,1.1);
#2796 = AXIS2_PLACEMENT_3D('',#2797,#2798,#2799);
#2797 = CARTESIAN_POINT('',(-228.5,101.,69.51));
#2798 = DIRECTION('',(0.,0.,1.));
#2799 = DIRECTION('',(1.,0.,0.));
#2800 = CYLINDRICAL_SURFACE('',#2801,1.1);
#2801 = AXIS2_PLACEMENT_3D('',#2802,#2803,#2804);
#2802 = CARTESIAN_POINT('',(-228.5,101.,69.51));
#2803 = DIRECTION('',(0.,0.,1.));
#2804 = DIRECTION('',(1.,0.,0.));
#2805 = ADVANCED_FACE('',(#2806),#2831,.F.);
#2806 = FACE_BOUND('',#2807,.F.);
#2807 = EDGE_LOOP('',(#2808,#2816,#2824,#2830));
#2808 = ORIENTED_EDGE('',*,*,#2809,.T.);
#2809 = EDGE_CURVE('',#510,#2810,#2812,.T.);
#2810 = VERTEX_POINT('',#2811);
#2811 = CARTESIAN_POINT('',(-245.125,85.71,70.01));
#2812 = LINE('',#2813,#2814);
#2813 = CARTESIAN_POINT('',(-245.125,85.71,82.995));
#2814 = VECTOR('',#2815,1.);
#2815 = DIRECTION('',(0.,0.,-1.));
#2816 = ORIENTED_EDGE('',*,*,#2817,.F.);
#2817 = EDGE_CURVE('',#2818,#2810,#2820,.T.);
#2818 = VERTEX_POINT('',#2819);
#2819 = CARTESIAN_POINT('',(-231.125,85.71,70.01));
#2820 = LINE('',#2821,#2822);
#2821 = CARTESIAN_POINT('',(-230.725,85.71,70.01));
#2822 = VECTOR('',#2823,1.);
#2823 = DIRECTION('',(-1.,0.,0.));
#2824 = ORIENTED_EDGE('',*,*,#2825,.F.);
#2825 = EDGE_CURVE('',#508,#2818,#2826,.T.);
#2826 = LINE('',#2827,#2828);
#2827 = CARTESIAN_POINT('',(-231.125,85.71,82.995));
#2828 = VECTOR('',#2829,1.);
#2829 = DIRECTION('',(0.,0.,-1.));
#2830 = ORIENTED_EDGE('',*,*,#507,.T.);
#2831 = PLANE('',#2832);
#2832 = AXIS2_PLACEMENT_3D('',#2833,#2834,#2835);
#2833 = CARTESIAN_POINT('',(-231.125,85.71,82.995));
#2834 = DIRECTION('',(0.,-1.,0.));
#2835 = DIRECTION('',(-1.,0.,0.));
#2836 = ADVANCED_FACE('',(#2837),#2855,.F.);
#2837 = FACE_BOUND('',#2838,.F.);
#2838 = EDGE_LOOP('',(#2839,#2840,#2848,#2854));
#2839 = ORIENTED_EDGE('',*,*,#2825,.T.);
#2840 = ORIENTED_EDGE('',*,*,#2841,.F.);
#2841 = EDGE_CURVE('',#2842,#2818,#2844,.T.);
#2842 = VERTEX_POINT('',#2843);
#2843 = CARTESIAN_POINT('',(-231.125,99.71,70.01));
#2844 = LINE('',#2845,#2846);
#2845 = CARTESIAN_POINT('',(-231.125,100.11,70.01));
#2846 = VECTOR('',#2847,1.);
#2847 = DIRECTION('',(0.,-1.,0.));
#2848 = ORIENTED_EDGE('',*,*,#2849,.F.);
#2849 = EDGE_CURVE('',#518,#2842,#2850,.T.);
#2850 = LINE('',#2851,#2852);
#2851 = CARTESIAN_POINT('',(-231.125,99.71,82.995));
#2852 = VECTOR('',#2853,1.);
#2853 = DIRECTION('',(0.,0.,-1.));
#2854 = ORIENTED_EDGE('',*,*,#517,.T.);
#2855 = PLANE('',#2856);
#2856 = AXIS2_PLACEMENT_3D('',#2857,#2858,#2859);
#2857 = CARTESIAN_POINT('',(-231.125,99.71,82.995));
#2858 = DIRECTION('',(1.,0.,0.));
#2859 = DIRECTION('',(0.,-1.,0.));
#2860 = ADVANCED_FACE('',(#2861),#2879,.F.);
#2861 = FACE_BOUND('',#2862,.F.);
#2862 = EDGE_LOOP('',(#2863,#2871,#2877,#2878));
#2863 = ORIENTED_EDGE('',*,*,#2864,.T.);
#2864 = EDGE_CURVE('',#526,#2865,#2867,.T.);
#2865 = VERTEX_POINT('',#2866);
#2866 = CARTESIAN_POINT('',(-245.125,99.71,70.01));
#2867 = LINE('',#2868,#2869);
#2868 = CARTESIAN_POINT('',(-245.125,99.71,82.995));
#2869 = VECTOR('',#2870,1.);
#2870 = DIRECTION('',(0.,0.,-1.));
#2871 = ORIENTED_EDGE('',*,*,#2872,.F.);
#2872 = EDGE_CURVE('',#2810,#2865,#2873,.T.);
#2873 = LINE('',#2874,#2875);
#2874 = CARTESIAN_POINT('',(-245.125,93.11,70.01));
#2875 = VECTOR('',#2876,1.);
#2876 = DIRECTION('',(0.,1.,0.));
#2877 = ORIENTED_EDGE('',*,*,#2809,.F.);
#2878 = ORIENTED_EDGE('',*,*,#533,.T.);
#2879 = PLANE('',#2880);
#2880 = AXIS2_PLACEMENT_3D('',#2881,#2882,#2883);
#2881 = CARTESIAN_POINT('',(-245.125,85.71,82.995));
#2882 = DIRECTION('',(-1.,0.,0.));
#2883 = DIRECTION('',(0.,1.,0.));
#2884 = ADVANCED_FACE('',(#2885),#2896,.F.);
#2885 = FACE_BOUND('',#2886,.F.);
#2886 = EDGE_LOOP('',(#2887,#2888,#2894,#2895));
#2887 = ORIENTED_EDGE('',*,*,#2849,.T.);
#2888 = ORIENTED_EDGE('',*,*,#2889,.F.);
#2889 = EDGE_CURVE('',#2865,#2842,#2890,.T.);
#2890 = LINE('',#2891,#2892);
#2891 = CARTESIAN_POINT('',(-237.725,99.71,70.01));
#2892 = VECTOR('',#2893,1.);
#2893 = DIRECTION('',(1.,0.,0.));
#2894 = ORIENTED_EDGE('',*,*,#2864,.F.);
#2895 = ORIENTED_EDGE('',*,*,#525,.T.);
#2896 = PLANE('',#2897);
#2897 = AXIS2_PLACEMENT_3D('',#2898,#2899,#2900);
#2898 = CARTESIAN_POINT('',(-245.125,99.71,82.995));
#2899 = DIRECTION('',(0.,1.,0.));
#2900 = DIRECTION('',(1.,0.,0.));
#2901 = ADVANCED_FACE('',(#2902),#2927,.F.);
#2902 = FACE_BOUND('',#2903,.F.);
#2903 = EDGE_LOOP('',(#2904,#2912,#2920,#2926));
#2904 = ORIENTED_EDGE('',*,*,#2905,.T.);
#2905 = EDGE_CURVE('',#544,#2906,#2908,.T.);
#2906 = VERTEX_POINT('',#2907);
#2907 = CARTESIAN_POINT('',(-226.075,85.71,70.01));
#2908 = LINE('',#2909,#2910);
#2909 = CARTESIAN_POINT('',(-226.075,85.71,82.995));
#2910 = VECTOR('',#2911,1.);
#2911 = DIRECTION('',(0.,0.,-1.));
#2912 = ORIENTED_EDGE('',*,*,#2913,.F.);
#2913 = EDGE_CURVE('',#2914,#2906,#2916,.T.);
#2914 = VERTEX_POINT('',#2915);
#2915 = CARTESIAN_POINT('',(-212.075,85.71,70.01));
#2916 = LINE('',#2917,#2918);
#2917 = CARTESIAN_POINT('',(-211.675,85.71,70.01));
#2918 = VECTOR('',#2919,1.);
#2919 = DIRECTION('',(-1.,0.,0.));
#2920 = ORIENTED_EDGE('',*,*,#2921,.F.);
#2921 = EDGE_CURVE('',#542,#2914,#2922,.T.);
#2922 = LINE('',#2923,#2924);
#2923 = CARTESIAN_POINT('',(-212.075,85.71,82.995));
#2924 = VECTOR('',#2925,1.);
#2925 = DIRECTION('',(0.,0.,-1.));
#2926 = ORIENTED_EDGE('',*,*,#541,.T.);
#2927 = PLANE('',#2928);
#2928 = AXIS2_PLACEMENT_3D('',#2929,#2930,#2931);
#2929 = CARTESIAN_POINT('',(-212.075,85.71,82.995));
#2930 = DIRECTION('',(0.,-1.,0.));
#2931 = DIRECTION('',(-1.,0.,0.));
#2932 = ADVANCED_FACE('',(#2933),#2951,.F.);
#2933 = FACE_BOUND('',#2934,.F.);
#2934 = EDGE_LOOP('',(#2935,#2936,#2944,#2950));
#2935 = ORIENTED_EDGE('',*,*,#2921,.T.);
#2936 = ORIENTED_EDGE('',*,*,#2937,.F.);
#2937 = EDGE_CURVE('',#2938,#2914,#2940,.T.);
#2938 = VERTEX_POINT('',#2939);
#2939 = CARTESIAN_POINT('',(-212.075,99.71,70.01));
#2940 = LINE('',#2941,#2942);
#2941 = CARTESIAN_POINT('',(-212.075,100.11,70.01));
#2942 = VECTOR('',#2943,1.);
#2943 = DIRECTION('',(0.,-1.,0.));
#2944 = ORIENTED_EDGE('',*,*,#2945,.F.);
#2945 = EDGE_CURVE('',#552,#2938,#2946,.T.);
#2946 = LINE('',#2947,#2948);
#2947 = CARTESIAN_POINT('',(-212.075,99.71,82.995));
#2948 = VECTOR('',#2949,1.);
#2949 = DIRECTION('',(0.,0.,-1.));
#2950 = ORIENTED_EDGE('',*,*,#551,.T.);
#2951 = PLANE('',#2952);
#2952 = AXIS2_PLACEMENT_3D('',#2953,#2954,#2955);
#2953 = CARTESIAN_POINT('',(-212.075,99.71,82.995));
#2954 = DIRECTION('',(1.,0.,0.));
#2955 = DIRECTION('',(0.,-1.,0.));
#2956 = ADVANCED_FACE('',(#2957),#2975,.F.);
#2957 = FACE_BOUND('',#2958,.F.);
#2958 = EDGE_LOOP('',(#2959,#2967,#2973,#2974));
#2959 = ORIENTED_EDGE('',*,*,#2960,.T.);
#2960 = EDGE_CURVE('',#560,#2961,#2963,.T.);
#2961 = VERTEX_POINT('',#2962);
#2962 = CARTESIAN_POINT('',(-226.075,99.71,70.01));
#2963 = LINE('',#2964,#2965);
#2964 = CARTESIAN_POINT('',(-226.075,99.71,82.995));
#2965 = VECTOR('',#2966,1.);
#2966 = DIRECTION('',(0.,0.,-1.));
#2967 = ORIENTED_EDGE('',*,*,#2968,.F.);
#2968 = EDGE_CURVE('',#2906,#2961,#2969,.T.);
#2969 = LINE('',#2970,#2971);
#2970 = CARTESIAN_POINT('',(-226.075,93.11,70.01));
#2971 = VECTOR('',#2972,1.);
#2972 = DIRECTION('',(0.,1.,0.));
#2973 = ORIENTED_EDGE('',*,*,#2905,.F.);
#2974 = ORIENTED_EDGE('',*,*,#567,.T.);
#2975 = PLANE('',#2976);
#2976 = AXIS2_PLACEMENT_3D('',#2977,#2978,#2979);
#2977 = CARTESIAN_POINT('',(-226.075,85.71,82.995));
#2978 = DIRECTION('',(-1.,0.,0.));
#2979 = DIRECTION('',(0.,1.,0.));
#2980 = ADVANCED_FACE('',(#2981),#2992,.F.);
#2981 = FACE_BOUND('',#2982,.F.);
#2982 = EDGE_LOOP('',(#2983,#2984,#2990,#2991));
#2983 = ORIENTED_EDGE('',*,*,#2945,.T.);
#2984 = ORIENTED_EDGE('',*,*,#2985,.F.);
#2985 = EDGE_CURVE('',#2961,#2938,#2986,.T.);
#2986 = LINE('',#2987,#2988);
#2987 = CARTESIAN_POINT('',(-218.675,99.71,70.01));
#2988 = VECTOR('',#2989,1.);
#2989 = DIRECTION('',(1.,0.,0.));
#2990 = ORIENTED_EDGE('',*,*,#2960,.F.);
#2991 = ORIENTED_EDGE('',*,*,#559,.T.);
#2992 = PLANE('',#2993);
#2993 = AXIS2_PLACEMENT_3D('',#2994,#2995,#2996);
#2994 = CARTESIAN_POINT('',(-226.075,99.71,82.995));
#2995 = DIRECTION('',(0.,1.,0.));
#2996 = DIRECTION('',(1.,0.,0.));
#2997 = ADVANCED_FACE('',(#2998),#3023,.F.);
#2998 = FACE_BOUND('',#2999,.F.);
#2999 = EDGE_LOOP('',(#3000,#3008,#3016,#3022));
#3000 = ORIENTED_EDGE('',*,*,#3001,.T.);
#3001 = EDGE_CURVE('',#578,#3002,#3004,.T.);
#3002 = VERTEX_POINT('',#3003);
#3003 = CARTESIAN_POINT('',(-207.025,123.81,70.01));
#3004 = LINE('',#3005,#3006);
#3005 = CARTESIAN_POINT('',(-207.025,123.81,82.995));
#3006 = VECTOR('',#3007,1.);
#3007 = DIRECTION('',(0.,0.,-1.));
#3008 = ORIENTED_EDGE('',*,*,#3009,.F.);
#3009 = EDGE_CURVE('',#3010,#3002,#3012,.T.);
#3010 = VERTEX_POINT('',#3011);
#3011 = CARTESIAN_POINT('',(-193.025,123.81,70.01));
#3012 = LINE('',#3013,#3014);
#3013 = CARTESIAN_POINT('',(-192.625,123.81,70.01));
#3014 = VECTOR('',#3015,1.);
#3015 = DIRECTION('',(-1.,0.,0.));
#3016 = ORIENTED_EDGE('',*,*,#3017,.F.);
#3017 = EDGE_CURVE('',#576,#3010,#3018,.T.);
#3018 = LINE('',#3019,#3020);
#3019 = CARTESIAN_POINT('',(-193.025,123.81,82.995));
#3020 = VECTOR('',#3021,1.);
#3021 = DIRECTION('',(0.,0.,-1.));
#3022 = ORIENTED_EDGE('',*,*,#575,.T.);
#3023 = PLANE('',#3024);
#3024 = AXIS2_PLACEMENT_3D('',#3025,#3026,#3027);
#3025 = CARTESIAN_POINT('',(-193.025,123.81,82.995));
#3026 = DIRECTION('',(0.,-1.,0.));
#3027 = DIRECTION('',(-1.,0.,0.));
#3028 = ADVANCED_FACE('',(#3029),#3047,.F.);
#3029 = FACE_BOUND('',#3030,.F.);
#3030 = EDGE_LOOP('',(#3031,#3032,#3040,#3046));
#3031 = ORIENTED_EDGE('',*,*,#3017,.T.);
#3032 = ORIENTED_EDGE('',*,*,#3033,.F.);
#3033 = EDGE_CURVE('',#3034,#3010,#3036,.T.);
#3034 = VERTEX_POINT('',#3035);
#3035 = CARTESIAN_POINT('',(-193.025,137.81,70.01));
#3036 = LINE('',#3037,#3038);
#3037 = CARTESIAN_POINT('',(-193.025,138.21,70.01));
#3038 = VECTOR('',#3039,1.);
#3039 = DIRECTION('',(0.,-1.,0.));
#3040 = ORIENTED_EDGE('',*,*,#3041,.F.);
#3041 = EDGE_CURVE('',#586,#3034,#3042,.T.);
#3042 = LINE('',#3043,#3044);
#3043 = CARTESIAN_POINT('',(-193.025,137.81,82.995));
#3044 = VECTOR('',#3045,1.);
#3045 = DIRECTION('',(0.,0.,-1.));
#3046 = ORIENTED_EDGE('',*,*,#585,.T.);
#3047 = PLANE('',#3048);
#3048 = AXIS2_PLACEMENT_3D('',#3049,#3050,#3051);
#3049 = CARTESIAN_POINT('',(-193.025,137.81,82.995));
#3050 = DIRECTION('',(1.,0.,0.));
#3051 = DIRECTION('',(0.,-1.,0.));
#3052 = ADVANCED_FACE('',(#3053),#3071,.F.);
#3053 = FACE_BOUND('',#3054,.F.);
#3054 = EDGE_LOOP('',(#3055,#3063,#3069,#3070));
#3055 = ORIENTED_EDGE('',*,*,#3056,.T.);
#3056 = EDGE_CURVE('',#594,#3057,#3059,.T.);
#3057 = VERTEX_POINT('',#3058);
#3058 = CARTESIAN_POINT('',(-207.025,137.81,70.01));
#3059 = LINE('',#3060,#3061);
#3060 = CARTESIAN_POINT('',(-207.025,137.81,82.995));
#3061 = VECTOR('',#3062,1.);
#3062 = DIRECTION('',(0.,0.,-1.));
#3063 = ORIENTED_EDGE('',*,*,#3064,.F.);
#3064 = EDGE_CURVE('',#3002,#3057,#3065,.T.);
#3065 = LINE('',#3066,#3067);
#3066 = CARTESIAN_POINT('',(-207.025,131.21,70.01));
#3067 = VECTOR('',#3068,1.);
#3068 = DIRECTION('',(0.,1.,0.));
#3069 = ORIENTED_EDGE('',*,*,#3001,.F.);
#3070 = ORIENTED_EDGE('',*,*,#601,.T.);
#3071 = PLANE('',#3072);
#3072 = AXIS2_PLACEMENT_3D('',#3073,#3074,#3075);
#3073 = CARTESIAN_POINT('',(-207.025,123.81,82.995));
#3074 = DIRECTION('',(-1.,0.,0.));
#3075 = DIRECTION('',(0.,1.,0.));
#3076 = ADVANCED_FACE('',(#3077),#3088,.F.);
#3077 = FACE_BOUND('',#3078,.F.);
#3078 = EDGE_LOOP('',(#3079,#3080,#3086,#3087));
#3079 = ORIENTED_EDGE('',*,*,#3041,.T.);
#3080 = ORIENTED_EDGE('',*,*,#3081,.F.);
#3081 = EDGE_CURVE('',#3057,#3034,#3082,.T.);
#3082 = LINE('',#3083,#3084);
#3083 = CARTESIAN_POINT('',(-199.625,137.81,70.01));
#3084 = VECTOR('',#3085,1.);
#3085 = DIRECTION('',(1.,0.,0.));
#3086 = ORIENTED_EDGE('',*,*,#3056,.F.);
#3087 = ORIENTED_EDGE('',*,*,#593,.T.);
#3088 = PLANE('',#3089);
#3089 = AXIS2_PLACEMENT_3D('',#3090,#3091,#3092);
#3090 = CARTESIAN_POINT('',(-207.025,137.81,82.995));
#3091 = DIRECTION('',(0.,1.,0.));
#3092 = DIRECTION('',(1.,0.,0.));
#3093 = ADVANCED_FACE('',(#3094),#3119,.F.);
#3094 = FACE_BOUND('',#3095,.F.);
#3095 = EDGE_LOOP('',(#3096,#3104,#3112,#3118));
#3096 = ORIENTED_EDGE('',*,*,#3097,.T.);
#3097 = EDGE_CURVE('',#612,#3098,#3100,.T.);
#3098 = VERTEX_POINT('',#3099);
#3099 = CARTESIAN_POINT('',(-207.025,104.76,70.01));
#3100 = LINE('',#3101,#3102);
#3101 = CARTESIAN_POINT('',(-207.025,104.76,82.995));
#3102 = VECTOR('',#3103,1.);
#3103 = DIRECTION('',(0.,0.,-1.));
#3104 = ORIENTED_EDGE('',*,*,#3105,.F.);
#3105 = EDGE_CURVE('',#3106,#3098,#3108,.T.);
#3106 = VERTEX_POINT('',#3107);
#3107 = CARTESIAN_POINT('',(-193.025,104.76,70.01));
#3108 = LINE('',#3109,#3110);
#3109 = CARTESIAN_POINT('',(-192.625,104.76,70.01));
#3110 = VECTOR('',#3111,1.);
#3111 = DIRECTION('',(-1.,0.,0.));
#3112 = ORIENTED_EDGE('',*,*,#3113,.F.);
#3113 = EDGE_CURVE('',#610,#3106,#3114,.T.);
#3114 = LINE('',#3115,#3116);
#3115 = CARTESIAN_POINT('',(-193.025,104.76,82.995));
#3116 = VECTOR('',#3117,1.);
#3117 = DIRECTION('',(0.,0.,-1.));
#3118 = ORIENTED_EDGE('',*,*,#609,.T.);
#3119 = PLANE('',#3120);
#3120 = AXIS2_PLACEMENT_3D('',#3121,#3122,#3123);
#3121 = CARTESIAN_POINT('',(-193.025,104.76,82.995));
#3122 = DIRECTION('',(0.,-1.,0.));
#3123 = DIRECTION('',(-1.,0.,0.));
#3124 = ADVANCED_FACE('',(#3125),#3143,.F.);
#3125 = FACE_BOUND('',#3126,.F.);
#3126 = EDGE_LOOP('',(#3127,#3128,#3136,#3142));
#3127 = ORIENTED_EDGE('',*,*,#3113,.T.);
#3128 = ORIENTED_EDGE('',*,*,#3129,.F.);
#3129 = EDGE_CURVE('',#3130,#3106,#3132,.T.);
#3130 = VERTEX_POINT('',#3131);
#3131 = CARTESIAN_POINT('',(-193.025,118.76,70.01));
#3132 = LINE('',#3133,#3134);
#3133 = CARTESIAN_POINT('',(-193.025,119.16,70.01));
#3134 = VECTOR('',#3135,1.);
#3135 = DIRECTION('',(0.,-1.,0.));
#3136 = ORIENTED_EDGE('',*,*,#3137,.F.);
#3137 = EDGE_CURVE('',#620,#3130,#3138,.T.);
#3138 = LINE('',#3139,#3140);
#3139 = CARTESIAN_POINT('',(-193.025,118.76,82.995));
#3140 = VECTOR('',#3141,1.);
#3141 = DIRECTION('',(0.,0.,-1.));
#3142 = ORIENTED_EDGE('',*,*,#619,.T.);
#3143 = PLANE('',#3144);
#3144 = AXIS2_PLACEMENT_3D('',#3145,#3146,#3147);
#3145 = CARTESIAN_POINT('',(-193.025,118.76,82.995));
#3146 = DIRECTION('',(1.,0.,0.));
#3147 = DIRECTION('',(0.,-1.,0.));
#3148 = ADVANCED_FACE('',(#3149),#3167,.F.);
#3149 = FACE_BOUND('',#3150,.F.);
#3150 = EDGE_LOOP('',(#3151,#3159,#3165,#3166));
#3151 = ORIENTED_EDGE('',*,*,#3152,.T.);
#3152 = EDGE_CURVE('',#628,#3153,#3155,.T.);
#3153 = VERTEX_POINT('',#3154);
#3154 = CARTESIAN_POINT('',(-207.025,118.76,70.01));
#3155 = LINE('',#3156,#3157);
#3156 = CARTESIAN_POINT('',(-207.025,118.76,82.995));
#3157 = VECTOR('',#3158,1.);
#3158 = DIRECTION('',(0.,0.,-1.));
#3159 = ORIENTED_EDGE('',*,*,#3160,.F.);
#3160 = EDGE_CURVE('',#3098,#3153,#3161,.T.);
#3161 = LINE('',#3162,#3163);
#3162 = CARTESIAN_POINT('',(-207.025,112.16,70.01));
#3163 = VECTOR('',#3164,1.);
#3164 = DIRECTION('',(0.,1.,0.));
#3165 = ORIENTED_EDGE('',*,*,#3097,.F.);
#3166 = ORIENTED_EDGE('',*,*,#635,.T.);
#3167 = PLANE('',#3168);
#3168 = AXIS2_PLACEMENT_3D('',#3169,#3170,#3171);
#3169 = CARTESIAN_POINT('',(-207.025,104.76,82.995));
#3170 = DIRECTION('',(-1.,0.,0.));
#3171 = DIRECTION('',(0.,1.,0.));
#3172 = ADVANCED_FACE('',(#3173),#3184,.F.);
#3173 = FACE_BOUND('',#3174,.F.);
#3174 = EDGE_LOOP('',(#3175,#3176,#3182,#3183));
#3175 = ORIENTED_EDGE('',*,*,#3137,.T.);
#3176 = ORIENTED_EDGE('',*,*,#3177,.F.);
#3177 = EDGE_CURVE('',#3153,#3130,#3178,.T.);
#3178 = LINE('',#3179,#3180);
#3179 = CARTESIAN_POINT('',(-199.625,118.76,70.01));
#3180 = VECTOR('',#3181,1.);
#3181 = DIRECTION('',(1.,0.,0.));
#3182 = ORIENTED_EDGE('',*,*,#3152,.F.);
#3183 = ORIENTED_EDGE('',*,*,#627,.T.);
#3184 = PLANE('',#3185);
#3185 = AXIS2_PLACEMENT_3D('',#3186,#3187,#3188);
#3186 = CARTESIAN_POINT('',(-207.025,118.76,82.995));
#3187 = DIRECTION('',(0.,1.,0.));
#3188 = DIRECTION('',(1.,0.,0.));
#3189 = ADVANCED_FACE('',(#3190),#3215,.F.);
#3190 = FACE_BOUND('',#3191,.F.);
#3191 = EDGE_LOOP('',(#3192,#3200,#3208,#3214));
#3192 = ORIENTED_EDGE('',*,*,#3193,.T.);
#3193 = EDGE_CURVE('',#646,#3194,#3196,.T.);
#3194 = VERTEX_POINT('',#3195);
#3195 = CARTESIAN_POINT('',(-187.975,123.81,70.01));
#3196 = LINE('',#3197,#3198);
#3197 = CARTESIAN_POINT('',(-187.975,123.81,82.995));
#3198 = VECTOR('',#3199,1.);
#3199 = DIRECTION('',(0.,0.,-1.));
#3200 = ORIENTED_EDGE('',*,*,#3201,.F.);
#3201 = EDGE_CURVE('',#3202,#3194,#3204,.T.);
#3202 = VERTEX_POINT('',#3203);
#3203 = CARTESIAN_POINT('',(-173.975,123.81,70.01));
#3204 = LINE('',#3205,#3206);
#3205 = CARTESIAN_POINT('',(-173.575,123.81,70.01));
#3206 = VECTOR('',#3207,1.);
#3207 = DIRECTION('',(-1.,0.,0.));
#3208 = ORIENTED_EDGE('',*,*,#3209,.F.);
#3209 = EDGE_CURVE('',#644,#3202,#3210,.T.);
#3210 = LINE('',#3211,#3212);
#3211 = CARTESIAN_POINT('',(-173.975,123.81,82.995));
#3212 = VECTOR('',#3213,1.);
#3213 = DIRECTION('',(0.,0.,-1.));
#3214 = ORIENTED_EDGE('',*,*,#643,.T.);
#3215 = PLANE('',#3216);
#3216 = AXIS2_PLACEMENT_3D('',#3217,#3218,#3219);
#3217 = CARTESIAN_POINT('',(-173.975,123.81,82.995));
#3218 = DIRECTION('',(0.,-1.,0.));
#3219 = DIRECTION('',(-1.,0.,0.));
#3220 = ADVANCED_FACE('',(#3221),#3239,.F.);
#3221 = FACE_BOUND('',#3222,.F.);
#3222 = EDGE_LOOP('',(#3223,#3224,#3232,#3238));
#3223 = ORIENTED_EDGE('',*,*,#3209,.T.);
#3224 = ORIENTED_EDGE('',*,*,#3225,.F.);
#3225 = EDGE_CURVE('',#3226,#3202,#3228,.T.);
#3226 = VERTEX_POINT('',#3227);
#3227 = CARTESIAN_POINT('',(-173.975,137.81,70.01));
#3228 = LINE('',#3229,#3230);
#3229 = CARTESIAN_POINT('',(-173.975,138.21,70.01));
#3230 = VECTOR('',#3231,1.);
#3231 = DIRECTION('',(0.,-1.,0.));
#3232 = ORIENTED_EDGE('',*,*,#3233,.F.);
#3233 = EDGE_CURVE('',#654,#3226,#3234,.T.);
#3234 = LINE('',#3235,#3236);
#3235 = CARTESIAN_POINT('',(-173.975,137.81,82.995));
#3236 = VECTOR('',#3237,1.);
#3237 = DIRECTION('',(0.,0.,-1.));
#3238 = ORIENTED_EDGE('',*,*,#653,.T.);
#3239 = PLANE('',#3240);
#3240 = AXIS2_PLACEMENT_3D('',#3241,#3242,#3243);
#3241 = CARTESIAN_POINT('',(-173.975,137.81,82.995));
#3242 = DIRECTION('',(1.,0.,0.));
#3243 = DIRECTION('',(0.,-1.,0.));
#3244 = ADVANCED_FACE('',(#3245),#3263,.F.);
#3245 = FACE_BOUND('',#3246,.F.);
#3246 = EDGE_LOOP('',(#3247,#3255,#3261,#3262));
#3247 = ORIENTED_EDGE('',*,*,#3248,.T.);
#3248 = EDGE_CURVE('',#662,#3249,#3251,.T.);
#3249 = VERTEX_POINT('',#3250);
#3250 = CARTESIAN_POINT('',(-187.975,137.81,70.01));
#3251 = LINE('',#3252,#3253);
#3252 = CARTESIAN_POINT('',(-187.975,137.81,82.995));
#3253 = VECTOR('',#3254,1.);
#3254 = DIRECTION('',(0.,0.,-1.));
#3255 = ORIENTED_EDGE('',*,*,#3256,.F.);
#3256 = EDGE_CURVE('',#3194,#3249,#3257,.T.);
#3257 = LINE('',#3258,#3259);
#3258 = CARTESIAN_POINT('',(-187.975,131.21,70.01));
#3259 = VECTOR('',#3260,1.);
#3260 = DIRECTION('',(0.,1.,0.));
#3261 = ORIENTED_EDGE('',*,*,#3193,.F.);
#3262 = ORIENTED_EDGE('',*,*,#669,.T.);
#3263 = PLANE('',#3264);
#3264 = AXIS2_PLACEMENT_3D('',#3265,#3266,#3267);
#3265 = CARTESIAN_POINT('',(-187.975,123.81,82.995));
#3266 = DIRECTION('',(-1.,0.,0.));
#3267 = DIRECTION('',(0.,1.,0.));
#3268 = ADVANCED_FACE('',(#3269),#3280,.F.);
#3269 = FACE_BOUND('',#3270,.F.);
#3270 = EDGE_LOOP('',(#3271,#3272,#3278,#3279));
#3271 = ORIENTED_EDGE('',*,*,#3233,.T.);
#3272 = ORIENTED_EDGE('',*,*,#3273,.F.);
#3273 = EDGE_CURVE('',#3249,#3226,#3274,.T.);
#3274 = LINE('',#3275,#3276);
#3275 = CARTESIAN_POINT('',(-180.575,137.81,70.01));
#3276 = VECTOR('',#3277,1.);
#3277 = DIRECTION('',(1.,0.,0.));
#3278 = ORIENTED_EDGE('',*,*,#3248,.F.);
#3279 = ORIENTED_EDGE('',*,*,#661,.T.);
#3280 = PLANE('',#3281);
#3281 = AXIS2_PLACEMENT_3D('',#3282,#3283,#3284);
#3282 = CARTESIAN_POINT('',(-187.975,137.81,82.995));
#3283 = DIRECTION('',(0.,1.,0.));
#3284 = DIRECTION('',(1.,0.,0.));
#3285 = ADVANCED_FACE('',(#3286),#3311,.F.);
#3286 = FACE_BOUND('',#3287,.F.);
#3287 = EDGE_LOOP('',(#3288,#3296,#3304,#3310));
#3288 = ORIENTED_EDGE('',*,*,#3289,.T.);
#3289 = EDGE_CURVE('',#680,#3290,#3292,.T.);
#3290 = VERTEX_POINT('',#3291);
#3291 = CARTESIAN_POINT('',(-187.975,104.76,70.01));
#3292 = LINE('',#3293,#3294);
#3293 = CARTESIAN_POINT('',(-187.975,104.76,82.995));
#3294 = VECTOR('',#3295,1.);
#3295 = DIRECTION('',(0.,0.,-1.));
#3296 = ORIENTED_EDGE('',*,*,#3297,.F.);
#3297 = EDGE_CURVE('',#3298,#3290,#3300,.T.);
#3298 = VERTEX_POINT('',#3299);
#3299 = CARTESIAN_POINT('',(-173.975,104.76,70.01));
#3300 = LINE('',#3301,#3302);
#3301 = CARTESIAN_POINT('',(-173.575,104.76,70.01));
#3302 = VECTOR('',#3303,1.);
#3303 = DIRECTION('',(-1.,0.,0.));
#3304 = ORIENTED_EDGE('',*,*,#3305,.F.);
#3305 = EDGE_CURVE('',#678,#3298,#3306,.T.);
#3306 = LINE('',#3307,#3308);
#3307 = CARTESIAN_POINT('',(-173.975,104.76,82.995));
#3308 = VECTOR('',#3309,1.);
#3309 = DIRECTION('',(0.,0.,-1.));
#3310 = ORIENTED_EDGE('',*,*,#677,.T.);
#3311 = PLANE('',#3312);
#3312 = AXIS2_PLACEMENT_3D('',#3313,#3314,#3315);
#3313 = CARTESIAN_POINT('',(-173.975,104.76,82.995));
#3314 = DIRECTION('',(0.,-1.,0.));
#3315 = DIRECTION('',(-1.,0.,0.));
#3316 = ADVANCED_FACE('',(#3317),#3335,.F.);
#3317 = FACE_BOUND('',#3318,.F.);
#3318 = EDGE_LOOP('',(#3319,#3320,#3328,#3334));
#3319 = ORIENTED_EDGE('',*,*,#3305,.T.);
#3320 = ORIENTED_EDGE('',*,*,#3321,.F.);
#3321 = EDGE_CURVE('',#3322,#3298,#3324,.T.);
#3322 = VERTEX_POINT('',#3323);
#3323 = CARTESIAN_POINT('',(-173.975,118.76,70.01));
#3324 = LINE('',#3325,#3326);
#3325 = CARTESIAN_POINT('',(-173.975,119.16,70.01));
#3326 = VECTOR('',#3327,1.);
#3327 = DIRECTION('',(0.,-1.,0.));
#3328 = ORIENTED_EDGE('',*,*,#3329,.F.);
#3329 = EDGE_CURVE('',#688,#3322,#3330,.T.);
#3330 = LINE('',#3331,#3332);
#3331 = CARTESIAN_POINT('',(-173.975,118.76,82.995));
#3332 = VECTOR('',#3333,1.);
#3333 = DIRECTION('',(0.,0.,-1.));
#3334 = ORIENTED_EDGE('',*,*,#687,.T.);
#3335 = PLANE('',#3336);
#3336 = AXIS2_PLACEMENT_3D('',#3337,#3338,#3339);
#3337 = CARTESIAN_POINT('',(-173.975,118.76,82.995));
#3338 = DIRECTION('',(1.,0.,0.));
#3339 = DIRECTION('',(0.,-1.,0.));
#3340 = ADVANCED_FACE('',(#3341),#3359,.F.);
#3341 = FACE_BOUND('',#3342,.F.);
#3342 = EDGE_LOOP('',(#3343,#3351,#3357,#3358));
#3343 = ORIENTED_EDGE('',*,*,#3344,.T.);
#3344 = EDGE_CURVE('',#696,#3345,#3347,.T.);
#3345 = VERTEX_POINT('',#3346);
#3346 = CARTESIAN_POINT('',(-187.975,118.76,70.01));
#3347 = LINE('',#3348,#3349);
#3348 = CARTESIAN_POINT('',(-187.975,118.76,82.995));
#3349 = VECTOR('',#3350,1.);
#3350 = DIRECTION('',(0.,0.,-1.));
#3351 = ORIENTED_EDGE('',*,*,#3352,.F.);
#3352 = EDGE_CURVE('',#3290,#3345,#3353,.T.);
#3353 = LINE('',#3354,#3355);
#3354 = CARTESIAN_POINT('',(-187.975,112.16,70.01));
#3355 = VECTOR('',#3356,1.);
#3356 = DIRECTION('',(0.,1.,0.));
#3357 = ORIENTED_EDGE('',*,*,#3289,.F.);
#3358 = ORIENTED_EDGE('',*,*,#703,.T.);
#3359 = PLANE('',#3360);
#3360 = AXIS2_PLACEMENT_3D('',#3361,#3362,#3363);
#3361 = CARTESIAN_POINT('',(-187.975,104.76,82.995));
#3362 = DIRECTION('',(-1.,0.,0.));
#3363 = DIRECTION('',(0.,1.,0.));
#3364 = ADVANCED_FACE('',(#3365),#3376,.F.);
#3365 = FACE_BOUND('',#3366,.F.);
#3366 = EDGE_LOOP('',(#3367,#3368,#3374,#3375));
#3367 = ORIENTED_EDGE('',*,*,#3329,.T.);
#3368 = ORIENTED_EDGE('',*,*,#3369,.F.);
#3369 = EDGE_CURVE('',#3345,#3322,#3370,.T.);
#3370 = LINE('',#3371,#3372);
#3371 = CARTESIAN_POINT('',(-180.575,118.76,70.01));
#3372 = VECTOR('',#3373,1.);
#3373 = DIRECTION('',(1.,0.,0.));
#3374 = ORIENTED_EDGE('',*,*,#3344,.F.);
#3375 = ORIENTED_EDGE('',*,*,#695,.T.);
#3376 = PLANE('',#3377);
#3377 = AXIS2_PLACEMENT_3D('',#3378,#3379,#3380);
#3378 = CARTESIAN_POINT('',(-187.975,118.76,82.995));
#3379 = DIRECTION('',(0.,1.,0.));
#3380 = DIRECTION('',(1.,0.,0.));
#3381 = ADVANCED_FACE('',(#3382),#3407,.F.);
#3382 = FACE_BOUND('',#3383,.F.);
#3383 = EDGE_LOOP('',(#3384,#3392,#3400,#3406));
#3384 = ORIENTED_EDGE('',*,*,#3385,.T.);
#3385 = EDGE_CURVE('',#714,#3386,#3388,.T.);
#3386 = VERTEX_POINT('',#3387);
#3387 = CARTESIAN_POINT('',(-207.025,85.71,70.01));
#3388 = LINE('',#3389,#3390);
#3389 = CARTESIAN_POINT('',(-207.025,85.71,82.995));
#3390 = VECTOR('',#3391,1.);
#3391 = DIRECTION('',(0.,0.,-1.));
#3392 = ORIENTED_EDGE('',*,*,#3393,.F.);
#3393 = EDGE_CURVE('',#3394,#3386,#3396,.T.);
#3394 = VERTEX_POINT('',#3395);
#3395 = CARTESIAN_POINT('',(-193.025,85.71,70.01));
#3396 = LINE('',#3397,#3398);
#3397 = CARTESIAN_POINT('',(-192.625,85.71,70.01));
#3398 = VECTOR('',#3399,1.);
#3399 = DIRECTION('',(-1.,0.,0.));
#3400 = ORIENTED_EDGE('',*,*,#3401,.F.);
#3401 = EDGE_CURVE('',#712,#3394,#3402,.T.);
#3402 = LINE('',#3403,#3404);
#3403 = CARTESIAN_POINT('',(-193.025,85.71,82.995));
#3404 = VECTOR('',#3405,1.);
#3405 = DIRECTION('',(0.,0.,-1.));
#3406 = ORIENTED_EDGE('',*,*,#711,.T.);
#3407 = PLANE('',#3408);
#3408 = AXIS2_PLACEMENT_3D('',#3409,#3410,#3411);
#3409 = CARTESIAN_POINT('',(-193.025,85.71,82.995));
#3410 = DIRECTION('',(0.,-1.,0.));
#3411 = DIRECTION('',(-1.,0.,0.));
#3412 = ADVANCED_FACE('',(#3413),#3431,.F.);
#3413 = FACE_BOUND('',#3414,.F.);
#3414 = EDGE_LOOP('',(#3415,#3416,#3424,#3430));
#3415 = ORIENTED_EDGE('',*,*,#3401,.T.);
#3416 = ORIENTED_EDGE('',*,*,#3417,.F.);
#3417 = EDGE_CURVE('',#3418,#3394,#3420,.T.);
#3418 = VERTEX_POINT('',#3419);
#3419 = CARTESIAN_POINT('',(-193.025,99.71,70.01));
#3420 = LINE('',#3421,#3422);
#3421 = CARTESIAN_POINT('',(-193.025,100.11,70.01));
#3422 = VECTOR('',#3423,1.);
#3423 = DIRECTION('',(0.,-1.,0.));
#3424 = ORIENTED_EDGE('',*,*,#3425,.F.);
#3425 = EDGE_CURVE('',#722,#3418,#3426,.T.);
#3426 = LINE('',#3427,#3428);
#3427 = CARTESIAN_POINT('',(-193.025,99.71,82.995));
#3428 = VECTOR('',#3429,1.);
#3429 = DIRECTION('',(0.,0.,-1.));
#3430 = ORIENTED_EDGE('',*,*,#721,.T.);
#3431 = PLANE('',#3432);
#3432 = AXIS2_PLACEMENT_3D('',#3433,#3434,#3435);
#3433 = CARTESIAN_POINT('',(-193.025,99.71,82.995));
#3434 = DIRECTION('',(1.,0.,0.));
#3435 = DIRECTION('',(0.,-1.,0.));
#3436 = ADVANCED_FACE('',(#3437),#3455,.F.);
#3437 = FACE_BOUND('',#3438,.F.);
#3438 = EDGE_LOOP('',(#3439,#3447,#3453,#3454));
#3439 = ORIENTED_EDGE('',*,*,#3440,.T.);
#3440 = EDGE_CURVE('',#730,#3441,#3443,.T.);
#3441 = VERTEX_POINT('',#3442);
#3442 = CARTESIAN_POINT('',(-207.025,99.71,70.01));
#3443 = LINE('',#3444,#3445);
#3444 = CARTESIAN_POINT('',(-207.025,99.71,82.995));
#3445 = VECTOR('',#3446,1.);
#3446 = DIRECTION('',(0.,0.,-1.));
#3447 = ORIENTED_EDGE('',*,*,#3448,.F.);
#3448 = EDGE_CURVE('',#3386,#3441,#3449,.T.);
#3449 = LINE('',#3450,#3451);
#3450 = CARTESIAN_POINT('',(-207.025,93.11,70.01));
#3451 = VECTOR('',#3452,1.);
#3452 = DIRECTION('',(0.,1.,0.));
#3453 = ORIENTED_EDGE('',*,*,#3385,.F.);
#3454 = ORIENTED_EDGE('',*,*,#737,.T.);
#3455 = PLANE('',#3456);
#3456 = AXIS2_PLACEMENT_3D('',#3457,#3458,#3459);
#3457 = CARTESIAN_POINT('',(-207.025,85.71,82.995));
#3458 = DIRECTION('',(-1.,0.,0.));
#3459 = DIRECTION('',(0.,1.,0.));
#3460 = ADVANCED_FACE('',(#3461),#3472,.F.);
#3461 = FACE_BOUND('',#3462,.F.);
#3462 = EDGE_LOOP('',(#3463,#3464,#3470,#3471));
#3463 = ORIENTED_EDGE('',*,*,#3425,.T.);
#3464 = ORIENTED_EDGE('',*,*,#3465,.F.);
#3465 = EDGE_CURVE('',#3441,#3418,#3466,.T.);
#3466 = LINE('',#3467,#3468);
#3467 = CARTESIAN_POINT('',(-199.625,99.71,70.01));
#3468 = VECTOR('',#3469,1.);
#3469 = DIRECTION('',(1.,0.,0.));
#3470 = ORIENTED_EDGE('',*,*,#3440,.F.);
#3471 = ORIENTED_EDGE('',*,*,#729,.T.);
#3472 = PLANE('',#3473);
#3473 = AXIS2_PLACEMENT_3D('',#3474,#3475,#3476);
#3474 = CARTESIAN_POINT('',(-207.025,99.71,82.995));
#3475 = DIRECTION('',(0.,1.,0.));
#3476 = DIRECTION('',(1.,0.,0.));
#3477 = ADVANCED_FACE('',(#3478),#3497,.F.);
#3478 = FACE_BOUND('',#3479,.F.);
#3479 = EDGE_LOOP('',(#3480,#3488,#3489,#3490));
#3480 = ORIENTED_EDGE('',*,*,#3481,.T.);
#3481 = EDGE_CURVE('',#3482,#746,#3484,.T.);
#3482 = VERTEX_POINT('',#3483);
#3483 = CARTESIAN_POINT('',(-169.1,108.,69.51));
#3484 = LINE('',#3485,#3486);
#3485 = CARTESIAN_POINT('',(-169.1,108.,69.51));
#3486 = VECTOR('',#3487,1.);
#3487 = DIRECTION('',(0.,0.,1.));
#3488 = ORIENTED_EDGE('',*,*,#745,.T.);
#3489 = ORIENTED_EDGE('',*,*,#3481,.F.);
#3490 = ORIENTED_EDGE('',*,*,#3491,.T.);
#3491 = EDGE_CURVE('',#3482,#3482,#3492,.T.);
#3492 = CIRCLE('',#3493,1.1);
#3493 = AXIS2_PLACEMENT_3D('',#3494,#3495,#3496);
#3494 = CARTESIAN_POINT('',(-168.,108.,69.51));
#3495 = DIRECTION('',(0.,0.,1.));
#3496 = DIRECTION('',(1.,0.,0.));
#3497 = CYLINDRICAL_SURFACE('',#3498,1.1);
#3498 = AXIS2_PLACEMENT_3D('',#3499,#3500,#3501);
#3499 = CARTESIAN_POINT('',(-168.,108.,69.51));
#3500 = DIRECTION('',(0.,0.,1.));
#3501 = DIRECTION('',(1.,0.,0.));
#3502 = ADVANCED_FACE('',(#3503),#3528,.F.);
#3503 = FACE_BOUND('',#3504,.F.);
#3504 = EDGE_LOOP('',(#3505,#3513,#3521,#3527));
#3505 = ORIENTED_EDGE('',*,*,#3506,.T.);
#3506 = EDGE_CURVE('',#759,#3507,#3509,.T.);
#3507 = VERTEX_POINT('',#3508);
#3508 = CARTESIAN_POINT('',(-187.975,85.71,70.01));
#3509 = LINE('',#3510,#3511);
#3510 = CARTESIAN_POINT('',(-187.975,85.71,82.995));
#3511 = VECTOR('',#3512,1.);
#3512 = DIRECTION('',(0.,0.,-1.));
#3513 = ORIENTED_EDGE('',*,*,#3514,.F.);
#3514 = EDGE_CURVE('',#3515,#3507,#3517,.T.);
#3515 = VERTEX_POINT('',#3516);
#3516 = CARTESIAN_POINT('',(-173.975,85.71,70.01));
#3517 = LINE('',#3518,#3519);
#3518 = CARTESIAN_POINT('',(-173.575,85.71,70.01));
#3519 = VECTOR('',#3520,1.);
#3520 = DIRECTION('',(-1.,0.,0.));
#3521 = ORIENTED_EDGE('',*,*,#3522,.F.);
#3522 = EDGE_CURVE('',#757,#3515,#3523,.T.);
#3523 = LINE('',#3524,#3525);
#3524 = CARTESIAN_POINT('',(-173.975,85.71,82.995));
#3525 = VECTOR('',#3526,1.);
#3526 = DIRECTION('',(0.,0.,-1.));
#3527 = ORIENTED_EDGE('',*,*,#756,.T.);
#3528 = PLANE('',#3529);
#3529 = AXIS2_PLACEMENT_3D('',#3530,#3531,#3532);
#3530 = CARTESIAN_POINT('',(-173.975,85.71,82.995));
#3531 = DIRECTION('',(0.,-1.,0.));
#3532 = DIRECTION('',(-1.,0.,0.));
#3533 = ADVANCED_FACE('',(#3534),#3552,.F.);
#3534 = FACE_BOUND('',#3535,.F.);
#3535 = EDGE_LOOP('',(#3536,#3537,#3545,#3551));
#3536 = ORIENTED_EDGE('',*,*,#3522,.T.);
#3537 = ORIENTED_EDGE('',*,*,#3538,.F.);
#3538 = EDGE_CURVE('',#3539,#3515,#3541,.T.);
#3539 = VERTEX_POINT('',#3540);
#3540 = CARTESIAN_POINT('',(-173.975,99.71,70.01));
#3541 = LINE('',#3542,#3543);
#3542 = CARTESIAN_POINT('',(-173.975,100.11,70.01));
#3543 = VECTOR('',#3544,1.);
#3544 = DIRECTION('',(0.,-1.,0.));
#3545 = ORIENTED_EDGE('',*,*,#3546,.F.);
#3546 = EDGE_CURVE('',#767,#3539,#3547,.T.);
#3547 = LINE('',#3548,#3549);
#3548 = CARTESIAN_POINT('',(-173.975,99.71,82.995));
#3549 = VECTOR('',#3550,1.);
#3550 = DIRECTION('',(0.,0.,-1.));
#3551 = ORIENTED_EDGE('',*,*,#766,.T.);
#3552 = PLANE('',#3553);
#3553 = AXIS2_PLACEMENT_3D('',#3554,#3555,#3556);
#3554 = CARTESIAN_POINT('',(-173.975,99.71,82.995));
#3555 = DIRECTION('',(1.,0.,0.));
#3556 = DIRECTION('',(0.,-1.,0.));
#3557 = ADVANCED_FACE('',(#3558),#3576,.F.);
#3558 = FACE_BOUND('',#3559,.F.);
#3559 = EDGE_LOOP('',(#3560,#3568,#3574,#3575));
#3560 = ORIENTED_EDGE('',*,*,#3561,.T.);
#3561 = EDGE_CURVE('',#775,#3562,#3564,.T.);
#3562 = VERTEX_POINT('',#3563);
#3563 = CARTESIAN_POINT('',(-187.975,99.71,70.01));
#3564 = LINE('',#3565,#3566);
#3565 = CARTESIAN_POINT('',(-187.975,99.71,82.995));
#3566 = VECTOR('',#3567,1.);
#3567 = DIRECTION('',(0.,0.,-1.));
#3568 = ORIENTED_EDGE('',*,*,#3569,.F.);
#3569 = EDGE_CURVE('',#3507,#3562,#3570,.T.);
#3570 = LINE('',#3571,#3572);
#3571 = CARTESIAN_POINT('',(-187.975,93.11,70.01));
#3572 = VECTOR('',#3573,1.);
#3573 = DIRECTION('',(0.,1.,0.));
#3574 = ORIENTED_EDGE('',*,*,#3506,.F.);
#3575 = ORIENTED_EDGE('',*,*,#782,.T.);
#3576 = PLANE('',#3577);
#3577 = AXIS2_PLACEMENT_3D('',#3578,#3579,#3580);
#3578 = CARTESIAN_POINT('',(-187.975,85.71,82.995));
#3579 = DIRECTION('',(-1.,0.,0.));
#3580 = DIRECTION('',(0.,1.,0.));
#3581 = ADVANCED_FACE('',(#3582),#3593,.F.);
#3582 = FACE_BOUND('',#3583,.F.);
#3583 = EDGE_LOOP('',(#3584,#3585,#3591,#3592));
#3584 = ORIENTED_EDGE('',*,*,#3546,.T.);
#3585 = ORIENTED_EDGE('',*,*,#3586,.F.);
#3586 = EDGE_CURVE('',#3562,#3539,#3587,.T.);
#3587 = LINE('',#3588,#3589);
#3588 = CARTESIAN_POINT('',(-180.575,99.71,70.01));
#3589 = VECTOR('',#3590,1.);
#3590 = DIRECTION('',(1.,0.,0.));
#3591 = ORIENTED_EDGE('',*,*,#3561,.F.);
#3592 = ORIENTED_EDGE('',*,*,#774,.T.);
#3593 = PLANE('',#3594);
#3594 = AXIS2_PLACEMENT_3D('',#3595,#3596,#3597);
#3595 = CARTESIAN_POINT('',(-187.975,99.71,82.995));
#3596 = DIRECTION('',(0.,1.,0.));
#3597 = DIRECTION('',(1.,0.,0.));
#3598 = ADVANCED_FACE('',(#3599),#3618,.F.);
#3599 = FACE_BOUND('',#3600,.F.);
#3600 = EDGE_LOOP('',(#3601,#3609,#3610,#3611));
#3601 = ORIENTED_EDGE('',*,*,#3602,.T.);
#3602 = EDGE_CURVE('',#3603,#791,#3605,.T.);
#3603 = VERTEX_POINT('',#3604);
#3604 = CARTESIAN_POINT('',(-170.6,88.5,69.51));
#3605 = LINE('',#3606,#3607);
#3606 = CARTESIAN_POINT('',(-170.6,88.5,69.51));
#3607 = VECTOR('',#3608,1.);
#3608 = DIRECTION('',(0.,0.,1.));
#3609 = ORIENTED_EDGE('',*,*,#790,.T.);
#3610 = ORIENTED_EDGE('',*,*,#3602,.F.);
#3611 = ORIENTED_EDGE('',*,*,#3612,.T.);
#3612 = EDGE_CURVE('',#3603,#3603,#3613,.T.);
#3613 = CIRCLE('',#3614,1.1);
#3614 = AXIS2_PLACEMENT_3D('',#3615,#3616,#3617);
#3615 = CARTESIAN_POINT('',(-169.5,88.5,69.51));
#3616 = DIRECTION('',(0.,0.,1.));
#3617 = DIRECTION('',(1.,0.,0.));
#3618 = CYLINDRICAL_SURFACE('',#3619,1.1);
#3619 = AXIS2_PLACEMENT_3D('',#3620,#3621,#3622);
#3620 = CARTESIAN_POINT('',(-169.5,88.5,69.51));
#3621 = DIRECTION('',(0.,0.,1.));
#3622 = DIRECTION('',(1.,0.,0.));
#3623 = ADVANCED_FACE('',(#3624,#3739,#3742,#4763,#4797,#4831,#5852,
    #5855,#5889,#5923,#5926,#5960,#5994,#6028,#6062,#6065,#6099,#6133,
    #6167,#6201,#6235,#6269,#6303,#6306,#6340),#6343,.T.);
#3624 = FACE_BOUND('',#3625,.T.);
#3625 = EDGE_LOOP('',(#3626,#3627,#3628,#3636,#3645,#3653,#3662,#3671,
    #3680,#3688,#3697,#3706,#3715,#3723,#3732,#3738));
#3626 = ORIENTED_EDGE('',*,*,#897,.T.);
#3627 = ORIENTED_EDGE('',*,*,#848,.T.);
#3628 = ORIENTED_EDGE('',*,*,#3629,.T.);
#3629 = EDGE_CURVE('',#841,#3630,#3632,.T.);
#3630 = VERTEX_POINT('',#3631);
#3631 = CARTESIAN_POINT('',(-162.4875,76.304999999999,69.51));
#3632 = LINE('',#3633,#3634);
#3633 = CARTESIAN_POINT('',(-162.4875,64.200797118619,69.51));
#3634 = VECTOR('',#3635,1.);
#3635 = DIRECTION('',(0.,-1.,0.));
#3636 = ORIENTED_EDGE('',*,*,#3637,.T.);
#3637 = EDGE_CURVE('',#3630,#3638,#3640,.T.);
#3638 = VERTEX_POINT('',#3639);
#3639 = CARTESIAN_POINT('',(-166.1874999999,72.604999999999,69.51));
#3640 = CIRCLE('',#3641,3.7);
#3641 = AXIS2_PLACEMENT_3D('',#3642,#3643,#3644);
#3642 = CARTESIAN_POINT('',(-166.1875,76.304999999999,69.51));
#3643 = DIRECTION('',(0.,0.,-1.));
#3644 = DIRECTION('',(0.,1.,0.));
#3645 = ORIENTED_EDGE('',*,*,#3646,.T.);
#3646 = EDGE_CURVE('',#3638,#3647,#3649,.T.);
#3647 = VERTEX_POINT('',#3648);
#3648 = CARTESIAN_POINT('',(-249.4499973853,72.604999999951,69.51));
#3649 = LINE('',#3650,#3651);
#3650 = CARTESIAN_POINT('',(-103.9093743463,72.605000000035,69.51));
#3651 = VECTOR('',#3652,1.);
#3652 = DIRECTION('',(-1.,-5.7791E-13,0.));
#3653 = ORIENTED_EDGE('',*,*,#3654,.F.);
#3654 = EDGE_CURVE('',#3655,#3647,#3657,.T.);
#3655 = VERTEX_POINT('',#3656);
#3656 = CARTESIAN_POINT('',(-249.44999873,72.604999999951,69.51));
#3657 = CIRCLE('',#3658,1.8);
#3658 = AXIS2_PLACEMENT_3D('',#3659,#3660,#3661);
#3659 = CARTESIAN_POINT('',(-249.4499973853,70.804999999951,69.51));
#3660 = DIRECTION('',(-0.,0.,-1.));
#3661 = DIRECTION('',(-1.,-7.4705057778E-07,0.));
#3662 = ORIENTED_EDGE('',*,*,#3663,.F.);
#3663 = EDGE_CURVE('',#3664,#3655,#3666,.T.);
#3664 = VERTEX_POINT('',#3665);
#3665 = CARTESIAN_POINT('',(-253.15,76.304999511006,69.51));
#3666 = CIRCLE('',#3667,3.6999985059);
#3667 = AXIS2_PLACEMENT_3D('',#3668,#3669,#3670);
#3668 = CARTESIAN_POINT('',(-249.4500014941,76.30499850585,69.51));
#3669 = DIRECTION('',(0.,0.,1.));
#3670 = DIRECTION('',(-1.,2.7166401928E-07,0.));
#3671 = ORIENTED_EDGE('',*,*,#3672,.F.);
#3672 = EDGE_CURVE('',#3673,#3664,#3675,.T.);
#3673 = VERTEX_POINT('',#3674);
#3674 = CARTESIAN_POINT('',(-253.15,76.305000000001,69.51));
#3675 = CIRCLE('',#3676,1.8);
#3676 = AXIS2_PLACEMENT_3D('',#3677,#3678,#3679);
#3677 = CARTESIAN_POINT('',(-254.95,76.305000000002,69.51));
#3678 = DIRECTION('',(0.,0.,-1.));
#3679 = DIRECTION('',(4.8765E-13,1.,0.));
#3680 = ORIENTED_EDGE('',*,*,#3681,.T.);
#3681 = EDGE_CURVE('',#3673,#3682,#3684,.T.);
#3682 = VERTEX_POINT('',#3683);
#3683 = CARTESIAN_POINT('',(-253.1499999999,180.91499738523,69.51));
#3684 = LINE('',#3685,#3686);
#3685 = CARTESIAN_POINT('',(-253.15,64.304999346371,69.51));
#3686 = VECTOR('',#3687,1.);
#3687 = DIRECTION('',(4.8765E-13,1.,0.));
#3688 = ORIENTED_EDGE('',*,*,#3689,.F.);
#3689 = EDGE_CURVE('',#3690,#3682,#3692,.T.);
#3690 = VERTEX_POINT('',#3691);
#3691 = CARTESIAN_POINT('',(-253.1499999999,180.91499872997,69.51));
#3692 = CIRCLE('',#3693,1.8);
#3693 = AXIS2_PLACEMENT_3D('',#3694,#3695,#3696);
#3694 = CARTESIAN_POINT('',(-254.9499999999,180.91499738523,69.51));
#3695 = DIRECTION('',(0.,0.,-1.));
#3696 = DIRECTION('',(-7.470755735E-07,1.,0.));
#3697 = ORIENTED_EDGE('',*,*,#3698,.F.);
#3698 = EDGE_CURVE('',#3699,#3690,#3701,.T.);
#3699 = VERTEX_POINT('',#3700);
#3700 = CARTESIAN_POINT('',(-249.4500004889,184.615,69.51));
#3701 = CIRCLE('',#3702,3.69999850585);
#3702 = AXIS2_PLACEMENT_3D('',#3703,#3704,#3705);
#3703 = CARTESIAN_POINT('',(-249.4500014941,180.91500149415,69.51));
#3704 = DIRECTION('',(0.,-0.,1.));
#3705 = DIRECTION('',(2.7165462397E-07,1.,0.));
#3706 = ORIENTED_EDGE('',*,*,#3707,.F.);
#3707 = EDGE_CURVE('',#3708,#3699,#3710,.T.);
#3708 = VERTEX_POINT('',#3709);
#3709 = CARTESIAN_POINT('',(-249.45,184.615,69.51));
#3710 = CIRCLE('',#3711,1.8);
#3711 = AXIS2_PLACEMENT_3D('',#3712,#3713,#3714);
#3712 = CARTESIAN_POINT('',(-249.45,186.415,69.51));
#3713 = DIRECTION('',(0.,-0.,-1.));
#3714 = DIRECTION('',(1.,-2.181E-14,0.));
#3715 = ORIENTED_EDGE('',*,*,#3716,.T.);
#3716 = EDGE_CURVE('',#3708,#3717,#3719,.T.);
#3717 = VERTEX_POINT('',#3718);
#3718 = CARTESIAN_POINT('',(-166.1875,184.61499999999,69.51));
#3719 = LINE('',#3720,#3721);
#3720 = CARTESIAN_POINT('',(-103.9093749999,184.61499999999,69.51));
#3721 = VECTOR('',#3722,1.);
#3722 = DIRECTION('',(1.,-2.181E-14,0.));
#3723 = ORIENTED_EDGE('',*,*,#3724,.T.);
#3724 = EDGE_CURVE('',#3717,#3725,#3727,.T.);
#3725 = VERTEX_POINT('',#3726);
#3726 = CARTESIAN_POINT('',(-162.4875,180.91499999999,69.51));
#3727 = CIRCLE('',#3728,3.7);
#3728 = AXIS2_PLACEMENT_3D('',#3729,#3730,#3731);
#3729 = CARTESIAN_POINT('',(-166.1875,180.91499999999,69.51));
#3730 = DIRECTION('',(0.,0.,-1.));
#3731 = DIRECTION('',(-1.,1.802E-14,0.));
#3732 = ORIENTED_EDGE('',*,*,#3733,.T.);
#3733 = EDGE_CURVE('',#3725,#980,#3734,.T.);
#3734 = LINE('',#3735,#3736);
#3735 = CARTESIAN_POINT('',(-162.4875,64.200797118619,69.51));
#3736 = VECTOR('',#3737,1.);
#3737 = DIRECTION('',(0.,-1.,0.));
#3738 = ORIENTED_EDGE('',*,*,#987,.F.);
#3739 = FACE_BOUND('',#3740,.T.);
#3740 = EDGE_LOOP('',(#3741));
#3741 = ORIENTED_EDGE('',*,*,#1183,.T.);
#3742 = FACE_BOUND('',#3743,.T.);
#3743 = EDGE_LOOP('',(#3744,#3745,#3753,#3761,#3767,#3768,#3769,#3777,
    #3785,#3793,#3799,#3800,#3808,#3816,#3824,#3832,#3840,#3848,#3856,
    #3864,#3872,#3880,#3888,#3896,#3904,#3912,#3920,#3928,#3936,#3944,
    #3952,#3960,#3968,#3976,#3984,#3990,#3991,#3999,#4007,#4015,#4023,
    #4031,#4039,#4047,#4055,#4063,#4071,#4079,#4087,#4095,#4103,#4111,
    #4119,#4127,#4135,#4143,#4151,#4159,#4165,#4166,#4174,#4182,#4190,
    #4198,#4206,#4214,#4222,#4230,#4238,#4246,#4254,#4262,#4270,#4278,
    #4286,#4294,#4302,#4310,#4318,#4326,#4334,#4342,#4350,#4356,#4357,
    #4365,#4373,#4381,#4387,#4388,#4389,#4397,#4405,#4411,#4412,#4413,
    #4421,#4429,#4437,#4445,#4453,#4461,#4469,#4477,#4485,#4493,#4501,
    #4509,#4517,#4525,#4533,#4541,#4549,#4557,#4565,#4573,#4581,#4587,
    #4588,#4596,#4604,#4612,#4620,#4628,#4636,#4644,#4652,#4660,#4668,
    #4676,#4684,#4692,#4700,#4708,#4716,#4724,#4732,#4740,#4748,#4756,
    #4762));
#3744 = ORIENTED_EDGE('',*,*,#1206,.F.);
#3745 = ORIENTED_EDGE('',*,*,#3746,.T.);
#3746 = EDGE_CURVE('',#1207,#3747,#3749,.T.);
#3747 = VERTEX_POINT('',#3748);
#3748 = CARTESIAN_POINT('',(-232.1467061529,177.99135692831,69.51));
#3749 = LINE('',#3750,#3751);
#3750 = CARTESIAN_POINT('',(-232.1467061529,152.95237209522,69.51));
#3751 = VECTOR('',#3752,1.);
#3752 = DIRECTION('',(0.,1.,0.));
#3753 = ORIENTED_EDGE('',*,*,#3754,.T.);
#3754 = EDGE_CURVE('',#3747,#3755,#3757,.T.);
#3755 = VERTEX_POINT('',#3756);
#3756 = CARTESIAN_POINT('',(-234.6467061529,177.99135692831,69.51));
#3757 = LINE('',#3758,#3759);
#3758 = CARTESIAN_POINT('',(-219.6077280764,177.99135692831,69.51));
#3759 = VECTOR('',#3760,1.);
#3760 = DIRECTION('',(-1.,0.,0.));
#3761 = ORIENTED_EDGE('',*,*,#3762,.T.);
#3762 = EDGE_CURVE('',#3755,#1231,#3763,.T.);
#3763 = LINE('',#3764,#3765);
#3764 = CARTESIAN_POINT('',(-234.6467061529,153.30067846414,69.51));
#3765 = VECTOR('',#3766,1.);
#3766 = DIRECTION('',(0.,-1.,0.));
#3767 = ORIENTED_EDGE('',*,*,#1238,.F.);
#3768 = ORIENTED_EDGE('',*,*,#1566,.T.);
#3769 = ORIENTED_EDGE('',*,*,#3770,.T.);
#3770 = EDGE_CURVE('',#1559,#3771,#3773,.T.);
#3771 = VERTEX_POINT('',#3772);
#3772 = CARTESIAN_POINT('',(-239.9967061529,176.04474419047,69.51));
#3773 = LINE('',#3774,#3775);
#3774 = CARTESIAN_POINT('',(-223.2327280764,176.04474419047,69.51));
#3775 = VECTOR('',#3776,1.);
#3776 = DIRECTION('',(-1.,0.,0.));
#3777 = ORIENTED_EDGE('',*,*,#3778,.T.);
#3778 = EDGE_CURVE('',#3771,#3779,#3781,.T.);
#3779 = VERTEX_POINT('',#3780);
#3780 = CARTESIAN_POINT('',(-239.9967061529,175.43716765188,69.51));
#3781 = LINE('',#3782,#3783);
#3782 = CARTESIAN_POINT('',(-239.9967061529,152.32737209522,69.51));
#3783 = VECTOR('',#3784,1.);
#3784 = DIRECTION('',(0.,-1.,0.));
#3785 = ORIENTED_EDGE('',*,*,#3786,.T.);
#3786 = EDGE_CURVE('',#3779,#3787,#3789,.T.);
#3787 = VERTEX_POINT('',#3788);
#3788 = CARTESIAN_POINT('',(-239.9098183524,175.40800051346,69.51));
#3789 = LINE('',#3790,#3791);
#3790 = CARTESIAN_POINT('',(-218.1364307963,168.09894901219,69.51));
#3791 = VECTOR('',#3792,1.);
#3792 = DIRECTION('',(0.94801167176,-0.318235557735,0.));
#3793 = ORIENTED_EDGE('',*,*,#3794,.T.);
#3794 = EDGE_CURVE('',#3787,#1535,#3795,.T.);
#3795 = LINE('',#3796,#3797);
#3796 = CARTESIAN_POINT('',(-217.6347365339,161.16531822241,69.51));
#3797 = VECTOR('',#3798,1.);
#3798 = DIRECTION('',(0.8425009227,-0.538694899966,0.));
#3799 = ORIENTED_EDGE('',*,*,#1534,.T.);
#3800 = ORIENTED_EDGE('',*,*,#3801,.T.);
#3801 = EDGE_CURVE('',#1527,#3802,#3804,.T.);
#3802 = VERTEX_POINT('',#3803);
#3803 = CARTESIAN_POINT('',(-239.9807404147,174.70594447292,69.51));
#3804 = LINE('',#3805,#3806);
#3805 = CARTESIAN_POINT('',(-233.3348577259,177.26476573978,69.51));
#3806 = VECTOR('',#3807,1.);
#3807 = DIRECTION('',(-0.933217927369,-0.359310868243,0.));
#3808 = ORIENTED_EDGE('',*,*,#3809,.T.);
#3809 = EDGE_CURVE('',#3802,#3810,#3812,.T.);
#3810 = VERTEX_POINT('',#3811);
#3811 = CARTESIAN_POINT('',(-240.0717061529,174.69474419047,69.51));
#3812 = LINE('',#3813,#3814);
#3813 = CARTESIAN_POINT('',(-226.5659286755,176.35766174171,69.51));
#3814 = VECTOR('',#3815,1.);
#3815 = DIRECTION('',(-0.992505057953,-0.122203559427,0.));
#3816 = ORIENTED_EDGE('',*,*,#3817,.T.);
#3817 = EDGE_CURVE('',#3810,#3818,#3820,.T.);
#3818 = VERTEX_POINT('',#3819);
#3819 = CARTESIAN_POINT('',(-240.9717061572,174.69474419047,69.51));
#3820 = LINE('',#3821,#3822);
#3821 = CARTESIAN_POINT('',(-223.5702280764,174.69474419047,69.51));
#3822 = VECTOR('',#3823,1.);
#3823 = DIRECTION('',(-1.,0.,0.));
#3824 = ORIENTED_EDGE('',*,*,#3825,.T.);
#3825 = EDGE_CURVE('',#3818,#3826,#3828,.T.);
#3826 = VERTEX_POINT('',#3827);
#3827 = CARTESIAN_POINT('',(-240.9717061553,174.24474419047,69.51));
#3828 = LINE('',#3829,#3830);
#3829 = CARTESIAN_POINT('',(-240.9717060575,151.65237202189,69.51));
#3830 = VECTOR('',#3831,1.);
#3831 = DIRECTION('',(4.32594207E-09,-1.,0.));
#3832 = ORIENTED_EDGE('',*,*,#3833,.T.);
#3833 = EDGE_CURVE('',#3826,#3834,#3836,.T.);
#3834 = VERTEX_POINT('',#3835);
#3835 = CARTESIAN_POINT('',(-241.0174115251,174.20425064788,69.51));
#3836 = LINE('',#3837,#3838);
#3837 = CARTESIAN_POINT('',(-242.8003418931,172.62462954273,69.51));
#3838 = VECTOR('',#3839,1.);
#3839 = DIRECTION('',(-0.748493529689,-0.663142093381,0.));
#3840 = ORIENTED_EDGE('',*,*,#3841,.T.);
#3841 = EDGE_CURVE('',#3834,#3842,#3844,.T.);
#3842 = VERTEX_POINT('',#3843);
#3843 = CARTESIAN_POINT('',(-241.0346130526,174.18502447908,69.51));
#3844 = LINE('',#3845,#3846);
#3845 = CARTESIAN_POINT('',(-244.799126201,169.97742341815,69.51));
#3846 = VECTOR('',#3847,1.);
#3847 = DIRECTION('',(-0.666776902928,-0.745257379515,0.));
#3848 = ORIENTED_EDGE('',*,*,#3849,.T.);
#3849 = EDGE_CURVE('',#3842,#3850,#3852,.T.);
#3850 = VERTEX_POINT('',#3851);
#3851 = CARTESIAN_POINT('',(-241.0559390748,174.15687622482,69.51));
#3852 = LINE('',#3853,#3854);
#3853 = CARTESIAN_POINT('',(-245.8098407428,167.88219304316,69.51));
#3854 = VECTOR('',#3855,1.);
#3855 = DIRECTION('',(-0.60388624271,-0.797070514989,0.));
#3856 = ORIENTED_EDGE('',*,*,#3857,.T.);
#3857 = EDGE_CURVE('',#3850,#3858,#3860,.T.);
#3858 = VERTEX_POINT('',#3859);
#3859 = CARTESIAN_POINT('',(-241.0813477128,174.11397783475,69.51));
#3860 = LINE('',#3861,#3862);
#3861 = CARTESIAN_POINT('',(-246.6281380466,164.74911635848,69.51));
#3862 = VECTOR('',#3863,1.);
#3863 = DIRECTION('',(-0.509614895519,-0.860402614051,0.));
#3864 = ORIENTED_EDGE('',*,*,#3865,.T.);
#3865 = EDGE_CURVE('',#3858,#3866,#3868,.T.);
#3866 = VERTEX_POINT('',#3867);
#3867 = CARTESIAN_POINT('',(-241.0821163499,174.11244928793,69.51));
#3868 = LINE('',#3869,#3870);
#3869 = CARTESIAN_POINT('',(-246.780840975,162.77970545509,69.51));
#3870 = VECTOR('',#3871,1.);
#3871 = DIRECTION('',(-0.449252824631,-0.893404667304,0.));
#3872 = ORIENTED_EDGE('',*,*,#3873,.T.);
#3873 = EDGE_CURVE('',#3866,#3874,#3876,.T.);
#3874 = VERTEX_POINT('',#3875);
#3875 = CARTESIAN_POINT('',(-241.1027808651,174.06236986507,69.51));
#3876 = LINE('',#3877,#3878);
#3877 = CARTESIAN_POINT('',(-246.6297901117,160.66793834411,69.51));
#3878 = VECTOR('',#3879,1.);
#3879 = DIRECTION('',(-0.381437448908,-0.924394651959,0.));
#3880 = ORIENTED_EDGE('',*,*,#3881,.T.);
#3881 = EDGE_CURVE('',#3874,#3882,#3884,.T.);
#3882 = VERTEX_POINT('',#3883);
#3883 = CARTESIAN_POINT('',(-241.111674524,174.03090153523,69.51));
#3884 = LINE('',#3885,#3886);
#3885 = CARTESIAN_POINT('',(-245.7919226885,157.47083398022,69.51));
#3886 = VECTOR('',#3887,1.);
#3887 = DIRECTION('',(-0.271969332113,-0.962305919337,0.));
#3888 = ORIENTED_EDGE('',*,*,#3889,.T.);
#3889 = EDGE_CURVE('',#3882,#3890,#3892,.T.);
#3890 = VERTEX_POINT('',#3891);
#3891 = CARTESIAN_POINT('',(-241.1168812671,174.00470571833,69.51));
#3892 = LINE('',#3893,#3894);
#3893 = CARTESIAN_POINT('',(-244.8072024114,155.43820914451,69.51));
#3894 = VECTOR('',#3895,1.);
#3895 = DIRECTION('',(-0.194948814313,-0.980813417424,0.));
#3896 = ORIENTED_EDGE('',*,*,#3897,.T.);
#3897 = EDGE_CURVE('',#3890,#3898,#3900,.T.);
#3898 = VERTEX_POINT('',#3899);
#3899 = CARTESIAN_POINT('',(-241.1217061529,173.94474419051,69.51));
#3900 = LINE('',#3901,#3902);
#3901 = CARTESIAN_POINT('',(-242.821986313,152.81442102223,69.51));
#3902 = VECTOR('',#3903,1.);
#3903 = DIRECTION('',(-8.020711359892E-02,-0.996778219529,0.));
#3904 = ORIENTED_EDGE('',*,*,#3905,.T.);
#3905 = EDGE_CURVE('',#3898,#3906,#3908,.T.);
#3906 = VERTEX_POINT('',#3907);
#3907 = CARTESIAN_POINT('',(-241.1168812671,173.8847826626,69.51));
#3908 = LINE('',#3909,#3910);
#3909 = CARTESIAN_POINT('',(-239.1999447201,150.06195055208,69.51));
#3910 = VECTOR('',#3911,1.);
#3911 = DIRECTION('',(8.02071134711E-02,-0.99677821954,0.));
#3912 = ORIENTED_EDGE('',*,*,#3913,.T.);
#3913 = EDGE_CURVE('',#3906,#3914,#3916,.T.);
#3914 = VERTEX_POINT('',#3915);
#3915 = CARTESIAN_POINT('',(-241.111674524,173.85858684579,69.51));
#3916 = LINE('',#3917,#3918);
#3917 = CARTESIAN_POINT('',(-236.1414213056,148.8525817308,69.51));
#3918 = VECTOR('',#3919,1.);
#3919 = DIRECTION('',(0.194948814187,-0.980813417449,0.));
#3920 = ORIENTED_EDGE('',*,*,#3921,.T.);
#3921 = EDGE_CURVE('',#3914,#3922,#3924,.T.);
#3922 = VERTEX_POINT('',#3923);
#3923 = CARTESIAN_POINT('',(-241.1027808651,173.82711851586,69.51));
#3924 = LINE('',#3925,#3926);
#3925 = CARTESIAN_POINT('',(-233.931464625,148.45293379782,69.51));
#3926 = VECTOR('',#3927,1.);
#3927 = DIRECTION('',(0.271969331989,-0.962305919372,0.));
#3928 = ORIENTED_EDGE('',*,*,#3929,.T.);
#3929 = EDGE_CURVE('',#3922,#3930,#3932,.T.);
#3930 = VERTEX_POINT('',#3931);
#3931 = CARTESIAN_POINT('',(-241.0821163499,173.77703909309,69.51));
#3932 = LINE('',#3933,#3934);
#3933 = CARTESIAN_POINT('',(-230.6551487916,148.5078027394,69.51));
#3934 = VECTOR('',#3935,1.);
#3935 = DIRECTION('',(0.38143744879,-0.924394652008,0.));
#3936 = ORIENTED_EDGE('',*,*,#3937,.T.);
#3937 = EDGE_CURVE('',#3930,#3938,#3940,.T.);
#3938 = VERTEX_POINT('',#3939);
#3939 = CARTESIAN_POINT('',(-241.0813477128,173.77551054618,69.51));
#3940 = LINE('',#3941,#3942);
#3941 = CARTESIAN_POINT('',(-228.585465174,148.92562831168,69.51));
#3942 = VECTOR('',#3943,1.);
#3943 = DIRECTION('',(0.449252824524,-0.893404667358,0.));
#3944 = ORIENTED_EDGE('',*,*,#3945,.T.);
#3945 = EDGE_CURVE('',#3938,#3946,#3948,.T.);
#3946 = VERTEX_POINT('',#3947);
#3947 = CARTESIAN_POINT('',(-241.0559390748,173.73261215611,69.51));
#3948 = LINE('',#3949,#3950);
#3949 = CARTESIAN_POINT('',(-226.7627362736,149.60084292885,69.51));
#3950 = VECTOR('',#3951,1.);
#3951 = DIRECTION('',(0.509614895514,-0.860402614054,0.));
#3952 = ORIENTED_EDGE('',*,*,#3953,.T.);
#3953 = EDGE_CURVE('',#3946,#3954,#3956,.T.);
#3954 = VERTEX_POINT('',#3955);
#3955 = CARTESIAN_POINT('',(-241.0346130526,173.70446390193,69.51));
#3956 = LINE('',#3957,#3958);
#3957 = CARTESIAN_POINT('',(-223.9990816841,151.21923604917,69.51));
#3958 = VECTOR('',#3959,1.);
#3959 = DIRECTION('',(0.603886242614,-0.797070515062,0.));
#3960 = ORIENTED_EDGE('',*,*,#3961,.T.);
#3961 = EDGE_CURVE('',#3954,#3962,#3964,.T.);
#3962 = VERTEX_POINT('',#3963);
#3963 = CARTESIAN_POINT('',(-241.0174115251,173.68523773306,69.51));
#3964 = LINE('',#3965,#3966);
#3965 = CARTESIAN_POINT('',(-222.2799674144,152.74237297826,69.51));
#3966 = VECTOR('',#3967,1.);
#3967 = DIRECTION('',(0.666776902852,-0.745257379583,0.));
#3968 = ORIENTED_EDGE('',*,*,#3969,.T.);
#3969 = EDGE_CURVE('',#3962,#3970,#3972,.T.);
#3970 = VERTEX_POINT('',#3971);
#3971 = CARTESIAN_POINT('',(-240.9717061548,173.64474419129,69.51));
#3972 = LINE('',#3973,#3974);
#3973 = CARTESIAN_POINT('',(-220.3209510696,155.34881512106,69.51));
#3974 = VECTOR('',#3975,1.);
#3975 = DIRECTION('',(0.748493539985,-0.66314208176,0.));
#3976 = ORIENTED_EDGE('',*,*,#3977,.T.);
#3977 = EDGE_CURVE('',#3970,#3978,#3980,.T.);
#3978 = VERTEX_POINT('',#3979);
#3979 = CARTESIAN_POINT('',(-240.9717061553,173.19474419047,69.51));
#3980 = LINE('',#3981,#3982);
#3981 = CARTESIAN_POINT('',(-240.9717061797,151.1273721144,69.51));
#3982 = VECTOR('',#3983,1.);
#3983 = DIRECTION('',(-1.10734138E-09,-1.,0.));
#3984 = ORIENTED_EDGE('',*,*,#3985,.T.);
#3985 = EDGE_CURVE('',#3978,#1503,#3986,.T.);
#3986 = LINE('',#3987,#3988);
#3987 = CARTESIAN_POINT('',(-224.0202280776,173.19474419047,69.51));
#3988 = VECTOR('',#3989,1.);
#3989 = DIRECTION('',(1.,0.,0.));
#3990 = ORIENTED_EDGE('',*,*,#1502,.T.);
#3991 = ORIENTED_EDGE('',*,*,#3992,.T.);
#3992 = EDGE_CURVE('',#1495,#3993,#3995,.T.);
#3993 = VERTEX_POINT('',#3994);
#3994 = CARTESIAN_POINT('',(-240.9717061553,172.19474419047,69.51));
#3995 = LINE('',#3996,#3997);
#3996 = CARTESIAN_POINT('',(-223.3827280764,172.19474419047,69.51));
#3997 = VECTOR('',#3998,1.);
#3998 = DIRECTION('',(-1.,0.,0.));
#3999 = ORIENTED_EDGE('',*,*,#4000,.T.);
#4000 = EDGE_CURVE('',#3993,#4001,#4003,.T.);
#4001 = VERTEX_POINT('',#4002);
#4002 = CARTESIAN_POINT('',(-240.971706155,171.74474419108,69.51));
#4003 = LINE('',#4004,#4005);
#4004 = CARTESIAN_POINT('',(-240.97170614,150.40237208334,69.51));
#4005 = VECTOR('',#4006,1.);
#4006 = DIRECTION('',(7.0043724E-10,-1.,0.));
#4007 = ORIENTED_EDGE('',*,*,#4008,.T.);
#4008 = EDGE_CURVE('',#4001,#4009,#4011,.T.);
#4009 = VERTEX_POINT('',#4010);
#4010 = CARTESIAN_POINT('',(-241.0174115252,171.70425064798,69.51));
#4011 = LINE('',#4012,#4013);
#4012 = CARTESIAN_POINT('',(-242.1798949642,170.67432630934,69.51));
#4013 = VECTOR('',#4014,1.);
#4014 = DIRECTION('',(-0.748493528702,-0.663142094495,0.));
#4015 = ORIENTED_EDGE('',*,*,#4016,.T.);
#4016 = EDGE_CURVE('',#4009,#4017,#4019,.T.);
#4017 = VERTEX_POINT('',#4018);
#4018 = CARTESIAN_POINT('',(-241.0346130538,171.68502448056,69.51));
#4019 = LINE('',#4020,#4021);
#4020 = CARTESIAN_POINT('',(-244.177974733,168.17168566292,69.51));
#4021 = VECTOR('',#4022,1.);
#4022 = DIRECTION('',(-0.666776952275,-0.745257335365,0.));
#4023 = ORIENTED_EDGE('',*,*,#4024,.T.);
#4024 = EDGE_CURVE('',#4017,#4025,#4027,.T.);
#4025 = VERTEX_POINT('',#4026);
#4026 = CARTESIAN_POINT('',(-241.055939075,171.65687622482,69.51));
#4027 = LINE('',#4028,#4029);
#4028 = CARTESIAN_POINT('',(-245.2081663441,166.17634360264,69.51));
#4029 = VECTOR('',#4030,1.);
#4030 = DIRECTION('',(-0.603886204976,-0.797070543578,0.));
#4031 = ORIENTED_EDGE('',*,*,#4032,.T.);
#4032 = EDGE_CURVE('',#4025,#4033,#4035,.T.);
#4033 = VERTEX_POINT('',#4034);
#4034 = CARTESIAN_POINT('',(-241.081347713,171.61397783475,69.51));
#4035 = LINE('',#4036,#4037);
#4036 = CARTESIAN_POINT('',(-246.0800455629,163.17448217293,69.51));
#4037 = VECTOR('',#4038,1.);
#4038 = DIRECTION('',(-0.50961489525,-0.86040261421,0.));
#4039 = ORIENTED_EDGE('',*,*,#4040,.T.);
#4040 = EDGE_CURVE('',#4033,#4041,#4043,.T.);
#4041 = VERTEX_POINT('',#4042);
#4042 = CARTESIAN_POINT('',(-241.0821163517,171.6124492891,69.51));
#4043 = LINE('',#4044,#4045);
#4044 = CARTESIAN_POINT('',(-246.2791342957,161.27745228095,69.51));
#4045 = VECTOR('',#4046,1.);
#4046 = DIRECTION('',(-0.449253866366,-0.893404143462,0.));
#4047 = ORIENTED_EDGE('',*,*,#4048,.T.);
#4048 = EDGE_CURVE('',#4041,#4049,#4051,.T.);
#4049 = VERTEX_POINT('',#4050);
#4050 = CARTESIAN_POINT('',(-241.1027808652,171.56236986507,69.51));
#4051 = LINE('',#4052,#4053);
#4052 = CARTESIAN_POINT('',(-246.1890415725,159.23606919075,69.51));
#4053 = VECTOR('',#4054,1.);
#4054 = DIRECTION('',(-0.381437415116,-0.924394665903,0.));
#4055 = ORIENTED_EDGE('',*,*,#4056,.T.);
#4056 = EDGE_CURVE('',#4049,#4057,#4059,.T.);
#4057 = VERTEX_POINT('',#4058);
#4058 = CARTESIAN_POINT('',(-241.1116745263,171.5309015359,69.51));
#4059 = LINE('',#4060,#4061);
#4060 = CARTESIAN_POINT('',(-245.4647761947,156.12837655654,69.51));
#4061 = VECTOR('',#4062,1.);
#4062 = DIRECTION('',(-0.271969396537,-0.962305901129,0.));
#4063 = ORIENTED_EDGE('',*,*,#4064,.T.);
#4064 = EDGE_CURVE('',#4057,#4065,#4067,.T.);
#4065 = VERTEX_POINT('',#4066);
#4066 = CARTESIAN_POINT('',(-241.1168812672,171.50470571833,69.51));
#4067 = LINE('',#4068,#4069);
#4068 = CARTESIAN_POINT('',(-244.5681908074,154.14070088558,69.51));
#4069 = VECTOR('',#4070,1.);
#4070 = DIRECTION('',(-0.194948734025,-0.980813433382,0.));
#4071 = ORIENTED_EDGE('',*,*,#4072,.T.);
#4072 = EDGE_CURVE('',#4065,#4073,#4075,.T.);
#4073 = VERTEX_POINT('',#4074);
#4074 = CARTESIAN_POINT('',(-241.1217061553,171.44474419057,69.51));
#4075 = LINE('',#4076,#4077);
#4076 = CARTESIAN_POINT('',(-242.7220511236,151.55638030291,69.51));
#4077 = VECTOR('',#4078,1.);
#4078 = DIRECTION('',(-8.020715089061E-02,-0.996778216529,0.));
#4079 = ORIENTED_EDGE('',*,*,#4080,.T.);
#4080 = EDGE_CURVE('',#4073,#4081,#4083,.T.);
#4081 = VERTEX_POINT('',#4082);
#4082 = CARTESIAN_POINT('',(-241.1168812672,171.3847826626,69.51));
#4083 = LINE('',#4084,#4085);
#4084 = CARTESIAN_POINT('',(-239.2998797128,148.80390857696,69.51));
#4085 = VECTOR('',#4086,1.);
#4086 = DIRECTION('',(8.020715061751E-02,-0.996778216551,0.));
#4087 = ORIENTED_EDGE('',*,*,#4088,.T.);
#4088 = EDGE_CURVE('',#4081,#4089,#4091,.T.);
#4089 = VERTEX_POINT('',#4090);
#4090 = CARTESIAN_POINT('',(-241.1116745263,171.35858684523,69.51));
#4091 = LINE('',#4092,#4093);
#4092 = CARTESIAN_POINT('',(-236.380433976,147.55507604981,69.51));
#4093 = VECTOR('',#4094,1.);
#4094 = DIRECTION('',(0.194948733758,-0.980813433435,0.));
#4095 = ORIENTED_EDGE('',*,*,#4096,.T.);
#4096 = EDGE_CURVE('',#4089,#4097,#4099,.T.);
#4097 = VERTEX_POINT('',#4098);
#4098 = CARTESIAN_POINT('',(-241.1027808652,171.32711851586,69.51));
#4099 = LINE('',#4100,#4101);
#4100 = CARTESIAN_POINT('',(-234.258609938,147.11047442882,69.51));
#4101 = VECTOR('',#4102,1.);
#4102 = DIRECTION('',(0.271969396273,-0.962305901203,0.));
#4103 = ORIENTED_EDGE('',*,*,#4104,.T.);
#4104 = EDGE_CURVE('',#4097,#4105,#4107,.T.);
#4105 = VERTEX_POINT('',#4106);
#4106 = CARTESIAN_POINT('',(-241.0821163518,171.27703909201,69.51));
#4107 = LINE('',#4108,#4109);
#4108 = CARTESIAN_POINT('',(-231.0958982101,147.07593447021,69.51));
#4109 = VECTOR('',#4110,1.);
#4110 = DIRECTION('',(0.381437414864,-0.924394666007,0.));
#4111 = ORIENTED_EDGE('',*,*,#4112,.T.);
#4112 = EDGE_CURVE('',#4105,#4113,#4115,.T.);
#4113 = VERTEX_POINT('',#4114);
#4114 = CARTESIAN_POINT('',(-241.081347713,171.27551054618,69.51));
#4115 = LINE('',#4116,#4117);
#4116 = CARTESIAN_POINT('',(-229.0871401406,147.42335132668,69.51));
#4117 = VECTOR('',#4118,1.);
#4118 = DIRECTION('',(0.449253866105,-0.893404143594,0.));
#4119 = ORIENTED_EDGE('',*,*,#4120,.T.);
#4120 = EDGE_CURVE('',#4113,#4121,#4123,.T.);
#4121 = VERTEX_POINT('',#4122);
#4122 = CARTESIAN_POINT('',(-241.055939075,171.23261215611,69.51));
#4123 = LINE('',#4124,#4125);
#4124 = CARTESIAN_POINT('',(-227.3108287668,148.02620874842,69.51));
#4125 = VECTOR('',#4126,1.);
#4126 = DIRECTION('',(0.50961489525,-0.86040261421,0.));
#4127 = ORIENTED_EDGE('',*,*,#4128,.T.);
#4128 = EDGE_CURVE('',#4121,#4129,#4131,.T.);
#4129 = VERTEX_POINT('',#4130);
#4130 = CARTESIAN_POINT('',(-241.0346130539,171.20446390053,69.51));
#4131 = LINE('',#4132,#4133);
#4132 = CARTESIAN_POINT('',(-224.6007576332,149.51338705064,69.51));
#4133 = VECTOR('',#4134,1.);
#4134 = DIRECTION('',(0.603886204758,-0.797070543743,0.));
#4135 = ORIENTED_EDGE('',*,*,#4136,.T.);
#4136 = EDGE_CURVE('',#4129,#4137,#4139,.T.);
#4137 = VERTEX_POINT('',#4138);
#4138 = CARTESIAN_POINT('',(-241.0174115254,171.18523773301,69.51));
#4139 = LINE('',#4140,#4141);
#4140 = CARTESIAN_POINT('',(-222.9011167267,150.93663488027,69.51));
#4141 = VECTOR('',#4142,1.);
#4142 = DIRECTION('',(0.666776949269,-0.745257338055,0.));
#4143 = ORIENTED_EDGE('',*,*,#4144,.T.);
#4144 = EDGE_CURVE('',#4137,#4145,#4147,.T.);
#4145 = VERTEX_POINT('',#4146);
#4146 = CARTESIAN_POINT('',(-240.9717061551,171.14474419005,69.51));
#4147 = LINE('',#4148,#4149);
#4148 = CARTESIAN_POINT('',(-220.9413982311,153.39851156267,69.51));
#4149 = VECTOR('',#4150,1.);
#4150 = DIRECTION('',(0.748493530428,-0.663142092547,0.));
#4151 = ORIENTED_EDGE('',*,*,#4152,.T.);
#4152 = EDGE_CURVE('',#4145,#4153,#4155,.T.);
#4153 = VERTEX_POINT('',#4154);
#4154 = CARTESIAN_POINT('',(-240.9717061553,170.69474419047,69.51));
#4155 = LINE('',#4156,#4157);
#4156 = CARTESIAN_POINT('',(-240.971706165,149.87737210293,69.51));
#4157 = VECTOR('',#4158,1.);
#4158 = DIRECTION('',(-4.6698448E-10,-1.,0.));
#4159 = ORIENTED_EDGE('',*,*,#4160,.T.);
#4160 = EDGE_CURVE('',#4153,#1471,#4161,.T.);
#4161 = LINE('',#4162,#4163);
#4162 = CARTESIAN_POINT('',(-224.0202280776,170.69474419047,69.51));
#4163 = VECTOR('',#4164,1.);
#4164 = DIRECTION('',(1.,0.,0.));
#4165 = ORIENTED_EDGE('',*,*,#1470,.T.);
#4166 = ORIENTED_EDGE('',*,*,#4167,.T.);
#4167 = EDGE_CURVE('',#1463,#4168,#4170,.T.);
#4168 = VERTEX_POINT('',#4169);
#4169 = CARTESIAN_POINT('',(-240.9717061553,169.69474419047,69.51));
#4170 = LINE('',#4171,#4172);
#4171 = CARTESIAN_POINT('',(-223.2327280764,169.69474419047,69.51));
#4172 = VECTOR('',#4173,1.);
#4173 = DIRECTION('',(-1.,0.,0.));
#4174 = ORIENTED_EDGE('',*,*,#4175,.T.);
#4175 = EDGE_CURVE('',#4168,#4176,#4178,.T.);
#4176 = VERTEX_POINT('',#4177);
#4177 = CARTESIAN_POINT('',(-240.9717061553,169.24474418329,69.51));
#4178 = LINE('',#4179,#4180);
#4179 = CARTESIAN_POINT('',(-240.9717061555,149.15237209537,69.51));
#4180 = VECTOR('',#4181,1.);
#4181 = DIRECTION('',(-8.84231E-12,-1.,0.));
#4182 = ORIENTED_EDGE('',*,*,#4183,.T.);
#4183 = EDGE_CURVE('',#4176,#4184,#4186,.T.);
#4184 = VERTEX_POINT('',#4185);
#4185 = CARTESIAN_POINT('',(-241.0174115251,169.20425064788,69.51));
#4186 = LINE('',#4187,#4188);
#4187 = CARTESIAN_POINT('',(-241.5594462807,168.72402472132,69.51));
#4188 = VECTOR('',#4189,1.);
#4189 = DIRECTION('',(-0.748493588008,-0.663142027556,0.));
#4190 = ORIENTED_EDGE('',*,*,#4191,.T.);
#4191 = EDGE_CURVE('',#4184,#4192,#4194,.T.);
#4192 = VERTEX_POINT('',#4193);
#4193 = CARTESIAN_POINT('',(-241.0346130549,169.18502447625,69.51));
#4194 = LINE('',#4195,#4196);
#4195 = CARTESIAN_POINT('',(-243.5568252544,166.365944714,69.51));
#4196 = VECTOR('',#4197,1.);
#4197 = DIRECTION('',(-0.666776899263,-0.745257382794,0.));
#4198 = ORIENTED_EDGE('',*,*,#4199,.T.);
#4199 = EDGE_CURVE('',#4192,#4200,#4202,.T.);
#4200 = VERTEX_POINT('',#4201);
#4201 = CARTESIAN_POINT('',(-241.0559390748,169.15687622482,69.51));
#4202 = LINE('',#4203,#4204);
#4203 = CARTESIAN_POINT('',(-244.6064910012,164.47049643815,69.51));
#4204 = VECTOR('',#4205,1.);
#4205 = DIRECTION('',(-0.603886238801,-0.797070517951,0.));
#4206 = ORIENTED_EDGE('',*,*,#4207,.T.);
#4207 = EDGE_CURVE('',#4200,#4208,#4210,.T.);
#4208 = VERTEX_POINT('',#4209);
#4209 = CARTESIAN_POINT('',(-241.0813477128,169.11397783475,69.51));
#4210 = LINE('',#4211,#4212);
#4211 = CARTESIAN_POINT('',(-245.5319530759,161.59984800409,69.51));
#4212 = VECTOR('',#4213,1.);
#4213 = DIRECTION('',(-0.509614895517,-0.860402614052,0.));
#4214 = ORIENTED_EDGE('',*,*,#4215,.T.);
#4215 = EDGE_CURVE('',#4208,#4216,#4218,.T.);
#4216 = VERTEX_POINT('',#4217);
#4217 = CARTESIAN_POINT('',(-241.0821163513,169.1124492852,69.51));
#4218 = LINE('',#4219,#4220);
#4219 = CARTESIAN_POINT('',(-245.7774295556,159.77513509582,69.51));
#4220 = VECTOR('',#4221,1.);
#4221 = DIRECTION('',(-0.44925282097,-0.893404669145,0.));
#4222 = ORIENTED_EDGE('',*,*,#4223,.T.);
#4223 = EDGE_CURVE('',#4216,#4224,#4226,.T.);
#4224 = VERTEX_POINT('',#4225);
#4225 = CARTESIAN_POINT('',(-241.1027808651,169.06236986507,69.51));
#4226 = LINE('',#4227,#4228);
#4227 = CARTESIAN_POINT('',(-245.7482932583,157.80420191704,69.51));
#4228 = VECTOR('',#4229,1.);
#4229 = DIRECTION('',(-0.381437445147,-0.924394653511,0.));
#4230 = ORIENTED_EDGE('',*,*,#4231,.T.);
#4231 = EDGE_CURVE('',#4224,#4232,#4234,.T.);
#4232 = VERTEX_POINT('',#4233);
#4233 = CARTESIAN_POINT('',(-241.1116745246,169.03090153288,69.51));
#4234 = LINE('',#4235,#4236);
#4235 = CARTESIAN_POINT('',(-245.1376284162,154.78591560512,69.51));
#4236 = VECTOR('',#4237,1.);
#4237 = DIRECTION('',(-0.271969329003,-0.962305920216,0.));
#4238 = ORIENTED_EDGE('',*,*,#4239,.T.);
#4239 = EDGE_CURVE('',#4232,#4240,#4242,.T.);
#4240 = VERTEX_POINT('',#4241);
#4241 = CARTESIAN_POINT('',(-241.1168812671,169.00470571833,69.51));
#4242 = LINE('',#4243,#4244);
#4243 = CARTESIAN_POINT('',(-244.3291813405,152.84319646703,69.51));
#4244 = VECTOR('',#4245,1.);
#4245 = DIRECTION('',(-0.194948811144,-0.980813418053,0.));
#4246 = ORIENTED_EDGE('',*,*,#4247,.T.);
#4247 = EDGE_CURVE('',#4240,#4248,#4250,.T.);
#4248 = VERTEX_POINT('',#4249);
#4249 = CARTESIAN_POINT('',(-241.1217061529,168.94474418872,69.51));
#4250 = LINE('',#4251,#4252);
#4251 = CARTESIAN_POINT('',(-242.6221145121,150.29833802161,69.51));
#4252 = VECTOR('',#4253,1.);
#4253 = DIRECTION('',(-8.020711121345E-02,-0.996778219721,0.));
#4254 = ORIENTED_EDGE('',*,*,#4255,.T.);
#4255 = EDGE_CURVE('',#4248,#4256,#4258,.T.);
#4256 = VERTEX_POINT('',#4257);
#4257 = CARTESIAN_POINT('',(-241.1168812671,168.8847826626,69.51));
#4258 = LINE('',#4259,#4260);
#4259 = CARTESIAN_POINT('',(-239.3998164254,147.54586756604,69.51));
#4260 = VECTOR('',#4261,1.);
#4261 = DIRECTION('',(8.020711585662E-02,-0.996778219348,0.));
#4262 = ORIENTED_EDGE('',*,*,#4263,.T.);
#4263 = EDGE_CURVE('',#4256,#4264,#4266,.T.);
#4264 = VERTEX_POINT('',#4265);
#4265 = CARTESIAN_POINT('',(-241.1116745238,168.85858684466,69.51));
#4266 = LINE('',#4267,#4268);
#4267 = CARTESIAN_POINT('',(-236.6194422983,146.25756911793,69.51));
#4268 = VECTOR('',#4269,1.);
#4269 = DIRECTION('',(0.194948815712,-0.980813417145,0.));
#4270 = ORIENTED_EDGE('',*,*,#4271,.T.);
#4271 = EDGE_CURVE('',#4264,#4272,#4274,.T.);
#4272 = VERTEX_POINT('',#4273);
#4273 = CARTESIAN_POINT('',(-241.1027808651,168.82711851586,69.51));
#4274 = LINE('',#4275,#4276);
#4275 = CARTESIAN_POINT('',(-234.5857588295,145.76801549722,69.51));
#4276 = VECTOR('',#4277,1.);
#4277 = DIRECTION('',(0.271969333486,-0.962305918949,0.));
#4278 = ORIENTED_EDGE('',*,*,#4279,.T.);
#4279 = EDGE_CURVE('',#4272,#4280,#4282,.T.);
#4280 = VERTEX_POINT('',#4281);
#4281 = CARTESIAN_POINT('',(-241.0821163497,168.7770390926,69.51));
#4282 = LINE('',#4283,#4284);
#4283 = CARTESIAN_POINT('',(-231.5366456171,145.64406642257,69.51));
#4284 = VECTOR('',#4285,1.);
#4285 = DIRECTION('',(0.381437449453,-0.924394651734,0.));
#4286 = ORIENTED_EDGE('',*,*,#4287,.T.);
#4287 = EDGE_CURVE('',#4280,#4288,#4290,.T.);
#4288 = VERTEX_POINT('',#4289);
#4289 = CARTESIAN_POINT('',(-241.0813477128,168.77551054618,69.51));
#4290 = LINE('',#4291,#4292);
#4291 = CARTESIAN_POINT('',(-229.5888765811,145.92105806488,69.51));
#4292 = VECTOR('',#4293,1.);
#4293 = DIRECTION('',(0.449252825165,-0.893404667036,0.));
#4294 = ORIENTED_EDGE('',*,*,#4295,.T.);
#4295 = EDGE_CURVE('',#4288,#4296,#4298,.T.);
#4296 = VERTEX_POINT('',#4297);
#4297 = CARTESIAN_POINT('',(-241.0559390748,168.73261215611,69.51));
#4298 = LINE('',#4299,#4300);
#4299 = CARTESIAN_POINT('',(-227.8589212442,146.45157457455,69.51));
#4300 = VECTOR('',#4301,1.);
#4301 = DIRECTION('',(0.509614895516,-0.860402614052,0.));
#4302 = ORIENTED_EDGE('',*,*,#4303,.T.);
#4303 = EDGE_CURVE('',#4296,#4304,#4306,.T.);
#4304 = VERTEX_POINT('',#4305);
#4305 = CARTESIAN_POINT('',(-241.0346130527,168.704463902,69.51));
#4306 = LINE('',#4307,#4308);
#4307 = CARTESIAN_POINT('',(-225.2024314829,147.80753956228,69.51));
#4308 = VECTOR('',#4309,1.);
#4309 = DIRECTION('',(0.603886242514,-0.797070515138,0.));
#4310 = ORIENTED_EDGE('',*,*,#4311,.T.);
#4311 = EDGE_CURVE('',#4304,#4312,#4314,.T.);
#4312 = VERTEX_POINT('',#4313);
#4313 = CARTESIAN_POINT('',(-241.0174115251,168.68523773306,69.51));
#4314 = LINE('',#4315,#4316);
#4315 = CARTESIAN_POINT('',(-223.5222684349,149.13089438091,69.51));
#4316 = VECTOR('',#4317,1.);
#4317 = DIRECTION('',(0.666776902772,-0.745257379655,0.));
#4318 = ORIENTED_EDGE('',*,*,#4319,.T.);
#4319 = EDGE_CURVE('',#4312,#4320,#4322,.T.);
#4320 = VERTEX_POINT('',#4321);
#4321 = CARTESIAN_POINT('',(-240.9717061551,168.64474419202,69.51));
#4322 = LINE('',#4323,#4324);
#4323 = CARTESIAN_POINT('',(-221.5618449082,151.44820878219,69.51));
#4324 = VECTOR('',#4325,1.);
#4325 = DIRECTION('',(0.748493543299,-0.663142078019,0.));
#4326 = ORIENTED_EDGE('',*,*,#4327,.T.);
#4327 = EDGE_CURVE('',#4320,#4328,#4330,.T.);
#4328 = VERTEX_POINT('',#4329);
#4329 = CARTESIAN_POINT('',(-240.9717061553,168.19474419047,69.51));
#4330 = LINE('',#4331,#4332);
#4331 = CARTESIAN_POINT('',(-240.9717061615,148.62737210135,69.51));
#4332 = VECTOR('',#4333,1.);
#4333 = DIRECTION('',(-3.1587572E-10,-1.,0.));
#4334 = ORIENTED_EDGE('',*,*,#4335,.T.);
#4335 = EDGE_CURVE('',#4328,#4336,#4338,.T.);
#4336 = VERTEX_POINT('',#4337);
#4337 = CARTESIAN_POINT('',(-240.0717061529,168.19474419047,69.51));
#4338 = LINE('',#4339,#4340);
#4339 = CARTESIAN_POINT('',(-224.0202280776,168.19474419047,69.51));
#4340 = VECTOR('',#4341,1.);
#4341 = DIRECTION('',(1.,3.947E-14,0.));
#4342 = ORIENTED_EDGE('',*,*,#4343,.T.);
#4343 = EDGE_CURVE('',#4336,#4344,#4346,.T.);
#4344 = VERTEX_POINT('',#4345);
#4345 = CARTESIAN_POINT('',(-239.9807404147,168.18354390801,69.51));
#4346 = LINE('',#4347,#4348);
#4347 = CARTESIAN_POINT('',(-221.4160860477,165.89774513549,69.51));
#4348 = VECTOR('',#4349,1.);
#4349 = DIRECTION('',(0.992505057953,-0.122203559427,0.));
#4350 = ORIENTED_EDGE('',*,*,#4351,.T.);
#4351 = EDGE_CURVE('',#4344,#1439,#4352,.T.);
#4352 = LINE('',#4353,#4354);
#4353 = CARTESIAN_POINT('',(-219.0144767107,160.11103887529,69.51));
#4354 = VECTOR('',#4355,1.);
#4355 = DIRECTION('',(0.933217927369,-0.359310868243,0.));
#4356 = ORIENTED_EDGE('',*,*,#1438,.T.);
#4357 = ORIENTED_EDGE('',*,*,#4358,.T.);
#4358 = EDGE_CURVE('',#1431,#4359,#4361,.T.);
#4359 = VERTEX_POINT('',#4360);
#4360 = CARTESIAN_POINT('',(-239.9098183524,167.48148786747,69.51));
#4361 = LINE('',#4362,#4363);
#4362 = CARTESIAN_POINT('',(-237.0367171602,169.31854812176,69.51));
#4363 = VECTOR('',#4364,1.);
#4364 = DIRECTION('',(-0.8425009227,-0.538694899967,0.));
#4365 = ORIENTED_EDGE('',*,*,#4366,.T.);
#4366 = EDGE_CURVE('',#4359,#4367,#4369,.T.);
#4367 = VERTEX_POINT('',#4368);
#4368 = CARTESIAN_POINT('',(-239.9967061529,167.45232072905,69.51));
#4369 = LINE('',#4370,#4371);
#4370 = CARTESIAN_POINT('',(-231.0158446949,170.46708261443,69.51));
#4371 = VECTOR('',#4372,1.);
#4372 = DIRECTION('',(-0.948011671763,-0.318235557726,0.));
#4373 = ORIENTED_EDGE('',*,*,#4374,.T.);
#4374 = EDGE_CURVE('',#4367,#4375,#4377,.T.);
#4375 = VERTEX_POINT('',#4376);
#4376 = CARTESIAN_POINT('',(-239.9967061529,166.84474419047,69.51));
#4377 = LINE('',#4378,#4379);
#4378 = CARTESIAN_POINT('',(-239.9967061529,148.03116036451,69.51));
#4379 = VECTOR('',#4380,1.);
#4380 = DIRECTION('',(0.,-1.,0.));
#4381 = ORIENTED_EDGE('',*,*,#4382,.T.);
#4382 = EDGE_CURVE('',#4375,#1407,#4383,.T.);
#4383 = LINE('',#4384,#4385);
#4384 = CARTESIAN_POINT('',(-223.5327280764,166.84474419047,69.51));
#4385 = VECTOR('',#4386,1.);
#4386 = DIRECTION('',(1.,0.,0.));
#4387 = ORIENTED_EDGE('',*,*,#1406,.T.);
#4388 = ORIENTED_EDGE('',*,*,#1382,.T.);
#4389 = ORIENTED_EDGE('',*,*,#4390,.T.);
#4390 = EDGE_CURVE('',#1375,#4391,#4393,.T.);
#4391 = VERTEX_POINT('',#4392);
#4392 = CARTESIAN_POINT('',(-234.6467061529,164.89813145262,69.51));
#4393 = LINE('',#4394,#4395);
#4394 = CARTESIAN_POINT('',(-234.6467061529,147.10237209522,69.51));
#4395 = VECTOR('',#4396,1.);
#4396 = DIRECTION('',(0.,-1.,0.));
#4397 = ORIENTED_EDGE('',*,*,#4398,.T.);
#4398 = EDGE_CURVE('',#4391,#4399,#4401,.T.);
#4399 = VERTEX_POINT('',#4400);
#4400 = CARTESIAN_POINT('',(-232.1467061529,164.89813145262,69.51));
#4401 = LINE('',#4402,#4403);
#4402 = CARTESIAN_POINT('',(-220.8577280764,164.89813145262,69.51));
#4403 = VECTOR('',#4404,1.);
#4404 = DIRECTION('',(1.,0.,0.));
#4405 = ORIENTED_EDGE('',*,*,#4406,.T.);
#4406 = EDGE_CURVE('',#4399,#1351,#4407,.T.);
#4407 = LINE('',#4408,#4409);
#4408 = CARTESIAN_POINT('',(-232.1467061529,146.75406572629,69.51));
#4409 = VECTOR('',#4410,1.);
#4410 = DIRECTION('',(0.,1.,0.));
#4411 = ORIENTED_EDGE('',*,*,#1350,.T.);
#4412 = ORIENTED_EDGE('',*,*,#1269,.F.);
#4413 = ORIENTED_EDGE('',*,*,#4414,.T.);
#4414 = EDGE_CURVE('',#1270,#4415,#4417,.T.);
#4415 = VERTEX_POINT('',#4416);
#4416 = CARTESIAN_POINT('',(-226.3217061506,168.19474419047,69.51));
#4417 = LINE('',#4418,#4419);
#4418 = CARTESIAN_POINT('',(-217.2327280764,168.19474419047,69.51));
#4419 = VECTOR('',#4420,1.);
#4420 = DIRECTION('',(1.,0.,0.));
#4421 = ORIENTED_EDGE('',*,*,#4422,.T.);
#4422 = EDGE_CURVE('',#4415,#4423,#4425,.T.);
#4423 = VERTEX_POINT('',#4424);
#4424 = CARTESIAN_POINT('',(-226.3217061507,168.64474418999,69.51));
#4425 = LINE('',#4426,#4427);
#4426 = CARTESIAN_POINT('',(-226.3217061477,148.40237209378,69.51));
#4427 = VECTOR('',#4428,1.);
#4428 = DIRECTION('',(-1.4937187E-10,1.,0.));
#4429 = ORIENTED_EDGE('',*,*,#4430,.T.);
#4430 = EDGE_CURVE('',#4423,#4431,#4433,.T.);
#4431 = VERTEX_POINT('',#4432);
#4432 = CARTESIAN_POINT('',(-226.2760007794,168.68523773234,69.51));
#4433 = LINE('',#4434,#4435);
#4434 = CARTESIAN_POINT('',(-230.8643172569,164.62013154753,69.51));
#4435 = VECTOR('',#4436,1.);
#4436 = DIRECTION('',(0.748493542362,0.663142079077,0.));
#4437 = ORIENTED_EDGE('',*,*,#4438,.T.);
#4438 = EDGE_CURVE('',#4431,#4439,#4441,.T.);
#4439 = VERTEX_POINT('',#4440);
#4440 = CARTESIAN_POINT('',(-226.2587992492,168.70446389848,69.51));
#4441 = LINE('',#4442,#4443);
#4442 = CARTESIAN_POINT('',(-231.9634118128,162.32841316962,69.51));
#4443 = VECTOR('',#4444,1.);
#4444 = DIRECTION('',(0.666777012022,0.745257281909,0.));
#4445 = ORIENTED_EDGE('',*,*,#4446,.T.);
#4446 = EDGE_CURVE('',#4439,#4447,#4449,.T.);
#4447 = VERTEX_POINT('',#4448);
#4448 = CARTESIAN_POINT('',(-226.237473229,168.73261215611,69.51));
#4449 = LINE('',#4450,#4451);
#4450 = CARTESIAN_POINT('',(-232.4092325424,160.58649443162,69.51));
#4451 = VECTOR('',#4452,1.);
#4452 = DIRECTION('',(0.603886160742,0.797070577091,0.));
#4453 = ORIENTED_EDGE('',*,*,#4454,.T.);
#4454 = EDGE_CURVE('',#4447,#4455,#4457,.T.);
#4455 = VERTEX_POINT('',#4456);
#4456 = CARTESIAN_POINT('',(-226.212064591,168.77551054619,69.51));
#4457 = LINE('',#4458,#4459);
#4458 = CARTESIAN_POINT('',(-232.5447050369,158.0838677982,69.51));
#4459 = VECTOR('',#4460,1.);
#4460 = DIRECTION('',(0.50961489493,0.860402614399,0.));
#4461 = ORIENTED_EDGE('',*,*,#4462,.T.);
#4462 = EDGE_CURVE('',#4455,#4463,#4465,.T.);
#4463 = VERTEX_POINT('',#4464);
#4464 = CARTESIAN_POINT('',(-226.2112959504,168.77703909039,69.51));
#4465 = LINE('',#4466,#4467);
#4466 = CARTESIAN_POINT('',(-232.3407525217,156.58779916454,69.51));
#4467 = VECTOR('',#4468,1.);
#4468 = DIRECTION('',(0.449255093045,0.893403526618,0.));
#4469 = ORIENTED_EDGE('',*,*,#4470,.T.);
#4470 = EDGE_CURVE('',#4463,#4471,#4473,.T.);
#4471 = VERTEX_POINT('',#4472);
#4472 = CARTESIAN_POINT('',(-226.1906314388,168.82711851587,69.51));
#4473 = LINE('',#4474,#4475);
#4474 = CARTESIAN_POINT('',(-231.9001511592,154.99037883529,69.51));
#4475 = VECTOR('',#4476,1.);
#4476 = DIRECTION('',(0.381437375407,0.924394682288,0.));
#4477 = ORIENTED_EDGE('',*,*,#4478,.T.);
#4478 = EDGE_CURVE('',#4471,#4479,#4481,.T.);
#4479 = VERTEX_POINT('',#4480);
#4480 = CARTESIAN_POINT('',(-226.1817377753,168.8585868443,69.51));
#4481 = LINE('',#4482,#4483);
#4482 = CARTESIAN_POINT('',(-230.7462019098,152.70820556535,69.51));
#4483 = VECTOR('',#4484,1.);
#4484 = DIRECTION('',(0.271969472329,0.962305879708,0.));
#4485 = ORIENTED_EDGE('',*,*,#4486,.T.);
#4486 = EDGE_CURVE('',#4479,#4487,#4489,.T.);
#4487 = VERTEX_POINT('',#4488);
#4488 = CARTESIAN_POINT('',(-226.1765310368,168.8847826626,69.51));
#4489 = LINE('',#4490,#4491);
#4490 = CARTESIAN_POINT('',(-229.6664743807,151.32639708406,69.51));
#4491 = VECTOR('',#4492,1.);
#4492 = DIRECTION('',(0.194948639426,0.980813452184,0.));
#4493 = ORIENTED_EDGE('',*,*,#4494,.T.);
#4494 = EDGE_CURVE('',#4487,#4495,#4497,.T.);
#4495 = VERTEX_POINT('',#4496);
#4496 = CARTESIAN_POINT('',(-226.1717061461,168.94474419047,69.51));
#4497 = LINE('',#4498,#4499);
#4498 = CARTESIAN_POINT('',(-227.7250289566,149.64076100783,69.51));
#4499 = VECTOR('',#4500,1.);
#4500 = DIRECTION('',(8.020719457772E-02,0.996778213013,0.));
#4501 = ORIENTED_EDGE('',*,*,#4502,.T.);
#4502 = EDGE_CURVE('',#4495,#4503,#4505,.T.);
#4503 = VERTEX_POINT('',#4504);
#4504 = CARTESIAN_POINT('',(-226.1765310368,169.00470571833,69.51));
#4505 = LINE('',#4506,#4507);
#4506 = CARTESIAN_POINT('',(-224.4979027569,148.1434836555,69.51));
#4507 = VECTOR('',#4508,1.);
#4508 = DIRECTION('',(-8.020719457826E-02,0.996778213013,0.));
#4509 = ORIENTED_EDGE('',*,*,#4510,.T.);
#4510 = EDGE_CURVE('',#4503,#4511,#4513,.T.);
#4511 = VERTEX_POINT('',#4512);
#4512 = CARTESIAN_POINT('',(-226.1817377753,169.03090153663,69.51));
#4513 = LINE('',#4514,#4515);
#4514 = CARTESIAN_POINT('',(-221.95153524,147.74817002138,69.51));
#4515 = VECTOR('',#4516,1.);
#4516 = DIRECTION('',(-0.194948639424,0.980813452185,0.));
#4517 = ORIENTED_EDGE('',*,*,#4518,.T.);
#4518 = EDGE_CURVE('',#4511,#4519,#4521,.T.);
#4519 = VERTEX_POINT('',#4520);
#4520 = CARTESIAN_POINT('',(-226.1906314388,169.06236986507,69.51));
#4521 = LINE('',#4522,#4523);
#4522 = CARTESIAN_POINT('',(-220.1854336645,147.81426037143,69.51));
#4523 = VECTOR('',#4524,1.);
#4524 = DIRECTION('',(-0.271969472331,0.962305879708,0.));
#4525 = ORIENTED_EDGE('',*,*,#4526,.T.);
#4526 = EDGE_CURVE('',#4519,#4527,#4529,.T.);
#4527 = VERTEX_POINT('',#4528);
#4528 = CARTESIAN_POINT('',(-226.2112959504,169.11244929054,69.51));
#4529 = LINE('',#4530,#4531);
#4530 = CARTESIAN_POINT('',(-217.6678412851,148.40780792574,69.51));
#4531 = VECTOR('',#4532,1.);
#4532 = DIRECTION('',(-0.381437375407,0.924394682288,0.));
#4533 = ORIENTED_EDGE('',*,*,#4534,.T.);
#4534 = EDGE_CURVE('',#4527,#4535,#4537,.T.);
#4535 = VERTEX_POINT('',#4536);
#4536 = CARTESIAN_POINT('',(-226.212064591,169.11397783474,69.51));
#4537 = LINE('',#4538,#4539);
#4538 = CARTESIAN_POINT('',(-216.1513698572,149.10694776525,69.51));
#4539 = VECTOR('',#4540,1.);
#4540 = DIRECTION('',(-0.449255093045,0.893403526618,0.));
#4541 = ORIENTED_EDGE('',*,*,#4542,.T.);
#4542 = EDGE_CURVE('',#4535,#4543,#4545,.T.);
#4543 = VERTEX_POINT('',#4544);
#4544 = CARTESIAN_POINT('',(-226.237473229,169.15687622482,69.51));
#4545 = LINE('',#4546,#4547);
#4546 = CARTESIAN_POINT('',(-214.8462645803,149.92465636626,69.51));
#4547 = VECTOR('',#4548,1.);
#4548 = DIRECTION('',(-0.50961489493,0.860402614399,0.));
#4549 = ORIENTED_EDGE('',*,*,#4550,.T.);
#4550 = EDGE_CURVE('',#4543,#4551,#4553,.T.);
#4551 = VERTEX_POINT('',#4552);
#4552 = CARTESIAN_POINT('',(-226.2587992492,169.18502448245,69.51));
#4553 = LINE('',#4554,#4555);
#4554 = CARTESIAN_POINT('',(-212.9838481747,151.66338944306,69.51));
#4555 = VECTOR('',#4556,1.);
#4556 = DIRECTION('',(-0.603886160742,0.797070577091,0.));
#4557 = ORIENTED_EDGE('',*,*,#4558,.T.);
#4558 = EDGE_CURVE('',#4551,#4559,#4561,.T.);
#4559 = VERTEX_POINT('',#4560);
#4560 = CARTESIAN_POINT('',(-226.2760007791,169.20425064829,69.51));
#4561 = LINE('',#4562,#4563);
#4562 = CARTESIAN_POINT('',(-211.911652885,153.14920572669,69.51));
#4563 = VECTOR('',#4564,1.);
#4564 = DIRECTION('',(-0.666777011581,0.745257282304,0.));
#4565 = ORIENTED_EDGE('',*,*,#4566,.T.);
#4566 = EDGE_CURVE('',#4559,#4567,#4569,.T.);
#4567 = VERTEX_POINT('',#4568);
#4568 = CARTESIAN_POINT('',(-226.3217061507,169.24474419094,69.51));
#4569 = LINE('',#4570,#4571);
#4570 = CARTESIAN_POINT('',(-210.8210092098,155.51160712801,69.51));
#4571 = VECTOR('',#4572,1.);
#4572 = DIRECTION('',(-0.748493541996,0.66314207949,0.));
#4573 = ORIENTED_EDGE('',*,*,#4574,.T.);
#4574 = EDGE_CURVE('',#4567,#4575,#4577,.T.);
#4575 = VERTEX_POINT('',#4576);
#4576 = CARTESIAN_POINT('',(-226.3217061506,169.69474419047,69.51));
#4577 = LINE('',#4578,#4579);
#4578 = CARTESIAN_POINT('',(-226.3217061537,148.92737209689,69.51));
#4579 = VECTOR('',#4580,1.);
#4580 = DIRECTION('',(1.4937187E-10,1.,0.));
#4581 = ORIENTED_EDGE('',*,*,#4582,.T.);
#4582 = EDGE_CURVE('',#4575,#1294,#4583,.T.);
#4583 = LINE('',#4584,#4585);
#4584 = CARTESIAN_POINT('',(-216.6952280753,169.69474419047,69.51));
#4585 = VECTOR('',#4586,1.);
#4586 = DIRECTION('',(-1.,0.,0.));
#4587 = ORIENTED_EDGE('',*,*,#1301,.F.);
#4588 = ORIENTED_EDGE('',*,*,#4589,.T.);
#4589 = EDGE_CURVE('',#1302,#4590,#4592,.T.);
#4590 = VERTEX_POINT('',#4591);
#4591 = CARTESIAN_POINT('',(-226.3217061506,173.19474419047,69.51));
#4592 = LINE('',#4593,#4594);
#4593 = CARTESIAN_POINT('',(-217.2327280765,173.19474419047,69.51));
#4594 = VECTOR('',#4595,1.);
#4595 = DIRECTION('',(1.,-3.305E-14,0.));
#4596 = ORIENTED_EDGE('',*,*,#4597,.T.);
#4597 = EDGE_CURVE('',#4590,#4598,#4600,.T.);
#4598 = VERTEX_POINT('',#4599);
#4599 = CARTESIAN_POINT('',(-226.3217061491,173.64474418952,69.51));
#4600 = LINE('',#4601,#4602);
#4601 = CARTESIAN_POINT('',(-226.3217062246,150.90237212717,69.51));
#4602 = VECTOR('',#4603,1.);
#4603 = DIRECTION('',(3.31886618E-09,1.,0.));
#4604 = ORIENTED_EDGE('',*,*,#4605,.T.);
#4605 = EDGE_CURVE('',#4598,#4606,#4608,.T.);
#4606 = VERTEX_POINT('',#4607);
#4607 = CARTESIAN_POINT('',(-226.276000779,173.68523773264,69.51));
#4608 = LINE('',#4609,#4610);
#4609 = CARTESIAN_POINT('',(-232.1052114445,168.52073752185,69.51));
#4610 = VECTOR('',#4611,1.);
#4611 = DIRECTION('',(0.74849352727,0.663142096111,0.));
#4612 = ORIENTED_EDGE('',*,*,#4613,.T.);
#4613 = EDGE_CURVE('',#4606,#4614,#4616,.T.);
#4614 = VERTEX_POINT('',#4615);
#4615 = CARTESIAN_POINT('',(-226.2587992487,173.70446389913,69.51));
#4616 = LINE('',#4617,#4618);
#4617 = CARTESIAN_POINT('',(-233.2057128951,165.93989205115,69.51));
#4618 = VECTOR('',#4619,1.);
#4619 = DIRECTION('',(0.666777009545,0.745257284126,0.));
#4620 = ORIENTED_EDGE('',*,*,#4621,.T.);
#4621 = EDGE_CURVE('',#4614,#4622,#4624,.T.);
#4622 = VERTEX_POINT('',#4623);
#4623 = CARTESIAN_POINT('',(-226.237473229,173.73261215611,69.51));
#4624 = LINE('',#4625,#4626);
#4625 = CARTESIAN_POINT('',(-233.6125822722,163.99819064261,69.51));
#4626 = VECTOR('',#4627,1.);
#4627 = DIRECTION('',(0.603886159851,0.797070577766,0.));
#4628 = ORIENTED_EDGE('',*,*,#4629,.T.);
#4629 = EDGE_CURVE('',#4622,#4630,#4632,.T.);
#4630 = VERTEX_POINT('',#4631);
#4631 = CARTESIAN_POINT('',(-226.212064591,173.77551054619,69.51));
#4632 = LINE('',#4633,#4634);
#4633 = CARTESIAN_POINT('',(-233.6408900067,161.23313615099,69.51));
#4634 = VECTOR('',#4635,1.);
#4635 = DIRECTION('',(0.509614894928,0.8604026144,0.));
#4636 = ORIENTED_EDGE('',*,*,#4637,.T.);
#4637 = EDGE_CURVE('',#4630,#4638,#4640,.T.);
#4638 = VERTEX_POINT('',#4639);
#4639 = CARTESIAN_POINT('',(-226.21129595,173.77703909104,69.51));
#4640 = LINE('',#4641,#4642);
#4641 = CARTESIAN_POINT('',(-233.3441677272,159.59237448793,69.51));
#4642 = VECTOR('',#4643,1.);
#4643 = DIRECTION('',(0.449255092177,0.893403527054,0.));
#4644 = ORIENTED_EDGE('',*,*,#4645,.T.);
#4645 = EDGE_CURVE('',#4638,#4646,#4648,.T.);
#4646 = VERTEX_POINT('',#4647);
#4647 = CARTESIAN_POINT('',(-226.1906314388,173.82711851587,69.51));
#4648 = LINE('',#4649,#4650);
#4649 = CARTESIAN_POINT('',(-232.7816478537,157.85411499215,69.51));
#4650 = VECTOR('',#4651,1.);
#4651 = DIRECTION('',(0.381437374518,0.924394682655,0.));
#4652 = ORIENTED_EDGE('',*,*,#4653,.T.);
#4653 = EDGE_CURVE('',#4646,#4654,#4656,.T.);
#4654 = VERTEX_POINT('',#4655);
#4655 = CARTESIAN_POINT('',(-226.1817377751,173.85858684489,69.51));
#4656 = LINE('',#4657,#4658);
#4657 = CARTESIAN_POINT('',(-231.4004964542,155.39312403406,69.51));
#4658 = VECTOR('',#4659,1.);
#4659 = DIRECTION('',(0.27196947156,0.962305879926,0.));
#4660 = ORIENTED_EDGE('',*,*,#4661,.T.);
#4661 = EDGE_CURVE('',#4654,#4662,#4664,.T.);
#4662 = VERTEX_POINT('',#4663);
#4663 = CARTESIAN_POINT('',(-226.1765310368,173.8847826626,69.51));
#4664 = LINE('',#4665,#4666);
#4665 = CARTESIAN_POINT('',(-230.1444949869,153.92140950035,69.51));
#4666 = VECTOR('',#4667,1.);
#4667 = DIRECTION('',(0.194948638639,0.980813452341,0.));
#4668 = ORIENTED_EDGE('',*,*,#4669,.T.);
#4669 = EDGE_CURVE('',#4662,#4670,#4672,.T.);
#4670 = VERTEX_POINT('',#4671);
#4671 = CARTESIAN_POINT('',(-226.1717061461,173.94474419095,69.51));
#4672 = LINE('',#4673,#4674);
#4673 = CARTESIAN_POINT('',(-227.9249009034,152.15684398462,69.51));
#4674 = VECTOR('',#4675,1.);
#4675 = DIRECTION('',(8.020719393908E-02,0.996778213065,0.));
#4676 = ORIENTED_EDGE('',*,*,#4677,.T.);
#4677 = EDGE_CURVE('',#4670,#4678,#4680,.T.);
#4678 = VERTEX_POINT('',#4679);
#4679 = CARTESIAN_POINT('',(-226.1765310368,174.00470571833,69.51));
#4680 = LINE('',#4681,#4682);
#4681 = CARTESIAN_POINT('',(-224.2980307814,150.65956663717,69.51));
#4682 = VECTOR('',#4683,1.);
#4683 = DIRECTION('',(-8.02071952169E-02,0.996778212962,0.));
#4684 = ORIENTED_EDGE('',*,*,#4685,.T.);
#4685 = EDGE_CURVE('',#4678,#4686,#4688,.T.);
#4686 = VERTEX_POINT('',#4687);
#4687 = CARTESIAN_POINT('',(-226.1817377754,174.03090153698,69.51));
#4688 = LINE('',#4689,#4690);
#4689 = CARTESIAN_POINT('',(-221.473514608,150.34318245134,69.51));
#4690 = VECTOR('',#4691,1.);
#4691 = DIRECTION('',(-0.194948639896,0.980813452091,0.));
#4692 = ORIENTED_EDGE('',*,*,#4693,.T.);
#4693 = EDGE_CURVE('',#4686,#4694,#4696,.T.);
#4694 = VERTEX_POINT('',#4695);
#4695 = CARTESIAN_POINT('',(-226.1906314388,174.06236986507,69.51));
#4696 = LINE('',#4697,#4698);
#4697 = CARTESIAN_POINT('',(-219.531139097,150.4991788581,69.51));
#4698 = VECTOR('',#4699,1.);
#4699 = DIRECTION('',(-0.271969472793,0.962305879577,0.));
#4700 = ORIENTED_EDGE('',*,*,#4701,.T.);
#4701 = EDGE_CURVE('',#4694,#4702,#4704,.T.);
#4702 = VERTEX_POINT('',#4703);
#4703 = CARTESIAN_POINT('',(-226.2112959505,174.11244929075,69.51));
#4704 = LINE('',#4705,#4706);
#4705 = CARTESIAN_POINT('',(-216.7863445742,151.27154410709,69.51));
#4706 = VECTOR('',#4707,1.);
#4707 = DIRECTION('',(-0.381437375703,0.924394682166,0.));
#4708 = ORIENTED_EDGE('',*,*,#4709,.T.);
#4709 = EDGE_CURVE('',#4702,#4710,#4712,.T.);
#4710 = VERTEX_POINT('',#4711);
#4711 = CARTESIAN_POINT('',(-226.212064591,174.11397783474,69.51));
#4712 = LINE('',#4713,#4714);
#4713 = CARTESIAN_POINT('',(-215.1479546394,152.11152311584,69.51));
#4714 = VECTOR('',#4715,1.);
#4715 = DIRECTION('',(-0.449255093324,0.893403526478,0.));
#4716 = ORIENTED_EDGE('',*,*,#4717,.T.);
#4717 = EDGE_CURVE('',#4710,#4718,#4720,.T.);
#4718 = VERTEX_POINT('',#4719);
#4719 = CARTESIAN_POINT('',(-226.237473229,174.15687622482,69.51));
#4720 = LINE('',#4721,#4722);
#4721 = CARTESIAN_POINT('',(-213.7500796104,153.07392471914,69.51));
#4722 = VECTOR('',#4723,1.);
#4723 = DIRECTION('',(-0.509614894932,0.860402614398,0.));
#4724 = ORIENTED_EDGE('',*,*,#4725,.T.);
#4725 = EDGE_CURVE('',#4718,#4726,#4728,.T.);
#4726 = VERTEX_POINT('',#4727);
#4727 = CARTESIAN_POINT('',(-226.2587992493,174.18502448254,69.51));
#4728 = LINE('',#4729,#4730);
#4729 = CARTESIAN_POINT('',(-211.7804984457,155.0750856839,69.51));
#4730 = VECTOR('',#4731,1.);
#4731 = DIRECTION('',(-0.603886160865,0.797070576998,0.));
#4732 = ORIENTED_EDGE('',*,*,#4733,.T.);
#4733 = EDGE_CURVE('',#4726,#4734,#4736,.T.);
#4734 = VERTEX_POINT('',#4735);
#4735 = CARTESIAN_POINT('',(-226.2760007791,174.20425064829,69.51));
#4736 = LINE('',#4737,#4738);
#4737 = CARTESIAN_POINT('',(-210.6693518244,156.76068468778,69.51));
#4738 = VECTOR('',#4739,1.);
#4739 = DIRECTION('',(-0.666777011688,0.745257282208,0.));
#4740 = ORIENTED_EDGE('',*,*,#4741,.T.);
#4741 = EDGE_CURVE('',#4734,#4742,#4744,.T.);
#4742 = VERTEX_POINT('',#4743);
#4743 = CARTESIAN_POINT('',(-226.3217061507,174.24474419094,69.51));
#4744 = LINE('',#4745,#4746);
#4745 = CARTESIAN_POINT('',(-209.5801152999,159.41221358425,69.51));
#4746 = VECTOR('',#4747,1.);
#4747 = DIRECTION('',(-0.748493542002,0.663142079484,0.));
#4748 = ORIENTED_EDGE('',*,*,#4749,.T.);
#4749 = EDGE_CURVE('',#4742,#4750,#4752,.T.);
#4750 = VERTEX_POINT('',#4751);
#4751 = CARTESIAN_POINT('',(-226.3217061506,174.69474419047,69.51));
#4752 = LINE('',#4753,#4754);
#4753 = CARTESIAN_POINT('',(-226.3217061541,151.42737209689,69.51));
#4754 = VECTOR('',#4755,1.);
#4755 = DIRECTION('',(1.4937187E-10,1.,0.));
#4756 = ORIENTED_EDGE('',*,*,#4757,.T.);
#4757 = EDGE_CURVE('',#4750,#1326,#4758,.T.);
#4758 = LINE('',#4759,#4760);
#4759 = CARTESIAN_POINT('',(-216.6952280753,174.69474419047,69.51));
#4760 = VECTOR('',#4761,1.);
#4761 = DIRECTION('',(-1.,0.,0.));
#4762 = ORIENTED_EDGE('',*,*,#1333,.F.);
#4763 = FACE_BOUND('',#4764,.T.);
#4764 = EDGE_LOOP('',(#4765,#4775,#4783,#4791));
#4765 = ORIENTED_EDGE('',*,*,#4766,.F.);
#4766 = EDGE_CURVE('',#4767,#4769,#4771,.T.);
#4767 = VERTEX_POINT('',#4768);
#4768 = CARTESIAN_POINT('',(-230.325,142.06,69.51));
#4769 = VERTEX_POINT('',#4770);
#4770 = CARTESIAN_POINT('',(-245.925,142.06,69.51));
#4771 = LINE('',#4772,#4773);
#4772 = CARTESIAN_POINT('',(-218.6968749999,142.06,69.51));
#4773 = VECTOR('',#4774,1.);
#4774 = DIRECTION('',(-1.,1.2E-16,0.));
#4775 = ORIENTED_EDGE('',*,*,#4776,.T.);
#4776 = EDGE_CURVE('',#4767,#4777,#4779,.T.);
#4777 = VERTEX_POINT('',#4778);
#4778 = CARTESIAN_POINT('',(-230.325,157.66,69.51));
#4779 = LINE('',#4780,#4781);
#4780 = CARTESIAN_POINT('',(-230.325,143.13499999998,69.51));
#4781 = VECTOR('',#4782,1.);
#4782 = DIRECTION('',(1.2E-16,1.,0.));
#4783 = ORIENTED_EDGE('',*,*,#4784,.T.);
#4784 = EDGE_CURVE('',#4777,#4785,#4787,.T.);
#4785 = VERTEX_POINT('',#4786);
#4786 = CARTESIAN_POINT('',(-245.925,157.66,69.51));
#4787 = LINE('',#4788,#4789);
#4788 = CARTESIAN_POINT('',(-218.6968749999,157.66,69.51));
#4789 = VECTOR('',#4790,1.);
#4790 = DIRECTION('',(-1.,1.2E-16,0.));
#4791 = ORIENTED_EDGE('',*,*,#4792,.F.);
#4792 = EDGE_CURVE('',#4769,#4785,#4793,.T.);
#4793 = LINE('',#4794,#4795);
#4794 = CARTESIAN_POINT('',(-245.925,143.13499999998,69.51));
#4795 = VECTOR('',#4796,1.);
#4796 = DIRECTION('',(1.2E-16,1.,0.));
#4797 = FACE_BOUND('',#4798,.T.);
#4798 = EDGE_LOOP('',(#4799,#4809,#4817,#4825));
#4799 = ORIENTED_EDGE('',*,*,#4800,.F.);
#4800 = EDGE_CURVE('',#4801,#4803,#4805,.T.);
#4801 = VERTEX_POINT('',#4802);
#4802 = CARTESIAN_POINT('',(-211.275,142.06,69.51));
#4803 = VERTEX_POINT('',#4804);
#4804 = CARTESIAN_POINT('',(-226.875,142.06,69.51));
#4805 = LINE('',#4806,#4807);
#4806 = CARTESIAN_POINT('',(-209.1718749999,142.06,69.51));
#4807 = VECTOR('',#4808,1.);
#4808 = DIRECTION('',(-1.,1.2E-16,0.));
#4809 = ORIENTED_EDGE('',*,*,#4810,.T.);
#4810 = EDGE_CURVE('',#4801,#4811,#4813,.T.);
#4811 = VERTEX_POINT('',#4812);
#4812 = CARTESIAN_POINT('',(-211.275,157.66,69.51));
#4813 = LINE('',#4814,#4815);
#4814 = CARTESIAN_POINT('',(-211.275,143.13499999998,69.51));
#4815 = VECTOR('',#4816,1.);
#4816 = DIRECTION('',(1.2E-16,1.,0.));
#4817 = ORIENTED_EDGE('',*,*,#4818,.T.);
#4818 = EDGE_CURVE('',#4811,#4819,#4821,.T.);
#4819 = VERTEX_POINT('',#4820);
#4820 = CARTESIAN_POINT('',(-226.875,157.66,69.51));
#4821 = LINE('',#4822,#4823);
#4822 = CARTESIAN_POINT('',(-209.1718749999,157.66,69.51));
#4823 = VECTOR('',#4824,1.);
#4824 = DIRECTION('',(-1.,1.2E-16,0.));
#4825 = ORIENTED_EDGE('',*,*,#4826,.F.);
#4826 = EDGE_CURVE('',#4803,#4819,#4827,.T.);
#4827 = LINE('',#4828,#4829);
#4828 = CARTESIAN_POINT('',(-226.875,143.13499999998,69.51));
#4829 = VECTOR('',#4830,1.);
#4830 = DIRECTION('',(1.2E-16,1.,0.));
#4831 = FACE_BOUND('',#4832,.T.);
#4832 = EDGE_LOOP('',(#4833,#4834,#4842,#4850,#4856,#4857,#4858,#4866,
    #4874,#4882,#4888,#4889,#4897,#4905,#4913,#4921,#4929,#4937,#4945,
    #4953,#4961,#4969,#4977,#4985,#4993,#5001,#5009,#5017,#5025,#5033,
    #5041,#5049,#5057,#5065,#5073,#5079,#5080,#5088,#5096,#5104,#5112,
    #5120,#5128,#5136,#5144,#5152,#5160,#5168,#5176,#5184,#5192,#5200,
    #5208,#5216,#5224,#5232,#5240,#5248,#5254,#5255,#5263,#5271,#5279,
    #5287,#5295,#5303,#5311,#5319,#5327,#5335,#5343,#5351,#5359,#5367,
    #5375,#5383,#5391,#5399,#5407,#5415,#5423,#5431,#5439,#5445,#5446,
    #5454,#5462,#5470,#5476,#5477,#5478,#5486,#5494,#5500,#5501,#5502,
    #5510,#5518,#5526,#5534,#5542,#5550,#5558,#5566,#5574,#5582,#5590,
    #5598,#5606,#5614,#5622,#5630,#5638,#5646,#5654,#5662,#5670,#5676,
    #5677,#5685,#5693,#5701,#5709,#5717,#5725,#5733,#5741,#5749,#5757,
    #5765,#5773,#5781,#5789,#5797,#5805,#5813,#5821,#5829,#5837,#5845,
    #5851));
#4833 = ORIENTED_EDGE('',*,*,#2142,.T.);
#4834 = ORIENTED_EDGE('',*,*,#4835,.T.);
#4835 = EDGE_CURVE('',#2135,#4836,#4838,.T.);
#4836 = VERTEX_POINT('',#4837);
#4837 = CARTESIAN_POINT('',(-186.953293847,164.90864307168,69.51));
#4838 = LINE('',#4839,#4840);
#4839 = CARTESIAN_POINT('',(-186.953293847,147.10762790475,69.51));
#4840 = VECTOR('',#4841,1.);
#4841 = DIRECTION('',(0.,-1.,0.));
#4842 = ORIENTED_EDGE('',*,*,#4843,.T.);
#4843 = EDGE_CURVE('',#4836,#4844,#4846,.T.);
#4844 = VERTEX_POINT('',#4845);
#4845 = CARTESIAN_POINT('',(-184.453293847,164.90864307168,69.51));
#4846 = LINE('',#4847,#4848);
#4847 = CARTESIAN_POINT('',(-197.0110219235,164.90864307168,69.51));
#4848 = VECTOR('',#4849,1.);
#4849 = DIRECTION('',(1.,0.,0.));
#4850 = ORIENTED_EDGE('',*,*,#4851,.T.);
#4851 = EDGE_CURVE('',#4844,#2111,#4852,.T.);
#4852 = LINE('',#4853,#4854);
#4853 = CARTESIAN_POINT('',(-184.453293847,146.75932153582,69.51));
#4854 = VECTOR('',#4855,1.);
#4855 = DIRECTION('',(0.,1.,0.));
#4856 = ORIENTED_EDGE('',*,*,#2110,.T.);
#4857 = ORIENTED_EDGE('',*,*,#1933,.F.);
#4858 = ORIENTED_EDGE('',*,*,#4859,.T.);
#4859 = EDGE_CURVE('',#1934,#4860,#4862,.T.);
#4860 = VERTEX_POINT('',#4861);
#4861 = CARTESIAN_POINT('',(-179.103293847,166.85525580953,69.51));
#4862 = LINE('',#4863,#4864);
#4863 = CARTESIAN_POINT('',(-193.3860219235,166.85525580953,69.51));
#4864 = VECTOR('',#4865,1.);
#4865 = DIRECTION('',(1.,0.,0.));
#4866 = ORIENTED_EDGE('',*,*,#4867,.T.);
#4867 = EDGE_CURVE('',#4860,#4868,#4870,.T.);
#4868 = VERTEX_POINT('',#4869);
#4869 = CARTESIAN_POINT('',(-179.103293847,167.46283234811,69.51));
#4870 = LINE('',#4871,#4872);
#4871 = CARTESIAN_POINT('',(-179.103293847,147.73262790475,69.51));
#4872 = VECTOR('',#4873,1.);
#4873 = DIRECTION('',(0.,1.,0.));
#4874 = ORIENTED_EDGE('',*,*,#4875,.T.);
#4875 = EDGE_CURVE('',#4868,#4876,#4878,.T.);
#4876 = VERTEX_POINT('',#4877);
#4877 = CARTESIAN_POINT('',(-179.1901816475,167.49199948653,69.51));
#4878 = LINE('',#4879,#4880);
#4879 = CARTESIAN_POINT('',(-185.8091615644,169.71390753705,69.51));
#4880 = VECTOR('',#4881,1.);
#4881 = DIRECTION('',(-0.94801167176,0.318235557735,0.));
#4882 = ORIENTED_EDGE('',*,*,#4883,.T.);
#4883 = EDGE_CURVE('',#4876,#1958,#4884,.T.);
#4884 = LINE('',#4885,#4886);
#4885 = CARTESIAN_POINT('',(-180.2610781406,168.1767304627,69.51));
#4886 = VECTOR('',#4887,1.);
#4887 = DIRECTION('',(-0.8425009227,0.538694899966,0.));
#4888 = ORIENTED_EDGE('',*,*,#1965,.F.);
#4889 = ORIENTED_EDGE('',*,*,#4890,.T.);
#4890 = EDGE_CURVE('',#1966,#4891,#4893,.T.);
#4891 = VERTEX_POINT('',#4892);
#4892 = CARTESIAN_POINT('',(-179.1192595852,168.19405552707,69.51));
#4893 = LINE('',#4894,#4895);
#4894 = CARTESIAN_POINT('',(-197.9691416444,160.93640724326,69.51));
#4895 = VECTOR('',#4896,1.);
#4896 = DIRECTION('',(0.933217927369,0.359310868243,0.));
#4897 = ORIENTED_EDGE('',*,*,#4898,.T.);
#4898 = EDGE_CURVE('',#4891,#4899,#4901,.T.);
#4899 = VERTEX_POINT('',#4900);
#4900 = CARTESIAN_POINT('',(-179.028293847,168.20525580953,69.51));
#4901 = LINE('',#4902,#4903);
#4902 = CARTESIAN_POINT('',(-195.2858385538,166.20352310822,69.51));
#4903 = VECTOR('',#4904,1.);
#4904 = DIRECTION('',(0.992505057953,0.122203559427,0.));
#4905 = ORIENTED_EDGE('',*,*,#4906,.T.);
#4906 = EDGE_CURVE('',#4899,#4907,#4909,.T.);
#4907 = VERTEX_POINT('',#4908);
#4908 = CARTESIAN_POINT('',(-178.1282938427,168.20525580953,69.51));
#4909 = LINE('',#4910,#4911);
#4910 = CARTESIAN_POINT('',(-193.0485219235,168.20525580953,69.51));
#4911 = VECTOR('',#4912,1.);
#4912 = DIRECTION('',(1.,0.,0.));
#4913 = ORIENTED_EDGE('',*,*,#4914,.T.);
#4914 = EDGE_CURVE('',#4907,#4915,#4917,.T.);
#4915 = VERTEX_POINT('',#4916);
#4916 = CARTESIAN_POINT('',(-178.1282938446,168.65525580953,69.51));
#4917 = LINE('',#4918,#4919);
#4918 = CARTESIAN_POINT('',(-178.128293757,148.40762796735,69.51));
#4919 = VECTOR('',#4920,1.);
#4920 = DIRECTION('',(-4.32594207E-09,1.,0.));
#4921 = ORIENTED_EDGE('',*,*,#4922,.T.);
#4922 = EDGE_CURVE('',#4915,#4923,#4925,.T.);
#4923 = VERTEX_POINT('',#4924);
#4924 = CARTESIAN_POINT('',(-178.0825884748,168.69574935212,69.51));
#4925 = LINE('',#4926,#4927);
#4926 = CARTESIAN_POINT('',(-196.1735143792,152.66774910945,69.51));
#4927 = VECTOR('',#4928,1.);
#4928 = DIRECTION('',(0.748493529689,0.663142093381,0.));
#4929 = ORIENTED_EDGE('',*,*,#4930,.T.);
#4930 = EDGE_CURVE('',#4923,#4931,#4933,.T.);
#4931 = VERTEX_POINT('',#4932);
#4932 = CARTESIAN_POINT('',(-178.0653869473,168.71497552092,69.51));
#4933 = LINE('',#4934,#4935);
#4934 = CARTESIAN_POINT('',(-194.4858015456,150.36185755853,69.51));
#4935 = VECTOR('',#4936,1.);
#4936 = DIRECTION('',(0.666776902928,0.745257379515,0.));
#4937 = ORIENTED_EDGE('',*,*,#4938,.T.);
#4938 = EDGE_CURVE('',#4931,#4939,#4941,.T.);
#4939 = VERTEX_POINT('',#4940);
#4940 = CARTESIAN_POINT('',(-178.0440609251,168.74312377517,69.51));
#4941 = LINE('',#4942,#4943);
#4942 = CARTESIAN_POINT('',(-193.0059026027,148.99496260226,69.51));
#4943 = VECTOR('',#4944,1.);
#4944 = DIRECTION('',(0.60388624271,0.797070514989,0.));
#4945 = ORIENTED_EDGE('',*,*,#4946,.T.);
#4946 = EDGE_CURVE('',#4939,#4947,#4949,.T.);
#4947 = VERTEX_POINT('',#4948);
#4948 = CARTESIAN_POINT('',(-178.0186522871,168.78602216524,69.51));
#4949 = LINE('',#4950,#4951);
#4950 = CARTESIAN_POINT('',(-190.6116887689,147.52470974478,69.51));
#4951 = VECTOR('',#4952,1.);
#4952 = DIRECTION('',(0.509614895519,0.860402614051,0.));
#4953 = ORIENTED_EDGE('',*,*,#4954,.T.);
#4954 = EDGE_CURVE('',#4947,#4955,#4957,.T.);
#4955 = VERTEX_POINT('',#4956);
#4956 = CARTESIAN_POINT('',(-178.01788365,168.78755071206,69.51));
#4957 = LINE('',#4958,#4959);
#4958 = CARTESIAN_POINT('',(-189.0128312434,146.92249620781,69.51));
#4959 = VECTOR('',#4960,1.);
#4960 = DIRECTION('',(0.449252824631,0.893404667304,0.));
#4961 = ORIENTED_EDGE('',*,*,#4962,.T.);
#4962 = EDGE_CURVE('',#4955,#4963,#4965,.T.);
#4963 = VERTEX_POINT('',#4964);
#4964 = CARTESIAN_POINT('',(-177.9972191348,168.83763013492,69.51));
#4965 = LINE('',#4966,#4967);
#4966 = CARTESIAN_POINT('',(-187.2145315205,146.49993282919,69.51));
#4967 = VECTOR('',#4968,1.);
#4968 = DIRECTION('',(0.381437448908,0.924394651959,0.));
#4969 = ORIENTED_EDGE('',*,*,#4970,.T.);
#4970 = EDGE_CURVE('',#4963,#4971,#4973,.T.);
#4971 = VERTEX_POINT('',#4972);
#4972 = CARTESIAN_POINT('',(-177.9883254759,168.86909846476,69.51));
#4973 = LINE('',#4974,#4975);
#4974 = CARTESIAN_POINT('',(-184.3365320942,146.40731294474,69.51));
#4975 = VECTOR('',#4976,1.);
#4976 = DIRECTION('',(0.271969332113,0.962305919336,0.));
#4977 = ORIENTED_EDGE('',*,*,#4978,.T.);
#4978 = EDGE_CURVE('',#4971,#4979,#4981,.T.);
#4979 = VERTEX_POINT('',#4980);
#4980 = CARTESIAN_POINT('',(-177.9831187328,168.89529428166,69.51));
#4981 = LINE('',#4982,#4983);
#4982 = CARTESIAN_POINT('',(-182.3898659863,146.72436265196,69.51));
#4983 = VECTOR('',#4984,1.);
#4984 = DIRECTION('',(0.194948814312,0.980813417424,0.));
#4985 = ORIENTED_EDGE('',*,*,#4986,.T.);
#4986 = EDGE_CURVE('',#4979,#4987,#4989,.T.);
#4987 = VERTEX_POINT('',#4988);
#4988 = CARTESIAN_POINT('',(-177.978293847,168.95525580948,69.51));
#4989 = LINE('',#4990,#4991);
#4990 = CARTESIAN_POINT('',(-179.6870538309,147.71954917637,69.51));
#4991 = VECTOR('',#4992,1.);
#4992 = DIRECTION('',(8.020711359946E-02,0.996778219529,0.));
#4993 = ORIENTED_EDGE('',*,*,#4994,.T.);
#4994 = EDGE_CURVE('',#4987,#4995,#4997,.T.);
#4995 = VERTEX_POINT('',#4996);
#4996 = CARTESIAN_POINT('',(-177.9831187328,169.01521733739,69.51));
#4997 = LINE('',#4998,#4999);
#4998 = CARTESIAN_POINT('',(-176.4590904803,150.07527420292,69.51));
#4999 = VECTOR('',#5000,1.);
#5000 = DIRECTION('',(-8.02071134711E-02,0.99677821954,0.));
#5001 = ORIENTED_EDGE('',*,*,#5002,.T.);
#5002 = EDGE_CURVE('',#4995,#5003,#5005,.T.);
#5003 = VERTEX_POINT('',#5004);
#5004 = CARTESIAN_POINT('',(-177.9883254759,169.0414131542,69.51));
#5005 = LINE('',#5006,#5007);
#5006 = CARTESIAN_POINT('',(-174.6729102896,152.36111831537,69.51));
#5007 = VECTOR('',#5008,1.);
#5008 = DIRECTION('',(-0.194948814187,0.980813417449,0.));
#5009 = ORIENTED_EDGE('',*,*,#5010,.T.);
#5010 = EDGE_CURVE('',#5003,#5011,#5013,.T.);
#5011 = VERTEX_POINT('',#5012);
#5012 = CARTESIAN_POINT('',(-177.9972191348,169.07288148413,69.51));
#5013 = LINE('',#5014,#5015);
#5014 = CARTESIAN_POINT('',(-173.7730177834,154.12643904734,69.51));
#5015 = VECTOR('',#5016,1.);
#5016 = DIRECTION('',(-0.271969331989,0.962305919372,0.));
#5017 = ORIENTED_EDGE('',*,*,#5018,.T.);
#5018 = EDGE_CURVE('',#5011,#5019,#5021,.T.);
#5019 = VERTEX_POINT('',#5020);
#5020 = CARTESIAN_POINT('',(-178.01788365,169.12296090691,69.51));
#5021 = LINE('',#5022,#5023);
#5022 = CARTESIAN_POINT('',(-172.9785129877,156.91029719377,69.51));
#5023 = VECTOR('',#5024,1.);
#5024 = DIRECTION('',(-0.38143744879,0.924394652008,0.));
#5025 = ORIENTED_EDGE('',*,*,#5026,.T.);
#5026 = EDGE_CURVE('',#5019,#5027,#5029,.T.);
#5027 = VERTEX_POINT('',#5028);
#5028 = CARTESIAN_POINT('',(-178.0186522871,169.12448945381,69.51));
#5029 = LINE('',#5030,#5031);
#5030 = CARTESIAN_POINT('',(-172.8192906623,158.784801667,69.51));
#5031 = VECTOR('',#5032,1.);
#5032 = DIRECTION('',(-0.449252824524,0.893404667358,0.));
#5033 = ORIENTED_EDGE('',*,*,#5034,.T.);
#5034 = EDGE_CURVE('',#5027,#5035,#5037,.T.);
#5035 = VERTEX_POINT('',#5036);
#5036 = CARTESIAN_POINT('',(-178.0440609251,169.16738784388,69.51));
#5037 = LINE('',#5038,#5039);
#5038 = CARTESIAN_POINT('',(-172.9086392275,160.49705600744,69.51));
#5039 = VECTOR('',#5040,1.);
#5040 = DIRECTION('',(-0.509614895514,0.860402614054,0.));
#5041 = ORIENTED_EDGE('',*,*,#5042,.T.);
#5042 = EDGE_CURVE('',#5035,#5043,#5045,.T.);
#5043 = VERTEX_POINT('',#5044);
#5044 = CARTESIAN_POINT('',(-178.0653869473,169.19553609806,69.51));
#5045 = LINE('',#5046,#5047);
#5046 = CARTESIAN_POINT('',(-173.5754574485,163.26927024591,69.51));
#5047 = VECTOR('',#5048,1.);
#5048 = DIRECTION('',(-0.603886242614,0.797070515062,0.));
#5049 = ORIENTED_EDGE('',*,*,#5050,.T.);
#5050 = EDGE_CURVE('',#5043,#5051,#5053,.T.);
#5051 = VERTEX_POINT('',#5052);
#5052 = CARTESIAN_POINT('',(-178.0825884748,169.21476226693,69.51));
#5053 = LINE('',#5054,#5055);
#5054 = CARTESIAN_POINT('',(-174.4288198271,165.13094047238,69.51));
#5055 = VECTOR('',#5056,1.);
#5056 = DIRECTION('',(-0.666776902852,0.745257379583,0.));
#5057 = ORIENTED_EDGE('',*,*,#5058,.T.);
#5058 = EDGE_CURVE('',#5051,#5059,#5061,.T.);
#5059 = VERTEX_POINT('',#5060);
#5060 = CARTESIAN_POINT('',(-178.1282938451,169.2552558087,69.51));
#5061 = LINE('',#5062,#5063);
#5062 = CARTESIAN_POINT('',(-176.124988976,167.48038977397,69.51));
#5063 = VECTOR('',#5064,1.);
#5064 = DIRECTION('',(-0.748493539985,0.66314208176,0.));
#5065 = ORIENTED_EDGE('',*,*,#5066,.T.);
#5066 = EDGE_CURVE('',#5059,#5067,#5069,.T.);
#5067 = VERTEX_POINT('',#5068);
#5068 = CARTESIAN_POINT('',(-178.1282938446,169.70525580953,69.51));
#5069 = LINE('',#5070,#5071);
#5070 = CARTESIAN_POINT('',(-178.1282938676,148.93262788831,69.51));
#5071 = VECTOR('',#5072,1.);
#5072 = DIRECTION('',(1.10734138E-09,1.,0.));
#5073 = ORIENTED_EDGE('',*,*,#5074,.T.);
#5074 = EDGE_CURVE('',#5067,#1990,#5075,.T.);
#5075 = LINE('',#5076,#5077);
#5076 = CARTESIAN_POINT('',(-192.5985219223,169.70525580953,69.51));
#5077 = VECTOR('',#5078,1.);
#5078 = DIRECTION('',(-1.,0.,0.));
#5079 = ORIENTED_EDGE('',*,*,#1997,.F.);
#5080 = ORIENTED_EDGE('',*,*,#5081,.T.);
#5081 = EDGE_CURVE('',#1998,#5082,#5084,.T.);
#5082 = VERTEX_POINT('',#5083);
#5083 = CARTESIAN_POINT('',(-178.1282938446,170.70525580953,69.51));
#5084 = LINE('',#5085,#5086);
#5085 = CARTESIAN_POINT('',(-193.2360219235,170.70525580953,69.51));
#5086 = VECTOR('',#5087,1.);
#5087 = DIRECTION('',(1.,0.,0.));
#5088 = ORIENTED_EDGE('',*,*,#5089,.T.);
#5089 = EDGE_CURVE('',#5082,#5090,#5092,.T.);
#5090 = VERTEX_POINT('',#5091);
#5091 = CARTESIAN_POINT('',(-178.1282938449,171.15525580891,69.51));
#5092 = LINE('',#5093,#5094);
#5093 = CARTESIAN_POINT('',(-178.1282938299,149.65762791488,69.51));
#5094 = VECTOR('',#5095,1.);
#5095 = DIRECTION('',(-7.0043724E-10,1.,0.));
#5096 = ORIENTED_EDGE('',*,*,#5097,.T.);
#5097 = EDGE_CURVE('',#5090,#5098,#5100,.T.);
#5098 = VERTEX_POINT('',#5099);
#5099 = CARTESIAN_POINT('',(-178.0825884747,171.19574935201,69.51));
#5100 = LINE('',#5101,#5102);
#5101 = CARTESIAN_POINT('',(-196.7939613195,154.61805228002,69.51));
#5102 = VECTOR('',#5103,1.);
#5103 = DIRECTION('',(0.748493528702,0.663142094495,0.));
#5104 = ORIENTED_EDGE('',*,*,#5105,.T.);
#5105 = EDGE_CURVE('',#5098,#5106,#5108,.T.);
#5106 = VERTEX_POINT('',#5107);
#5107 = CARTESIAN_POINT('',(-178.0653869461,171.21497551943,69.51));
#5108 = LINE('',#5109,#5110);
#5109 = CARTESIAN_POINT('',(-195.1069531647,152.16759815115,69.51));
#5110 = VECTOR('',#5111,1.);
#5111 = DIRECTION('',(0.666776952275,0.745257335365,0.));
#5112 = ORIENTED_EDGE('',*,*,#5113,.T.);
#5113 = EDGE_CURVE('',#5106,#5114,#5116,.T.);
#5114 = VERTEX_POINT('',#5115);
#5115 = CARTESIAN_POINT('',(-178.0440609249,171.24312377517,69.51));
#5116 = LINE('',#5117,#5118);
#5117 = CARTESIAN_POINT('',(-193.6075765656,150.70081005858,69.51));
#5118 = VECTOR('',#5119,1.);
#5119 = DIRECTION('',(0.603886204976,0.797070543578,0.));
#5120 = ORIENTED_EDGE('',*,*,#5121,.T.);
#5121 = EDGE_CURVE('',#5114,#5122,#5124,.T.);
#5122 = VERTEX_POINT('',#5123);
#5123 = CARTESIAN_POINT('',(-178.0186522869,171.28602216524,69.51));
#5124 = LINE('',#5125,#5126);
#5125 = CARTESIAN_POINT('',(-191.1597812468,149.09934391824,69.51));
#5126 = VECTOR('',#5127,1.);
#5127 = DIRECTION('',(0.50961489525,0.86040261421,0.));
#5128 = ORIENTED_EDGE('',*,*,#5129,.T.);
#5129 = EDGE_CURVE('',#5122,#5130,#5132,.T.);
#5130 = VERTEX_POINT('',#5131);
#5131 = CARTESIAN_POINT('',(-178.0178836482,171.28755071089,69.51));
#5132 = LINE('',#5133,#5134);
#5133 = CARTESIAN_POINT('',(-189.5145653894,148.42479120587,69.51));
#5134 = VECTOR('',#5135,1.);
#5135 = DIRECTION('',(0.449253866374,0.893404143458,0.));
#5136 = ORIENTED_EDGE('',*,*,#5137,.T.);
#5137 = EDGE_CURVE('',#5130,#5138,#5140,.T.);
#5138 = VERTEX_POINT('',#5139);
#5139 = CARTESIAN_POINT('',(-177.9972191347,171.33763013492,69.51));
#5140 = LINE('',#5141,#5142);
#5141 = CARTESIAN_POINT('',(-187.6552790134,147.93180081387,69.51));
#5142 = VECTOR('',#5143,1.);
#5143 = DIRECTION('',(0.381437415117,0.924394665903,0.));
#5144 = ORIENTED_EDGE('',*,*,#5145,.T.);
#5145 = EDGE_CURVE('',#5138,#5146,#5148,.T.);
#5146 = VERTEX_POINT('',#5147);
#5147 = CARTESIAN_POINT('',(-177.9883254736,171.36909846409,69.51));
#5148 = LINE('',#5149,#5150);
#5149 = CARTESIAN_POINT('',(-184.6636809447,147.7497720112,69.51));
#5150 = VECTOR('',#5151,1.);
#5151 = DIRECTION('',(0.271969396537,0.962305901129,0.));
#5152 = ORIENTED_EDGE('',*,*,#5153,.T.);
#5153 = EDGE_CURVE('',#5146,#5154,#5156,.T.);
#5154 = VERTEX_POINT('',#5155);
#5155 = CARTESIAN_POINT('',(-177.9831187327,171.39529428166,69.51));
#5156 = LINE('',#5157,#5158);
#5157 = CARTESIAN_POINT('',(-182.6288744278,148.02186938215,69.51));
#5158 = VECTOR('',#5159,1.);
#5159 = DIRECTION('',(0.194948734026,0.980813433382,0.));
#5160 = ORIENTED_EDGE('',*,*,#5161,.T.);
#5161 = EDGE_CURVE('',#5154,#5162,#5164,.T.);
#5162 = VERTEX_POINT('',#5163);
#5163 = CARTESIAN_POINT('',(-177.9782938446,171.45525580942,69.51));
#5164 = LINE('',#5165,#5166);
#5165 = CARTESIAN_POINT('',(-179.7869905876,148.9775902436,69.51));
#5166 = VECTOR('',#5167,1.);
#5167 = DIRECTION('',(8.020715089057E-02,0.996778216529,0.));
#5168 = ORIENTED_EDGE('',*,*,#5169,.T.);
#5169 = EDGE_CURVE('',#5162,#5170,#5172,.T.);
#5170 = VERTEX_POINT('',#5171);
#5171 = CARTESIAN_POINT('',(-177.9831187327,171.51521733739,69.51));
#5172 = LINE('',#5173,#5174);
#5173 = CARTESIAN_POINT('',(-176.3591538968,151.33331634204,69.51));
#5174 = VECTOR('',#5175,1.);
#5175 = DIRECTION('',(-8.02071506176E-02,0.996778216551,0.));
#5176 = ORIENTED_EDGE('',*,*,#5177,.T.);
#5177 = EDGE_CURVE('',#5170,#5178,#5180,.T.);
#5178 = VERTEX_POINT('',#5179);
#5179 = CARTESIAN_POINT('',(-177.9883254736,171.54141315476,69.51));
#5180 = LINE('',#5181,#5182);
#5181 = CARTESIAN_POINT('',(-174.433900943,153.65862284093,69.51));
#5182 = VECTOR('',#5183,1.);
#5183 = DIRECTION('',(-0.194948733757,0.980813433435,0.));
#5184 = ORIENTED_EDGE('',*,*,#5185,.T.);
#5185 = EDGE_CURVE('',#5178,#5186,#5188,.T.);
#5186 = VERTEX_POINT('',#5187);
#5187 = CARTESIAN_POINT('',(-177.9972191347,171.57288148413,69.51));
#5188 = LINE('',#5189,#5190);
#5189 = CARTESIAN_POINT('',(-173.4458699451,155.46889977307,69.51));
#5190 = VECTOR('',#5191,1.);
#5191 = DIRECTION('',(-0.271969396272,0.962305901204,0.));
#5192 = ORIENTED_EDGE('',*,*,#5193,.T.);
#5193 = EDGE_CURVE('',#5186,#5194,#5196,.T.);
#5194 = VERTEX_POINT('',#5195);
#5195 = CARTESIAN_POINT('',(-178.0178836481,171.62296090798,69.51));
#5196 = LINE('',#5197,#5198);
#5197 = CARTESIAN_POINT('',(-172.5377647481,158.34216441877,69.51));
#5198 = VECTOR('',#5199,1.);
#5199 = DIRECTION('',(-0.381437414864,0.924394666007,0.));
#5200 = ORIENTED_EDGE('',*,*,#5201,.T.);
#5201 = EDGE_CURVE('',#5194,#5202,#5204,.T.);
#5202 = VERTEX_POINT('',#5203);
#5203 = CARTESIAN_POINT('',(-178.0186522869,171.62448945381,69.51));
#5204 = LINE('',#5205,#5206);
#5205 = CARTESIAN_POINT('',(-172.317583589,160.28711701948,69.51));
#5206 = VECTOR('',#5207,1.);
#5207 = DIRECTION('',(-0.449253866105,0.893404143594,0.));
#5208 = ORIENTED_EDGE('',*,*,#5209,.T.);
#5209 = EDGE_CURVE('',#5202,#5210,#5212,.T.);
#5210 = VERTEX_POINT('',#5211);
#5211 = CARTESIAN_POINT('',(-178.0440609249,171.66738784388,69.51));
#5212 = LINE('',#5213,#5214);
#5213 = CARTESIAN_POINT('',(-172.3605467413,162.07169017671,69.51));
#5214 = VECTOR('',#5215,1.);
#5215 = DIRECTION('',(-0.50961489525,0.86040261421,0.));
#5216 = ORIENTED_EDGE('',*,*,#5217,.T.);
#5217 = EDGE_CURVE('',#5210,#5218,#5220,.T.);
#5218 = VERTEX_POINT('',#5219);
#5219 = CARTESIAN_POINT('',(-178.065386946,171.69553609946,69.51));
#5220 = LINE('',#5221,#5222);
#5221 = CARTESIAN_POINT('',(-172.9737821635,164.97511731763,69.51));
#5222 = VECTOR('',#5223,1.);
#5223 = DIRECTION('',(-0.603886204758,0.797070543743,0.));
#5224 = ORIENTED_EDGE('',*,*,#5225,.T.);
#5225 = EDGE_CURVE('',#5218,#5226,#5228,.T.);
#5226 = VERTEX_POINT('',#5227);
#5227 = CARTESIAN_POINT('',(-178.0825884745,171.71476226698,69.51));
#5228 = LINE('',#5229,#5230);
#5229 = CARTESIAN_POINT('',(-173.8076700655,166.93668120499,69.51));
#5230 = VECTOR('',#5231,1.);
#5231 = DIRECTION('',(-0.666776949269,0.745257338055,0.));
#5232 = ORIENTED_EDGE('',*,*,#5233,.T.);
#5233 = EDGE_CURVE('',#5226,#5234,#5236,.T.);
#5234 = VERTEX_POINT('',#5235);
#5235 = CARTESIAN_POINT('',(-178.1282938448,171.75525580994,69.51));
#5236 = LINE('',#5237,#5238);
#5237 = CARTESIAN_POINT('',(-175.5045417756,169.43069271517,69.51));
#5238 = VECTOR('',#5239,1.);
#5239 = DIRECTION('',(-0.748493530428,0.663142092547,0.));
#5240 = ORIENTED_EDGE('',*,*,#5241,.T.);
#5241 = EDGE_CURVE('',#5234,#5242,#5244,.T.);
#5242 = VERTEX_POINT('',#5243);
#5243 = CARTESIAN_POINT('',(-178.1282938446,172.20525580953,69.51));
#5244 = LINE('',#5245,#5246);
#5245 = CARTESIAN_POINT('',(-178.1282938549,150.1826278982,69.51));
#5246 = VECTOR('',#5247,1.);
#5247 = DIRECTION('',(4.6698448E-10,1.,0.));
#5248 = ORIENTED_EDGE('',*,*,#5249,.T.);
#5249 = EDGE_CURVE('',#5242,#2022,#5250,.T.);
#5250 = LINE('',#5251,#5252);
#5251 = CARTESIAN_POINT('',(-192.5985219223,172.20525580953,69.51));
#5252 = VECTOR('',#5253,1.);
#5253 = DIRECTION('',(-1.,0.,0.));
#5254 = ORIENTED_EDGE('',*,*,#2029,.F.);
#5255 = ORIENTED_EDGE('',*,*,#5256,.T.);
#5256 = EDGE_CURVE('',#2030,#5257,#5259,.T.);
#5257 = VERTEX_POINT('',#5258);
#5258 = CARTESIAN_POINT('',(-178.1282938446,173.20525580953,69.51));
#5259 = LINE('',#5260,#5261);
#5260 = CARTESIAN_POINT('',(-193.3860219235,173.20525580953,69.51));
#5261 = VECTOR('',#5262,1.);
#5262 = DIRECTION('',(1.,0.,0.));
#5263 = ORIENTED_EDGE('',*,*,#5264,.T.);
#5264 = EDGE_CURVE('',#5257,#5265,#5267,.T.);
#5265 = VERTEX_POINT('',#5266);
#5266 = CARTESIAN_POINT('',(-178.1282938446,173.6552558167,69.51));
#5267 = LINE('',#5268,#5269);
#5268 = CARTESIAN_POINT('',(-178.1282938448,150.90762790462,69.51));
#5269 = VECTOR('',#5270,1.);
#5270 = DIRECTION('',(8.84231E-12,1.,0.));
#5271 = ORIENTED_EDGE('',*,*,#5272,.T.);
#5272 = EDGE_CURVE('',#5265,#5273,#5275,.T.);
#5273 = VERTEX_POINT('',#5274);
#5274 = CARTESIAN_POINT('',(-178.0825884748,173.69574935212,69.51));
#5275 = LINE('',#5276,#5277);
#5276 = CARTESIAN_POINT('',(-197.4144093211,156.56835764464,69.51));
#5277 = VECTOR('',#5278,1.);
#5278 = DIRECTION('',(0.748493588008,0.663142027556,0.));
#5279 = ORIENTED_EDGE('',*,*,#5280,.T.);
#5280 = EDGE_CURVE('',#5273,#5281,#5283,.T.);
#5281 = VERTEX_POINT('',#5282);
#5282 = CARTESIAN_POINT('',(-178.065386945,173.71497552374,69.51));
#5283 = LINE('',#5284,#5285);
#5284 = CARTESIAN_POINT('',(-195.7281024809,153.97333605193,69.51));
#5285 = VECTOR('',#5286,1.);
#5286 = DIRECTION('',(0.666776899262,0.745257382795,0.));
#5287 = ORIENTED_EDGE('',*,*,#5288,.T.);
#5288 = EDGE_CURVE('',#5281,#5289,#5291,.T.);
#5289 = VERTEX_POINT('',#5290);
#5290 = CARTESIAN_POINT('',(-178.0440609251,173.74312377517,69.51));
#5291 = LINE('',#5292,#5293);
#5292 = CARTESIAN_POINT('',(-194.2092522992,152.40665900173,69.51));
#5293 = VECTOR('',#5294,1.);
#5294 = DIRECTION('',(0.603886238801,0.797070517951,0.));
#5295 = ORIENTED_EDGE('',*,*,#5296,.T.);
#5296 = EDGE_CURVE('',#5289,#5297,#5299,.T.);
#5297 = VERTEX_POINT('',#5298);
#5298 = CARTESIAN_POINT('',(-178.0186522871,173.78602216524,69.51));
#5299 = LINE('',#5300,#5301);
#5300 = CARTESIAN_POINT('',(-191.7078737395,150.67397809908,69.51));
#5301 = VECTOR('',#5302,1.);
#5302 = DIRECTION('',(0.509614895516,0.860402614052,0.));
#5303 = ORIENTED_EDGE('',*,*,#5304,.T.);
#5304 = EDGE_CURVE('',#5297,#5305,#5307,.T.);
#5305 = VERTEX_POINT('',#5306);
#5306 = CARTESIAN_POINT('',(-178.0178836486,173.78755071479,69.51));
#5307 = LINE('',#5308,#5309);
#5308 = CARTESIAN_POINT('',(-190.0162425667,149.92706642027,69.51));
#5309 = VECTOR('',#5310,1.);
#5310 = DIRECTION('',(0.449252820986,0.893404669137,0.));
#5311 = ORIENTED_EDGE('',*,*,#5312,.T.);
#5312 = EDGE_CURVE('',#5305,#5313,#5315,.T.);
#5313 = VERTEX_POINT('',#5314);
#5314 = CARTESIAN_POINT('',(-177.9972191348,173.83763013492,69.51));
#5315 = LINE('',#5316,#5317);
#5316 = CARTESIAN_POINT('',(-188.0960282575,149.36366912617,69.51));
#5317 = VECTOR('',#5318,1.);
#5318 = DIRECTION('',(0.381437445147,0.924394653511,0.));
#5319 = ORIENTED_EDGE('',*,*,#5320,.T.);
#5320 = EDGE_CURVE('',#5313,#5321,#5323,.T.);
#5321 = VERTEX_POINT('',#5322);
#5322 = CARTESIAN_POINT('',(-177.9883254753,173.86909846712,69.51));
#5323 = LINE('',#5324,#5325);
#5324 = CARTESIAN_POINT('',(-184.9908262527,149.09223124054,69.51));
#5325 = VECTOR('',#5326,1.);
#5326 = DIRECTION('',(0.271969329003,0.962305920215,0.));
#5327 = ORIENTED_EDGE('',*,*,#5328,.T.);
#5328 = EDGE_CURVE('',#5321,#5329,#5331,.T.);
#5329 = VERTEX_POINT('',#5330);
#5330 = CARTESIAN_POINT('',(-177.9831187328,173.89529428166,69.51));
#5331 = LINE('',#5332,#5333);
#5332 = CARTESIAN_POINT('',(-182.8678869325,149.31937526908,69.51));
#5333 = VECTOR('',#5334,1.);
#5334 = DIRECTION('',(0.194948811144,0.980813418053,0.));
#5335 = ORIENTED_EDGE('',*,*,#5336,.T.);
#5336 = EDGE_CURVE('',#5329,#5337,#5339,.T.);
#5337 = VERTEX_POINT('',#5338);
#5338 = CARTESIAN_POINT('',(-177.978293847,173.95525581127,69.51));
#5339 = LINE('',#5340,#5341);
#5340 = CARTESIAN_POINT('',(-179.8869255315,150.23563215474,69.51));
#5341 = VECTOR('',#5342,1.);
#5342 = DIRECTION('',(8.020711121341E-02,0.996778219721,0.));
#5343 = ORIENTED_EDGE('',*,*,#5344,.T.);
#5344 = EDGE_CURVE('',#5337,#5345,#5347,.T.);
#5345 = VERTEX_POINT('',#5346);
#5346 = CARTESIAN_POINT('',(-177.9831187328,174.01521733739,69.51));
#5347 = LINE('',#5348,#5349);
#5348 = CARTESIAN_POINT('',(-176.2592186728,152.59135719949,69.51));
#5349 = VECTOR('',#5350,1.);
#5350 = DIRECTION('',(-8.020711585657E-02,0.996778219348,0.));
#5351 = ORIENTED_EDGE('',*,*,#5352,.T.);
#5352 = EDGE_CURVE('',#5345,#5353,#5355,.T.);
#5353 = VERTEX_POINT('',#5354);
#5354 = CARTESIAN_POINT('',(-177.9883254761,174.04141315534,69.51));
#5355 = LINE('',#5356,#5357);
#5356 = CARTESIAN_POINT('',(-174.1948892339,154.95613095016,69.51));
#5357 = VECTOR('',#5358,1.);
#5358 = DIRECTION('',(-0.194948815712,0.980813417145,0.));
#5359 = ORIENTED_EDGE('',*,*,#5360,.T.);
#5360 = EDGE_CURVE('',#5353,#5361,#5363,.T.);
#5361 = VERTEX_POINT('',#5362);
#5362 = CARTESIAN_POINT('',(-177.9972191348,174.07288148413,69.51));
#5363 = LINE('',#5364,#5365);
#5364 = CARTESIAN_POINT('',(-173.1187235201,156.81135737954,69.51));
#5365 = VECTOR('',#5366,1.);
#5366 = DIRECTION('',(-0.271969333485,0.962305918949,0.));
#5367 = ORIENTED_EDGE('',*,*,#5368,.T.);
#5368 = EDGE_CURVE('',#5361,#5369,#5371,.T.);
#5369 = VERTEX_POINT('',#5370);
#5370 = CARTESIAN_POINT('',(-178.0178836502,174.12296090739,69.51));
#5371 = LINE('',#5372,#5373);
#5372 = CARTESIAN_POINT('',(-172.0970161392,159.77403353099,69.51));
#5373 = VECTOR('',#5374,1.);
#5374 = DIRECTION('',(-0.381437449452,0.924394651734,0.));
#5375 = ORIENTED_EDGE('',*,*,#5376,.T.);
#5376 = EDGE_CURVE('',#5369,#5377,#5379,.T.);
#5377 = VERTEX_POINT('',#5378);
#5378 = CARTESIAN_POINT('',(-178.0186522871,174.12448945381,69.51));
#5379 = LINE('',#5380,#5381);
#5380 = CARTESIAN_POINT('',(-171.8158792354,161.78937193717,69.51));
#5381 = VECTOR('',#5382,1.);
#5382 = DIRECTION('',(-0.449252825156,0.89340466704,0.));
#5383 = ORIENTED_EDGE('',*,*,#5384,.T.);
#5384 = EDGE_CURVE('',#5377,#5385,#5387,.T.);
#5385 = VERTEX_POINT('',#5386);
#5386 = CARTESIAN_POINT('',(-178.0440609251,174.16738784388,69.51));
#5387 = LINE('',#5388,#5389);
#5388 = CARTESIAN_POINT('',(-171.8124542569,163.64632436184,69.51));
#5389 = VECTOR('',#5390,1.);
#5390 = DIRECTION('',(-0.509614895516,0.860402614052,0.));
#5391 = ORIENTED_EDGE('',*,*,#5392,.T.);
#5392 = EDGE_CURVE('',#5385,#5393,#5395,.T.);
#5393 = VERTEX_POINT('',#5394);
#5394 = CARTESIAN_POINT('',(-178.0653869472,174.19553609799,69.51));
#5395 = LINE('',#5396,#5397);
#5396 = CARTESIAN_POINT('',(-172.3721076514,166.6809667277,69.51));
#5397 = VECTOR('',#5398,1.);
#5398 = DIRECTION('',(-0.603886242514,0.797070515138,0.));
#5399 = ORIENTED_EDGE('',*,*,#5400,.T.);
#5400 = EDGE_CURVE('',#5393,#5401,#5403,.T.);
#5401 = VERTEX_POINT('',#5402);
#5402 = CARTESIAN_POINT('',(-178.0825884748,174.21476226693,69.51));
#5403 = LINE('',#5404,#5405);
#5404 = CARTESIAN_POINT('',(-173.1865188073,168.74241906517,69.51));
#5405 = VECTOR('',#5406,1.);
#5406 = DIRECTION('',(-0.666776902772,0.745257379655,0.));
#5407 = ORIENTED_EDGE('',*,*,#5408,.T.);
#5408 = EDGE_CURVE('',#5401,#5409,#5411,.T.);
#5409 = VERTEX_POINT('',#5410);
#5410 = CARTESIAN_POINT('',(-178.1282938448,174.25525580798,69.51));
#5411 = LINE('',#5412,#5413);
#5412 = CARTESIAN_POINT('',(-174.8840951509,171.38099632687,69.51));
#5413 = VECTOR('',#5414,1.);
#5414 = DIRECTION('',(-0.748493543299,0.663142078019,0.));
#5415 = ORIENTED_EDGE('',*,*,#5416,.T.);
#5416 = EDGE_CURVE('',#5409,#5417,#5419,.T.);
#5417 = VERTEX_POINT('',#5418);
#5418 = CARTESIAN_POINT('',(-178.1282938446,174.70525580953,69.51));
#5419 = LINE('',#5420,#5421);
#5420 = CARTESIAN_POINT('',(-178.128293852,151.4326278994,69.51));
#5421 = VECTOR('',#5422,1.);
#5422 = DIRECTION('',(3.1587572E-10,1.,0.));
#5423 = ORIENTED_EDGE('',*,*,#5424,.T.);
#5424 = EDGE_CURVE('',#5417,#5425,#5427,.T.);
#5425 = VERTEX_POINT('',#5426);
#5426 = CARTESIAN_POINT('',(-179.028293847,174.70525580953,69.51));
#5427 = LINE('',#5428,#5429);
#5428 = CARTESIAN_POINT('',(-192.5985219223,174.70525580952,69.51));
#5429 = VECTOR('',#5430,1.);
#5430 = DIRECTION('',(-1.,-3.947E-14,0.));
#5431 = ORIENTED_EDGE('',*,*,#5432,.T.);
#5432 = EDGE_CURVE('',#5425,#5433,#5435,.T.);
#5433 = VERTEX_POINT('',#5434);
#5434 = CARTESIAN_POINT('',(-179.1192595852,174.71645609198,69.51));
#5435 = LINE('',#5436,#5437);
#5436 = CARTESIAN_POINT('',(-190.0437552583,176.06154974718,69.51));
#5437 = VECTOR('',#5438,1.);
#5438 = DIRECTION('',(-0.992505057953,0.122203559427,0.));
#5439 = ORIENTED_EDGE('',*,*,#5440,.T.);
#5440 = EDGE_CURVE('',#5433,#2054,#5441,.T.);
#5441 = LINE('',#5442,#5443);
#5442 = CARTESIAN_POINT('',(-183.5597040077,176.42613171442,69.51));
#5443 = VECTOR('',#5444,1.);
#5444 = DIRECTION('',(-0.933217927369,0.359310868243,0.));
#5445 = ORIENTED_EDGE('',*,*,#2061,.F.);
#5446 = ORIENTED_EDGE('',*,*,#5447,.T.);
#5447 = EDGE_CURVE('',#2062,#5448,#5450,.T.);
#5448 = VERTEX_POINT('',#5449);
#5449 = CARTESIAN_POINT('',(-179.1901816475,175.41851213252,69.51));
#5450 = LINE('',#5451,#5452);
#5451 = CARTESIAN_POINT('',(-199.7450469339,162.2757359041,69.51));
#5452 = VECTOR('',#5453,1.);
#5453 = DIRECTION('',(0.8425009227,0.538694899967,0.));
#5454 = ORIENTED_EDGE('',*,*,#5455,.T.);
#5455 = EDGE_CURVE('',#5448,#5456,#5458,.T.);
#5456 = VERTEX_POINT('',#5457);
#5457 = CARTESIAN_POINT('',(-179.103293847,175.44767927094,69.51));
#5458 = LINE('',#5459,#5460);
#5459 = CARTESIAN_POINT('',(-198.7786345248,168.84291563721,69.51));
#5460 = VECTOR('',#5461,1.);
#5461 = DIRECTION('',(0.948011671763,0.318235557726,0.));
#5462 = ORIENTED_EDGE('',*,*,#5463,.T.);
#5463 = EDGE_CURVE('',#5456,#5464,#5466,.T.);
#5464 = VERTEX_POINT('',#5465);
#5465 = CARTESIAN_POINT('',(-179.103293847,176.05525580953,69.51));
#5466 = LINE('',#5467,#5468);
#5467 = CARTESIAN_POINT('',(-179.103293847,152.02883963546,69.51));
#5468 = VECTOR('',#5469,1.);
#5469 = DIRECTION('',(0.,1.,0.));
#5470 = ORIENTED_EDGE('',*,*,#5471,.T.);
#5471 = EDGE_CURVE('',#5464,#2086,#5472,.T.);
#5472 = LINE('',#5473,#5474);
#5473 = CARTESIAN_POINT('',(-193.0860219235,176.05525580953,69.51));
#5474 = VECTOR('',#5475,1.);
#5475 = DIRECTION('',(-1.,0.,0.));
#5476 = ORIENTED_EDGE('',*,*,#2093,.F.);
#5477 = ORIENTED_EDGE('',*,*,#1782,.F.);
#5478 = ORIENTED_EDGE('',*,*,#5479,.T.);
#5479 = EDGE_CURVE('',#1783,#5480,#5482,.T.);
#5480 = VERTEX_POINT('',#5481);
#5481 = CARTESIAN_POINT('',(-184.453293847,178.00186854737,69.51));
#5482 = LINE('',#5483,#5484);
#5483 = CARTESIAN_POINT('',(-184.453293847,152.95762790475,69.51));
#5484 = VECTOR('',#5485,1.);
#5485 = DIRECTION('',(0.,1.,0.));
#5486 = ORIENTED_EDGE('',*,*,#5487,.T.);
#5487 = EDGE_CURVE('',#5480,#5488,#5490,.T.);
#5488 = VERTEX_POINT('',#5489);
#5489 = CARTESIAN_POINT('',(-186.953293847,178.00186854737,69.51));
#5490 = LINE('',#5491,#5492);
#5491 = CARTESIAN_POINT('',(-195.7610219235,178.00186854737,69.51));
#5492 = VECTOR('',#5493,1.);
#5493 = DIRECTION('',(-1.,0.,0.));
#5494 = ORIENTED_EDGE('',*,*,#5495,.T.);
#5495 = EDGE_CURVE('',#5488,#1807,#5496,.T.);
#5496 = LINE('',#5497,#5498);
#5497 = CARTESIAN_POINT('',(-186.953293847,153.30593427367,69.51));
#5498 = VECTOR('',#5499,1.);
#5499 = DIRECTION('',(0.,-1.,0.));
#5500 = ORIENTED_EDGE('',*,*,#1814,.F.);
#5501 = ORIENTED_EDGE('',*,*,#1909,.T.);
#5502 = ORIENTED_EDGE('',*,*,#5503,.T.);
#5503 = EDGE_CURVE('',#1902,#5504,#5506,.T.);
#5504 = VERTEX_POINT('',#5505);
#5505 = CARTESIAN_POINT('',(-192.7782938493,174.70525580953,69.51));
#5506 = LINE('',#5507,#5508);
#5507 = CARTESIAN_POINT('',(-199.3860219235,174.70525580953,69.51));
#5508 = VECTOR('',#5509,1.);
#5509 = DIRECTION('',(-1.,0.,0.));
#5510 = ORIENTED_EDGE('',*,*,#5511,.T.);
#5511 = EDGE_CURVE('',#5504,#5512,#5514,.T.);
#5512 = VERTEX_POINT('',#5513);
#5513 = CARTESIAN_POINT('',(-192.7782938492,174.25525581,69.51));
#5514 = LINE('',#5515,#5516);
#5515 = CARTESIAN_POINT('',(-192.7782938459,151.65762790582,69.51));
#5516 = VECTOR('',#5517,1.);
#5517 = DIRECTION('',(1.4937187E-10,-1.,0.));
#5518 = ORIENTED_EDGE('',*,*,#5519,.T.);
#5519 = EDGE_CURVE('',#5512,#5520,#5522,.T.);
#5520 = VERTEX_POINT('',#5521);
#5521 = CARTESIAN_POINT('',(-192.8239992205,174.21476226765,69.51));
#5522 = LINE('',#5523,#5524);
#5523 = CARTESIAN_POINT('',(-208.1095388697,160.67224791169,69.51));
#5524 = VECTOR('',#5525,1.);
#5525 = DIRECTION('',(-0.748493542362,-0.663142079077,0.));
#5526 = ORIENTED_EDGE('',*,*,#5527,.T.);
#5527 = EDGE_CURVE('',#5520,#5528,#5530,.T.);
#5528 = VERTEX_POINT('',#5529);
#5529 = CARTESIAN_POINT('',(-192.8412007507,174.19553610151,69.51));
#5530 = LINE('',#5531,#5532);
#5531 = CARTESIAN_POINT('',(-207.3215162677,158.0108740798,69.51));
#5532 = VECTOR('',#5533,1.);
#5533 = DIRECTION('',(-0.666777012022,-0.74525728191,0.));
#5534 = ORIENTED_EDGE('',*,*,#5535,.T.);
#5535 = EDGE_CURVE('',#5528,#5536,#5538,.T.);
#5536 = VERTEX_POINT('',#5537);
#5537 = CARTESIAN_POINT('',(-192.8625267709,174.16738784388,69.51));
#5538 = LINE('',#5539,#5540);
#5539 = CARTESIAN_POINT('',(-206.4065098565,156.29065690361,69.51));
#5540 = VECTOR('',#5541,1.);
#5541 = DIRECTION('',(-0.603886160742,-0.797070577091,0.));
#5542 = ORIENTED_EDGE('',*,*,#5543,.T.);
#5543 = EDGE_CURVE('',#5536,#5544,#5546,.T.);
#5544 = VERTEX_POINT('',#5545);
#5545 = CARTESIAN_POINT('',(-192.8879354089,174.1244894538,69.51));
#5546 = LINE('',#5547,#5548);
#5547 = CARTESIAN_POINT('',(-204.695121766,154.18995827856,69.51));
#5548 = VECTOR('',#5549,1.);
#5549 = DIRECTION('',(-0.50961489493,-0.860402614399,0.));
#5550 = ORIENTED_EDGE('',*,*,#5551,.T.);
#5551 = EDGE_CURVE('',#5544,#5552,#5554,.T.);
#5552 = VERTEX_POINT('',#5553);
#5553 = CARTESIAN_POINT('',(-192.8887040495,174.1229609096,69.51));
#5554 = LINE('',#5555,#5556);
#5555 = CARTESIAN_POINT('',(-203.4529795056,153.11449357121,69.51));
#5556 = VECTOR('',#5557,1.);
#5557 = DIRECTION('',(-0.449255093037,-0.893403526622,0.));
#5558 = ORIENTED_EDGE('',*,*,#5559,.T.);
#5559 = EDGE_CURVE('',#5552,#5560,#5562,.T.);
#5560 = VERTEX_POINT('',#5561);
#5561 = CARTESIAN_POINT('',(-192.9093685611,174.07288148413,69.51));
#5562 = LINE('',#5563,#5564);
#5563 = CARTESIAN_POINT('',(-201.9441681971,152.17748979599,69.51));
#5564 = VECTOR('',#5565,1.);
#5565 = DIRECTION('',(-0.381437375407,-0.924394682288,0.));
#5566 = ORIENTED_EDGE('',*,*,#5567,.T.);
#5567 = EDGE_CURVE('',#5560,#5568,#5570,.T.);
#5568 = VERTEX_POINT('',#5569);
#5569 = CARTESIAN_POINT('',(-192.9182622246,174.04141315569,69.51));
#5570 = LINE('',#5571,#5572);
#5571 = CARTESIAN_POINT('',(-199.3822580024,151.16994493505,69.51));
#5572 = VECTOR('',#5573,1.);
#5573 = DIRECTION('',(-0.27196947233,-0.962305879708,0.));
#5574 = ORIENTED_EDGE('',*,*,#5575,.T.);
#5575 = EDGE_CURVE('',#5568,#5576,#5578,.T.);
#5576 = VERTEX_POINT('',#5577);
#5577 = CARTESIAN_POINT('',(-192.9234689631,174.01521733739,69.51));
#5578 = LINE('',#5579,#5580);
#5579 = CARTESIAN_POINT('',(-197.5305871282,150.83617138243,69.51));
#5580 = VECTOR('',#5581,1.);
#5581 = DIRECTION('',(-0.194948639425,-0.980813452185,0.));
#5582 = ORIENTED_EDGE('',*,*,#5583,.T.);
#5583 = EDGE_CURVE('',#5576,#5584,#5586,.T.);
#5584 = VERTEX_POINT('',#5585);
#5585 = CARTESIAN_POINT('',(-192.9282938538,173.95525580953,69.51));
#5586 = LINE('',#5587,#5588);
#5587 = CARTESIAN_POINT('',(-194.7840145906,150.89320994626,69.51));
#5588 = VECTOR('',#5589,1.);
#5589 = DIRECTION('',(-8.020719457821E-02,-0.996778213013,0.));
#5590 = ORIENTED_EDGE('',*,*,#5591,.T.);
#5591 = EDGE_CURVE('',#5584,#5592,#5594,.T.);
#5592 = VERTEX_POINT('',#5593);
#5593 = CARTESIAN_POINT('',(-192.9234689631,173.89529428166,69.51));
#5594 = LINE('',#5595,#5596);
#5595 = CARTESIAN_POINT('',(-191.1611289701,151.99374145758,69.51));
#5596 = VECTOR('',#5597,1.);
#5597 = DIRECTION('',(8.020719457772E-02,-0.996778213013,0.));
#5598 = ORIENTED_EDGE('',*,*,#5599,.T.);
#5599 = EDGE_CURVE('',#5592,#5600,#5602,.T.);
#5600 = VERTEX_POINT('',#5601);
#5601 = CARTESIAN_POINT('',(-192.9182622246,173.86909846336,69.51));
#5602 = LINE('',#5603,#5604);
#5603 = CARTESIAN_POINT('',(-188.8628035774,153.46552751421,69.51));
#5604 = VECTOR('',#5605,1.);
#5605 = DIRECTION('',(0.194948639425,-0.980813452185,0.));
#5606 = ORIENTED_EDGE('',*,*,#5607,.T.);
#5607 = EDGE_CURVE('',#5600,#5608,#5610,.T.);
#5608 = VERTEX_POINT('',#5609);
#5609 = CARTESIAN_POINT('',(-192.9093685611,173.83763013493,69.51));
#5610 = LINE('',#5611,#5612);
#5611 = CARTESIAN_POINT('',(-187.5190432309,154.76511543571,69.51));
#5612 = VECTOR('',#5613,1.);
#5613 = DIRECTION('',(0.271969472331,-0.962305879708,0.));
#5614 = ORIENTED_EDGE('',*,*,#5615,.T.);
#5615 = EDGE_CURVE('',#5608,#5616,#5618,.T.);
#5616 = VERTEX_POINT('',#5617);
#5617 = CARTESIAN_POINT('',(-192.8887040495,173.78755070945,69.51));
#5618 = LINE('',#5619,#5620);
#5619 = CARTESIAN_POINT('',(-185.9658230443,157.01028974881,69.51));
#5620 = VECTOR('',#5621,1.);
#5621 = DIRECTION('',(0.381437375407,-0.924394682288,0.));
#5622 = ORIENTED_EDGE('',*,*,#5623,.T.);
#5623 = EDGE_CURVE('',#5616,#5624,#5626,.T.);
#5624 = VERTEX_POINT('',#5625);
#5625 = CARTESIAN_POINT('',(-192.8879354089,173.78602216525,69.51));
#5626 = LINE('',#5627,#5628);
#5627 = CARTESIAN_POINT('',(-185.2533160522,158.60356577639,69.51));
#5628 = VECTOR('',#5629,1.);
#5629 = DIRECTION('',(0.449255093045,-0.893403526618,0.));
#5630 = ORIENTED_EDGE('',*,*,#5631,.T.);
#5631 = EDGE_CURVE('',#5624,#5632,#5634,.T.);
#5632 = VERTEX_POINT('',#5633);
#5633 = CARTESIAN_POINT('',(-192.8625267709,173.74312377517,69.51));
#5634 = LINE('',#5635,#5636);
#5635 = CARTESIAN_POINT('',(-184.8251109362,160.17324254535,69.51));
#5636 = VECTOR('',#5637,1.);
#5637 = DIRECTION('',(0.50961489493,-0.860402614399,0.));
#5638 = ORIENTED_EDGE('',*,*,#5639,.T.);
#5639 = EDGE_CURVE('',#5632,#5640,#5642,.T.);
#5640 = VERTEX_POINT('',#5641);
#5641 = CARTESIAN_POINT('',(-192.8412007507,173.71497551754,69.51));
#5642 = LINE('',#5643,#5644);
#5643 = CARTESIAN_POINT('',(-184.5906923942,162.82511268485,69.51));
#5644 = VECTOR('',#5645,1.);
#5645 = DIRECTION('',(0.603886160742,-0.797070577091,0.));
#5646 = ORIENTED_EDGE('',*,*,#5647,.T.);
#5647 = EDGE_CURVE('',#5640,#5648,#5650,.T.);
#5648 = VERTEX_POINT('',#5649);
#5649 = CARTESIAN_POINT('',(-192.8239992208,173.6957493517,69.51));
#5650 = LINE('',#5651,#5652);
#5651 = CARTESIAN_POINT('',(-184.7971333041,164.72411389544,69.51));
#5652 = VECTOR('',#5653,1.);
#5653 = DIRECTION('',(0.666777011581,-0.745257282304,0.));
#5654 = ORIENTED_EDGE('',*,*,#5655,.T.);
#5655 = EDGE_CURVE('',#5648,#5656,#5658,.T.);
#5656 = VERTEX_POINT('',#5657);
#5657 = CARTESIAN_POINT('',(-192.7782938492,173.65525580905,69.51));
#5658 = LINE('',#5659,#5660);
#5659 = CARTESIAN_POINT('',(-185.624930844,167.31759789688,69.51));
#5660 = VECTOR('',#5661,1.);
#5661 = DIRECTION('',(0.748493541996,-0.66314207949,0.));
#5662 = ORIENTED_EDGE('',*,*,#5663,.T.);
#5663 = EDGE_CURVE('',#5656,#5664,#5666,.T.);
#5664 = VERTEX_POINT('',#5665);
#5665 = CARTESIAN_POINT('',(-192.7782938493,173.20525580953,69.51));
#5666 = LINE('',#5667,#5668);
#5667 = CARTESIAN_POINT('',(-192.7782938526,151.13262790344,69.51));
#5668 = VECTOR('',#5669,1.);
#5669 = DIRECTION('',(-1.4937187E-10,-1.,0.));
#5670 = ORIENTED_EDGE('',*,*,#5671,.T.);
#5671 = EDGE_CURVE('',#5664,#1878,#5672,.T.);
#5672 = LINE('',#5673,#5674);
#5673 = CARTESIAN_POINT('',(-199.9235219246,173.20525580953,69.51));
#5674 = VECTOR('',#5675,1.);
#5675 = DIRECTION('',(1.,0.,0.));
#5676 = ORIENTED_EDGE('',*,*,#1877,.T.);
#5677 = ORIENTED_EDGE('',*,*,#5678,.T.);
#5678 = EDGE_CURVE('',#1870,#5679,#5681,.T.);
#5679 = VERTEX_POINT('',#5680);
#5680 = CARTESIAN_POINT('',(-192.7782938493,169.70525580953,69.51));
#5681 = LINE('',#5682,#5683);
#5682 = CARTESIAN_POINT('',(-199.3860219234,169.70525580953,69.51));
#5683 = VECTOR('',#5684,1.);
#5684 = DIRECTION('',(-1.,0.,0.));
#5685 = ORIENTED_EDGE('',*,*,#5686,.T.);
#5686 = EDGE_CURVE('',#5679,#5687,#5689,.T.);
#5687 = VERTEX_POINT('',#5688);
#5688 = CARTESIAN_POINT('',(-192.7782938508,169.25525581048,69.51));
#5689 = LINE('',#5690,#5691);
#5690 = CARTESIAN_POINT('',(-192.7782939175,149.15762788103,69.51));
#5691 = VECTOR('',#5692,1.);
#5692 = DIRECTION('',(-3.31886618E-09,-1.,0.));
#5693 = ORIENTED_EDGE('',*,*,#5694,.T.);
#5694 = EDGE_CURVE('',#5687,#5695,#5697,.T.);
#5695 = VERTEX_POINT('',#5696);
#5696 = CARTESIAN_POINT('',(-192.8239992209,169.21476226735,69.51));
#5697 = LINE('',#5698,#5699);
#5698 = CARTESIAN_POINT('',(-206.8686448556,156.77164097633,69.51));
#5699 = VECTOR('',#5700,1.);
#5700 = DIRECTION('',(-0.74849352727,-0.663142096111,0.));
#5701 = ORIENTED_EDGE('',*,*,#5702,.T.);
#5702 = EDGE_CURVE('',#5695,#5703,#5705,.T.);
#5703 = VERTEX_POINT('',#5704);
#5704 = CARTESIAN_POINT('',(-192.8412007512,169.19553610086,69.51));
#5705 = LINE('',#5706,#5707);
#5706 = CARTESIAN_POINT('',(-206.0792151779,154.39939505582,69.51));
#5707 = VECTOR('',#5708,1.);
#5708 = DIRECTION('',(-0.666777009545,-0.745257284126,0.));
#5709 = ORIENTED_EDGE('',*,*,#5710,.T.);
#5710 = EDGE_CURVE('',#5703,#5711,#5713,.T.);
#5711 = VERTEX_POINT('',#5712);
#5712 = CARTESIAN_POINT('',(-192.8625267709,169.16738784388,69.51));
#5713 = LINE('',#5714,#5715);
#5714 = CARTESIAN_POINT('',(-205.2031601164,152.87896064578,69.51));
#5715 = VECTOR('',#5716,1.);
#5716 = DIRECTION('',(-0.603886159851,-0.797070577766,0.));
#5717 = ORIENTED_EDGE('',*,*,#5718,.T.);
#5718 = EDGE_CURVE('',#5711,#5719,#5721,.T.);
#5719 = VERTEX_POINT('',#5720);
#5720 = CARTESIAN_POINT('',(-192.8879354089,169.1244894538,69.51));
#5721 = LINE('',#5722,#5723);
#5722 = CARTESIAN_POINT('',(-203.5989367961,151.04068992569,69.51));
#5723 = VECTOR('',#5724,1.);
#5724 = DIRECTION('',(-0.509614894928,-0.8604026144,0.));
#5725 = ORIENTED_EDGE('',*,*,#5726,.T.);
#5726 = EDGE_CURVE('',#5719,#5727,#5729,.T.);
#5727 = VERTEX_POINT('',#5728);
#5728 = CARTESIAN_POINT('',(-192.8887040499,169.12296090895,69.51));
#5729 = LINE('',#5730,#5731);
#5730 = CARTESIAN_POINT('',(-202.4495642773,150.10991821307,69.51));
#5731 = VECTOR('',#5732,1.);
#5732 = DIRECTION('',(-0.449255092177,-0.893403527054,0.));
#5733 = ORIENTED_EDGE('',*,*,#5734,.T.);
#5734 = EDGE_CURVE('',#5727,#5735,#5737,.T.);
#5735 = VERTEX_POINT('',#5736);
#5736 = CARTESIAN_POINT('',(-192.9093685611,169.07288148413,69.51));
#5737 = LINE('',#5738,#5739);
#5738 = CARTESIAN_POINT('',(-201.062671475,149.31375360838,69.51));
#5739 = VECTOR('',#5740,1.);
#5740 = DIRECTION('',(-0.381437374518,-0.924394682655,0.));
#5741 = ORIENTED_EDGE('',*,*,#5742,.T.);
#5742 = EDGE_CURVE('',#5735,#5743,#5745,.T.);
#5743 = VERTEX_POINT('',#5744);
#5744 = CARTESIAN_POINT('',(-192.9182622248,169.0414131551,69.51));
#5745 = LINE('',#5746,#5747);
#5746 = CARTESIAN_POINT('',(-198.7279634298,148.48502644671,69.51));
#5747 = VECTOR('',#5748,1.);
#5748 = DIRECTION('',(-0.27196947156,-0.962305879926,0.));
#5749 = ORIENTED_EDGE('',*,*,#5750,.T.);
#5750 = EDGE_CURVE('',#5743,#5751,#5753,.T.);
#5751 = VERTEX_POINT('',#5752);
#5752 = CARTESIAN_POINT('',(-192.9234689631,169.01521733739,69.51));
#5753 = LINE('',#5754,#5755);
#5754 = CARTESIAN_POINT('',(-197.052566491,148.24115895114,69.51));
#5755 = VECTOR('',#5756,1.);
#5756 = DIRECTION('',(-0.194948638638,-0.980813452341,0.));
#5757 = ORIENTED_EDGE('',*,*,#5758,.T.);
#5758 = EDGE_CURVE('',#5751,#5759,#5761,.T.);
#5759 = VERTEX_POINT('',#5760);
#5760 = CARTESIAN_POINT('',(-192.9282938538,168.95525580904,69.51));
#5761 = LINE('',#5762,#5763);
#5762 = CARTESIAN_POINT('',(-194.5841426169,148.37712696351,69.51));
#5763 = VECTOR('',#5764,1.);
#5764 = DIRECTION('',(-8.020719393958E-02,-0.996778213065,0.));
#5765 = ORIENTED_EDGE('',*,*,#5766,.T.);
#5766 = EDGE_CURVE('',#5759,#5767,#5769,.T.);
#5767 = VERTEX_POINT('',#5768);
#5768 = CARTESIAN_POINT('',(-192.9234689631,168.89529428166,69.51));
#5769 = LINE('',#5770,#5771);
#5770 = CARTESIAN_POINT('',(-191.3610009183,149.47765847873,69.51));
#5771 = VECTOR('',#5772,1.);
#5772 = DIRECTION('',(8.02071952169E-02,-0.996778212962,0.));
#5773 = ORIENTED_EDGE('',*,*,#5774,.T.);
#5774 = EDGE_CURVE('',#5767,#5775,#5777,.T.);
#5775 = VERTEX_POINT('',#5776);
#5776 = CARTESIAN_POINT('',(-192.9182622245,168.86909846301,69.51));
#5777 = LINE('',#5778,#5779);
#5778 = CARTESIAN_POINT('',(-189.3408241899,150.87051509102,69.51));
#5779 = VECTOR('',#5780,1.);
#5780 = DIRECTION('',(0.194948639896,-0.980813452091,0.));
#5781 = ORIENTED_EDGE('',*,*,#5782,.T.);
#5782 = EDGE_CURVE('',#5775,#5783,#5785,.T.);
#5783 = VERTEX_POINT('',#5784);
#5784 = CARTESIAN_POINT('',(-192.9093685611,168.83763013493,69.51));
#5785 = LINE('',#5786,#5787);
#5786 = CARTESIAN_POINT('',(-188.1733377802,152.08019695879,69.51));
#5787 = VECTOR('',#5788,1.);
#5788 = DIRECTION('',(0.271969472793,-0.962305879577,0.));
#5789 = ORIENTED_EDGE('',*,*,#5790,.T.);
#5790 = EDGE_CURVE('',#5783,#5791,#5793,.T.);
#5791 = VERTEX_POINT('',#5792);
#5792 = CARTESIAN_POINT('',(-192.8887040494,168.78755070924,69.51));
#5793 = LINE('',#5794,#5795);
#5794 = CARTESIAN_POINT('',(-186.847319745,154.14655357656,69.51));
#5795 = VECTOR('',#5796,1.);
#5796 = DIRECTION('',(0.381437375703,-0.924394682166,0.));
#5797 = ORIENTED_EDGE('',*,*,#5798,.T.);
#5798 = EDGE_CURVE('',#5791,#5799,#5801,.T.);
#5799 = VERTEX_POINT('',#5800);
#5800 = CARTESIAN_POINT('',(-192.8879354089,168.78602216525,69.51));
#5801 = LINE('',#5802,#5803);
#5802 = CARTESIAN_POINT('',(-186.2567312614,155.59899043606,69.51));
#5803 = VECTOR('',#5804,1.);
#5804 = DIRECTION('',(0.449255093324,-0.893403526478,0.));
#5805 = ORIENTED_EDGE('',*,*,#5806,.T.);
#5806 = EDGE_CURVE('',#5799,#5807,#5809,.T.);
#5807 = VERTEX_POINT('',#5808);
#5808 = CARTESIAN_POINT('',(-192.8625267709,168.74312377517,69.51));
#5809 = LINE('',#5810,#5811);
#5810 = CARTESIAN_POINT('',(-185.9212959061,157.02397419257,69.51));
#5811 = VECTOR('',#5812,1.);
#5812 = DIRECTION('',(0.509614894932,-0.860402614398,0.));
#5813 = ORIENTED_EDGE('',*,*,#5814,.T.);
#5814 = EDGE_CURVE('',#5807,#5815,#5817,.T.);
#5815 = VERTEX_POINT('',#5816);
#5816 = CARTESIAN_POINT('',(-192.8412007506,168.71497551745,69.51));
#5817 = LINE('',#5818,#5819);
#5818 = CARTESIAN_POINT('',(-185.794042121,159.41341645031,69.51));
#5819 = VECTOR('',#5820,1.);
#5820 = DIRECTION('',(0.603886160865,-0.797070576998,0.));
#5821 = ORIENTED_EDGE('',*,*,#5822,.T.);
#5822 = EDGE_CURVE('',#5815,#5823,#5825,.T.);
#5823 = VERTEX_POINT('',#5824);
#5824 = CARTESIAN_POINT('',(-192.8239992208,168.6957493517,69.51));
#5825 = LINE('',#5826,#5827);
#5826 = CARTESIAN_POINT('',(-186.0394343636,161.11263494045,69.51));
#5827 = VECTOR('',#5828,1.);
#5828 = DIRECTION('',(0.666777011688,-0.745257282208,0.));
#5829 = ORIENTED_EDGE('',*,*,#5830,.T.);
#5830 = EDGE_CURVE('',#5823,#5831,#5833,.T.);
#5831 = VERTEX_POINT('',#5832);
#5832 = CARTESIAN_POINT('',(-192.7782938492,168.65525580905,69.51));
#5833 = LINE('',#5834,#5835);
#5834 = CARTESIAN_POINT('',(-186.8658247539,163.41699144103,69.51));
#5835 = VECTOR('',#5836,1.);
#5836 = DIRECTION('',(0.748493542002,-0.663142079484,0.));
#5837 = ORIENTED_EDGE('',*,*,#5838,.T.);
#5838 = EDGE_CURVE('',#5831,#5839,#5841,.T.);
#5839 = VERTEX_POINT('',#5840);
#5840 = CARTESIAN_POINT('',(-192.7782938493,168.20525580953,69.51));
#5841 = LINE('',#5842,#5843);
#5842 = CARTESIAN_POINT('',(-192.7782938522,148.63262790344,69.51));
#5843 = VECTOR('',#5844,1.);
#5844 = DIRECTION('',(-1.4937187E-10,-1.,0.));
#5845 = ORIENTED_EDGE('',*,*,#5846,.T.);
#5846 = EDGE_CURVE('',#5839,#1846,#5847,.T.);
#5847 = LINE('',#5848,#5849);
#5848 = CARTESIAN_POINT('',(-199.9235219246,168.20525580953,69.51));
#5849 = VECTOR('',#5850,1.);
#5850 = DIRECTION('',(1.,0.,0.));
#5851 = ORIENTED_EDGE('',*,*,#1845,.T.);
#5852 = FACE_BOUND('',#5853,.T.);
#5853 = EDGE_LOOP('',(#5854));
#5854 = ORIENTED_EDGE('',*,*,#2168,.T.);
#5855 = FACE_BOUND('',#5856,.T.);
#5856 = EDGE_LOOP('',(#5857,#5867,#5875,#5883));
#5857 = ORIENTED_EDGE('',*,*,#5858,.F.);
#5858 = EDGE_CURVE('',#5859,#5861,#5863,.T.);
#5859 = VERTEX_POINT('',#5860);
#5860 = CARTESIAN_POINT('',(-192.225,142.06,69.51));
#5861 = VERTEX_POINT('',#5862);
#5862 = CARTESIAN_POINT('',(-207.825,142.06,69.51));
#5863 = LINE('',#5864,#5865);
#5864 = CARTESIAN_POINT('',(-199.6468749999,142.06,69.51));
#5865 = VECTOR('',#5866,1.);
#5866 = DIRECTION('',(-1.,1.2E-16,0.));
#5867 = ORIENTED_EDGE('',*,*,#5868,.T.);
#5868 = EDGE_CURVE('',#5859,#5869,#5871,.T.);
#5869 = VERTEX_POINT('',#5870);
#5870 = CARTESIAN_POINT('',(-192.225,157.66,69.51));
#5871 = LINE('',#5872,#5873);
#5872 = CARTESIAN_POINT('',(-192.225,143.13499999998,69.51));
#5873 = VECTOR('',#5874,1.);
#5874 = DIRECTION('',(1.2E-16,1.,0.));
#5875 = ORIENTED_EDGE('',*,*,#5876,.T.);
#5876 = EDGE_CURVE('',#5869,#5877,#5879,.T.);
#5877 = VERTEX_POINT('',#5878);
#5878 = CARTESIAN_POINT('',(-207.825,157.66,69.51));
#5879 = LINE('',#5880,#5881);
#5880 = CARTESIAN_POINT('',(-199.6468749999,157.66,69.51));
#5881 = VECTOR('',#5882,1.);
#5882 = DIRECTION('',(-1.,1.2E-16,0.));
#5883 = ORIENTED_EDGE('',*,*,#5884,.F.);
#5884 = EDGE_CURVE('',#5861,#5877,#5885,.T.);
#5885 = LINE('',#5886,#5887);
#5886 = CARTESIAN_POINT('',(-207.825,143.13499999998,69.51));
#5887 = VECTOR('',#5888,1.);
#5888 = DIRECTION('',(1.2E-16,1.,0.));
#5889 = FACE_BOUND('',#5890,.T.);
#5890 = EDGE_LOOP('',(#5891,#5901,#5909,#5917));
#5891 = ORIENTED_EDGE('',*,*,#5892,.F.);
#5892 = EDGE_CURVE('',#5893,#5895,#5897,.T.);
#5893 = VERTEX_POINT('',#5894);
#5894 = CARTESIAN_POINT('',(-173.175,142.06,69.51));
#5895 = VERTEX_POINT('',#5896);
#5896 = CARTESIAN_POINT('',(-188.775,142.06,69.51));
#5897 = LINE('',#5898,#5899);
#5898 = CARTESIAN_POINT('',(-190.1218749999,142.06,69.51));
#5899 = VECTOR('',#5900,1.);
#5900 = DIRECTION('',(-1.,1.2E-16,0.));
#5901 = ORIENTED_EDGE('',*,*,#5902,.T.);
#5902 = EDGE_CURVE('',#5893,#5903,#5905,.T.);
#5903 = VERTEX_POINT('',#5904);
#5904 = CARTESIAN_POINT('',(-173.175,157.66,69.51));
#5905 = LINE('',#5906,#5907);
#5906 = CARTESIAN_POINT('',(-173.175,143.13499999998,69.51));
#5907 = VECTOR('',#5908,1.);
#5908 = DIRECTION('',(1.2E-16,1.,0.));
#5909 = ORIENTED_EDGE('',*,*,#5910,.T.);
#5910 = EDGE_CURVE('',#5903,#5911,#5913,.T.);
#5911 = VERTEX_POINT('',#5912);
#5912 = CARTESIAN_POINT('',(-188.775,157.66,69.51));
#5913 = LINE('',#5914,#5915);
#5914 = CARTESIAN_POINT('',(-190.1218749999,157.66,69.51));
#5915 = VECTOR('',#5916,1.);
#5916 = DIRECTION('',(-1.,1.2E-16,0.));
#5917 = ORIENTED_EDGE('',*,*,#5918,.F.);
#5918 = EDGE_CURVE('',#5895,#5911,#5919,.T.);
#5919 = LINE('',#5920,#5921);
#5920 = CARTESIAN_POINT('',(-188.775,143.13499999998,69.51));
#5921 = VECTOR('',#5922,1.);
#5922 = DIRECTION('',(1.2E-16,1.,0.));
#5923 = FACE_BOUND('',#5924,.T.);
#5924 = EDGE_LOOP('',(#5925));
#5925 = ORIENTED_EDGE('',*,*,#2385,.T.);
#5926 = FACE_BOUND('',#5927,.T.);
#5927 = EDGE_LOOP('',(#5928,#5938,#5946,#5954));
#5928 = ORIENTED_EDGE('',*,*,#5929,.F.);
#5929 = EDGE_CURVE('',#5930,#5932,#5934,.T.);
#5930 = VERTEX_POINT('',#5931);
#5931 = CARTESIAN_POINT('',(-230.325,123.01,69.51));
#5932 = VERTEX_POINT('',#5933);
#5933 = CARTESIAN_POINT('',(-245.925,123.01,69.51));
#5934 = LINE('',#5935,#5936);
#5935 = CARTESIAN_POINT('',(-218.6968749999,123.01,69.51));
#5936 = VECTOR('',#5937,1.);
#5937 = DIRECTION('',(-1.,1.2E-16,0.));
#5938 = ORIENTED_EDGE('',*,*,#5939,.T.);
#5939 = EDGE_CURVE('',#5930,#5940,#5942,.T.);
#5940 = VERTEX_POINT('',#5941);
#5941 = CARTESIAN_POINT('',(-230.325,138.61,69.51));
#5942 = LINE('',#5943,#5944);
#5943 = CARTESIAN_POINT('',(-230.325,133.60999999998,69.51));
#5944 = VECTOR('',#5945,1.);
#5945 = DIRECTION('',(1.2E-16,1.,0.));
#5946 = ORIENTED_EDGE('',*,*,#5947,.T.);
#5947 = EDGE_CURVE('',#5940,#5948,#5950,.T.);
#5948 = VERTEX_POINT('',#5949);
#5949 = CARTESIAN_POINT('',(-245.925,138.61,69.51));
#5950 = LINE('',#5951,#5952);
#5951 = CARTESIAN_POINT('',(-218.6968749999,138.61,69.51));
#5952 = VECTOR('',#5953,1.);
#5953 = DIRECTION('',(-1.,1.2E-16,0.));
#5954 = ORIENTED_EDGE('',*,*,#5955,.F.);
#5955 = EDGE_CURVE('',#5932,#5948,#5956,.T.);
#5956 = LINE('',#5957,#5958);
#5957 = CARTESIAN_POINT('',(-245.925,133.60999999998,69.51));
#5958 = VECTOR('',#5959,1.);
#5959 = DIRECTION('',(1.2E-16,1.,0.));
#5960 = FACE_BOUND('',#5961,.T.);
#5961 = EDGE_LOOP('',(#5962,#5972,#5980,#5988));
#5962 = ORIENTED_EDGE('',*,*,#5963,.F.);
#5963 = EDGE_CURVE('',#5964,#5966,#5968,.T.);
#5964 = VERTEX_POINT('',#5965);
#5965 = CARTESIAN_POINT('',(-230.325,103.96,69.51));
#5966 = VERTEX_POINT('',#5967);
#5967 = CARTESIAN_POINT('',(-245.925,103.96,69.51));
#5968 = LINE('',#5969,#5970);
#5969 = CARTESIAN_POINT('',(-218.6968749999,103.96,69.51));
#5970 = VECTOR('',#5971,1.);
#5971 = DIRECTION('',(-1.,1.2E-16,0.));
#5972 = ORIENTED_EDGE('',*,*,#5973,.T.);
#5973 = EDGE_CURVE('',#5964,#5974,#5976,.T.);
#5974 = VERTEX_POINT('',#5975);
#5975 = CARTESIAN_POINT('',(-230.325,119.56,69.51));
#5976 = LINE('',#5977,#5978);
#5977 = CARTESIAN_POINT('',(-230.325,124.08499999998,69.51));
#5978 = VECTOR('',#5979,1.);
#5979 = DIRECTION('',(1.2E-16,1.,0.));
#5980 = ORIENTED_EDGE('',*,*,#5981,.T.);
#5981 = EDGE_CURVE('',#5974,#5982,#5984,.T.);
#5982 = VERTEX_POINT('',#5983);
#5983 = CARTESIAN_POINT('',(-245.925,119.56,69.51));
#5984 = LINE('',#5985,#5986);
#5985 = CARTESIAN_POINT('',(-218.6968749999,119.56,69.51));
#5986 = VECTOR('',#5987,1.);
#5987 = DIRECTION('',(-1.,1.2E-16,0.));
#5988 = ORIENTED_EDGE('',*,*,#5989,.F.);
#5989 = EDGE_CURVE('',#5966,#5982,#5990,.T.);
#5990 = LINE('',#5991,#5992);
#5991 = CARTESIAN_POINT('',(-245.925,124.08499999998,69.51));
#5992 = VECTOR('',#5993,1.);
#5993 = DIRECTION('',(1.2E-16,1.,0.));
#5994 = FACE_BOUND('',#5995,.T.);
#5995 = EDGE_LOOP('',(#5996,#6006,#6014,#6022));
#5996 = ORIENTED_EDGE('',*,*,#5997,.F.);
#5997 = EDGE_CURVE('',#5998,#6000,#6002,.T.);
#5998 = VERTEX_POINT('',#5999);
#5999 = CARTESIAN_POINT('',(-211.275,123.01,69.51));
#6000 = VERTEX_POINT('',#6001);
#6001 = CARTESIAN_POINT('',(-226.875,123.01,69.51));
#6002 = LINE('',#6003,#6004);
#6003 = CARTESIAN_POINT('',(-209.1718749999,123.01,69.51));
#6004 = VECTOR('',#6005,1.);
#6005 = DIRECTION('',(-1.,1.2E-16,0.));
#6006 = ORIENTED_EDGE('',*,*,#6007,.T.);
#6007 = EDGE_CURVE('',#5998,#6008,#6010,.T.);
#6008 = VERTEX_POINT('',#6009);
#6009 = CARTESIAN_POINT('',(-211.275,138.61,69.51));
#6010 = LINE('',#6011,#6012);
#6011 = CARTESIAN_POINT('',(-211.275,133.60999999998,69.51));
#6012 = VECTOR('',#6013,1.);
#6013 = DIRECTION('',(1.2E-16,1.,0.));
#6014 = ORIENTED_EDGE('',*,*,#6015,.T.);
#6015 = EDGE_CURVE('',#6008,#6016,#6018,.T.);
#6016 = VERTEX_POINT('',#6017);
#6017 = CARTESIAN_POINT('',(-226.875,138.61,69.51));
#6018 = LINE('',#6019,#6020);
#6019 = CARTESIAN_POINT('',(-209.1718749999,138.61,69.51));
#6020 = VECTOR('',#6021,1.);
#6021 = DIRECTION('',(-1.,1.2E-16,0.));
#6022 = ORIENTED_EDGE('',*,*,#6023,.F.);
#6023 = EDGE_CURVE('',#6000,#6016,#6024,.T.);
#6024 = LINE('',#6025,#6026);
#6025 = CARTESIAN_POINT('',(-226.875,133.60999999998,69.51));
#6026 = VECTOR('',#6027,1.);
#6027 = DIRECTION('',(1.2E-16,1.,0.));
#6028 = FACE_BOUND('',#6029,.T.);
#6029 = EDGE_LOOP('',(#6030,#6040,#6048,#6056));
#6030 = ORIENTED_EDGE('',*,*,#6031,.F.);
#6031 = EDGE_CURVE('',#6032,#6034,#6036,.T.);
#6032 = VERTEX_POINT('',#6033);
#6033 = CARTESIAN_POINT('',(-211.275,103.96,69.51));
#6034 = VERTEX_POINT('',#6035);
#6035 = CARTESIAN_POINT('',(-226.875,103.96,69.51));
#6036 = LINE('',#6037,#6038);
#6037 = CARTESIAN_POINT('',(-209.1718749999,103.96,69.51));
#6038 = VECTOR('',#6039,1.);
#6039 = DIRECTION('',(-1.,1.2E-16,0.));
#6040 = ORIENTED_EDGE('',*,*,#6041,.T.);
#6041 = EDGE_CURVE('',#6032,#6042,#6044,.T.);
#6042 = VERTEX_POINT('',#6043);
#6043 = CARTESIAN_POINT('',(-211.275,119.56,69.51));
#6044 = LINE('',#6045,#6046);
#6045 = CARTESIAN_POINT('',(-211.275,124.08499999998,69.51));
#6046 = VECTOR('',#6047,1.);
#6047 = DIRECTION('',(1.2E-16,1.,0.));
#6048 = ORIENTED_EDGE('',*,*,#6049,.T.);
#6049 = EDGE_CURVE('',#6042,#6050,#6052,.T.);
#6050 = VERTEX_POINT('',#6051);
#6051 = CARTESIAN_POINT('',(-226.875,119.56,69.51));
#6052 = LINE('',#6053,#6054);
#6053 = CARTESIAN_POINT('',(-209.1718749999,119.56,69.51));
#6054 = VECTOR('',#6055,1.);
#6055 = DIRECTION('',(-1.,1.2E-16,0.));
#6056 = ORIENTED_EDGE('',*,*,#6057,.F.);
#6057 = EDGE_CURVE('',#6034,#6050,#6058,.T.);
#6058 = LINE('',#6059,#6060);
#6059 = CARTESIAN_POINT('',(-226.875,124.08499999998,69.51));
#6060 = VECTOR('',#6061,1.);
#6061 = DIRECTION('',(1.2E-16,1.,0.));
#6062 = FACE_BOUND('',#6063,.T.);
#6063 = EDGE_LOOP('',(#6064));
#6064 = ORIENTED_EDGE('',*,*,#2794,.T.);
#6065 = FACE_BOUND('',#6066,.T.);
#6066 = EDGE_LOOP('',(#6067,#6077,#6085,#6093));
#6067 = ORIENTED_EDGE('',*,*,#6068,.F.);
#6068 = EDGE_CURVE('',#6069,#6071,#6073,.T.);
#6069 = VERTEX_POINT('',#6070);
#6070 = CARTESIAN_POINT('',(-230.325,84.91,69.51));
#6071 = VERTEX_POINT('',#6072);
#6072 = CARTESIAN_POINT('',(-245.925,84.91,69.51));
#6073 = LINE('',#6074,#6075);
#6074 = CARTESIAN_POINT('',(-218.6968749999,84.91,69.51));
#6075 = VECTOR('',#6076,1.);
#6076 = DIRECTION('',(-1.,1.2E-16,0.));
#6077 = ORIENTED_EDGE('',*,*,#6078,.T.);
#6078 = EDGE_CURVE('',#6069,#6079,#6081,.T.);
#6079 = VERTEX_POINT('',#6080);
#6080 = CARTESIAN_POINT('',(-230.325,100.51,69.51));
#6081 = LINE('',#6082,#6083);
#6082 = CARTESIAN_POINT('',(-230.325,114.55999999998,69.51));
#6083 = VECTOR('',#6084,1.);
#6084 = DIRECTION('',(1.2E-16,1.,0.));
#6085 = ORIENTED_EDGE('',*,*,#6086,.T.);
#6086 = EDGE_CURVE('',#6079,#6087,#6089,.T.);
#6087 = VERTEX_POINT('',#6088);
#6088 = CARTESIAN_POINT('',(-245.925,100.51,69.51));
#6089 = LINE('',#6090,#6091);
#6090 = CARTESIAN_POINT('',(-218.6968749999,100.51,69.51));
#6091 = VECTOR('',#6092,1.);
#6092 = DIRECTION('',(-1.,1.2E-16,0.));
#6093 = ORIENTED_EDGE('',*,*,#6094,.F.);
#6094 = EDGE_CURVE('',#6071,#6087,#6095,.T.);
#6095 = LINE('',#6096,#6097);
#6096 = CARTESIAN_POINT('',(-245.925,114.55999999998,69.51));
#6097 = VECTOR('',#6098,1.);
#6098 = DIRECTION('',(1.2E-16,1.,0.));
#6099 = FACE_BOUND('',#6100,.T.);
#6100 = EDGE_LOOP('',(#6101,#6111,#6119,#6127));
#6101 = ORIENTED_EDGE('',*,*,#6102,.F.);
#6102 = EDGE_CURVE('',#6103,#6105,#6107,.T.);
#6103 = VERTEX_POINT('',#6104);
#6104 = CARTESIAN_POINT('',(-211.275,84.91,69.51));
#6105 = VERTEX_POINT('',#6106);
#6106 = CARTESIAN_POINT('',(-226.875,84.91,69.51));
#6107 = LINE('',#6108,#6109);
#6108 = CARTESIAN_POINT('',(-209.1718749999,84.91,69.51));
#6109 = VECTOR('',#6110,1.);
#6110 = DIRECTION('',(-1.,1.2E-16,0.));
#6111 = ORIENTED_EDGE('',*,*,#6112,.T.);
#6112 = EDGE_CURVE('',#6103,#6113,#6115,.T.);
#6113 = VERTEX_POINT('',#6114);
#6114 = CARTESIAN_POINT('',(-211.275,100.51,69.51));
#6115 = LINE('',#6116,#6117);
#6116 = CARTESIAN_POINT('',(-211.275,114.55999999998,69.51));
#6117 = VECTOR('',#6118,1.);
#6118 = DIRECTION('',(1.2E-16,1.,0.));
#6119 = ORIENTED_EDGE('',*,*,#6120,.T.);
#6120 = EDGE_CURVE('',#6113,#6121,#6123,.T.);
#6121 = VERTEX_POINT('',#6122);
#6122 = CARTESIAN_POINT('',(-226.875,100.51,69.51));
#6123 = LINE('',#6124,#6125);
#6124 = CARTESIAN_POINT('',(-209.1718749999,100.51,69.51));
#6125 = VECTOR('',#6126,1.);
#6126 = DIRECTION('',(-1.,1.2E-16,0.));
#6127 = ORIENTED_EDGE('',*,*,#6128,.F.);
#6128 = EDGE_CURVE('',#6105,#6121,#6129,.T.);
#6129 = LINE('',#6130,#6131);
#6130 = CARTESIAN_POINT('',(-226.875,114.55999999998,69.51));
#6131 = VECTOR('',#6132,1.);
#6132 = DIRECTION('',(1.2E-16,1.,0.));
#6133 = FACE_BOUND('',#6134,.T.);
#6134 = EDGE_LOOP('',(#6135,#6145,#6153,#6161));
#6135 = ORIENTED_EDGE('',*,*,#6136,.F.);
#6136 = EDGE_CURVE('',#6137,#6139,#6141,.T.);
#6137 = VERTEX_POINT('',#6138);
#6138 = CARTESIAN_POINT('',(-192.225,123.01,69.51));
#6139 = VERTEX_POINT('',#6140);
#6140 = CARTESIAN_POINT('',(-207.825,123.01,69.51));
#6141 = LINE('',#6142,#6143);
#6142 = CARTESIAN_POINT('',(-199.6468749999,123.01,69.51));
#6143 = VECTOR('',#6144,1.);
#6144 = DIRECTION('',(-1.,1.2E-16,0.));
#6145 = ORIENTED_EDGE('',*,*,#6146,.T.);
#6146 = EDGE_CURVE('',#6137,#6147,#6149,.T.);
#6147 = VERTEX_POINT('',#6148);
#6148 = CARTESIAN_POINT('',(-192.225,138.61,69.51));
#6149 = LINE('',#6150,#6151);
#6150 = CARTESIAN_POINT('',(-192.225,133.60999999998,69.51));
#6151 = VECTOR('',#6152,1.);
#6152 = DIRECTION('',(1.2E-16,1.,0.));
#6153 = ORIENTED_EDGE('',*,*,#6154,.T.);
#6154 = EDGE_CURVE('',#6147,#6155,#6157,.T.);
#6155 = VERTEX_POINT('',#6156);
#6156 = CARTESIAN_POINT('',(-207.825,138.61,69.51));
#6157 = LINE('',#6158,#6159);
#6158 = CARTESIAN_POINT('',(-199.6468749999,138.61,69.51));
#6159 = VECTOR('',#6160,1.);
#6160 = DIRECTION('',(-1.,1.2E-16,0.));
#6161 = ORIENTED_EDGE('',*,*,#6162,.F.);
#6162 = EDGE_CURVE('',#6139,#6155,#6163,.T.);
#6163 = LINE('',#6164,#6165);
#6164 = CARTESIAN_POINT('',(-207.825,133.60999999998,69.51));
#6165 = VECTOR('',#6166,1.);
#6166 = DIRECTION('',(1.2E-16,1.,0.));
#6167 = FACE_BOUND('',#6168,.T.);
#6168 = EDGE_LOOP('',(#6169,#6179,#6187,#6195));
#6169 = ORIENTED_EDGE('',*,*,#6170,.F.);
#6170 = EDGE_CURVE('',#6171,#6173,#6175,.T.);
#6171 = VERTEX_POINT('',#6172);
#6172 = CARTESIAN_POINT('',(-192.225,103.96,69.51));
#6173 = VERTEX_POINT('',#6174);
#6174 = CARTESIAN_POINT('',(-207.825,103.96,69.51));
#6175 = LINE('',#6176,#6177);
#6176 = CARTESIAN_POINT('',(-199.6468749999,103.96,69.51));
#6177 = VECTOR('',#6178,1.);
#6178 = DIRECTION('',(-1.,1.2E-16,0.));
#6179 = ORIENTED_EDGE('',*,*,#6180,.T.);
#6180 = EDGE_CURVE('',#6171,#6181,#6183,.T.);
#6181 = VERTEX_POINT('',#6182);
#6182 = CARTESIAN_POINT('',(-192.225,119.56,69.51));
#6183 = LINE('',#6184,#6185);
#6184 = CARTESIAN_POINT('',(-192.225,124.08499999998,69.51));
#6185 = VECTOR('',#6186,1.);
#6186 = DIRECTION('',(1.2E-16,1.,0.));
#6187 = ORIENTED_EDGE('',*,*,#6188,.T.);
#6188 = EDGE_CURVE('',#6181,#6189,#6191,.T.);
#6189 = VERTEX_POINT('',#6190);
#6190 = CARTESIAN_POINT('',(-207.825,119.56,69.51));
#6191 = LINE('',#6192,#6193);
#6192 = CARTESIAN_POINT('',(-199.6468749999,119.56,69.51));
#6193 = VECTOR('',#6194,1.);
#6194 = DIRECTION('',(-1.,1.2E-16,0.));
#6195 = ORIENTED_EDGE('',*,*,#6196,.F.);
#6196 = EDGE_CURVE('',#6173,#6189,#6197,.T.);
#6197 = LINE('',#6198,#6199);
#6198 = CARTESIAN_POINT('',(-207.825,124.08499999998,69.51));
#6199 = VECTOR('',#6200,1.);
#6200 = DIRECTION('',(1.2E-16,1.,0.));
#6201 = FACE_BOUND('',#6202,.T.);
#6202 = EDGE_LOOP('',(#6203,#6213,#6221,#6229));
#6203 = ORIENTED_EDGE('',*,*,#6204,.F.);
#6204 = EDGE_CURVE('',#6205,#6207,#6209,.T.);
#6205 = VERTEX_POINT('',#6206);
#6206 = CARTESIAN_POINT('',(-173.175,123.01,69.51));
#6207 = VERTEX_POINT('',#6208);
#6208 = CARTESIAN_POINT('',(-188.775,123.01,69.51));
#6209 = LINE('',#6210,#6211);
#6210 = CARTESIAN_POINT('',(-190.1218749999,123.01,69.51));
#6211 = VECTOR('',#6212,1.);
#6212 = DIRECTION('',(-1.,1.2E-16,0.));
#6213 = ORIENTED_EDGE('',*,*,#6214,.T.);
#6214 = EDGE_CURVE('',#6205,#6215,#6217,.T.);
#6215 = VERTEX_POINT('',#6216);
#6216 = CARTESIAN_POINT('',(-173.175,138.61,69.51));
#6217 = LINE('',#6218,#6219);
#6218 = CARTESIAN_POINT('',(-173.175,133.60999999998,69.51));
#6219 = VECTOR('',#6220,1.);
#6220 = DIRECTION('',(1.2E-16,1.,0.));
#6221 = ORIENTED_EDGE('',*,*,#6222,.T.);
#6222 = EDGE_CURVE('',#6215,#6223,#6225,.T.);
#6223 = VERTEX_POINT('',#6224);
#6224 = CARTESIAN_POINT('',(-188.775,138.61,69.51));
#6225 = LINE('',#6226,#6227);
#6226 = CARTESIAN_POINT('',(-190.1218749999,138.61,69.51));
#6227 = VECTOR('',#6228,1.);
#6228 = DIRECTION('',(-1.,1.2E-16,0.));
#6229 = ORIENTED_EDGE('',*,*,#6230,.F.);
#6230 = EDGE_CURVE('',#6207,#6223,#6231,.T.);
#6231 = LINE('',#6232,#6233);
#6232 = CARTESIAN_POINT('',(-188.775,133.60999999998,69.51));
#6233 = VECTOR('',#6234,1.);
#6234 = DIRECTION('',(1.2E-16,1.,0.));
#6235 = FACE_BOUND('',#6236,.T.);
#6236 = EDGE_LOOP('',(#6237,#6247,#6255,#6263));
#6237 = ORIENTED_EDGE('',*,*,#6238,.F.);
#6238 = EDGE_CURVE('',#6239,#6241,#6243,.T.);
#6239 = VERTEX_POINT('',#6240);
#6240 = CARTESIAN_POINT('',(-173.175,103.96,69.51));
#6241 = VERTEX_POINT('',#6242);
#6242 = CARTESIAN_POINT('',(-188.775,103.96,69.51));
#6243 = LINE('',#6244,#6245);
#6244 = CARTESIAN_POINT('',(-190.1218749999,103.96,69.51));
#6245 = VECTOR('',#6246,1.);
#6246 = DIRECTION('',(-1.,1.2E-16,0.));
#6247 = ORIENTED_EDGE('',*,*,#6248,.T.);
#6248 = EDGE_CURVE('',#6239,#6249,#6251,.T.);
#6249 = VERTEX_POINT('',#6250);
#6250 = CARTESIAN_POINT('',(-173.175,119.56,69.51));
#6251 = LINE('',#6252,#6253);
#6252 = CARTESIAN_POINT('',(-173.175,124.08499999998,69.51));
#6253 = VECTOR('',#6254,1.);
#6254 = DIRECTION('',(1.2E-16,1.,0.));
#6255 = ORIENTED_EDGE('',*,*,#6256,.T.);
#6256 = EDGE_CURVE('',#6249,#6257,#6259,.T.);
#6257 = VERTEX_POINT('',#6258);
#6258 = CARTESIAN_POINT('',(-188.775,119.56,69.51));
#6259 = LINE('',#6260,#6261);
#6260 = CARTESIAN_POINT('',(-190.1218749999,119.56,69.51));
#6261 = VECTOR('',#6262,1.);
#6262 = DIRECTION('',(-1.,1.2E-16,0.));
#6263 = ORIENTED_EDGE('',*,*,#6264,.F.);
#6264 = EDGE_CURVE('',#6241,#6257,#6265,.T.);
#6265 = LINE('',#6266,#6267);
#6266 = CARTESIAN_POINT('',(-188.775,124.08499999998,69.51));
#6267 = VECTOR('',#6268,1.);
#6268 = DIRECTION('',(1.2E-16,1.,0.));
#6269 = FACE_BOUND('',#6270,.T.);
#6270 = EDGE_LOOP('',(#6271,#6281,#6289,#6297));
#6271 = ORIENTED_EDGE('',*,*,#6272,.F.);
#6272 = EDGE_CURVE('',#6273,#6275,#6277,.T.);
#6273 = VERTEX_POINT('',#6274);
#6274 = CARTESIAN_POINT('',(-192.225,84.91,69.51));
#6275 = VERTEX_POINT('',#6276);
#6276 = CARTESIAN_POINT('',(-207.825,84.91,69.51));
#6277 = LINE('',#6278,#6279);
#6278 = CARTESIAN_POINT('',(-199.6468749999,84.91,69.51));
#6279 = VECTOR('',#6280,1.);
#6280 = DIRECTION('',(-1.,1.2E-16,0.));
#6281 = ORIENTED_EDGE('',*,*,#6282,.T.);
#6282 = EDGE_CURVE('',#6273,#6283,#6285,.T.);
#6283 = VERTEX_POINT('',#6284);
#6284 = CARTESIAN_POINT('',(-192.225,100.51,69.51));
#6285 = LINE('',#6286,#6287);
#6286 = CARTESIAN_POINT('',(-192.225,114.55999999998,69.51));
#6287 = VECTOR('',#6288,1.);
#6288 = DIRECTION('',(1.2E-16,1.,0.));
#6289 = ORIENTED_EDGE('',*,*,#6290,.T.);
#6290 = EDGE_CURVE('',#6283,#6291,#6293,.T.);
#6291 = VERTEX_POINT('',#6292);
#6292 = CARTESIAN_POINT('',(-207.825,100.51,69.51));
#6293 = LINE('',#6294,#6295);
#6294 = CARTESIAN_POINT('',(-199.6468749999,100.51,69.51));
#6295 = VECTOR('',#6296,1.);
#6296 = DIRECTION('',(-1.,1.2E-16,0.));
#6297 = ORIENTED_EDGE('',*,*,#6298,.F.);
#6298 = EDGE_CURVE('',#6275,#6291,#6299,.T.);
#6299 = LINE('',#6300,#6301);
#6300 = CARTESIAN_POINT('',(-207.825,114.55999999998,69.51));
#6301 = VECTOR('',#6302,1.);
#6302 = DIRECTION('',(1.2E-16,1.,0.));
#6303 = FACE_BOUND('',#6304,.T.);
#6304 = EDGE_LOOP('',(#6305));
#6305 = ORIENTED_EDGE('',*,*,#3491,.T.);
#6306 = FACE_BOUND('',#6307,.T.);
#6307 = EDGE_LOOP('',(#6308,#6318,#6326,#6334));
#6308 = ORIENTED_EDGE('',*,*,#6309,.F.);
#6309 = EDGE_CURVE('',#6310,#6312,#6314,.T.);
#6310 = VERTEX_POINT('',#6311);
#6311 = CARTESIAN_POINT('',(-173.175,84.91,69.51));
#6312 = VERTEX_POINT('',#6313);
#6313 = CARTESIAN_POINT('',(-188.775,84.91,69.51));
#6314 = LINE('',#6315,#6316);
#6315 = CARTESIAN_POINT('',(-190.1218749999,84.91,69.51));
#6316 = VECTOR('',#6317,1.);
#6317 = DIRECTION('',(-1.,1.2E-16,0.));
#6318 = ORIENTED_EDGE('',*,*,#6319,.T.);
#6319 = EDGE_CURVE('',#6310,#6320,#6322,.T.);
#6320 = VERTEX_POINT('',#6321);
#6321 = CARTESIAN_POINT('',(-173.175,100.51,69.51));
#6322 = LINE('',#6323,#6324);
#6323 = CARTESIAN_POINT('',(-173.175,114.55999999998,69.51));
#6324 = VECTOR('',#6325,1.);
#6325 = DIRECTION('',(1.2E-16,1.,0.));
#6326 = ORIENTED_EDGE('',*,*,#6327,.T.);
#6327 = EDGE_CURVE('',#6320,#6328,#6330,.T.);
#6328 = VERTEX_POINT('',#6329);
#6329 = CARTESIAN_POINT('',(-188.775,100.51,69.51));
#6330 = LINE('',#6331,#6332);
#6331 = CARTESIAN_POINT('',(-190.1218749999,100.51,69.51));
#6332 = VECTOR('',#6333,1.);
#6333 = DIRECTION('',(-1.,1.2E-16,0.));
#6334 = ORIENTED_EDGE('',*,*,#6335,.F.);
#6335 = EDGE_CURVE('',#6312,#6328,#6336,.T.);
#6336 = LINE('',#6337,#6338);
#6337 = CARTESIAN_POINT('',(-188.775,114.55999999998,69.51));
#6338 = VECTOR('',#6339,1.);
#6339 = DIRECTION('',(1.2E-16,1.,0.));
#6340 = FACE_BOUND('',#6341,.T.);
#6341 = EDGE_LOOP('',(#6342));
#6342 = ORIENTED_EDGE('',*,*,#3612,.T.);
#6343 = PLANE('',#6344);
#6344 = AXIS2_PLACEMENT_3D('',#6345,#6346,#6347);
#6345 = CARTESIAN_POINT('',(-207.0687499999,128.60999999997,69.51));
#6346 = DIRECTION('',(0.,0.,-1.));
#6347 = DIRECTION('',(1.,0.,0.));
#6348 = ADVANCED_FACE('',(#6349),#6366,.T.);
#6349 = FACE_BOUND('',#6350,.T.);
#6350 = EDGE_LOOP('',(#6351,#6352,#6353,#6361));
#6351 = ORIENTED_EDGE('',*,*,#3629,.F.);
#6352 = ORIENTED_EDGE('',*,*,#840,.F.);
#6353 = ORIENTED_EDGE('',*,*,#6354,.T.);
#6354 = EDGE_CURVE('',#833,#6355,#6357,.T.);
#6355 = VERTEX_POINT('',#6356);
#6356 = CARTESIAN_POINT('',(-162.1875,76.304999999999,69.81));
#6357 = LINE('',#6358,#6359);
#6358 = CARTESIAN_POINT('',(-162.1875,64.200797118619,69.81));
#6359 = VECTOR('',#6360,1.);
#6360 = DIRECTION('',(0.,-1.,0.));
#6361 = ORIENTED_EDGE('',*,*,#6362,.F.);
#6362 = EDGE_CURVE('',#3630,#6355,#6363,.T.);
#6363 = B_SPLINE_CURVE_WITH_KNOTS('',1,(#6364,#6365),.UNSPECIFIED.,.F.,
  .F.,(2,2),(0.,1.),.PIECEWISE_BEZIER_KNOTS.);
#6364 = CARTESIAN_POINT('',(-162.4875,76.304999999999,69.51));
#6365 = CARTESIAN_POINT('',(-162.1875,76.304999999999,69.81));
#6366 = PLANE('',#6367);
#6367 = AXIS2_PLACEMENT_3D('',#6368,#6369,#6370);
#6368 = CARTESIAN_POINT('',(-162.1875,64.200797118619,69.81));
#6369 = DIRECTION('',(0.707106781187,0.,-0.707106781187));
#6370 = DIRECTION('',(0.,1.,0.));
#6371 = ADVANCED_FACE('',(#6372),#6390,.T.);
#6372 = FACE_BOUND('',#6373,.T.);
#6373 = EDGE_LOOP('',(#6374,#6382,#6383,#6384));
#6374 = ORIENTED_EDGE('',*,*,#6375,.F.);
#6375 = EDGE_CURVE('',#6355,#6376,#6378,.T.);
#6376 = VERTEX_POINT('',#6377);
#6377 = CARTESIAN_POINT('',(-162.1875,76.304999999999,70.31));
#6378 = LINE('',#6379,#6380);
#6379 = CARTESIAN_POINT('',(-162.1875,76.304999999999,69.21));
#6380 = VECTOR('',#6381,1.);
#6381 = DIRECTION('',(0.,0.,1.));
#6382 = ORIENTED_EDGE('',*,*,#6354,.F.);
#6383 = ORIENTED_EDGE('',*,*,#832,.F.);
#6384 = ORIENTED_EDGE('',*,*,#6385,.T.);
#6385 = EDGE_CURVE('',#825,#6376,#6386,.T.);
#6386 = LINE('',#6387,#6388);
#6387 = CARTESIAN_POINT('',(-162.1875,64.304999999999,70.31));
#6388 = VECTOR('',#6389,1.);
#6389 = DIRECTION('',(0.,-1.,0.));
#6390 = PLANE('',#6391);
#6391 = AXIS2_PLACEMENT_3D('',#6392,#6393,#6394);
#6392 = CARTESIAN_POINT('',(-162.1875,180.91499999999,69.21));
#6393 = DIRECTION('',(1.,0.,0.));
#6394 = DIRECTION('',(0.,-1.,0.));
#6395 = ADVANCED_FACE('',(#6396),#6577,.F.);
#6396 = FACE_BOUND('',#6397,.F.);
#6397 = EDGE_LOOP('',(#6398,#6408,#6417,#6425,#6434,#6440,#6441,#6442,
    #6451,#6459,#6468,#6477,#6486,#6494,#6503,#6512,#6521,#6529,#6538,
    #6544,#6545,#6553,#6562,#6570));
#6398 = ORIENTED_EDGE('',*,*,#6399,.F.);
#6399 = EDGE_CURVE('',#6400,#6402,#6404,.T.);
#6400 = VERTEX_POINT('',#6401);
#6401 = CARTESIAN_POINT('',(-254.95,76.305000000002,70.31));
#6402 = VERTEX_POINT('',#6403);
#6403 = CARTESIAN_POINT('',(-254.9499999999,180.91499738523,70.31));
#6404 = LINE('',#6405,#6406);
#6405 = CARTESIAN_POINT('',(-254.9499999999,90.45749869268,70.31));
#6406 = VECTOR('',#6407,1.);
#6407 = DIRECTION('',(4.8769E-13,1.,0.));
#6408 = ORIENTED_EDGE('',*,*,#6409,.T.);
#6409 = EDGE_CURVE('',#6400,#6410,#6412,.T.);
#6410 = VERTEX_POINT('',#6411);
#6411 = CARTESIAN_POINT('',(-249.4499973853,70.804999999951,70.31));
#6412 = CIRCLE('',#6413,5.4999985059);
#6413 = AXIS2_PLACEMENT_3D('',#6414,#6415,#6416);
#6414 = CARTESIAN_POINT('',(-249.4500014941,76.30499850585,70.31));
#6415 = DIRECTION('',(0.,0.,1.));
#6416 = DIRECTION('',(-1.,2.7166401928E-07,0.));
#6417 = ORIENTED_EDGE('',*,*,#6418,.F.);
#6418 = EDGE_CURVE('',#6419,#6410,#6421,.T.);
#6419 = VERTEX_POINT('',#6420);
#6420 = CARTESIAN_POINT('',(-166.1874999999,70.804999999999,70.31));
#6421 = LINE('',#6422,#6423);
#6422 = CARTESIAN_POINT('',(-103.9093743463,70.805000000035,70.31));
#6423 = VECTOR('',#6424,1.);
#6424 = DIRECTION('',(-1.,-5.7786E-13,0.));
#6425 = ORIENTED_EDGE('',*,*,#6426,.F.);
#6426 = EDGE_CURVE('',#6427,#6419,#6429,.T.);
#6427 = VERTEX_POINT('',#6428);
#6428 = CARTESIAN_POINT('',(-160.6875,76.304999999999,70.31));
#6429 = CIRCLE('',#6430,5.5);
#6430 = AXIS2_PLACEMENT_3D('',#6431,#6432,#6433);
#6431 = CARTESIAN_POINT('',(-166.1875,76.304999999999,70.31));
#6432 = DIRECTION('',(0.,0.,-1.));
#6433 = DIRECTION('',(0.,1.,0.));
#6434 = ORIENTED_EDGE('',*,*,#6435,.F.);
#6435 = EDGE_CURVE('',#817,#6427,#6436,.T.);
#6436 = LINE('',#6437,#6438);
#6437 = CARTESIAN_POINT('',(-160.6875,64.304999999999,70.31));
#6438 = VECTOR('',#6439,1.);
#6439 = DIRECTION('',(0.,-1.,0.));
#6440 = ORIENTED_EDGE('',*,*,#824,.F.);
#6441 = ORIENTED_EDGE('',*,*,#6385,.T.);
#6442 = ORIENTED_EDGE('',*,*,#6443,.T.);
#6443 = EDGE_CURVE('',#6376,#6444,#6446,.T.);
#6444 = VERTEX_POINT('',#6445);
#6445 = CARTESIAN_POINT('',(-166.1874999999,72.304999999999,70.31));
#6446 = CIRCLE('',#6447,4.);
#6447 = AXIS2_PLACEMENT_3D('',#6448,#6449,#6450);
#6448 = CARTESIAN_POINT('',(-166.1875,76.304999999999,70.31));
#6449 = DIRECTION('',(0.,0.,-1.));
#6450 = DIRECTION('',(0.,1.,0.));
#6451 = ORIENTED_EDGE('',*,*,#6452,.T.);
#6452 = EDGE_CURVE('',#6444,#6453,#6455,.T.);
#6453 = VERTEX_POINT('',#6454);
#6454 = CARTESIAN_POINT('',(-249.4499973853,72.304999999951,70.31));
#6455 = LINE('',#6456,#6457);
#6456 = CARTESIAN_POINT('',(-103.9093743463,72.305000000035,70.31));
#6457 = VECTOR('',#6458,1.);
#6458 = DIRECTION('',(-1.,-5.7786E-13,0.));
#6459 = ORIENTED_EDGE('',*,*,#6460,.F.);
#6460 = EDGE_CURVE('',#6461,#6453,#6463,.T.);
#6461 = VERTEX_POINT('',#6462);
#6462 = CARTESIAN_POINT('',(-249.4499985058,72.304999999951,70.31));
#6463 = CIRCLE('',#6464,1.5);
#6464 = AXIS2_PLACEMENT_3D('',#6465,#6466,#6467);
#6465 = CARTESIAN_POINT('',(-249.4499973853,70.804999999951,70.31));
#6466 = DIRECTION('',(-0.,0.,-1.));
#6467 = DIRECTION('',(-1.,-7.4705057245E-07,0.));
#6468 = ORIENTED_EDGE('',*,*,#6469,.F.);
#6469 = EDGE_CURVE('',#6470,#6461,#6472,.T.);
#6470 = VERTEX_POINT('',#6471);
#6471 = CARTESIAN_POINT('',(-253.45,76.304999592506,70.31));
#6472 = CIRCLE('',#6473,3.9999985059);
#6473 = AXIS2_PLACEMENT_3D('',#6474,#6475,#6476);
#6474 = CARTESIAN_POINT('',(-249.4500014941,76.30499850585,70.31));
#6475 = DIRECTION('',(0.,0.,1.));
#6476 = DIRECTION('',(-1.,2.7166401928E-07,0.));
#6477 = ORIENTED_EDGE('',*,*,#6478,.F.);
#6478 = EDGE_CURVE('',#6479,#6470,#6481,.T.);
#6479 = VERTEX_POINT('',#6480);
#6480 = CARTESIAN_POINT('',(-253.45,76.305000000001,70.31));
#6481 = CIRCLE('',#6482,1.5);
#6482 = AXIS2_PLACEMENT_3D('',#6483,#6484,#6485);
#6483 = CARTESIAN_POINT('',(-254.95,76.305000000002,70.31));
#6484 = DIRECTION('',(0.,0.,-1.));
#6485 = DIRECTION('',(4.8769E-13,1.,0.));
#6486 = ORIENTED_EDGE('',*,*,#6487,.T.);
#6487 = EDGE_CURVE('',#6479,#6488,#6490,.T.);
#6488 = VERTEX_POINT('',#6489);
#6489 = CARTESIAN_POINT('',(-253.4499999999,180.91499738523,70.31));
#6490 = LINE('',#6491,#6492);
#6491 = CARTESIAN_POINT('',(-253.4499999999,90.457498692679,70.31));
#6492 = VECTOR('',#6493,1.);
#6493 = DIRECTION('',(4.8769E-13,1.,0.));
#6494 = ORIENTED_EDGE('',*,*,#6495,.F.);
#6495 = EDGE_CURVE('',#6496,#6488,#6498,.T.);
#6496 = VERTEX_POINT('',#6497);
#6497 = CARTESIAN_POINT('',(-253.4499999999,180.91499850584,70.31));
#6498 = CIRCLE('',#6499,1.5);
#6499 = AXIS2_PLACEMENT_3D('',#6500,#6501,#6502);
#6500 = CARTESIAN_POINT('',(-254.9499999999,180.91499738523,70.31));
#6501 = DIRECTION('',(0.,0.,-1.));
#6502 = DIRECTION('',(-7.4707556862E-07,1.,0.));
#6503 = ORIENTED_EDGE('',*,*,#6504,.F.);
#6504 = EDGE_CURVE('',#6505,#6496,#6507,.T.);
#6505 = VERTEX_POINT('',#6506);
#6506 = CARTESIAN_POINT('',(-249.4500004074,184.915,70.31));
#6507 = CIRCLE('',#6508,3.99999850585);
#6508 = AXIS2_PLACEMENT_3D('',#6509,#6510,#6511);
#6509 = CARTESIAN_POINT('',(-249.4500014941,180.91500149415,70.31));
#6510 = DIRECTION('',(0.,-0.,1.));
#6511 = DIRECTION('',(2.7165462397E-07,1.,0.));
#6512 = ORIENTED_EDGE('',*,*,#6513,.F.);
#6513 = EDGE_CURVE('',#6514,#6505,#6516,.T.);
#6514 = VERTEX_POINT('',#6515);
#6515 = CARTESIAN_POINT('',(-249.45,184.915,70.31));
#6516 = CIRCLE('',#6517,1.5);
#6517 = AXIS2_PLACEMENT_3D('',#6518,#6519,#6520);
#6518 = CARTESIAN_POINT('',(-249.45,186.415,70.31));
#6519 = DIRECTION('',(0.,-0.,-1.));
#6520 = DIRECTION('',(1.,-2.075E-14,0.));
#6521 = ORIENTED_EDGE('',*,*,#6522,.T.);
#6522 = EDGE_CURVE('',#6514,#6523,#6525,.T.);
#6523 = VERTEX_POINT('',#6524);
#6524 = CARTESIAN_POINT('',(-166.1875,184.91499999999,70.31));
#6525 = LINE('',#6526,#6527);
#6526 = CARTESIAN_POINT('',(-103.9093749999,184.91499999999,70.31));
#6527 = VECTOR('',#6528,1.);
#6528 = DIRECTION('',(1.,-2.075E-14,0.));
#6529 = ORIENTED_EDGE('',*,*,#6530,.T.);
#6530 = EDGE_CURVE('',#6523,#6531,#6533,.T.);
#6531 = VERTEX_POINT('',#6532);
#6532 = CARTESIAN_POINT('',(-162.1875,180.91499999999,70.31));
#6533 = CIRCLE('',#6534,4.);
#6534 = AXIS2_PLACEMENT_3D('',#6535,#6536,#6537);
#6535 = CARTESIAN_POINT('',(-166.1875,180.91499999999,70.31));
#6536 = DIRECTION('',(0.,0.,-1.));
#6537 = DIRECTION('',(-1.,1.802E-14,0.));
#6538 = ORIENTED_EDGE('',*,*,#6539,.T.);
#6539 = EDGE_CURVE('',#6531,#964,#6540,.T.);
#6540 = LINE('',#6541,#6542);
#6541 = CARTESIAN_POINT('',(-162.1875,64.304999999999,70.31));
#6542 = VECTOR('',#6543,1.);
#6543 = DIRECTION('',(0.,-1.,0.));
#6544 = ORIENTED_EDGE('',*,*,#963,.T.);
#6545 = ORIENTED_EDGE('',*,*,#6546,.F.);
#6546 = EDGE_CURVE('',#6547,#956,#6549,.T.);
#6547 = VERTEX_POINT('',#6548);
#6548 = CARTESIAN_POINT('',(-160.6875,180.91499999999,70.31));
#6549 = LINE('',#6550,#6551);
#6550 = CARTESIAN_POINT('',(-160.6875,64.304999999999,70.31));
#6551 = VECTOR('',#6552,1.);
#6552 = DIRECTION('',(0.,-1.,0.));
#6553 = ORIENTED_EDGE('',*,*,#6554,.F.);
#6554 = EDGE_CURVE('',#6555,#6547,#6557,.T.);
#6555 = VERTEX_POINT('',#6556);
#6556 = CARTESIAN_POINT('',(-166.1875,186.41499999999,70.31));
#6557 = CIRCLE('',#6558,5.5);
#6558 = AXIS2_PLACEMENT_3D('',#6559,#6560,#6561);
#6559 = CARTESIAN_POINT('',(-166.1875,180.91499999999,70.31));
#6560 = DIRECTION('',(0.,0.,-1.));
#6561 = DIRECTION('',(-1.,1.802E-14,0.));
#6562 = ORIENTED_EDGE('',*,*,#6563,.F.);
#6563 = EDGE_CURVE('',#6564,#6555,#6566,.T.);
#6564 = VERTEX_POINT('',#6565);
#6565 = CARTESIAN_POINT('',(-249.45,186.415,70.31));
#6566 = LINE('',#6567,#6568);
#6567 = CARTESIAN_POINT('',(-103.9093749999,186.41499999999,70.31));
#6568 = VECTOR('',#6569,1.);
#6569 = DIRECTION('',(1.,-2.075E-14,0.));
#6570 = ORIENTED_EDGE('',*,*,#6571,.T.);
#6571 = EDGE_CURVE('',#6564,#6402,#6572,.T.);
#6572 = CIRCLE('',#6573,5.49999850585);
#6573 = AXIS2_PLACEMENT_3D('',#6574,#6575,#6576);
#6574 = CARTESIAN_POINT('',(-249.4500014941,180.91500149415,70.31));
#6575 = DIRECTION('',(0.,-0.,1.));
#6576 = DIRECTION('',(2.7165462397E-07,1.,0.));
#6577 = PLANE('',#6578);
#6578 = AXIS2_PLACEMENT_3D('',#6579,#6580,#6581);
#6579 = CARTESIAN_POINT('',(0.,0.,70.31));
#6580 = DIRECTION('',(0.,0.,1.));
#6581 = DIRECTION('',(1.,0.,0.));
#6582 = ADVANCED_FACE('',(#6583),#6594,.F.);
#6583 = FACE_BOUND('',#6584,.F.);
#6584 = EDGE_LOOP('',(#6585,#6586,#6587,#6593));
#6585 = ORIENTED_EDGE('',*,*,#816,.T.);
#6586 = ORIENTED_EDGE('',*,*,#6435,.T.);
#6587 = ORIENTED_EDGE('',*,*,#6588,.T.);
#6588 = EDGE_CURVE('',#6427,#873,#6589,.T.);
#6589 = LINE('',#6590,#6591);
#6590 = CARTESIAN_POINT('',(-160.6875,76.304999999999,-60.));
#6591 = VECTOR('',#6592,1.);
#6592 = DIRECTION('',(0.,0.,1.));
#6593 = ORIENTED_EDGE('',*,*,#872,.F.);
#6594 = PLANE('',#6595);
#6595 = AXIS2_PLACEMENT_3D('',#6596,#6597,#6598);
#6596 = CARTESIAN_POINT('',(-160.6875,76.304999999999,-60.));
#6597 = DIRECTION('',(-1.,0.,0.));
#6598 = DIRECTION('',(0.,1.,0.));
#6599 = ADVANCED_FACE('',(#6600),#6611,.T.);
#6600 = FACE_BOUND('',#6601,.T.);
#6601 = EDGE_LOOP('',(#6602,#6608,#6609,#6610));
#6602 = ORIENTED_EDGE('',*,*,#6603,.F.);
#6603 = EDGE_CURVE('',#6419,#923,#6604,.T.);
#6604 = LINE('',#6605,#6606);
#6605 = CARTESIAN_POINT('',(-166.1874999999,70.804999999999,-60.));
#6606 = VECTOR('',#6607,1.);
#6607 = DIRECTION('',(0.,0.,1.));
#6608 = ORIENTED_EDGE('',*,*,#6426,.F.);
#6609 = ORIENTED_EDGE('',*,*,#6588,.T.);
#6610 = ORIENTED_EDGE('',*,*,#931,.T.);
#6611 = CYLINDRICAL_SURFACE('',#6612,5.5);
#6612 = AXIS2_PLACEMENT_3D('',#6613,#6614,#6615);
#6613 = CARTESIAN_POINT('',(-166.1875,76.304999999999,-60.));
#6614 = DIRECTION('',(0.,0.,-1.));
#6615 = DIRECTION('',(0.,1.,0.));
#6616 = ADVANCED_FACE('',(#6617),#6634,.T.);
#6617 = FACE_BOUND('',#6618,.T.);
#6618 = EDGE_LOOP('',(#6619,#6620,#6627,#6633));
#6619 = ORIENTED_EDGE('',*,*,#3733,.F.);
#6620 = ORIENTED_EDGE('',*,*,#6621,.T.);
#6621 = EDGE_CURVE('',#3725,#6622,#6624,.T.);
#6622 = VERTEX_POINT('',#6623);
#6623 = CARTESIAN_POINT('',(-162.1875,180.91499999999,69.81));
#6624 = B_SPLINE_CURVE_WITH_KNOTS('',1,(#6625,#6626),.UNSPECIFIED.,.F.,
  .F.,(2,2),(0.,1.),.PIECEWISE_BEZIER_KNOTS.);
#6625 = CARTESIAN_POINT('',(-162.4875,180.91499999999,69.51));
#6626 = CARTESIAN_POINT('',(-162.1875,180.91499999999,69.81));
#6627 = ORIENTED_EDGE('',*,*,#6628,.T.);
#6628 = EDGE_CURVE('',#6622,#972,#6629,.T.);
#6629 = LINE('',#6630,#6631);
#6630 = CARTESIAN_POINT('',(-162.1875,64.200797118619,69.81));
#6631 = VECTOR('',#6632,1.);
#6632 = DIRECTION('',(0.,-1.,0.));
#6633 = ORIENTED_EDGE('',*,*,#979,.T.);
#6634 = PLANE('',#6635);
#6635 = AXIS2_PLACEMENT_3D('',#6636,#6637,#6638);
#6636 = CARTESIAN_POINT('',(-162.1875,64.200797118619,69.81));
#6637 = DIRECTION('',(0.707106781187,0.,-0.707106781187));
#6638 = DIRECTION('',(0.,1.,0.));
#6639 = ADVANCED_FACE('',(#6640),#6651,.T.);
#6640 = FACE_BOUND('',#6641,.T.);
#6641 = EDGE_LOOP('',(#6642,#6643,#6649,#6650));
#6642 = ORIENTED_EDGE('',*,*,#6628,.F.);
#6643 = ORIENTED_EDGE('',*,*,#6644,.T.);
#6644 = EDGE_CURVE('',#6622,#6531,#6645,.T.);
#6645 = LINE('',#6646,#6647);
#6646 = CARTESIAN_POINT('',(-162.1875,180.91499999999,69.21));
#6647 = VECTOR('',#6648,1.);
#6648 = DIRECTION('',(0.,0.,1.));
#6649 = ORIENTED_EDGE('',*,*,#6539,.T.);
#6650 = ORIENTED_EDGE('',*,*,#971,.T.);
#6651 = PLANE('',#6652);
#6652 = AXIS2_PLACEMENT_3D('',#6653,#6654,#6655);
#6653 = CARTESIAN_POINT('',(-162.1875,180.91499999999,69.21));
#6654 = DIRECTION('',(1.,0.,0.));
#6655 = DIRECTION('',(0.,-1.,0.));
#6656 = ADVANCED_FACE('',(#6657),#6668,.F.);
#6657 = FACE_BOUND('',#6658,.F.);
#6658 = EDGE_LOOP('',(#6659,#6665,#6666,#6667));
#6659 = ORIENTED_EDGE('',*,*,#6660,.F.);
#6660 = EDGE_CURVE('',#6547,#1029,#6661,.T.);
#6661 = LINE('',#6662,#6663);
#6662 = CARTESIAN_POINT('',(-160.6875,180.91499999999,-60.));
#6663 = VECTOR('',#6664,1.);
#6664 = DIRECTION('',(0.,0.,1.));
#6665 = ORIENTED_EDGE('',*,*,#6546,.T.);
#6666 = ORIENTED_EDGE('',*,*,#955,.F.);
#6667 = ORIENTED_EDGE('',*,*,#1037,.F.);
#6668 = PLANE('',#6669);
#6669 = AXIS2_PLACEMENT_3D('',#6670,#6671,#6672);
#6670 = CARTESIAN_POINT('',(-160.6875,76.304999999999,-60.));
#6671 = DIRECTION('',(-1.,0.,0.));
#6672 = DIRECTION('',(0.,1.,0.));
#6673 = ADVANCED_FACE('',(#6674),#6685,.T.);
#6674 = FACE_BOUND('',#6675,.T.);
#6675 = EDGE_LOOP('',(#6676,#6682,#6683,#6684));
#6676 = ORIENTED_EDGE('',*,*,#6677,.T.);
#6677 = EDGE_CURVE('',#1005,#6410,#6678,.T.);
#6678 = LINE('',#6679,#6680);
#6679 = CARTESIAN_POINT('',(-249.4499973853,70.804999999951,71.51));
#6680 = VECTOR('',#6681,1.);
#6681 = DIRECTION('',(0.,0.,-1.));
#6682 = ORIENTED_EDGE('',*,*,#6418,.F.);
#6683 = ORIENTED_EDGE('',*,*,#6603,.T.);
#6684 = ORIENTED_EDGE('',*,*,#1004,.T.);
#6685 = PLANE('',#6686);
#6686 = AXIS2_PLACEMENT_3D('',#6687,#6688,#6689);
#6687 = CARTESIAN_POINT('',(-164.6875,70.805,71.51));
#6688 = DIRECTION('',(5.7348E-13,-1.,0.));
#6689 = DIRECTION('',(-1.,-5.7348E-13,0.));
#6690 = ADVANCED_FACE('',(#6691),#6702,.T.);
#6691 = FACE_BOUND('',#6692,.T.);
#6692 = EDGE_LOOP('',(#6693,#6694,#6695,#6701));
#6693 = ORIENTED_EDGE('',*,*,#6677,.F.);
#6694 = ORIENTED_EDGE('',*,*,#1064,.T.);
#6695 = ORIENTED_EDGE('',*,*,#6696,.T.);
#6696 = EDGE_CURVE('',#1056,#6400,#6697,.T.);
#6697 = LINE('',#6698,#6699);
#6698 = CARTESIAN_POINT('',(-254.95,76.305000000002,71.51));
#6699 = VECTOR('',#6700,1.);
#6700 = DIRECTION('',(0.,0.,-1.));
#6701 = ORIENTED_EDGE('',*,*,#6409,.T.);
#6702 = CYLINDRICAL_SURFACE('',#6703,5.499998505901);
#6703 = AXIS2_PLACEMENT_3D('',#6704,#6705,#6706);
#6704 = CARTESIAN_POINT('',(-249.4500014941,76.30499850585,71.51));
#6705 = DIRECTION('',(0.,0.,-1.));
#6706 = DIRECTION('',(7.4705057279E-07,-1.,0.));
#6707 = ADVANCED_FACE('',(#6708),#6719,.T.);
#6708 = FACE_BOUND('',#6709,.T.);
#6709 = EDGE_LOOP('',(#6710,#6711,#6712,#6718));
#6710 = ORIENTED_EDGE('',*,*,#6660,.F.);
#6711 = ORIENTED_EDGE('',*,*,#6554,.F.);
#6712 = ORIENTED_EDGE('',*,*,#6713,.T.);
#6713 = EDGE_CURVE('',#6555,#1080,#6714,.T.);
#6714 = LINE('',#6715,#6716);
#6715 = CARTESIAN_POINT('',(-166.1875,186.41499999999,-60.));
#6716 = VECTOR('',#6717,1.);
#6717 = DIRECTION('',(0.,0.,1.));
#6718 = ORIENTED_EDGE('',*,*,#1090,.T.);
#6719 = CYLINDRICAL_SURFACE('',#6720,5.5);
#6720 = AXIS2_PLACEMENT_3D('',#6721,#6722,#6723);
#6721 = CARTESIAN_POINT('',(-166.1875,180.91499999999,-60.));
#6722 = DIRECTION('',(0.,0.,-1.));
#6723 = DIRECTION('',(-1.,1.802E-14,0.));
#6724 = ADVANCED_FACE('',(#6725),#6736,.T.);
#6725 = FACE_BOUND('',#6726,.T.);
#6726 = EDGE_LOOP('',(#6727,#6728,#6729,#6735));
#6727 = ORIENTED_EDGE('',*,*,#6696,.F.);
#6728 = ORIENTED_EDGE('',*,*,#1106,.T.);
#6729 = ORIENTED_EDGE('',*,*,#6730,.T.);
#6730 = EDGE_CURVE('',#1107,#6402,#6731,.T.);
#6731 = LINE('',#6732,#6733);
#6732 = CARTESIAN_POINT('',(-254.9499999999,180.91499738523,71.51));
#6733 = VECTOR('',#6734,1.);
#6734 = DIRECTION('',(0.,0.,-1.));
#6735 = ORIENTED_EDGE('',*,*,#6399,.F.);
#6736 = PLANE('',#6737);
#6737 = AXIS2_PLACEMENT_3D('',#6738,#6739,#6740);
#6738 = CARTESIAN_POINT('',(-254.95,76.305000000002,71.51));
#6739 = DIRECTION('',(-1.,4.9108E-13,0.));
#6740 = DIRECTION('',(4.9108E-13,1.,0.));
#6741 = ADVANCED_FACE('',(#6742),#6753,.T.);
#6742 = FACE_BOUND('',#6743,.T.);
#6743 = EDGE_LOOP('',(#6744,#6750,#6751,#6752));
#6744 = ORIENTED_EDGE('',*,*,#6745,.F.);
#6745 = EDGE_CURVE('',#1131,#6564,#6746,.T.);
#6746 = LINE('',#6747,#6748);
#6747 = CARTESIAN_POINT('',(-249.45,186.415,71.51));
#6748 = VECTOR('',#6749,1.);
#6749 = DIRECTION('',(0.,0.,-1.));
#6750 = ORIENTED_EDGE('',*,*,#1139,.T.);
#6751 = ORIENTED_EDGE('',*,*,#6713,.F.);
#6752 = ORIENTED_EDGE('',*,*,#6563,.F.);
#6753 = PLANE('',#6754);
#6754 = AXIS2_PLACEMENT_3D('',#6755,#6756,#6757);
#6755 = CARTESIAN_POINT('',(-249.45,186.415,71.51));
#6756 = DIRECTION('',(2.221E-14,1.,0.));
#6757 = DIRECTION('',(1.,-2.221E-14,0.));
#6758 = ADVANCED_FACE('',(#6759),#6765,.T.);
#6759 = FACE_BOUND('',#6760,.T.);
#6760 = EDGE_LOOP('',(#6761,#6762,#6763,#6764));
#6761 = ORIENTED_EDGE('',*,*,#6730,.F.);
#6762 = ORIENTED_EDGE('',*,*,#1158,.T.);
#6763 = ORIENTED_EDGE('',*,*,#6745,.T.);
#6764 = ORIENTED_EDGE('',*,*,#6571,.T.);
#6765 = CYLINDRICAL_SURFACE('',#6766,5.499998505851);
#6766 = AXIS2_PLACEMENT_3D('',#6767,#6768,#6769);
#6767 = CARTESIAN_POINT('',(-249.4500014941,180.91500149415,71.51));
#6768 = DIRECTION('',(0.,0.,-1.));
#6769 = DIRECTION('',(-1.,-7.4707557099E-07,-0.));
#6770 = ADVANCED_FACE('',(#6771),#6789,.F.);
#6771 = FACE_BOUND('',#6772,.F.);
#6772 = EDGE_LOOP('',(#6773,#6781,#6782,#6783));
#6773 = ORIENTED_EDGE('',*,*,#6774,.F.);
#6774 = EDGE_CURVE('',#3755,#6775,#6777,.T.);
#6775 = VERTEX_POINT('',#6776);
#6776 = CARTESIAN_POINT('',(-234.6467061529,177.99135692831,70.51));
#6777 = LINE('',#6778,#6779);
#6778 = CARTESIAN_POINT('',(-234.6467061529,177.99135692831,69.51));
#6779 = VECTOR('',#6780,1.);
#6780 = DIRECTION('',(0.,0.,1.));
#6781 = ORIENTED_EDGE('',*,*,#3762,.T.);
#6782 = ORIENTED_EDGE('',*,*,#1230,.F.);
#6783 = ORIENTED_EDGE('',*,*,#6784,.F.);
#6784 = EDGE_CURVE('',#6775,#1223,#6785,.T.);
#6785 = LINE('',#6786,#6787);
#6786 = CARTESIAN_POINT('',(-234.6467061529,177.29474419047,70.51));
#6787 = VECTOR('',#6788,1.);
#6788 = DIRECTION('',(0.,-1.,0.));
#6789 = PLANE('',#6790);
#6790 = AXIS2_PLACEMENT_3D('',#6791,#6792,#6793);
#6791 = CARTESIAN_POINT('',(-234.6467061529,177.99135692831,69.51));
#6792 = DIRECTION('',(-1.,0.,0.));
#6793 = DIRECTION('',(0.,-1.,0.));
#6794 = ADVANCED_FACE('',(#6795),#6813,.T.);
#6795 = FACE_BOUND('',#6796,.T.);
#6796 = EDGE_LOOP('',(#6797,#6805,#6806,#6807));
#6797 = ORIENTED_EDGE('',*,*,#6798,.F.);
#6798 = EDGE_CURVE('',#1215,#6799,#6801,.T.);
#6799 = VERTEX_POINT('',#6800);
#6800 = CARTESIAN_POINT('',(-232.1467061529,177.99135692831,70.51));
#6801 = LINE('',#6802,#6803);
#6802 = CARTESIAN_POINT('',(-232.1467061529,177.99135692831,70.51));
#6803 = VECTOR('',#6804,1.);
#6804 = DIRECTION('',(0.,1.,0.));
#6805 = ORIENTED_EDGE('',*,*,#1222,.F.);
#6806 = ORIENTED_EDGE('',*,*,#6784,.F.);
#6807 = ORIENTED_EDGE('',*,*,#6808,.F.);
#6808 = EDGE_CURVE('',#6799,#6775,#6809,.T.);
#6809 = LINE('',#6810,#6811);
#6810 = CARTESIAN_POINT('',(-234.6467061529,177.99135692831,70.51));
#6811 = VECTOR('',#6812,1.);
#6812 = DIRECTION('',(-1.,0.,0.));
#6813 = PLANE('',#6814);
#6814 = AXIS2_PLACEMENT_3D('',#6815,#6816,#6817);
#6815 = CARTESIAN_POINT('',(-233.6467061507,171.44474419047,70.51));
#6816 = DIRECTION('',(0.,0.,-1.));
#6817 = DIRECTION('',(1.,0.,0.));
#6818 = ADVANCED_FACE('',(#6819),#6830,.F.);
#6819 = FACE_BOUND('',#6820,.F.);
#6820 = EDGE_LOOP('',(#6821,#6822,#6823,#6829));
#6821 = ORIENTED_EDGE('',*,*,#1214,.F.);
#6822 = ORIENTED_EDGE('',*,*,#3746,.T.);
#6823 = ORIENTED_EDGE('',*,*,#6824,.T.);
#6824 = EDGE_CURVE('',#3747,#6799,#6825,.T.);
#6825 = LINE('',#6826,#6827);
#6826 = CARTESIAN_POINT('',(-232.1467061529,177.99135692831,69.51));
#6827 = VECTOR('',#6828,1.);
#6828 = DIRECTION('',(0.,0.,1.));
#6829 = ORIENTED_EDGE('',*,*,#6798,.F.);
#6830 = PLANE('',#6831);
#6831 = AXIS2_PLACEMENT_3D('',#6832,#6833,#6834);
#6832 = CARTESIAN_POINT('',(-232.1467061529,177.29474419047,69.51));
#6833 = DIRECTION('',(1.,0.,0.));
#6834 = DIRECTION('',(0.,1.,0.));
#6835 = ADVANCED_FACE('',(#6836),#6854,.F.);
#6836 = FACE_BOUND('',#6837,.F.);
#6837 = EDGE_LOOP('',(#6838,#6846,#6847,#6848));
#6838 = ORIENTED_EDGE('',*,*,#6839,.F.);
#6839 = EDGE_CURVE('',#4750,#6840,#6842,.T.);
#6840 = VERTEX_POINT('',#6841);
#6841 = CARTESIAN_POINT('',(-226.3217061506,174.69474419047,70.51));
#6842 = LINE('',#6843,#6844);
#6843 = CARTESIAN_POINT('',(-226.3217061506,174.69474419047,69.51));
#6844 = VECTOR('',#6845,1.);
#6845 = DIRECTION('',(0.,0.,1.));
#6846 = ORIENTED_EDGE('',*,*,#4757,.T.);
#6847 = ORIENTED_EDGE('',*,*,#1325,.F.);
#6848 = ORIENTED_EDGE('',*,*,#6849,.F.);
#6849 = EDGE_CURVE('',#6840,#1318,#6850,.T.);
#6850 = LINE('',#6851,#6852);
#6851 = CARTESIAN_POINT('',(-227.3967061529,174.69474419047,70.51));
#6852 = VECTOR('',#6853,1.);
#6853 = DIRECTION('',(-1.,0.,0.));
#6854 = PLANE('',#6855);
#6855 = AXIS2_PLACEMENT_3D('',#6856,#6857,#6858);
#6856 = CARTESIAN_POINT('',(-226.3217061506,174.69474419047,69.51));
#6857 = DIRECTION('',(0.,1.,0.));
#6858 = DIRECTION('',(-1.,0.,0.));
#6859 = ADVANCED_FACE('',(#6860),#7030,.T.);
#6860 = FACE_BOUND('',#6861,.T.);
#6861 = EDGE_LOOP('',(#6862,#6863,#6864,#6872,#6880,#6888,#6896,#6904,
    #6912,#6920,#6928,#6936,#6944,#6952,#6960,#6968,#6976,#6984,#6992,
    #7000,#7008,#7016,#7024));
#6862 = ORIENTED_EDGE('',*,*,#1317,.F.);
#6863 = ORIENTED_EDGE('',*,*,#6849,.F.);
#6864 = ORIENTED_EDGE('',*,*,#6865,.F.);
#6865 = EDGE_CURVE('',#6866,#6840,#6868,.T.);
#6866 = VERTEX_POINT('',#6867);
#6867 = CARTESIAN_POINT('',(-226.3217061507,174.24474419094,70.51));
#6868 = LINE('',#6869,#6870);
#6869 = CARTESIAN_POINT('',(-226.3217061506,174.69474419047,70.51));
#6870 = VECTOR('',#6871,1.);
#6871 = DIRECTION('',(1.4937187E-10,1.,0.));
#6872 = ORIENTED_EDGE('',*,*,#6873,.F.);
#6873 = EDGE_CURVE('',#6874,#6866,#6876,.T.);
#6874 = VERTEX_POINT('',#6875);
#6875 = CARTESIAN_POINT('',(-226.2760007791,174.20425064829,70.51));
#6876 = LINE('',#6877,#6878);
#6877 = CARTESIAN_POINT('',(-226.3217061507,174.24474419094,70.51));
#6878 = VECTOR('',#6879,1.);
#6879 = DIRECTION('',(-0.748493542002,0.663142079484,0.));
#6880 = ORIENTED_EDGE('',*,*,#6881,.F.);
#6881 = EDGE_CURVE('',#6882,#6874,#6884,.T.);
#6882 = VERTEX_POINT('',#6883);
#6883 = CARTESIAN_POINT('',(-226.2587992493,174.18502448254,70.51));
#6884 = LINE('',#6885,#6886);
#6885 = CARTESIAN_POINT('',(-226.2760007791,174.20425064829,70.51));
#6886 = VECTOR('',#6887,1.);
#6887 = DIRECTION('',(-0.666777011688,0.745257282208,0.));
#6888 = ORIENTED_EDGE('',*,*,#6889,.F.);
#6889 = EDGE_CURVE('',#6890,#6882,#6892,.T.);
#6890 = VERTEX_POINT('',#6891);
#6891 = CARTESIAN_POINT('',(-226.237473229,174.15687622482,70.51));
#6892 = LINE('',#6893,#6894);
#6893 = CARTESIAN_POINT('',(-226.2587992493,174.18502448254,70.51));
#6894 = VECTOR('',#6895,1.);
#6895 = DIRECTION('',(-0.603886160865,0.797070576998,0.));
#6896 = ORIENTED_EDGE('',*,*,#6897,.F.);
#6897 = EDGE_CURVE('',#6898,#6890,#6900,.T.);
#6898 = VERTEX_POINT('',#6899);
#6899 = CARTESIAN_POINT('',(-226.212064591,174.11397783474,70.51));
#6900 = LINE('',#6901,#6902);
#6901 = CARTESIAN_POINT('',(-226.237473229,174.15687622482,70.51));
#6902 = VECTOR('',#6903,1.);
#6903 = DIRECTION('',(-0.509614894932,0.860402614398,0.));
#6904 = ORIENTED_EDGE('',*,*,#6905,.F.);
#6905 = EDGE_CURVE('',#6906,#6898,#6908,.T.);
#6906 = VERTEX_POINT('',#6907);
#6907 = CARTESIAN_POINT('',(-226.2112959505,174.11244929075,70.51));
#6908 = LINE('',#6909,#6910);
#6909 = CARTESIAN_POINT('',(-226.212064591,174.11397783474,70.51));
#6910 = VECTOR('',#6911,1.);
#6911 = DIRECTION('',(-0.449255093324,0.893403526478,0.));
#6912 = ORIENTED_EDGE('',*,*,#6913,.F.);
#6913 = EDGE_CURVE('',#6914,#6906,#6916,.T.);
#6914 = VERTEX_POINT('',#6915);
#6915 = CARTESIAN_POINT('',(-226.1906314388,174.06236986507,70.51));
#6916 = LINE('',#6917,#6918);
#6917 = CARTESIAN_POINT('',(-226.2112959505,174.11244929075,70.51));
#6918 = VECTOR('',#6919,1.);
#6919 = DIRECTION('',(-0.381437375703,0.924394682166,0.));
#6920 = ORIENTED_EDGE('',*,*,#6921,.F.);
#6921 = EDGE_CURVE('',#6922,#6914,#6924,.T.);
#6922 = VERTEX_POINT('',#6923);
#6923 = CARTESIAN_POINT('',(-226.1817377754,174.03090153698,70.51));
#6924 = LINE('',#6925,#6926);
#6925 = CARTESIAN_POINT('',(-226.1906314388,174.06236986507,70.51));
#6926 = VECTOR('',#6927,1.);
#6927 = DIRECTION('',(-0.271969472793,0.962305879577,0.));
#6928 = ORIENTED_EDGE('',*,*,#6929,.F.);
#6929 = EDGE_CURVE('',#6930,#6922,#6932,.T.);
#6930 = VERTEX_POINT('',#6931);
#6931 = CARTESIAN_POINT('',(-226.1765310368,174.00470571833,70.51));
#6932 = LINE('',#6933,#6934);
#6933 = CARTESIAN_POINT('',(-226.1817377754,174.03090153698,70.51));
#6934 = VECTOR('',#6935,1.);
#6935 = DIRECTION('',(-0.194948639896,0.980813452091,0.));
#6936 = ORIENTED_EDGE('',*,*,#6937,.F.);
#6937 = EDGE_CURVE('',#6938,#6930,#6940,.T.);
#6938 = VERTEX_POINT('',#6939);
#6939 = CARTESIAN_POINT('',(-226.1717061461,173.94474419095,70.51));
#6940 = LINE('',#6941,#6942);
#6941 = CARTESIAN_POINT('',(-226.1765310368,174.00470571833,70.51));
#6942 = VECTOR('',#6943,1.);
#6943 = DIRECTION('',(-8.02071952169E-02,0.996778212962,0.));
#6944 = ORIENTED_EDGE('',*,*,#6945,.F.);
#6945 = EDGE_CURVE('',#6946,#6938,#6948,.T.);
#6946 = VERTEX_POINT('',#6947);
#6947 = CARTESIAN_POINT('',(-226.1765310368,173.8847826626,70.51));
#6948 = LINE('',#6949,#6950);
#6949 = CARTESIAN_POINT('',(-226.1717061461,173.94474419095,70.51));
#6950 = VECTOR('',#6951,1.);
#6951 = DIRECTION('',(8.020719393908E-02,0.996778213065,0.));
#6952 = ORIENTED_EDGE('',*,*,#6953,.F.);
#6953 = EDGE_CURVE('',#6954,#6946,#6956,.T.);
#6954 = VERTEX_POINT('',#6955);
#6955 = CARTESIAN_POINT('',(-226.1817377751,173.85858684489,70.51));
#6956 = LINE('',#6957,#6958);
#6957 = CARTESIAN_POINT('',(-226.1765310368,173.8847826626,70.51));
#6958 = VECTOR('',#6959,1.);
#6959 = DIRECTION('',(0.194948638639,0.980813452341,0.));
#6960 = ORIENTED_EDGE('',*,*,#6961,.F.);
#6961 = EDGE_CURVE('',#6962,#6954,#6964,.T.);
#6962 = VERTEX_POINT('',#6963);
#6963 = CARTESIAN_POINT('',(-226.1906314388,173.82711851587,70.51));
#6964 = LINE('',#6965,#6966);
#6965 = CARTESIAN_POINT('',(-226.1817377751,173.85858684489,70.51));
#6966 = VECTOR('',#6967,1.);
#6967 = DIRECTION('',(0.27196947156,0.962305879926,0.));
#6968 = ORIENTED_EDGE('',*,*,#6969,.F.);
#6969 = EDGE_CURVE('',#6970,#6962,#6972,.T.);
#6970 = VERTEX_POINT('',#6971);
#6971 = CARTESIAN_POINT('',(-226.21129595,173.77703909104,70.51));
#6972 = LINE('',#6973,#6974);
#6973 = CARTESIAN_POINT('',(-226.1906314388,173.82711851587,70.51));
#6974 = VECTOR('',#6975,1.);
#6975 = DIRECTION('',(0.381437374518,0.924394682655,0.));
#6976 = ORIENTED_EDGE('',*,*,#6977,.F.);
#6977 = EDGE_CURVE('',#6978,#6970,#6980,.T.);
#6978 = VERTEX_POINT('',#6979);
#6979 = CARTESIAN_POINT('',(-226.212064591,173.77551054619,70.51));
#6980 = LINE('',#6981,#6982);
#6981 = CARTESIAN_POINT('',(-226.21129595,173.77703909104,70.51));
#6982 = VECTOR('',#6983,1.);
#6983 = DIRECTION('',(0.449255092177,0.893403527054,0.));
#6984 = ORIENTED_EDGE('',*,*,#6985,.F.);
#6985 = EDGE_CURVE('',#6986,#6978,#6988,.T.);
#6986 = VERTEX_POINT('',#6987);
#6987 = CARTESIAN_POINT('',(-226.237473229,173.73261215611,70.51));
#6988 = LINE('',#6989,#6990);
#6989 = CARTESIAN_POINT('',(-226.212064591,173.77551054619,70.51));
#6990 = VECTOR('',#6991,1.);
#6991 = DIRECTION('',(0.509614894928,0.8604026144,0.));
#6992 = ORIENTED_EDGE('',*,*,#6993,.F.);
#6993 = EDGE_CURVE('',#6994,#6986,#6996,.T.);
#6994 = VERTEX_POINT('',#6995);
#6995 = CARTESIAN_POINT('',(-226.2587992487,173.70446389913,70.51));
#6996 = LINE('',#6997,#6998);
#6997 = CARTESIAN_POINT('',(-226.237473229,173.73261215611,70.51));
#6998 = VECTOR('',#6999,1.);
#6999 = DIRECTION('',(0.603886159851,0.797070577766,0.));
#7000 = ORIENTED_EDGE('',*,*,#7001,.F.);
#7001 = EDGE_CURVE('',#7002,#6994,#7004,.T.);
#7002 = VERTEX_POINT('',#7003);
#7003 = CARTESIAN_POINT('',(-226.276000779,173.68523773264,70.51));
#7004 = LINE('',#7005,#7006);
#7005 = CARTESIAN_POINT('',(-226.2587992487,173.70446389913,70.51));
#7006 = VECTOR('',#7007,1.);
#7007 = DIRECTION('',(0.666777009545,0.745257284126,0.));
#7008 = ORIENTED_EDGE('',*,*,#7009,.F.);
#7009 = EDGE_CURVE('',#7010,#7002,#7012,.T.);
#7010 = VERTEX_POINT('',#7011);
#7011 = CARTESIAN_POINT('',(-226.3217061491,173.64474418952,70.51));
#7012 = LINE('',#7013,#7014);
#7013 = CARTESIAN_POINT('',(-226.276000779,173.68523773264,70.51));
#7014 = VECTOR('',#7015,1.);
#7015 = DIRECTION('',(0.74849352727,0.663142096111,0.));
#7016 = ORIENTED_EDGE('',*,*,#7017,.F.);
#7017 = EDGE_CURVE('',#7018,#7010,#7020,.T.);
#7018 = VERTEX_POINT('',#7019);
#7019 = CARTESIAN_POINT('',(-226.3217061506,173.19474419047,70.51));
#7020 = LINE('',#7021,#7022);
#7021 = CARTESIAN_POINT('',(-226.3217061491,173.64474418952,70.51));
#7022 = VECTOR('',#7023,1.);
#7023 = DIRECTION('',(3.31886618E-09,1.,0.));
#7024 = ORIENTED_EDGE('',*,*,#7025,.F.);
#7025 = EDGE_CURVE('',#1310,#7018,#7026,.T.);
#7026 = LINE('',#7027,#7028);
#7027 = CARTESIAN_POINT('',(-226.3217061506,173.19474419047,70.51));
#7028 = VECTOR('',#7029,1.);
#7029 = DIRECTION('',(1.,-3.305E-14,0.));
#7030 = PLANE('',#7031);
#7031 = AXIS2_PLACEMENT_3D('',#7032,#7033,#7034);
#7032 = CARTESIAN_POINT('',(-233.6467061507,171.44474419047,70.51));
#7033 = DIRECTION('',(0.,0.,-1.));
#7034 = DIRECTION('',(1.,0.,0.));
#7035 = ADVANCED_FACE('',(#7036),#7047,.F.);
#7036 = FACE_BOUND('',#7037,.F.);
#7037 = EDGE_LOOP('',(#7038,#7039,#7040,#7046));
#7038 = ORIENTED_EDGE('',*,*,#1309,.F.);
#7039 = ORIENTED_EDGE('',*,*,#4589,.T.);
#7040 = ORIENTED_EDGE('',*,*,#7041,.T.);
#7041 = EDGE_CURVE('',#4590,#7018,#7042,.T.);
#7042 = LINE('',#7043,#7044);
#7043 = CARTESIAN_POINT('',(-226.3217061506,173.19474419047,69.51));
#7044 = VECTOR('',#7045,1.);
#7045 = DIRECTION('',(0.,0.,1.));
#7046 = ORIENTED_EDGE('',*,*,#7025,.F.);
#7047 = PLANE('',#7048);
#7048 = AXIS2_PLACEMENT_3D('',#7049,#7050,#7051);
#7049 = CARTESIAN_POINT('',(-227.3967061531,173.19474419047,69.51));
#7050 = DIRECTION('',(-3.305E-14,-1.,0.));
#7051 = DIRECTION('',(1.,-3.305E-14,0.));
#7052 = ADVANCED_FACE('',(#7053),#7071,.F.);
#7053 = FACE_BOUND('',#7054,.F.);
#7054 = EDGE_LOOP('',(#7055,#7063,#7064,#7065));
#7055 = ORIENTED_EDGE('',*,*,#7056,.F.);
#7056 = EDGE_CURVE('',#4575,#7057,#7059,.T.);
#7057 = VERTEX_POINT('',#7058);
#7058 = CARTESIAN_POINT('',(-226.3217061506,169.69474419047,70.51));
#7059 = LINE('',#7060,#7061);
#7060 = CARTESIAN_POINT('',(-226.3217061506,169.69474419047,69.51));
#7061 = VECTOR('',#7062,1.);
#7062 = DIRECTION('',(0.,0.,1.));
#7063 = ORIENTED_EDGE('',*,*,#4582,.T.);
#7064 = ORIENTED_EDGE('',*,*,#1293,.F.);
#7065 = ORIENTED_EDGE('',*,*,#7066,.F.);
#7066 = EDGE_CURVE('',#7057,#1286,#7067,.T.);
#7067 = LINE('',#7068,#7069);
#7068 = CARTESIAN_POINT('',(-227.3967061529,169.69474419047,70.51));
#7069 = VECTOR('',#7070,1.);
#7070 = DIRECTION('',(-1.,0.,0.));
#7071 = PLANE('',#7072);
#7072 = AXIS2_PLACEMENT_3D('',#7073,#7074,#7075);
#7073 = CARTESIAN_POINT('',(-226.3217061506,169.69474419047,69.51));
#7074 = DIRECTION('',(0.,1.,0.));
#7075 = DIRECTION('',(-1.,0.,0.));
#7076 = ADVANCED_FACE('',(#7077),#7247,.T.);
#7077 = FACE_BOUND('',#7078,.T.);
#7078 = EDGE_LOOP('',(#7079,#7080,#7081,#7089,#7097,#7105,#7113,#7121,
    #7129,#7137,#7145,#7153,#7161,#7169,#7177,#7185,#7193,#7201,#7209,
    #7217,#7225,#7233,#7241));
#7079 = ORIENTED_EDGE('',*,*,#1285,.F.);
#7080 = ORIENTED_EDGE('',*,*,#7066,.F.);
#7081 = ORIENTED_EDGE('',*,*,#7082,.F.);
#7082 = EDGE_CURVE('',#7083,#7057,#7085,.T.);
#7083 = VERTEX_POINT('',#7084);
#7084 = CARTESIAN_POINT('',(-226.3217061507,169.24474419094,70.51));
#7085 = LINE('',#7086,#7087);
#7086 = CARTESIAN_POINT('',(-226.3217061506,169.69474419047,70.51));
#7087 = VECTOR('',#7088,1.);
#7088 = DIRECTION('',(1.4937187E-10,1.,0.));
#7089 = ORIENTED_EDGE('',*,*,#7090,.F.);
#7090 = EDGE_CURVE('',#7091,#7083,#7093,.T.);
#7091 = VERTEX_POINT('',#7092);
#7092 = CARTESIAN_POINT('',(-226.2760007791,169.20425064829,70.51));
#7093 = LINE('',#7094,#7095);
#7094 = CARTESIAN_POINT('',(-226.3217061507,169.24474419094,70.51));
#7095 = VECTOR('',#7096,1.);
#7096 = DIRECTION('',(-0.748493541996,0.66314207949,0.));
#7097 = ORIENTED_EDGE('',*,*,#7098,.F.);
#7098 = EDGE_CURVE('',#7099,#7091,#7101,.T.);
#7099 = VERTEX_POINT('',#7100);
#7100 = CARTESIAN_POINT('',(-226.2587992492,169.18502448245,70.51));
#7101 = LINE('',#7102,#7103);
#7102 = CARTESIAN_POINT('',(-226.2760007791,169.20425064829,70.51));
#7103 = VECTOR('',#7104,1.);
#7104 = DIRECTION('',(-0.666777011581,0.745257282304,0.));
#7105 = ORIENTED_EDGE('',*,*,#7106,.F.);
#7106 = EDGE_CURVE('',#7107,#7099,#7109,.T.);
#7107 = VERTEX_POINT('',#7108);
#7108 = CARTESIAN_POINT('',(-226.237473229,169.15687622482,70.51));
#7109 = LINE('',#7110,#7111);
#7110 = CARTESIAN_POINT('',(-226.2587992492,169.18502448245,70.51));
#7111 = VECTOR('',#7112,1.);
#7112 = DIRECTION('',(-0.603886160742,0.797070577091,0.));
#7113 = ORIENTED_EDGE('',*,*,#7114,.F.);
#7114 = EDGE_CURVE('',#7115,#7107,#7117,.T.);
#7115 = VERTEX_POINT('',#7116);
#7116 = CARTESIAN_POINT('',(-226.212064591,169.11397783474,70.51));
#7117 = LINE('',#7118,#7119);
#7118 = CARTESIAN_POINT('',(-226.237473229,169.15687622482,70.51));
#7119 = VECTOR('',#7120,1.);
#7120 = DIRECTION('',(-0.50961489493,0.860402614399,0.));
#7121 = ORIENTED_EDGE('',*,*,#7122,.F.);
#7122 = EDGE_CURVE('',#7123,#7115,#7125,.T.);
#7123 = VERTEX_POINT('',#7124);
#7124 = CARTESIAN_POINT('',(-226.2112959504,169.11244929054,70.51));
#7125 = LINE('',#7126,#7127);
#7126 = CARTESIAN_POINT('',(-226.212064591,169.11397783474,70.51));
#7127 = VECTOR('',#7128,1.);
#7128 = DIRECTION('',(-0.449255093045,0.893403526618,0.));
#7129 = ORIENTED_EDGE('',*,*,#7130,.F.);
#7130 = EDGE_CURVE('',#7131,#7123,#7133,.T.);
#7131 = VERTEX_POINT('',#7132);
#7132 = CARTESIAN_POINT('',(-226.1906314388,169.06236986507,70.51));
#7133 = LINE('',#7134,#7135);
#7134 = CARTESIAN_POINT('',(-226.2112959504,169.11244929054,70.51));
#7135 = VECTOR('',#7136,1.);
#7136 = DIRECTION('',(-0.381437375407,0.924394682288,0.));
#7137 = ORIENTED_EDGE('',*,*,#7138,.F.);
#7138 = EDGE_CURVE('',#7139,#7131,#7141,.T.);
#7139 = VERTEX_POINT('',#7140);
#7140 = CARTESIAN_POINT('',(-226.1817377753,169.03090153663,70.51));
#7141 = LINE('',#7142,#7143);
#7142 = CARTESIAN_POINT('',(-226.1906314388,169.06236986507,70.51));
#7143 = VECTOR('',#7144,1.);
#7144 = DIRECTION('',(-0.271969472331,0.962305879708,0.));
#7145 = ORIENTED_EDGE('',*,*,#7146,.F.);
#7146 = EDGE_CURVE('',#7147,#7139,#7149,.T.);
#7147 = VERTEX_POINT('',#7148);
#7148 = CARTESIAN_POINT('',(-226.1765310368,169.00470571833,70.51));
#7149 = LINE('',#7150,#7151);
#7150 = CARTESIAN_POINT('',(-226.1817377753,169.03090153663,70.51));
#7151 = VECTOR('',#7152,1.);
#7152 = DIRECTION('',(-0.194948639424,0.980813452185,0.));
#7153 = ORIENTED_EDGE('',*,*,#7154,.F.);
#7154 = EDGE_CURVE('',#7155,#7147,#7157,.T.);
#7155 = VERTEX_POINT('',#7156);
#7156 = CARTESIAN_POINT('',(-226.1717061461,168.94474419047,70.51));
#7157 = LINE('',#7158,#7159);
#7158 = CARTESIAN_POINT('',(-226.1765310368,169.00470571833,70.51));
#7159 = VECTOR('',#7160,1.);
#7160 = DIRECTION('',(-8.020719457826E-02,0.996778213013,0.));
#7161 = ORIENTED_EDGE('',*,*,#7162,.F.);
#7162 = EDGE_CURVE('',#7163,#7155,#7165,.T.);
#7163 = VERTEX_POINT('',#7164);
#7164 = CARTESIAN_POINT('',(-226.1765310368,168.8847826626,70.51));
#7165 = LINE('',#7166,#7167);
#7166 = CARTESIAN_POINT('',(-226.1717061461,168.94474419047,70.51));
#7167 = VECTOR('',#7168,1.);
#7168 = DIRECTION('',(8.020719457772E-02,0.996778213013,0.));
#7169 = ORIENTED_EDGE('',*,*,#7170,.F.);
#7170 = EDGE_CURVE('',#7171,#7163,#7173,.T.);
#7171 = VERTEX_POINT('',#7172);
#7172 = CARTESIAN_POINT('',(-226.1817377753,168.8585868443,70.51));
#7173 = LINE('',#7174,#7175);
#7174 = CARTESIAN_POINT('',(-226.1765310368,168.8847826626,70.51));
#7175 = VECTOR('',#7176,1.);
#7176 = DIRECTION('',(0.194948639426,0.980813452184,0.));
#7177 = ORIENTED_EDGE('',*,*,#7178,.F.);
#7178 = EDGE_CURVE('',#7179,#7171,#7181,.T.);
#7179 = VERTEX_POINT('',#7180);
#7180 = CARTESIAN_POINT('',(-226.1906314388,168.82711851587,70.51));
#7181 = LINE('',#7182,#7183);
#7182 = CARTESIAN_POINT('',(-226.1817377753,168.8585868443,70.51));
#7183 = VECTOR('',#7184,1.);
#7184 = DIRECTION('',(0.271969472329,0.962305879708,0.));
#7185 = ORIENTED_EDGE('',*,*,#7186,.F.);
#7186 = EDGE_CURVE('',#7187,#7179,#7189,.T.);
#7187 = VERTEX_POINT('',#7188);
#7188 = CARTESIAN_POINT('',(-226.2112959504,168.77703909039,70.51));
#7189 = LINE('',#7190,#7191);
#7190 = CARTESIAN_POINT('',(-226.1906314388,168.82711851587,70.51));
#7191 = VECTOR('',#7192,1.);
#7192 = DIRECTION('',(0.381437375407,0.924394682288,0.));
#7193 = ORIENTED_EDGE('',*,*,#7194,.F.);
#7194 = EDGE_CURVE('',#7195,#7187,#7197,.T.);
#7195 = VERTEX_POINT('',#7196);
#7196 = CARTESIAN_POINT('',(-226.212064591,168.77551054619,70.51));
#7197 = LINE('',#7198,#7199);
#7198 = CARTESIAN_POINT('',(-226.2112959504,168.77703909039,70.51));
#7199 = VECTOR('',#7200,1.);
#7200 = DIRECTION('',(0.449255093045,0.893403526618,0.));
#7201 = ORIENTED_EDGE('',*,*,#7202,.F.);
#7202 = EDGE_CURVE('',#7203,#7195,#7205,.T.);
#7203 = VERTEX_POINT('',#7204);
#7204 = CARTESIAN_POINT('',(-226.237473229,168.73261215611,70.51));
#7205 = LINE('',#7206,#7207);
#7206 = CARTESIAN_POINT('',(-226.212064591,168.77551054619,70.51));
#7207 = VECTOR('',#7208,1.);
#7208 = DIRECTION('',(0.50961489493,0.860402614399,0.));
#7209 = ORIENTED_EDGE('',*,*,#7210,.F.);
#7210 = EDGE_CURVE('',#7211,#7203,#7213,.T.);
#7211 = VERTEX_POINT('',#7212);
#7212 = CARTESIAN_POINT('',(-226.2587992492,168.70446389848,70.51));
#7213 = LINE('',#7214,#7215);
#7214 = CARTESIAN_POINT('',(-226.237473229,168.73261215611,70.51));
#7215 = VECTOR('',#7216,1.);
#7216 = DIRECTION('',(0.603886160742,0.797070577091,0.));
#7217 = ORIENTED_EDGE('',*,*,#7218,.F.);
#7218 = EDGE_CURVE('',#7219,#7211,#7221,.T.);
#7219 = VERTEX_POINT('',#7220);
#7220 = CARTESIAN_POINT('',(-226.2760007794,168.68523773234,70.51));
#7221 = LINE('',#7222,#7223);
#7222 = CARTESIAN_POINT('',(-226.2587992492,168.70446389848,70.51));
#7223 = VECTOR('',#7224,1.);
#7224 = DIRECTION('',(0.666777012022,0.745257281909,0.));
#7225 = ORIENTED_EDGE('',*,*,#7226,.F.);
#7226 = EDGE_CURVE('',#7227,#7219,#7229,.T.);
#7227 = VERTEX_POINT('',#7228);
#7228 = CARTESIAN_POINT('',(-226.3217061507,168.64474418999,70.51));
#7229 = LINE('',#7230,#7231);
#7230 = CARTESIAN_POINT('',(-226.2760007794,168.68523773234,70.51));
#7231 = VECTOR('',#7232,1.);
#7232 = DIRECTION('',(0.748493542362,0.663142079077,0.));
#7233 = ORIENTED_EDGE('',*,*,#7234,.F.);
#7234 = EDGE_CURVE('',#7235,#7227,#7237,.T.);
#7235 = VERTEX_POINT('',#7236);
#7236 = CARTESIAN_POINT('',(-226.3217061506,168.19474419047,70.51));
#7237 = LINE('',#7238,#7239);
#7238 = CARTESIAN_POINT('',(-226.3217061507,168.64474418999,70.51));
#7239 = VECTOR('',#7240,1.);
#7240 = DIRECTION('',(-1.4937187E-10,1.,0.));
#7241 = ORIENTED_EDGE('',*,*,#7242,.F.);
#7242 = EDGE_CURVE('',#1278,#7235,#7243,.T.);
#7243 = LINE('',#7244,#7245);
#7244 = CARTESIAN_POINT('',(-226.3217061506,168.19474419047,70.51));
#7245 = VECTOR('',#7246,1.);
#7246 = DIRECTION('',(1.,0.,0.));
#7247 = PLANE('',#7248);
#7248 = AXIS2_PLACEMENT_3D('',#7249,#7250,#7251);
#7249 = CARTESIAN_POINT('',(-233.6467061507,171.44474419047,70.51));
#7250 = DIRECTION('',(0.,0.,-1.));
#7251 = DIRECTION('',(1.,0.,0.));
#7252 = ADVANCED_FACE('',(#7253),#7264,.F.);
#7253 = FACE_BOUND('',#7254,.F.);
#7254 = EDGE_LOOP('',(#7255,#7256,#7257,#7263));
#7255 = ORIENTED_EDGE('',*,*,#1277,.F.);
#7256 = ORIENTED_EDGE('',*,*,#4414,.T.);
#7257 = ORIENTED_EDGE('',*,*,#7258,.T.);
#7258 = EDGE_CURVE('',#4415,#7235,#7259,.T.);
#7259 = LINE('',#7260,#7261);
#7260 = CARTESIAN_POINT('',(-226.3217061506,168.19474419047,69.51));
#7261 = VECTOR('',#7262,1.);
#7262 = DIRECTION('',(0.,0.,1.));
#7263 = ORIENTED_EDGE('',*,*,#7242,.F.);
#7264 = PLANE('',#7265);
#7265 = AXIS2_PLACEMENT_3D('',#7266,#7267,#7268);
#7266 = CARTESIAN_POINT('',(-227.3967061529,168.19474419047,69.51));
#7267 = DIRECTION('',(0.,-1.,0.));
#7268 = DIRECTION('',(1.,0.,0.));
#7269 = ADVANCED_FACE('',(#7270),#7288,.F.);
#7270 = FACE_BOUND('',#7271,.F.);
#7271 = EDGE_LOOP('',(#7272,#7273,#7274,#7282));
#7272 = ORIENTED_EDGE('',*,*,#1374,.T.);
#7273 = ORIENTED_EDGE('',*,*,#4390,.T.);
#7274 = ORIENTED_EDGE('',*,*,#7275,.T.);
#7275 = EDGE_CURVE('',#4391,#7276,#7278,.T.);
#7276 = VERTEX_POINT('',#7277);
#7277 = CARTESIAN_POINT('',(-234.6467061529,164.89813145262,70.51));
#7278 = LINE('',#7279,#7280);
#7279 = CARTESIAN_POINT('',(-234.6467061529,164.89813145262,69.51));
#7280 = VECTOR('',#7281,1.);
#7281 = DIRECTION('',(0.,0.,1.));
#7282 = ORIENTED_EDGE('',*,*,#7283,.F.);
#7283 = EDGE_CURVE('',#1367,#7276,#7284,.T.);
#7284 = LINE('',#7285,#7286);
#7285 = CARTESIAN_POINT('',(-234.6467061529,164.89813145262,70.51));
#7286 = VECTOR('',#7287,1.);
#7287 = DIRECTION('',(0.,-1.,0.));
#7288 = PLANE('',#7289);
#7289 = AXIS2_PLACEMENT_3D('',#7290,#7291,#7292);
#7290 = CARTESIAN_POINT('',(-234.6467061529,165.59474419047,69.51));
#7291 = DIRECTION('',(-1.,0.,0.));
#7292 = DIRECTION('',(0.,-1.,0.));
#7293 = ADVANCED_FACE('',(#7294),#7312,.T.);
#7294 = FACE_BOUND('',#7295,.T.);
#7295 = EDGE_LOOP('',(#7296,#7297,#7305,#7311));
#7296 = ORIENTED_EDGE('',*,*,#1366,.T.);
#7297 = ORIENTED_EDGE('',*,*,#7298,.F.);
#7298 = EDGE_CURVE('',#7299,#1359,#7301,.T.);
#7299 = VERTEX_POINT('',#7300);
#7300 = CARTESIAN_POINT('',(-232.1467061529,164.89813145262,70.51));
#7301 = LINE('',#7302,#7303);
#7302 = CARTESIAN_POINT('',(-232.1467061529,165.59474419047,70.51));
#7303 = VECTOR('',#7304,1.);
#7304 = DIRECTION('',(0.,1.,0.));
#7305 = ORIENTED_EDGE('',*,*,#7306,.F.);
#7306 = EDGE_CURVE('',#7276,#7299,#7307,.T.);
#7307 = LINE('',#7308,#7309);
#7308 = CARTESIAN_POINT('',(-232.1467061529,164.89813145262,70.51));
#7309 = VECTOR('',#7310,1.);
#7310 = DIRECTION('',(1.,0.,0.));
#7311 = ORIENTED_EDGE('',*,*,#7283,.F.);
#7312 = PLANE('',#7313);
#7313 = AXIS2_PLACEMENT_3D('',#7314,#7315,#7316);
#7314 = CARTESIAN_POINT('',(-233.6467061507,171.44474419047,70.51));
#7315 = DIRECTION('',(0.,0.,-1.));
#7316 = DIRECTION('',(1.,0.,0.));
#7317 = ADVANCED_FACE('',(#7318),#7329,.F.);
#7318 = FACE_BOUND('',#7319,.F.);
#7319 = EDGE_LOOP('',(#7320,#7326,#7327,#7328));
#7320 = ORIENTED_EDGE('',*,*,#7321,.F.);
#7321 = EDGE_CURVE('',#4399,#7299,#7322,.T.);
#7322 = LINE('',#7323,#7324);
#7323 = CARTESIAN_POINT('',(-232.1467061529,164.89813145262,69.51));
#7324 = VECTOR('',#7325,1.);
#7325 = DIRECTION('',(0.,0.,1.));
#7326 = ORIENTED_EDGE('',*,*,#4406,.T.);
#7327 = ORIENTED_EDGE('',*,*,#1358,.T.);
#7328 = ORIENTED_EDGE('',*,*,#7298,.F.);
#7329 = PLANE('',#7330);
#7330 = AXIS2_PLACEMENT_3D('',#7331,#7332,#7333);
#7331 = CARTESIAN_POINT('',(-232.1467061529,164.89813145262,69.51));
#7332 = DIRECTION('',(1.,0.,0.));
#7333 = DIRECTION('',(0.,1.,0.));
#7334 = ADVANCED_FACE('',(#7335),#7353,.F.);
#7335 = FACE_BOUND('',#7336,.F.);
#7336 = EDGE_LOOP('',(#7337,#7338,#7339,#7347));
#7337 = ORIENTED_EDGE('',*,*,#1558,.T.);
#7338 = ORIENTED_EDGE('',*,*,#3770,.T.);
#7339 = ORIENTED_EDGE('',*,*,#7340,.T.);
#7340 = EDGE_CURVE('',#3771,#7341,#7343,.T.);
#7341 = VERTEX_POINT('',#7342);
#7342 = CARTESIAN_POINT('',(-239.9967061529,176.04474419047,70.51));
#7343 = LINE('',#7344,#7345);
#7344 = CARTESIAN_POINT('',(-239.9967061529,176.04474419047,69.51));
#7345 = VECTOR('',#7346,1.);
#7346 = DIRECTION('',(0.,0.,1.));
#7347 = ORIENTED_EDGE('',*,*,#7348,.F.);
#7348 = EDGE_CURVE('',#1551,#7341,#7349,.T.);
#7349 = LINE('',#7350,#7351);
#7350 = CARTESIAN_POINT('',(-239.9967061529,176.04474419047,70.51));
#7351 = VECTOR('',#7352,1.);
#7352 = DIRECTION('',(-1.,0.,0.));
#7353 = PLANE('',#7354);
#7354 = AXIS2_PLACEMENT_3D('',#7355,#7356,#7357);
#7355 = CARTESIAN_POINT('',(-239.3967061529,176.04474419047,69.51));
#7356 = DIRECTION('',(0.,1.,0.));
#7357 = DIRECTION('',(-1.,0.,0.));
#7358 = ADVANCED_FACE('',(#7359),#7385,.T.);
#7359 = FACE_BOUND('',#7360,.T.);
#7360 = EDGE_LOOP('',(#7361,#7362,#7363,#7371,#7379));
#7361 = ORIENTED_EDGE('',*,*,#7348,.F.);
#7362 = ORIENTED_EDGE('',*,*,#1550,.T.);
#7363 = ORIENTED_EDGE('',*,*,#7364,.F.);
#7364 = EDGE_CURVE('',#7365,#1543,#7367,.T.);
#7365 = VERTEX_POINT('',#7366);
#7366 = CARTESIAN_POINT('',(-239.9098183524,175.40800051346,70.51));
#7367 = LINE('',#7368,#7369);
#7368 = CARTESIAN_POINT('',(-239.8326008937,175.3586276878,70.51));
#7369 = VECTOR('',#7370,1.);
#7370 = DIRECTION('',(0.8425009227,-0.538694899966,0.));
#7371 = ORIENTED_EDGE('',*,*,#7372,.F.);
#7372 = EDGE_CURVE('',#7373,#7365,#7375,.T.);
#7373 = VERTEX_POINT('',#7374);
#7374 = CARTESIAN_POINT('',(-239.9967061529,175.43716765188,70.51));
#7375 = LINE('',#7376,#7377);
#7376 = CARTESIAN_POINT('',(-239.9098183524,175.40800051346,70.51));
#7377 = VECTOR('',#7378,1.);
#7378 = DIRECTION('',(0.94801167176,-0.318235557735,0.));
#7379 = ORIENTED_EDGE('',*,*,#7380,.F.);
#7380 = EDGE_CURVE('',#7341,#7373,#7381,.T.);
#7381 = LINE('',#7382,#7383);
#7382 = CARTESIAN_POINT('',(-239.9967061529,175.43716765188,70.51));
#7383 = VECTOR('',#7384,1.);
#7384 = DIRECTION('',(0.,-1.,0.));
#7385 = PLANE('',#7386);
#7386 = AXIS2_PLACEMENT_3D('',#7387,#7388,#7389);
#7387 = CARTESIAN_POINT('',(-233.6467061507,171.44474419047,70.51));
#7388 = DIRECTION('',(0.,0.,-1.));
#7389 = DIRECTION('',(1.,0.,0.));
#7390 = ADVANCED_FACE('',(#7391),#7402,.F.);
#7391 = FACE_BOUND('',#7392,.F.);
#7392 = EDGE_LOOP('',(#7393,#7399,#7400,#7401));
#7393 = ORIENTED_EDGE('',*,*,#7394,.F.);
#7394 = EDGE_CURVE('',#3787,#7365,#7395,.T.);
#7395 = LINE('',#7396,#7397);
#7396 = CARTESIAN_POINT('',(-239.9098183524,175.40800051346,69.51));
#7397 = VECTOR('',#7398,1.);
#7398 = DIRECTION('',(0.,0.,1.));
#7399 = ORIENTED_EDGE('',*,*,#3794,.T.);
#7400 = ORIENTED_EDGE('',*,*,#1542,.T.);
#7401 = ORIENTED_EDGE('',*,*,#7364,.F.);
#7402 = PLANE('',#7403);
#7403 = AXIS2_PLACEMENT_3D('',#7404,#7405,#7406);
#7404 = CARTESIAN_POINT('',(-239.9098183524,175.40800051346,69.51));
#7405 = DIRECTION('',(-0.538694899966,-0.8425009227,0.));
#7406 = DIRECTION('',(0.8425009227,-0.538694899966,0.));
#7407 = ADVANCED_FACE('',(#7408),#7426,.F.);
#7408 = FACE_BOUND('',#7409,.F.);
#7409 = EDGE_LOOP('',(#7410,#7411,#7412,#7420));
#7410 = ORIENTED_EDGE('',*,*,#1526,.T.);
#7411 = ORIENTED_EDGE('',*,*,#3801,.T.);
#7412 = ORIENTED_EDGE('',*,*,#7413,.T.);
#7413 = EDGE_CURVE('',#3802,#7414,#7416,.T.);
#7414 = VERTEX_POINT('',#7415);
#7415 = CARTESIAN_POINT('',(-239.9807404147,174.70594447292,70.51));
#7416 = LINE('',#7417,#7418);
#7417 = CARTESIAN_POINT('',(-239.9807404147,174.70594447292,69.51));
#7418 = VECTOR('',#7419,1.);
#7419 = DIRECTION('',(0.,0.,1.));
#7420 = ORIENTED_EDGE('',*,*,#7421,.F.);
#7421 = EDGE_CURVE('',#1519,#7414,#7422,.T.);
#7422 = LINE('',#7423,#7424);
#7423 = CARTESIAN_POINT('',(-239.9807404147,174.70594447292,70.51));
#7424 = VECTOR('',#7425,1.);
#7425 = DIRECTION('',(-0.933217927369,-0.359310868243,0.));
#7426 = PLANE('',#7427);
#7427 = AXIS2_PLACEMENT_3D('',#7428,#7429,#7430);
#7428 = CARTESIAN_POINT('',(-239.8952085004,174.7388762732,69.51));
#7429 = DIRECTION('',(-0.359310868243,0.933217927369,0.));
#7430 = DIRECTION('',(-0.933217927369,-0.359310868243,0.));
#7431 = ADVANCED_FACE('',(#7432),#7618,.T.);
#7432 = FACE_BOUND('',#7433,.T.);
#7433 = EDGE_LOOP('',(#7434,#7435,#7436,#7444,#7452,#7460,#7468,#7476,
    #7484,#7492,#7500,#7508,#7516,#7524,#7532,#7540,#7548,#7556,#7564,
    #7572,#7580,#7588,#7596,#7604,#7612));
#7434 = ORIENTED_EDGE('',*,*,#7421,.F.);
#7435 = ORIENTED_EDGE('',*,*,#1518,.T.);
#7436 = ORIENTED_EDGE('',*,*,#7437,.F.);
#7437 = EDGE_CURVE('',#7438,#1511,#7440,.T.);
#7438 = VERTEX_POINT('',#7439);
#7439 = CARTESIAN_POINT('',(-240.9717061553,173.19474419047,70.51));
#7440 = LINE('',#7441,#7442);
#7441 = CARTESIAN_POINT('',(-239.3967061529,173.19474419047,70.51));
#7442 = VECTOR('',#7443,1.);
#7443 = DIRECTION('',(1.,0.,0.));
#7444 = ORIENTED_EDGE('',*,*,#7445,.F.);
#7445 = EDGE_CURVE('',#7446,#7438,#7448,.T.);
#7446 = VERTEX_POINT('',#7447);
#7447 = CARTESIAN_POINT('',(-240.9717061548,173.64474419129,70.51));
#7448 = LINE('',#7449,#7450);
#7449 = CARTESIAN_POINT('',(-240.9717061553,173.19474419047,70.51));
#7450 = VECTOR('',#7451,1.);
#7451 = DIRECTION('',(-1.10734138E-09,-1.,0.));
#7452 = ORIENTED_EDGE('',*,*,#7453,.F.);
#7453 = EDGE_CURVE('',#7454,#7446,#7456,.T.);
#7454 = VERTEX_POINT('',#7455);
#7455 = CARTESIAN_POINT('',(-241.0174115251,173.68523773306,70.51));
#7456 = LINE('',#7457,#7458);
#7457 = CARTESIAN_POINT('',(-240.9717061548,173.64474419129,70.51));
#7458 = VECTOR('',#7459,1.);
#7459 = DIRECTION('',(0.748493539985,-0.66314208176,0.));
#7460 = ORIENTED_EDGE('',*,*,#7461,.F.);
#7461 = EDGE_CURVE('',#7462,#7454,#7464,.T.);
#7462 = VERTEX_POINT('',#7463);
#7463 = CARTESIAN_POINT('',(-241.0346130526,173.70446390193,70.51));
#7464 = LINE('',#7465,#7466);
#7465 = CARTESIAN_POINT('',(-241.0174115251,173.68523773306,70.51));
#7466 = VECTOR('',#7467,1.);
#7467 = DIRECTION('',(0.666776902852,-0.745257379583,0.));
#7468 = ORIENTED_EDGE('',*,*,#7469,.F.);
#7469 = EDGE_CURVE('',#7470,#7462,#7472,.T.);
#7470 = VERTEX_POINT('',#7471);
#7471 = CARTESIAN_POINT('',(-241.0559390748,173.73261215611,70.51));
#7472 = LINE('',#7473,#7474);
#7473 = CARTESIAN_POINT('',(-241.0346130526,173.70446390193,70.51));
#7474 = VECTOR('',#7475,1.);
#7475 = DIRECTION('',(0.603886242614,-0.797070515062,0.));
#7476 = ORIENTED_EDGE('',*,*,#7477,.F.);
#7477 = EDGE_CURVE('',#7478,#7470,#7480,.T.);
#7478 = VERTEX_POINT('',#7479);
#7479 = CARTESIAN_POINT('',(-241.0813477128,173.77551054618,70.51));
#7480 = LINE('',#7481,#7482);
#7481 = CARTESIAN_POINT('',(-241.0559390748,173.73261215611,70.51));
#7482 = VECTOR('',#7483,1.);
#7483 = DIRECTION('',(0.509614895514,-0.860402614054,0.));
#7484 = ORIENTED_EDGE('',*,*,#7485,.F.);
#7485 = EDGE_CURVE('',#7486,#7478,#7488,.T.);
#7486 = VERTEX_POINT('',#7487);
#7487 = CARTESIAN_POINT('',(-241.0821163499,173.77703909309,70.51));
#7488 = LINE('',#7489,#7490);
#7489 = CARTESIAN_POINT('',(-241.0813477128,173.77551054618,70.51));
#7490 = VECTOR('',#7491,1.);
#7491 = DIRECTION('',(0.449252824524,-0.893404667358,0.));
#7492 = ORIENTED_EDGE('',*,*,#7493,.F.);
#7493 = EDGE_CURVE('',#7494,#7486,#7496,.T.);
#7494 = VERTEX_POINT('',#7495);
#7495 = CARTESIAN_POINT('',(-241.1027808651,173.82711851586,70.51));
#7496 = LINE('',#7497,#7498);
#7497 = CARTESIAN_POINT('',(-241.0821163499,173.77703909309,70.51));
#7498 = VECTOR('',#7499,1.);
#7499 = DIRECTION('',(0.38143744879,-0.924394652008,0.));
#7500 = ORIENTED_EDGE('',*,*,#7501,.F.);
#7501 = EDGE_CURVE('',#7502,#7494,#7504,.T.);
#7502 = VERTEX_POINT('',#7503);
#7503 = CARTESIAN_POINT('',(-241.111674524,173.85858684579,70.51));
#7504 = LINE('',#7505,#7506);
#7505 = CARTESIAN_POINT('',(-241.1027808651,173.82711851586,70.51));
#7506 = VECTOR('',#7507,1.);
#7507 = DIRECTION('',(0.271969331989,-0.962305919372,0.));
#7508 = ORIENTED_EDGE('',*,*,#7509,.F.);
#7509 = EDGE_CURVE('',#7510,#7502,#7512,.T.);
#7510 = VERTEX_POINT('',#7511);
#7511 = CARTESIAN_POINT('',(-241.1168812671,173.8847826626,70.51));
#7512 = LINE('',#7513,#7514);
#7513 = CARTESIAN_POINT('',(-241.111674524,173.85858684579,70.51));
#7514 = VECTOR('',#7515,1.);
#7515 = DIRECTION('',(0.194948814187,-0.980813417449,0.));
#7516 = ORIENTED_EDGE('',*,*,#7517,.F.);
#7517 = EDGE_CURVE('',#7518,#7510,#7520,.T.);
#7518 = VERTEX_POINT('',#7519);
#7519 = CARTESIAN_POINT('',(-241.1217061529,173.94474419051,70.51));
#7520 = LINE('',#7521,#7522);
#7521 = CARTESIAN_POINT('',(-241.1168812671,173.8847826626,70.51));
#7522 = VECTOR('',#7523,1.);
#7523 = DIRECTION('',(8.02071134711E-02,-0.99677821954,0.));
#7524 = ORIENTED_EDGE('',*,*,#7525,.F.);
#7525 = EDGE_CURVE('',#7526,#7518,#7528,.T.);
#7526 = VERTEX_POINT('',#7527);
#7527 = CARTESIAN_POINT('',(-241.1168812671,174.00470571833,70.51));
#7528 = LINE('',#7529,#7530);
#7529 = CARTESIAN_POINT('',(-241.1217061529,173.94474419051,70.51));
#7530 = VECTOR('',#7531,1.);
#7531 = DIRECTION('',(-8.020711359892E-02,-0.996778219529,0.));
#7532 = ORIENTED_EDGE('',*,*,#7533,.F.);
#7533 = EDGE_CURVE('',#7534,#7526,#7536,.T.);
#7534 = VERTEX_POINT('',#7535);
#7535 = CARTESIAN_POINT('',(-241.111674524,174.03090153523,70.51));
#7536 = LINE('',#7537,#7538);
#7537 = CARTESIAN_POINT('',(-241.1168812671,174.00470571833,70.51));
#7538 = VECTOR('',#7539,1.);
#7539 = DIRECTION('',(-0.194948814313,-0.980813417424,0.));
#7540 = ORIENTED_EDGE('',*,*,#7541,.F.);
#7541 = EDGE_CURVE('',#7542,#7534,#7544,.T.);
#7542 = VERTEX_POINT('',#7543);
#7543 = CARTESIAN_POINT('',(-241.1027808651,174.06236986507,70.51));
#7544 = LINE('',#7545,#7546);
#7545 = CARTESIAN_POINT('',(-241.111674524,174.03090153523,70.51));
#7546 = VECTOR('',#7547,1.);
#7547 = DIRECTION('',(-0.271969332113,-0.962305919337,0.));
#7548 = ORIENTED_EDGE('',*,*,#7549,.F.);
#7549 = EDGE_CURVE('',#7550,#7542,#7552,.T.);
#7550 = VERTEX_POINT('',#7551);
#7551 = CARTESIAN_POINT('',(-241.0821163499,174.11244928793,70.51));
#7552 = LINE('',#7553,#7554);
#7553 = CARTESIAN_POINT('',(-241.1027808651,174.06236986507,70.51));
#7554 = VECTOR('',#7555,1.);
#7555 = DIRECTION('',(-0.381437448908,-0.924394651959,0.));
#7556 = ORIENTED_EDGE('',*,*,#7557,.F.);
#7557 = EDGE_CURVE('',#7558,#7550,#7560,.T.);
#7558 = VERTEX_POINT('',#7559);
#7559 = CARTESIAN_POINT('',(-241.0813477128,174.11397783475,70.51));
#7560 = LINE('',#7561,#7562);
#7561 = CARTESIAN_POINT('',(-241.0821163499,174.11244928793,70.51));
#7562 = VECTOR('',#7563,1.);
#7563 = DIRECTION('',(-0.449252824631,-0.893404667304,0.));
#7564 = ORIENTED_EDGE('',*,*,#7565,.F.);
#7565 = EDGE_CURVE('',#7566,#7558,#7568,.T.);
#7566 = VERTEX_POINT('',#7567);
#7567 = CARTESIAN_POINT('',(-241.0559390748,174.15687622482,70.51));
#7568 = LINE('',#7569,#7570);
#7569 = CARTESIAN_POINT('',(-241.0813477128,174.11397783475,70.51));
#7570 = VECTOR('',#7571,1.);
#7571 = DIRECTION('',(-0.509614895519,-0.860402614051,0.));
#7572 = ORIENTED_EDGE('',*,*,#7573,.F.);
#7573 = EDGE_CURVE('',#7574,#7566,#7576,.T.);
#7574 = VERTEX_POINT('',#7575);
#7575 = CARTESIAN_POINT('',(-241.0346130526,174.18502447908,70.51));
#7576 = LINE('',#7577,#7578);
#7577 = CARTESIAN_POINT('',(-241.0559390748,174.15687622482,70.51));
#7578 = VECTOR('',#7579,1.);
#7579 = DIRECTION('',(-0.60388624271,-0.797070514989,0.));
#7580 = ORIENTED_EDGE('',*,*,#7581,.F.);
#7581 = EDGE_CURVE('',#7582,#7574,#7584,.T.);
#7582 = VERTEX_POINT('',#7583);
#7583 = CARTESIAN_POINT('',(-241.0174115251,174.20425064788,70.51));
#7584 = LINE('',#7585,#7586);
#7585 = CARTESIAN_POINT('',(-241.0346130526,174.18502447908,70.51));
#7586 = VECTOR('',#7587,1.);
#7587 = DIRECTION('',(-0.666776902928,-0.745257379515,0.));
#7588 = ORIENTED_EDGE('',*,*,#7589,.F.);
#7589 = EDGE_CURVE('',#7590,#7582,#7592,.T.);
#7590 = VERTEX_POINT('',#7591);
#7591 = CARTESIAN_POINT('',(-240.9717061553,174.24474419047,70.51));
#7592 = LINE('',#7593,#7594);
#7593 = CARTESIAN_POINT('',(-241.0174115251,174.20425064788,70.51));
#7594 = VECTOR('',#7595,1.);
#7595 = DIRECTION('',(-0.748493529689,-0.663142093381,0.));
#7596 = ORIENTED_EDGE('',*,*,#7597,.F.);
#7597 = EDGE_CURVE('',#7598,#7590,#7600,.T.);
#7598 = VERTEX_POINT('',#7599);
#7599 = CARTESIAN_POINT('',(-240.9717061572,174.69474419047,70.51));
#7600 = LINE('',#7601,#7602);
#7601 = CARTESIAN_POINT('',(-240.9717061553,174.24474419047,70.51));
#7602 = VECTOR('',#7603,1.);
#7603 = DIRECTION('',(4.32594207E-09,-1.,0.));
#7604 = ORIENTED_EDGE('',*,*,#7605,.F.);
#7605 = EDGE_CURVE('',#7606,#7598,#7608,.T.);
#7606 = VERTEX_POINT('',#7607);
#7607 = CARTESIAN_POINT('',(-240.0717061529,174.69474419047,70.51));
#7608 = LINE('',#7609,#7610);
#7609 = CARTESIAN_POINT('',(-240.9717061572,174.69474419047,70.51));
#7610 = VECTOR('',#7611,1.);
#7611 = DIRECTION('',(-1.,0.,0.));
#7612 = ORIENTED_EDGE('',*,*,#7613,.F.);
#7613 = EDGE_CURVE('',#7414,#7606,#7614,.T.);
#7614 = LINE('',#7615,#7616);
#7615 = CARTESIAN_POINT('',(-240.0717061529,174.69474419047,70.51));
#7616 = VECTOR('',#7617,1.);
#7617 = DIRECTION('',(-0.992505057953,-0.122203559427,0.));
#7618 = PLANE('',#7619);
#7619 = AXIS2_PLACEMENT_3D('',#7620,#7621,#7622);
#7620 = CARTESIAN_POINT('',(-233.6467061507,171.44474419047,70.51));
#7621 = DIRECTION('',(0.,0.,-1.));
#7622 = DIRECTION('',(1.,0.,0.));
#7623 = ADVANCED_FACE('',(#7624),#7635,.F.);
#7624 = FACE_BOUND('',#7625,.F.);
#7625 = EDGE_LOOP('',(#7626,#7632,#7633,#7634));
#7626 = ORIENTED_EDGE('',*,*,#7627,.F.);
#7627 = EDGE_CURVE('',#3978,#7438,#7628,.T.);
#7628 = LINE('',#7629,#7630);
#7629 = CARTESIAN_POINT('',(-240.9717061553,173.19474419047,69.51));
#7630 = VECTOR('',#7631,1.);
#7631 = DIRECTION('',(0.,0.,1.));
#7632 = ORIENTED_EDGE('',*,*,#3985,.T.);
#7633 = ORIENTED_EDGE('',*,*,#1510,.T.);
#7634 = ORIENTED_EDGE('',*,*,#7437,.F.);
#7635 = PLANE('',#7636);
#7636 = AXIS2_PLACEMENT_3D('',#7637,#7638,#7639);
#7637 = CARTESIAN_POINT('',(-240.9717061553,173.19474419047,69.51));
#7638 = DIRECTION('',(0.,-1.,0.));
#7639 = DIRECTION('',(1.,0.,0.));
#7640 = ADVANCED_FACE('',(#7641),#7659,.F.);
#7641 = FACE_BOUND('',#7642,.F.);
#7642 = EDGE_LOOP('',(#7643,#7644,#7645,#7653));
#7643 = ORIENTED_EDGE('',*,*,#1494,.T.);
#7644 = ORIENTED_EDGE('',*,*,#3992,.T.);
#7645 = ORIENTED_EDGE('',*,*,#7646,.T.);
#7646 = EDGE_CURVE('',#3993,#7647,#7649,.T.);
#7647 = VERTEX_POINT('',#7648);
#7648 = CARTESIAN_POINT('',(-240.9717061553,172.19474419047,70.51));
#7649 = LINE('',#7650,#7651);
#7650 = CARTESIAN_POINT('',(-240.9717061553,172.19474419047,69.51));
#7651 = VECTOR('',#7652,1.);
#7652 = DIRECTION('',(0.,0.,1.));
#7653 = ORIENTED_EDGE('',*,*,#7654,.F.);
#7654 = EDGE_CURVE('',#1487,#7647,#7655,.T.);
#7655 = LINE('',#7656,#7657);
#7656 = CARTESIAN_POINT('',(-240.9717061553,172.19474419047,70.51));
#7657 = VECTOR('',#7658,1.);
#7658 = DIRECTION('',(-1.,0.,0.));
#7659 = PLANE('',#7660);
#7660 = AXIS2_PLACEMENT_3D('',#7661,#7662,#7663);
#7661 = CARTESIAN_POINT('',(-239.6967061529,172.19474419047,69.51));
#7662 = DIRECTION('',(0.,1.,0.));
#7663 = DIRECTION('',(-1.,0.,0.));
#7664 = ADVANCED_FACE('',(#7665),#7835,.T.);
#7665 = FACE_BOUND('',#7666,.T.);
#7666 = EDGE_LOOP('',(#7667,#7668,#7669,#7677,#7685,#7693,#7701,#7709,
    #7717,#7725,#7733,#7741,#7749,#7757,#7765,#7773,#7781,#7789,#7797,
    #7805,#7813,#7821,#7829));
#7667 = ORIENTED_EDGE('',*,*,#7654,.F.);
#7668 = ORIENTED_EDGE('',*,*,#1486,.T.);
#7669 = ORIENTED_EDGE('',*,*,#7670,.F.);
#7670 = EDGE_CURVE('',#7671,#1479,#7673,.T.);
#7671 = VERTEX_POINT('',#7672);
#7672 = CARTESIAN_POINT('',(-240.9717061553,170.69474419047,70.51));
#7673 = LINE('',#7674,#7675);
#7674 = CARTESIAN_POINT('',(-239.6967061529,170.69474419047,70.51));
#7675 = VECTOR('',#7676,1.);
#7676 = DIRECTION('',(1.,0.,0.));
#7677 = ORIENTED_EDGE('',*,*,#7678,.F.);
#7678 = EDGE_CURVE('',#7679,#7671,#7681,.T.);
#7679 = VERTEX_POINT('',#7680);
#7680 = CARTESIAN_POINT('',(-240.9717061551,171.14474419005,70.51));
#7681 = LINE('',#7682,#7683);
#7682 = CARTESIAN_POINT('',(-240.9717061553,170.69474419047,70.51));
#7683 = VECTOR('',#7684,1.);
#7684 = DIRECTION('',(-4.6698448E-10,-1.,0.));
#7685 = ORIENTED_EDGE('',*,*,#7686,.F.);
#7686 = EDGE_CURVE('',#7687,#7679,#7689,.T.);
#7687 = VERTEX_POINT('',#7688);
#7688 = CARTESIAN_POINT('',(-241.0174115254,171.18523773301,70.51));
#7689 = LINE('',#7690,#7691);
#7690 = CARTESIAN_POINT('',(-240.9717061551,171.14474419005,70.51));
#7691 = VECTOR('',#7692,1.);
#7692 = DIRECTION('',(0.748493530428,-0.663142092547,0.));
#7693 = ORIENTED_EDGE('',*,*,#7694,.F.);
#7694 = EDGE_CURVE('',#7695,#7687,#7697,.T.);
#7695 = VERTEX_POINT('',#7696);
#7696 = CARTESIAN_POINT('',(-241.0346130539,171.20446390053,70.51));
#7697 = LINE('',#7698,#7699);
#7698 = CARTESIAN_POINT('',(-241.0174115254,171.18523773301,70.51));
#7699 = VECTOR('',#7700,1.);
#7700 = DIRECTION('',(0.666776949269,-0.745257338055,0.));
#7701 = ORIENTED_EDGE('',*,*,#7702,.F.);
#7702 = EDGE_CURVE('',#7703,#7695,#7705,.T.);
#7703 = VERTEX_POINT('',#7704);
#7704 = CARTESIAN_POINT('',(-241.055939075,171.23261215611,70.51));
#7705 = LINE('',#7706,#7707);
#7706 = CARTESIAN_POINT('',(-241.0346130539,171.20446390053,70.51));
#7707 = VECTOR('',#7708,1.);
#7708 = DIRECTION('',(0.603886204758,-0.797070543743,0.));
#7709 = ORIENTED_EDGE('',*,*,#7710,.F.);
#7710 = EDGE_CURVE('',#7711,#7703,#7713,.T.);
#7711 = VERTEX_POINT('',#7712);
#7712 = CARTESIAN_POINT('',(-241.081347713,171.27551054618,70.51));
#7713 = LINE('',#7714,#7715);
#7714 = CARTESIAN_POINT('',(-241.055939075,171.23261215611,70.51));
#7715 = VECTOR('',#7716,1.);
#7716 = DIRECTION('',(0.50961489525,-0.86040261421,0.));
#7717 = ORIENTED_EDGE('',*,*,#7718,.F.);
#7718 = EDGE_CURVE('',#7719,#7711,#7721,.T.);
#7719 = VERTEX_POINT('',#7720);
#7720 = CARTESIAN_POINT('',(-241.0821163518,171.27703909201,70.51));
#7721 = LINE('',#7722,#7723);
#7722 = CARTESIAN_POINT('',(-241.081347713,171.27551054618,70.51));
#7723 = VECTOR('',#7724,1.);
#7724 = DIRECTION('',(0.449253866105,-0.893404143594,0.));
#7725 = ORIENTED_EDGE('',*,*,#7726,.F.);
#7726 = EDGE_CURVE('',#7727,#7719,#7729,.T.);
#7727 = VERTEX_POINT('',#7728);
#7728 = CARTESIAN_POINT('',(-241.1027808652,171.32711851586,70.51));
#7729 = LINE('',#7730,#7731);
#7730 = CARTESIAN_POINT('',(-241.0821163518,171.27703909201,70.51));
#7731 = VECTOR('',#7732,1.);
#7732 = DIRECTION('',(0.381437414864,-0.924394666007,0.));
#7733 = ORIENTED_EDGE('',*,*,#7734,.F.);
#7734 = EDGE_CURVE('',#7735,#7727,#7737,.T.);
#7735 = VERTEX_POINT('',#7736);
#7736 = CARTESIAN_POINT('',(-241.1116745263,171.35858684523,70.51));
#7737 = LINE('',#7738,#7739);
#7738 = CARTESIAN_POINT('',(-241.1027808652,171.32711851586,70.51));
#7739 = VECTOR('',#7740,1.);
#7740 = DIRECTION('',(0.271969396273,-0.962305901203,0.));
#7741 = ORIENTED_EDGE('',*,*,#7742,.F.);
#7742 = EDGE_CURVE('',#7743,#7735,#7745,.T.);
#7743 = VERTEX_POINT('',#7744);
#7744 = CARTESIAN_POINT('',(-241.1168812672,171.3847826626,70.51));
#7745 = LINE('',#7746,#7747);
#7746 = CARTESIAN_POINT('',(-241.1116745263,171.35858684523,70.51));
#7747 = VECTOR('',#7748,1.);
#7748 = DIRECTION('',(0.194948733758,-0.980813433435,0.));
#7749 = ORIENTED_EDGE('',*,*,#7750,.F.);
#7750 = EDGE_CURVE('',#7751,#7743,#7753,.T.);
#7751 = VERTEX_POINT('',#7752);
#7752 = CARTESIAN_POINT('',(-241.1217061553,171.44474419057,70.51));
#7753 = LINE('',#7754,#7755);
#7754 = CARTESIAN_POINT('',(-241.1168812672,171.3847826626,70.51));
#7755 = VECTOR('',#7756,1.);
#7756 = DIRECTION('',(8.020715061751E-02,-0.996778216551,0.));
#7757 = ORIENTED_EDGE('',*,*,#7758,.F.);
#7758 = EDGE_CURVE('',#7759,#7751,#7761,.T.);
#7759 = VERTEX_POINT('',#7760);
#7760 = CARTESIAN_POINT('',(-241.1168812672,171.50470571833,70.51));
#7761 = LINE('',#7762,#7763);
#7762 = CARTESIAN_POINT('',(-241.1217061553,171.44474419057,70.51));
#7763 = VECTOR('',#7764,1.);
#7764 = DIRECTION('',(-8.020715089061E-02,-0.996778216529,0.));
#7765 = ORIENTED_EDGE('',*,*,#7766,.F.);
#7766 = EDGE_CURVE('',#7767,#7759,#7769,.T.);
#7767 = VERTEX_POINT('',#7768);
#7768 = CARTESIAN_POINT('',(-241.1116745263,171.5309015359,70.51));
#7769 = LINE('',#7770,#7771);
#7770 = CARTESIAN_POINT('',(-241.1168812672,171.50470571833,70.51));
#7771 = VECTOR('',#7772,1.);
#7772 = DIRECTION('',(-0.194948734025,-0.980813433382,0.));
#7773 = ORIENTED_EDGE('',*,*,#7774,.F.);
#7774 = EDGE_CURVE('',#7775,#7767,#7777,.T.);
#7775 = VERTEX_POINT('',#7776);
#7776 = CARTESIAN_POINT('',(-241.1027808652,171.56236986507,70.51));
#7777 = LINE('',#7778,#7779);
#7778 = CARTESIAN_POINT('',(-241.1116745263,171.5309015359,70.51));
#7779 = VECTOR('',#7780,1.);
#7780 = DIRECTION('',(-0.271969396537,-0.962305901129,0.));
#7781 = ORIENTED_EDGE('',*,*,#7782,.F.);
#7782 = EDGE_CURVE('',#7783,#7775,#7785,.T.);
#7783 = VERTEX_POINT('',#7784);
#7784 = CARTESIAN_POINT('',(-241.0821163517,171.6124492891,70.51));
#7785 = LINE('',#7786,#7787);
#7786 = CARTESIAN_POINT('',(-241.1027808652,171.56236986507,70.51));
#7787 = VECTOR('',#7788,1.);
#7788 = DIRECTION('',(-0.381437415116,-0.924394665903,0.));
#7789 = ORIENTED_EDGE('',*,*,#7790,.F.);
#7790 = EDGE_CURVE('',#7791,#7783,#7793,.T.);
#7791 = VERTEX_POINT('',#7792);
#7792 = CARTESIAN_POINT('',(-241.081347713,171.61397783475,70.51));
#7793 = LINE('',#7794,#7795);
#7794 = CARTESIAN_POINT('',(-241.0821163517,171.6124492891,70.51));
#7795 = VECTOR('',#7796,1.);
#7796 = DIRECTION('',(-0.449253866366,-0.893404143462,0.));
#7797 = ORIENTED_EDGE('',*,*,#7798,.F.);
#7798 = EDGE_CURVE('',#7799,#7791,#7801,.T.);
#7799 = VERTEX_POINT('',#7800);
#7800 = CARTESIAN_POINT('',(-241.055939075,171.65687622482,70.51));
#7801 = LINE('',#7802,#7803);
#7802 = CARTESIAN_POINT('',(-241.081347713,171.61397783475,70.51));
#7803 = VECTOR('',#7804,1.);
#7804 = DIRECTION('',(-0.50961489525,-0.86040261421,0.));
#7805 = ORIENTED_EDGE('',*,*,#7806,.F.);
#7806 = EDGE_CURVE('',#7807,#7799,#7809,.T.);
#7807 = VERTEX_POINT('',#7808);
#7808 = CARTESIAN_POINT('',(-241.0346130538,171.68502448056,70.51));
#7809 = LINE('',#7810,#7811);
#7810 = CARTESIAN_POINT('',(-241.055939075,171.65687622482,70.51));
#7811 = VECTOR('',#7812,1.);
#7812 = DIRECTION('',(-0.603886204976,-0.797070543578,0.));
#7813 = ORIENTED_EDGE('',*,*,#7814,.F.);
#7814 = EDGE_CURVE('',#7815,#7807,#7817,.T.);
#7815 = VERTEX_POINT('',#7816);
#7816 = CARTESIAN_POINT('',(-241.0174115252,171.70425064798,70.51));
#7817 = LINE('',#7818,#7819);
#7818 = CARTESIAN_POINT('',(-241.0346130538,171.68502448056,70.51));
#7819 = VECTOR('',#7820,1.);
#7820 = DIRECTION('',(-0.666776952275,-0.745257335365,0.));
#7821 = ORIENTED_EDGE('',*,*,#7822,.F.);
#7822 = EDGE_CURVE('',#7823,#7815,#7825,.T.);
#7823 = VERTEX_POINT('',#7824);
#7824 = CARTESIAN_POINT('',(-240.971706155,171.74474419108,70.51));
#7825 = LINE('',#7826,#7827);
#7826 = CARTESIAN_POINT('',(-241.0174115252,171.70425064798,70.51));
#7827 = VECTOR('',#7828,1.);
#7828 = DIRECTION('',(-0.748493528702,-0.663142094495,0.));
#7829 = ORIENTED_EDGE('',*,*,#7830,.F.);
#7830 = EDGE_CURVE('',#7647,#7823,#7831,.T.);
#7831 = LINE('',#7832,#7833);
#7832 = CARTESIAN_POINT('',(-240.971706155,171.74474419108,70.51));
#7833 = VECTOR('',#7834,1.);
#7834 = DIRECTION('',(7.0043724E-10,-1.,0.));
#7835 = PLANE('',#7836);
#7836 = AXIS2_PLACEMENT_3D('',#7837,#7838,#7839);
#7837 = CARTESIAN_POINT('',(-233.6467061507,171.44474419047,70.51));
#7838 = DIRECTION('',(0.,0.,-1.));
#7839 = DIRECTION('',(1.,0.,0.));
#7840 = ADVANCED_FACE('',(#7841),#7852,.F.);
#7841 = FACE_BOUND('',#7842,.F.);
#7842 = EDGE_LOOP('',(#7843,#7849,#7850,#7851));
#7843 = ORIENTED_EDGE('',*,*,#7844,.F.);
#7844 = EDGE_CURVE('',#4153,#7671,#7845,.T.);
#7845 = LINE('',#7846,#7847);
#7846 = CARTESIAN_POINT('',(-240.9717061553,170.69474419047,69.51));
#7847 = VECTOR('',#7848,1.);
#7848 = DIRECTION('',(0.,0.,1.));
#7849 = ORIENTED_EDGE('',*,*,#4160,.T.);
#7850 = ORIENTED_EDGE('',*,*,#1478,.T.);
#7851 = ORIENTED_EDGE('',*,*,#7670,.F.);
#7852 = PLANE('',#7853);
#7853 = AXIS2_PLACEMENT_3D('',#7854,#7855,#7856);
#7854 = CARTESIAN_POINT('',(-240.9717061553,170.69474419047,69.51));
#7855 = DIRECTION('',(0.,-1.,0.));
#7856 = DIRECTION('',(1.,0.,0.));
#7857 = ADVANCED_FACE('',(#7858),#7876,.F.);
#7858 = FACE_BOUND('',#7859,.F.);
#7859 = EDGE_LOOP('',(#7860,#7861,#7862,#7870));
#7860 = ORIENTED_EDGE('',*,*,#1462,.T.);
#7861 = ORIENTED_EDGE('',*,*,#4167,.T.);
#7862 = ORIENTED_EDGE('',*,*,#7863,.T.);
#7863 = EDGE_CURVE('',#4168,#7864,#7866,.T.);
#7864 = VERTEX_POINT('',#7865);
#7865 = CARTESIAN_POINT('',(-240.9717061553,169.69474419047,70.51));
#7866 = LINE('',#7867,#7868);
#7867 = CARTESIAN_POINT('',(-240.9717061553,169.69474419047,69.51));
#7868 = VECTOR('',#7869,1.);
#7869 = DIRECTION('',(0.,0.,1.));
#7870 = ORIENTED_EDGE('',*,*,#7871,.F.);
#7871 = EDGE_CURVE('',#1455,#7864,#7872,.T.);
#7872 = LINE('',#7873,#7874);
#7873 = CARTESIAN_POINT('',(-240.9717061553,169.69474419047,70.51));
#7874 = VECTOR('',#7875,1.);
#7875 = DIRECTION('',(-1.,0.,0.));
#7876 = PLANE('',#7877);
#7877 = AXIS2_PLACEMENT_3D('',#7878,#7879,#7880);
#7878 = CARTESIAN_POINT('',(-239.3967061529,169.69474419047,69.51));
#7879 = DIRECTION('',(0.,1.,0.));
#7880 = DIRECTION('',(-1.,0.,0.));
#7881 = ADVANCED_FACE('',(#7882),#8068,.T.);
#7882 = FACE_BOUND('',#7883,.T.);
#7883 = EDGE_LOOP('',(#7884,#7885,#7886,#7894,#7902,#7910,#7918,#7926,
    #7934,#7942,#7950,#7958,#7966,#7974,#7982,#7990,#7998,#8006,#8014,
    #8022,#8030,#8038,#8046,#8054,#8062));
#7884 = ORIENTED_EDGE('',*,*,#7871,.F.);
#7885 = ORIENTED_EDGE('',*,*,#1454,.T.);
#7886 = ORIENTED_EDGE('',*,*,#7887,.F.);
#7887 = EDGE_CURVE('',#7888,#1447,#7890,.T.);
#7888 = VERTEX_POINT('',#7889);
#7889 = CARTESIAN_POINT('',(-239.9807404147,168.18354390801,70.51));
#7890 = LINE('',#7891,#7892);
#7891 = CARTESIAN_POINT('',(-239.8952085004,168.15061210773,70.51));
#7892 = VECTOR('',#7893,1.);
#7893 = DIRECTION('',(0.933217927369,-0.359310868243,0.));
#7894 = ORIENTED_EDGE('',*,*,#7895,.F.);
#7895 = EDGE_CURVE('',#7896,#7888,#7898,.T.);
#7896 = VERTEX_POINT('',#7897);
#7897 = CARTESIAN_POINT('',(-240.0717061529,168.19474419047,70.51));
#7898 = LINE('',#7899,#7900);
#7899 = CARTESIAN_POINT('',(-239.9807404147,168.18354390801,70.51));
#7900 = VECTOR('',#7901,1.);
#7901 = DIRECTION('',(0.992505057953,-0.122203559427,0.));
#7902 = ORIENTED_EDGE('',*,*,#7903,.F.);
#7903 = EDGE_CURVE('',#7904,#7896,#7906,.T.);
#7904 = VERTEX_POINT('',#7905);
#7905 = CARTESIAN_POINT('',(-240.9717061553,168.19474419047,70.51));
#7906 = LINE('',#7907,#7908);
#7907 = CARTESIAN_POINT('',(-240.0717061529,168.19474419047,70.51));
#7908 = VECTOR('',#7909,1.);
#7909 = DIRECTION('',(1.,3.947E-14,0.));
#7910 = ORIENTED_EDGE('',*,*,#7911,.F.);
#7911 = EDGE_CURVE('',#7912,#7904,#7914,.T.);
#7912 = VERTEX_POINT('',#7913);
#7913 = CARTESIAN_POINT('',(-240.9717061551,168.64474419202,70.51));
#7914 = LINE('',#7915,#7916);
#7915 = CARTESIAN_POINT('',(-240.9717061553,168.19474419047,70.51));
#7916 = VECTOR('',#7917,1.);
#7917 = DIRECTION('',(-3.1587572E-10,-1.,0.));
#7918 = ORIENTED_EDGE('',*,*,#7919,.F.);
#7919 = EDGE_CURVE('',#7920,#7912,#7922,.T.);
#7920 = VERTEX_POINT('',#7921);
#7921 = CARTESIAN_POINT('',(-241.0174115251,168.68523773306,70.51));
#7922 = LINE('',#7923,#7924);
#7923 = CARTESIAN_POINT('',(-240.9717061551,168.64474419202,70.51));
#7924 = VECTOR('',#7925,1.);
#7925 = DIRECTION('',(0.748493543299,-0.663142078019,0.));
#7926 = ORIENTED_EDGE('',*,*,#7927,.F.);
#7927 = EDGE_CURVE('',#7928,#7920,#7930,.T.);
#7928 = VERTEX_POINT('',#7929);
#7929 = CARTESIAN_POINT('',(-241.0346130527,168.704463902,70.51));
#7930 = LINE('',#7931,#7932);
#7931 = CARTESIAN_POINT('',(-241.0174115251,168.68523773306,70.51));
#7932 = VECTOR('',#7933,1.);
#7933 = DIRECTION('',(0.666776902772,-0.745257379655,0.));
#7934 = ORIENTED_EDGE('',*,*,#7935,.F.);
#7935 = EDGE_CURVE('',#7936,#7928,#7938,.T.);
#7936 = VERTEX_POINT('',#7937);
#7937 = CARTESIAN_POINT('',(-241.0559390748,168.73261215611,70.51));
#7938 = LINE('',#7939,#7940);
#7939 = CARTESIAN_POINT('',(-241.0346130527,168.704463902,70.51));
#7940 = VECTOR('',#7941,1.);
#7941 = DIRECTION('',(0.603886242514,-0.797070515138,0.));
#7942 = ORIENTED_EDGE('',*,*,#7943,.F.);
#7943 = EDGE_CURVE('',#7944,#7936,#7946,.T.);
#7944 = VERTEX_POINT('',#7945);
#7945 = CARTESIAN_POINT('',(-241.0813477128,168.77551054618,70.51));
#7946 = LINE('',#7947,#7948);
#7947 = CARTESIAN_POINT('',(-241.0559390748,168.73261215611,70.51));
#7948 = VECTOR('',#7949,1.);
#7949 = DIRECTION('',(0.509614895516,-0.860402614052,0.));
#7950 = ORIENTED_EDGE('',*,*,#7951,.F.);
#7951 = EDGE_CURVE('',#7952,#7944,#7954,.T.);
#7952 = VERTEX_POINT('',#7953);
#7953 = CARTESIAN_POINT('',(-241.0821163497,168.7770390926,70.51));
#7954 = LINE('',#7955,#7956);
#7955 = CARTESIAN_POINT('',(-241.0813477128,168.77551054618,70.51));
#7956 = VECTOR('',#7957,1.);
#7957 = DIRECTION('',(0.449252825165,-0.893404667036,0.));
#7958 = ORIENTED_EDGE('',*,*,#7959,.F.);
#7959 = EDGE_CURVE('',#7960,#7952,#7962,.T.);
#7960 = VERTEX_POINT('',#7961);
#7961 = CARTESIAN_POINT('',(-241.1027808651,168.82711851586,70.51));
#7962 = LINE('',#7963,#7964);
#7963 = CARTESIAN_POINT('',(-241.0821163497,168.7770390926,70.51));
#7964 = VECTOR('',#7965,1.);
#7965 = DIRECTION('',(0.381437449453,-0.924394651734,0.));
#7966 = ORIENTED_EDGE('',*,*,#7967,.F.);
#7967 = EDGE_CURVE('',#7968,#7960,#7970,.T.);
#7968 = VERTEX_POINT('',#7969);
#7969 = CARTESIAN_POINT('',(-241.1116745238,168.85858684466,70.51));
#7970 = LINE('',#7971,#7972);
#7971 = CARTESIAN_POINT('',(-241.1027808651,168.82711851586,70.51));
#7972 = VECTOR('',#7973,1.);
#7973 = DIRECTION('',(0.271969333486,-0.962305918949,0.));
#7974 = ORIENTED_EDGE('',*,*,#7975,.F.);
#7975 = EDGE_CURVE('',#7976,#7968,#7978,.T.);
#7976 = VERTEX_POINT('',#7977);
#7977 = CARTESIAN_POINT('',(-241.1168812671,168.8847826626,70.51));
#7978 = LINE('',#7979,#7980);
#7979 = CARTESIAN_POINT('',(-241.1116745238,168.85858684466,70.51));
#7980 = VECTOR('',#7981,1.);
#7981 = DIRECTION('',(0.194948815712,-0.980813417145,0.));
#7982 = ORIENTED_EDGE('',*,*,#7983,.F.);
#7983 = EDGE_CURVE('',#7984,#7976,#7986,.T.);
#7984 = VERTEX_POINT('',#7985);
#7985 = CARTESIAN_POINT('',(-241.1217061529,168.94474418872,70.51));
#7986 = LINE('',#7987,#7988);
#7987 = CARTESIAN_POINT('',(-241.1168812671,168.8847826626,70.51));
#7988 = VECTOR('',#7989,1.);
#7989 = DIRECTION('',(8.020711585662E-02,-0.996778219348,0.));
#7990 = ORIENTED_EDGE('',*,*,#7991,.F.);
#7991 = EDGE_CURVE('',#7992,#7984,#7994,.T.);
#7992 = VERTEX_POINT('',#7993);
#7993 = CARTESIAN_POINT('',(-241.1168812671,169.00470571833,70.51));
#7994 = LINE('',#7995,#7996);
#7995 = CARTESIAN_POINT('',(-241.1217061529,168.94474418872,70.51));
#7996 = VECTOR('',#7997,1.);
#7997 = DIRECTION('',(-8.020711121345E-02,-0.996778219721,0.));
#7998 = ORIENTED_EDGE('',*,*,#7999,.F.);
#7999 = EDGE_CURVE('',#8000,#7992,#8002,.T.);
#8000 = VERTEX_POINT('',#8001);
#8001 = CARTESIAN_POINT('',(-241.1116745246,169.03090153288,70.51));
#8002 = LINE('',#8003,#8004);
#8003 = CARTESIAN_POINT('',(-241.1168812671,169.00470571833,70.51));
#8004 = VECTOR('',#8005,1.);
#8005 = DIRECTION('',(-0.194948811144,-0.980813418053,0.));
#8006 = ORIENTED_EDGE('',*,*,#8007,.F.);
#8007 = EDGE_CURVE('',#8008,#8000,#8010,.T.);
#8008 = VERTEX_POINT('',#8009);
#8009 = CARTESIAN_POINT('',(-241.1027808651,169.06236986507,70.51));
#8010 = LINE('',#8011,#8012);
#8011 = CARTESIAN_POINT('',(-241.1116745246,169.03090153288,70.51));
#8012 = VECTOR('',#8013,1.);
#8013 = DIRECTION('',(-0.271969329003,-0.962305920216,0.));
#8014 = ORIENTED_EDGE('',*,*,#8015,.F.);
#8015 = EDGE_CURVE('',#8016,#8008,#8018,.T.);
#8016 = VERTEX_POINT('',#8017);
#8017 = CARTESIAN_POINT('',(-241.0821163513,169.1124492852,70.51));
#8018 = LINE('',#8019,#8020);
#8019 = CARTESIAN_POINT('',(-241.1027808651,169.06236986507,70.51));
#8020 = VECTOR('',#8021,1.);
#8021 = DIRECTION('',(-0.381437445147,-0.924394653511,0.));
#8022 = ORIENTED_EDGE('',*,*,#8023,.F.);
#8023 = EDGE_CURVE('',#8024,#8016,#8026,.T.);
#8024 = VERTEX_POINT('',#8025);
#8025 = CARTESIAN_POINT('',(-241.0813477128,169.11397783475,70.51));
#8026 = LINE('',#8027,#8028);
#8027 = CARTESIAN_POINT('',(-241.0821163513,169.1124492852,70.51));
#8028 = VECTOR('',#8029,1.);
#8029 = DIRECTION('',(-0.44925282097,-0.893404669145,0.));
#8030 = ORIENTED_EDGE('',*,*,#8031,.F.);
#8031 = EDGE_CURVE('',#8032,#8024,#8034,.T.);
#8032 = VERTEX_POINT('',#8033);
#8033 = CARTESIAN_POINT('',(-241.0559390748,169.15687622482,70.51));
#8034 = LINE('',#8035,#8036);
#8035 = CARTESIAN_POINT('',(-241.0813477128,169.11397783475,70.51));
#8036 = VECTOR('',#8037,1.);
#8037 = DIRECTION('',(-0.509614895517,-0.860402614052,0.));
#8038 = ORIENTED_EDGE('',*,*,#8039,.F.);
#8039 = EDGE_CURVE('',#8040,#8032,#8042,.T.);
#8040 = VERTEX_POINT('',#8041);
#8041 = CARTESIAN_POINT('',(-241.0346130549,169.18502447625,70.51));
#8042 = LINE('',#8043,#8044);
#8043 = CARTESIAN_POINT('',(-241.0559390748,169.15687622482,70.51));
#8044 = VECTOR('',#8045,1.);
#8045 = DIRECTION('',(-0.603886238801,-0.797070517951,0.));
#8046 = ORIENTED_EDGE('',*,*,#8047,.F.);
#8047 = EDGE_CURVE('',#8048,#8040,#8050,.T.);
#8048 = VERTEX_POINT('',#8049);
#8049 = CARTESIAN_POINT('',(-241.0174115251,169.20425064788,70.51));
#8050 = LINE('',#8051,#8052);
#8051 = CARTESIAN_POINT('',(-241.0346130549,169.18502447625,70.51));
#8052 = VECTOR('',#8053,1.);
#8053 = DIRECTION('',(-0.666776899263,-0.745257382794,0.));
#8054 = ORIENTED_EDGE('',*,*,#8055,.F.);
#8055 = EDGE_CURVE('',#8056,#8048,#8058,.T.);
#8056 = VERTEX_POINT('',#8057);
#8057 = CARTESIAN_POINT('',(-240.9717061553,169.24474418329,70.51));
#8058 = LINE('',#8059,#8060);
#8059 = CARTESIAN_POINT('',(-241.0174115251,169.20425064788,70.51));
#8060 = VECTOR('',#8061,1.);
#8061 = DIRECTION('',(-0.748493588008,-0.663142027556,0.));
#8062 = ORIENTED_EDGE('',*,*,#8063,.F.);
#8063 = EDGE_CURVE('',#7864,#8056,#8064,.T.);
#8064 = LINE('',#8065,#8066);
#8065 = CARTESIAN_POINT('',(-240.9717061553,169.24474418329,70.51));
#8066 = VECTOR('',#8067,1.);
#8067 = DIRECTION('',(-8.84231E-12,-1.,0.));
#8068 = PLANE('',#8069);
#8069 = AXIS2_PLACEMENT_3D('',#8070,#8071,#8072);
#8070 = CARTESIAN_POINT('',(-233.6467061507,171.44474419047,70.51));
#8071 = DIRECTION('',(0.,0.,-1.));
#8072 = DIRECTION('',(1.,0.,0.));
#8073 = ADVANCED_FACE('',(#8074),#8085,.F.);
#8074 = FACE_BOUND('',#8075,.F.);
#8075 = EDGE_LOOP('',(#8076,#8082,#8083,#8084));
#8076 = ORIENTED_EDGE('',*,*,#8077,.F.);
#8077 = EDGE_CURVE('',#4344,#7888,#8078,.T.);
#8078 = LINE('',#8079,#8080);
#8079 = CARTESIAN_POINT('',(-239.9807404147,168.18354390801,69.51));
#8080 = VECTOR('',#8081,1.);
#8081 = DIRECTION('',(0.,0.,1.));
#8082 = ORIENTED_EDGE('',*,*,#4351,.T.);
#8083 = ORIENTED_EDGE('',*,*,#1446,.T.);
#8084 = ORIENTED_EDGE('',*,*,#7887,.F.);
#8085 = PLANE('',#8086);
#8086 = AXIS2_PLACEMENT_3D('',#8087,#8088,#8089);
#8087 = CARTESIAN_POINT('',(-239.9807404147,168.18354390801,69.51));
#8088 = DIRECTION('',(-0.359310868243,-0.933217927369,0.));
#8089 = DIRECTION('',(0.933217927369,-0.359310868243,0.));
#8090 = ADVANCED_FACE('',(#8091),#8109,.F.);
#8091 = FACE_BOUND('',#8092,.F.);
#8092 = EDGE_LOOP('',(#8093,#8094,#8095,#8103));
#8093 = ORIENTED_EDGE('',*,*,#1430,.T.);
#8094 = ORIENTED_EDGE('',*,*,#4358,.T.);
#8095 = ORIENTED_EDGE('',*,*,#8096,.T.);
#8096 = EDGE_CURVE('',#4359,#8097,#8099,.T.);
#8097 = VERTEX_POINT('',#8098);
#8098 = CARTESIAN_POINT('',(-239.9098183524,167.48148786747,70.51));
#8099 = LINE('',#8100,#8101);
#8100 = CARTESIAN_POINT('',(-239.9098183524,167.48148786747,69.51));
#8101 = VECTOR('',#8102,1.);
#8102 = DIRECTION('',(0.,0.,1.));
#8103 = ORIENTED_EDGE('',*,*,#8104,.F.);
#8104 = EDGE_CURVE('',#1423,#8097,#8105,.T.);
#8105 = LINE('',#8106,#8107);
#8106 = CARTESIAN_POINT('',(-239.9098183524,167.48148786747,70.51));
#8107 = VECTOR('',#8108,1.);
#8108 = DIRECTION('',(-0.8425009227,-0.538694899967,0.));
#8109 = PLANE('',#8110);
#8110 = AXIS2_PLACEMENT_3D('',#8111,#8112,#8113);
#8111 = CARTESIAN_POINT('',(-239.8326008937,167.53086069313,69.51));
#8112 = DIRECTION('',(-0.538694899967,0.8425009227,0.));
#8113 = DIRECTION('',(-0.8425009227,-0.538694899967,0.));
#8114 = ADVANCED_FACE('',(#8115),#8141,.T.);
#8115 = FACE_BOUND('',#8116,.T.);
#8116 = EDGE_LOOP('',(#8117,#8118,#8119,#8127,#8135));
#8117 = ORIENTED_EDGE('',*,*,#8104,.F.);
#8118 = ORIENTED_EDGE('',*,*,#1422,.T.);
#8119 = ORIENTED_EDGE('',*,*,#8120,.F.);
#8120 = EDGE_CURVE('',#8121,#1415,#8123,.T.);
#8121 = VERTEX_POINT('',#8122);
#8122 = CARTESIAN_POINT('',(-239.9967061529,166.84474419047,70.51));
#8123 = LINE('',#8124,#8125);
#8124 = CARTESIAN_POINT('',(-239.3967061529,166.84474419047,70.51));
#8125 = VECTOR('',#8126,1.);
#8126 = DIRECTION('',(1.,0.,0.));
#8127 = ORIENTED_EDGE('',*,*,#8128,.F.);
#8128 = EDGE_CURVE('',#8129,#8121,#8131,.T.);
#8129 = VERTEX_POINT('',#8130);
#8130 = CARTESIAN_POINT('',(-239.9967061529,167.45232072905,70.51));
#8131 = LINE('',#8132,#8133);
#8132 = CARTESIAN_POINT('',(-239.9967061529,166.84474419047,70.51));
#8133 = VECTOR('',#8134,1.);
#8134 = DIRECTION('',(0.,-1.,0.));
#8135 = ORIENTED_EDGE('',*,*,#8136,.F.);
#8136 = EDGE_CURVE('',#8097,#8129,#8137,.T.);
#8137 = LINE('',#8138,#8139);
#8138 = CARTESIAN_POINT('',(-239.9967061529,167.45232072905,70.51));
#8139 = VECTOR('',#8140,1.);
#8140 = DIRECTION('',(-0.948011671763,-0.318235557726,0.));
#8141 = PLANE('',#8142);
#8142 = AXIS2_PLACEMENT_3D('',#8143,#8144,#8145);
#8143 = CARTESIAN_POINT('',(-233.6467061507,171.44474419047,70.51));
#8144 = DIRECTION('',(0.,0.,-1.));
#8145 = DIRECTION('',(1.,0.,0.));
#8146 = ADVANCED_FACE('',(#8147),#8158,.F.);
#8147 = FACE_BOUND('',#8148,.F.);
#8148 = EDGE_LOOP('',(#8149,#8155,#8156,#8157));
#8149 = ORIENTED_EDGE('',*,*,#8150,.F.);
#8150 = EDGE_CURVE('',#4375,#8121,#8151,.T.);
#8151 = LINE('',#8152,#8153);
#8152 = CARTESIAN_POINT('',(-239.9967061529,166.84474419047,69.51));
#8153 = VECTOR('',#8154,1.);
#8154 = DIRECTION('',(0.,0.,1.));
#8155 = ORIENTED_EDGE('',*,*,#4382,.T.);
#8156 = ORIENTED_EDGE('',*,*,#1414,.T.);
#8157 = ORIENTED_EDGE('',*,*,#8120,.F.);
#8158 = PLANE('',#8159);
#8159 = AXIS2_PLACEMENT_3D('',#8160,#8161,#8162);
#8160 = CARTESIAN_POINT('',(-239.9967061529,166.84474419047,69.51));
#8161 = DIRECTION('',(0.,-1.,0.));
#8162 = DIRECTION('',(1.,0.,0.));
#8163 = ADVANCED_FACE('',(#8164,#8198),#8204,.F.);
#8164 = FACE_BOUND('',#8165,.F.);
#8165 = EDGE_LOOP('',(#8166,#8176,#8184,#8192));
#8166 = ORIENTED_EDGE('',*,*,#8167,.F.);
#8167 = EDGE_CURVE('',#8168,#8170,#8172,.T.);
#8168 = VERTEX_POINT('',#8169);
#8169 = CARTESIAN_POINT('',(-230.325,157.66,70.01));
#8170 = VERTEX_POINT('',#8171);
#8171 = CARTESIAN_POINT('',(-230.325,142.06,70.01));
#8172 = LINE('',#8173,#8174);
#8173 = CARTESIAN_POINT('',(-230.325,157.66,70.01));
#8174 = VECTOR('',#8175,1.);
#8175 = DIRECTION('',(0.,-1.,0.));
#8176 = ORIENTED_EDGE('',*,*,#8177,.T.);
#8177 = EDGE_CURVE('',#8168,#8178,#8180,.T.);
#8178 = VERTEX_POINT('',#8179);
#8179 = CARTESIAN_POINT('',(-245.925,157.66,70.01));
#8180 = LINE('',#8181,#8182);
#8181 = CARTESIAN_POINT('',(-230.325,157.66,70.01));
#8182 = VECTOR('',#8183,1.);
#8183 = DIRECTION('',(-1.,0.,0.));
#8184 = ORIENTED_EDGE('',*,*,#8185,.T.);
#8185 = EDGE_CURVE('',#8178,#8186,#8188,.T.);
#8186 = VERTEX_POINT('',#8187);
#8187 = CARTESIAN_POINT('',(-245.925,142.06,70.01));
#8188 = LINE('',#8189,#8190);
#8189 = CARTESIAN_POINT('',(-245.925,157.66,70.01));
#8190 = VECTOR('',#8191,1.);
#8191 = DIRECTION('',(0.,-1.,0.));
#8192 = ORIENTED_EDGE('',*,*,#8193,.F.);
#8193 = EDGE_CURVE('',#8170,#8186,#8194,.T.);
#8194 = LINE('',#8195,#8196);
#8195 = CARTESIAN_POINT('',(-230.325,142.06,70.01));
#8196 = VECTOR('',#8197,1.);
#8197 = DIRECTION('',(-1.,0.,0.));
#8198 = FACE_BOUND('',#8199,.F.);
#8199 = EDGE_LOOP('',(#8200,#8201,#8202,#8203));
#8200 = ORIENTED_EDGE('',*,*,#1614,.T.);
#8201 = ORIENTED_EDGE('',*,*,#1590,.T.);
#8202 = ORIENTED_EDGE('',*,*,#1645,.T.);
#8203 = ORIENTED_EDGE('',*,*,#1662,.T.);
#8204 = PLANE('',#8205);
#8205 = AXIS2_PLACEMENT_3D('',#8206,#8207,#8208);
#8206 = CARTESIAN_POINT('',(-230.325,157.66,70.01));
#8207 = DIRECTION('',(0.,0.,1.));
#8208 = DIRECTION('',(-1.,0.,0.));
#8209 = ADVANCED_FACE('',(#8210,#8244),#8250,.F.);
#8210 = FACE_BOUND('',#8211,.F.);
#8211 = EDGE_LOOP('',(#8212,#8222,#8230,#8238));
#8212 = ORIENTED_EDGE('',*,*,#8213,.F.);
#8213 = EDGE_CURVE('',#8214,#8216,#8218,.T.);
#8214 = VERTEX_POINT('',#8215);
#8215 = CARTESIAN_POINT('',(-211.275,157.66,70.01));
#8216 = VERTEX_POINT('',#8217);
#8217 = CARTESIAN_POINT('',(-211.275,142.06,70.01));
#8218 = LINE('',#8219,#8220);
#8219 = CARTESIAN_POINT('',(-211.275,157.66,70.01));
#8220 = VECTOR('',#8221,1.);
#8221 = DIRECTION('',(0.,-1.,0.));
#8222 = ORIENTED_EDGE('',*,*,#8223,.T.);
#8223 = EDGE_CURVE('',#8214,#8224,#8226,.T.);
#8224 = VERTEX_POINT('',#8225);
#8225 = CARTESIAN_POINT('',(-226.875,157.66,70.01));
#8226 = LINE('',#8227,#8228);
#8227 = CARTESIAN_POINT('',(-211.275,157.66,70.01));
#8228 = VECTOR('',#8229,1.);
#8229 = DIRECTION('',(-1.,0.,0.));
#8230 = ORIENTED_EDGE('',*,*,#8231,.T.);
#8231 = EDGE_CURVE('',#8224,#8232,#8234,.T.);
#8232 = VERTEX_POINT('',#8233);
#8233 = CARTESIAN_POINT('',(-226.875,142.06,70.01));
#8234 = LINE('',#8235,#8236);
#8235 = CARTESIAN_POINT('',(-226.875,157.66,70.01));
#8236 = VECTOR('',#8237,1.);
#8237 = DIRECTION('',(0.,-1.,0.));
#8238 = ORIENTED_EDGE('',*,*,#8239,.F.);
#8239 = EDGE_CURVE('',#8216,#8232,#8240,.T.);
#8240 = LINE('',#8241,#8242);
#8241 = CARTESIAN_POINT('',(-211.275,142.06,70.01));
#8242 = VECTOR('',#8243,1.);
#8243 = DIRECTION('',(-1.,0.,0.));
#8244 = FACE_BOUND('',#8245,.F.);
#8245 = EDGE_LOOP('',(#8246,#8247,#8248,#8249));
#8246 = ORIENTED_EDGE('',*,*,#1710,.T.);
#8247 = ORIENTED_EDGE('',*,*,#1686,.T.);
#8248 = ORIENTED_EDGE('',*,*,#1741,.T.);
#8249 = ORIENTED_EDGE('',*,*,#1758,.T.);
#8250 = PLANE('',#8251);
#8251 = AXIS2_PLACEMENT_3D('',#8252,#8253,#8254);
#8252 = CARTESIAN_POINT('',(-211.275,157.66,70.01));
#8253 = DIRECTION('',(0.,0.,1.));
#8254 = DIRECTION('',(-1.,0.,0.));
#8255 = ADVANCED_FACE('',(#8256),#8274,.F.);
#8256 = FACE_BOUND('',#8257,.F.);
#8257 = EDGE_LOOP('',(#8258,#8266,#8267,#8268));
#8258 = ORIENTED_EDGE('',*,*,#8259,.F.);
#8259 = EDGE_CURVE('',#5488,#8260,#8262,.T.);
#8260 = VERTEX_POINT('',#8261);
#8261 = CARTESIAN_POINT('',(-186.953293847,178.00186854737,70.51));
#8262 = LINE('',#8263,#8264);
#8263 = CARTESIAN_POINT('',(-186.953293847,178.00186854737,69.51));
#8264 = VECTOR('',#8265,1.);
#8265 = DIRECTION('',(0.,0.,1.));
#8266 = ORIENTED_EDGE('',*,*,#5495,.T.);
#8267 = ORIENTED_EDGE('',*,*,#1806,.F.);
#8268 = ORIENTED_EDGE('',*,*,#8269,.F.);
#8269 = EDGE_CURVE('',#8260,#1799,#8270,.T.);
#8270 = LINE('',#8271,#8272);
#8271 = CARTESIAN_POINT('',(-186.953293847,177.30525580953,70.51));
#8272 = VECTOR('',#8273,1.);
#8273 = DIRECTION('',(0.,-1.,0.));
#8274 = PLANE('',#8275);
#8275 = AXIS2_PLACEMENT_3D('',#8276,#8277,#8278);
#8276 = CARTESIAN_POINT('',(-186.953293847,178.00186854737,69.51));
#8277 = DIRECTION('',(-1.,0.,0.));
#8278 = DIRECTION('',(0.,-1.,0.));
#8279 = ADVANCED_FACE('',(#8280),#8298,.T.);
#8280 = FACE_BOUND('',#8281,.T.);
#8281 = EDGE_LOOP('',(#8282,#8283,#8284,#8292));
#8282 = ORIENTED_EDGE('',*,*,#1798,.F.);
#8283 = ORIENTED_EDGE('',*,*,#8269,.F.);
#8284 = ORIENTED_EDGE('',*,*,#8285,.F.);
#8285 = EDGE_CURVE('',#8286,#8260,#8288,.T.);
#8286 = VERTEX_POINT('',#8287);
#8287 = CARTESIAN_POINT('',(-184.453293847,178.00186854737,70.51));
#8288 = LINE('',#8289,#8290);
#8289 = CARTESIAN_POINT('',(-186.953293847,178.00186854737,70.51));
#8290 = VECTOR('',#8291,1.);
#8291 = DIRECTION('',(-1.,0.,0.));
#8292 = ORIENTED_EDGE('',*,*,#8293,.F.);
#8293 = EDGE_CURVE('',#1791,#8286,#8294,.T.);
#8294 = LINE('',#8295,#8296);
#8295 = CARTESIAN_POINT('',(-184.453293847,178.00186854737,70.51));
#8296 = VECTOR('',#8297,1.);
#8297 = DIRECTION('',(0.,1.,0.));
#8298 = PLANE('',#8299);
#8299 = AXIS2_PLACEMENT_3D('',#8300,#8301,#8302);
#8300 = CARTESIAN_POINT('',(-185.4532938492,171.45525580953,70.51));
#8301 = DIRECTION('',(0.,0.,-1.));
#8302 = DIRECTION('',(1.,0.,0.));
#8303 = ADVANCED_FACE('',(#8304),#8315,.F.);
#8304 = FACE_BOUND('',#8305,.F.);
#8305 = EDGE_LOOP('',(#8306,#8307,#8308,#8314));
#8306 = ORIENTED_EDGE('',*,*,#1790,.F.);
#8307 = ORIENTED_EDGE('',*,*,#5479,.T.);
#8308 = ORIENTED_EDGE('',*,*,#8309,.T.);
#8309 = EDGE_CURVE('',#5480,#8286,#8310,.T.);
#8310 = LINE('',#8311,#8312);
#8311 = CARTESIAN_POINT('',(-184.453293847,178.00186854737,69.51));
#8312 = VECTOR('',#8313,1.);
#8313 = DIRECTION('',(0.,0.,1.));
#8314 = ORIENTED_EDGE('',*,*,#8293,.F.);
#8315 = PLANE('',#8316);
#8316 = AXIS2_PLACEMENT_3D('',#8317,#8318,#8319);
#8317 = CARTESIAN_POINT('',(-184.453293847,177.30525580953,69.51));
#8318 = DIRECTION('',(1.,0.,0.));
#8319 = DIRECTION('',(0.,1.,0.));
#8320 = ADVANCED_FACE('',(#8321),#8339,.F.);
#8321 = FACE_BOUND('',#8322,.F.);
#8322 = EDGE_LOOP('',(#8323,#8324,#8325,#8333));
#8323 = ORIENTED_EDGE('',*,*,#1901,.T.);
#8324 = ORIENTED_EDGE('',*,*,#5503,.T.);
#8325 = ORIENTED_EDGE('',*,*,#8326,.T.);
#8326 = EDGE_CURVE('',#5504,#8327,#8329,.T.);
#8327 = VERTEX_POINT('',#8328);
#8328 = CARTESIAN_POINT('',(-192.7782938493,174.70525580953,70.51));
#8329 = LINE('',#8330,#8331);
#8330 = CARTESIAN_POINT('',(-192.7782938493,174.70525580953,69.51));
#8331 = VECTOR('',#8332,1.);
#8332 = DIRECTION('',(0.,0.,1.));
#8333 = ORIENTED_EDGE('',*,*,#8334,.F.);
#8334 = EDGE_CURVE('',#1894,#8327,#8335,.T.);
#8335 = LINE('',#8336,#8337);
#8336 = CARTESIAN_POINT('',(-192.7782938493,174.70525580953,70.51));
#8337 = VECTOR('',#8338,1.);
#8338 = DIRECTION('',(-1.,0.,0.));
#8339 = PLANE('',#8340);
#8340 = AXIS2_PLACEMENT_3D('',#8341,#8342,#8343);
#8341 = CARTESIAN_POINT('',(-191.703293847,174.70525580953,69.51));
#8342 = DIRECTION('',(0.,1.,0.));
#8343 = DIRECTION('',(-1.,0.,0.));
#8344 = ADVANCED_FACE('',(#8345),#8515,.T.);
#8345 = FACE_BOUND('',#8346,.T.);
#8346 = EDGE_LOOP('',(#8347,#8348,#8356,#8364,#8372,#8380,#8388,#8396,
    #8404,#8412,#8420,#8428,#8436,#8444,#8452,#8460,#8468,#8476,#8484,
    #8492,#8500,#8508,#8514));
#8347 = ORIENTED_EDGE('',*,*,#1893,.T.);
#8348 = ORIENTED_EDGE('',*,*,#8349,.F.);
#8349 = EDGE_CURVE('',#8350,#1886,#8352,.T.);
#8350 = VERTEX_POINT('',#8351);
#8351 = CARTESIAN_POINT('',(-192.7782938493,173.20525580953,70.51));
#8352 = LINE('',#8353,#8354);
#8353 = CARTESIAN_POINT('',(-191.703293847,173.20525580953,70.51));
#8354 = VECTOR('',#8355,1.);
#8355 = DIRECTION('',(1.,0.,0.));
#8356 = ORIENTED_EDGE('',*,*,#8357,.F.);
#8357 = EDGE_CURVE('',#8358,#8350,#8360,.T.);
#8358 = VERTEX_POINT('',#8359);
#8359 = CARTESIAN_POINT('',(-192.7782938492,173.65525580905,70.51));
#8360 = LINE('',#8361,#8362);
#8361 = CARTESIAN_POINT('',(-192.7782938493,173.20525580953,70.51));
#8362 = VECTOR('',#8363,1.);
#8363 = DIRECTION('',(-1.4937187E-10,-1.,0.));
#8364 = ORIENTED_EDGE('',*,*,#8365,.F.);
#8365 = EDGE_CURVE('',#8366,#8358,#8368,.T.);
#8366 = VERTEX_POINT('',#8367);
#8367 = CARTESIAN_POINT('',(-192.8239992208,173.6957493517,70.51));
#8368 = LINE('',#8369,#8370);
#8369 = CARTESIAN_POINT('',(-192.7782938492,173.65525580905,70.51));
#8370 = VECTOR('',#8371,1.);
#8371 = DIRECTION('',(0.748493541996,-0.66314207949,0.));
#8372 = ORIENTED_EDGE('',*,*,#8373,.F.);
#8373 = EDGE_CURVE('',#8374,#8366,#8376,.T.);
#8374 = VERTEX_POINT('',#8375);
#8375 = CARTESIAN_POINT('',(-192.8412007507,173.71497551754,70.51));
#8376 = LINE('',#8377,#8378);
#8377 = CARTESIAN_POINT('',(-192.8239992208,173.6957493517,70.51));
#8378 = VECTOR('',#8379,1.);
#8379 = DIRECTION('',(0.666777011581,-0.745257282304,0.));
#8380 = ORIENTED_EDGE('',*,*,#8381,.F.);
#8381 = EDGE_CURVE('',#8382,#8374,#8384,.T.);
#8382 = VERTEX_POINT('',#8383);
#8383 = CARTESIAN_POINT('',(-192.8625267709,173.74312377517,70.51));
#8384 = LINE('',#8385,#8386);
#8385 = CARTESIAN_POINT('',(-192.8412007507,173.71497551754,70.51));
#8386 = VECTOR('',#8387,1.);
#8387 = DIRECTION('',(0.603886160742,-0.797070577091,0.));
#8388 = ORIENTED_EDGE('',*,*,#8389,.F.);
#8389 = EDGE_CURVE('',#8390,#8382,#8392,.T.);
#8390 = VERTEX_POINT('',#8391);
#8391 = CARTESIAN_POINT('',(-192.8879354089,173.78602216525,70.51));
#8392 = LINE('',#8393,#8394);
#8393 = CARTESIAN_POINT('',(-192.8625267709,173.74312377517,70.51));
#8394 = VECTOR('',#8395,1.);
#8395 = DIRECTION('',(0.50961489493,-0.860402614399,0.));
#8396 = ORIENTED_EDGE('',*,*,#8397,.F.);
#8397 = EDGE_CURVE('',#8398,#8390,#8400,.T.);
#8398 = VERTEX_POINT('',#8399);
#8399 = CARTESIAN_POINT('',(-192.8887040495,173.78755070945,70.51));
#8400 = LINE('',#8401,#8402);
#8401 = CARTESIAN_POINT('',(-192.8879354089,173.78602216525,70.51));
#8402 = VECTOR('',#8403,1.);
#8403 = DIRECTION('',(0.449255093045,-0.893403526618,0.));
#8404 = ORIENTED_EDGE('',*,*,#8405,.F.);
#8405 = EDGE_CURVE('',#8406,#8398,#8408,.T.);
#8406 = VERTEX_POINT('',#8407);
#8407 = CARTESIAN_POINT('',(-192.9093685611,173.83763013493,70.51));
#8408 = LINE('',#8409,#8410);
#8409 = CARTESIAN_POINT('',(-192.8887040495,173.78755070945,70.51));
#8410 = VECTOR('',#8411,1.);
#8411 = DIRECTION('',(0.381437375407,-0.924394682288,0.));
#8412 = ORIENTED_EDGE('',*,*,#8413,.F.);
#8413 = EDGE_CURVE('',#8414,#8406,#8416,.T.);
#8414 = VERTEX_POINT('',#8415);
#8415 = CARTESIAN_POINT('',(-192.9182622246,173.86909846336,70.51));
#8416 = LINE('',#8417,#8418);
#8417 = CARTESIAN_POINT('',(-192.9093685611,173.83763013493,70.51));
#8418 = VECTOR('',#8419,1.);
#8419 = DIRECTION('',(0.271969472331,-0.962305879708,0.));
#8420 = ORIENTED_EDGE('',*,*,#8421,.F.);
#8421 = EDGE_CURVE('',#8422,#8414,#8424,.T.);
#8422 = VERTEX_POINT('',#8423);
#8423 = CARTESIAN_POINT('',(-192.9234689631,173.89529428166,70.51));
#8424 = LINE('',#8425,#8426);
#8425 = CARTESIAN_POINT('',(-192.9182622246,173.86909846336,70.51));
#8426 = VECTOR('',#8427,1.);
#8427 = DIRECTION('',(0.194948639425,-0.980813452185,0.));
#8428 = ORIENTED_EDGE('',*,*,#8429,.F.);
#8429 = EDGE_CURVE('',#8430,#8422,#8432,.T.);
#8430 = VERTEX_POINT('',#8431);
#8431 = CARTESIAN_POINT('',(-192.9282938538,173.95525580953,70.51));
#8432 = LINE('',#8433,#8434);
#8433 = CARTESIAN_POINT('',(-192.9234689631,173.89529428166,70.51));
#8434 = VECTOR('',#8435,1.);
#8435 = DIRECTION('',(8.020719457772E-02,-0.996778213013,0.));
#8436 = ORIENTED_EDGE('',*,*,#8437,.F.);
#8437 = EDGE_CURVE('',#8438,#8430,#8440,.T.);
#8438 = VERTEX_POINT('',#8439);
#8439 = CARTESIAN_POINT('',(-192.9234689631,174.01521733739,70.51));
#8440 = LINE('',#8441,#8442);
#8441 = CARTESIAN_POINT('',(-192.9282938538,173.95525580953,70.51));
#8442 = VECTOR('',#8443,1.);
#8443 = DIRECTION('',(-8.020719457821E-02,-0.996778213013,0.));
#8444 = ORIENTED_EDGE('',*,*,#8445,.F.);
#8445 = EDGE_CURVE('',#8446,#8438,#8448,.T.);
#8446 = VERTEX_POINT('',#8447);
#8447 = CARTESIAN_POINT('',(-192.9182622246,174.04141315569,70.51));
#8448 = LINE('',#8449,#8450);
#8449 = CARTESIAN_POINT('',(-192.9234689631,174.01521733739,70.51));
#8450 = VECTOR('',#8451,1.);
#8451 = DIRECTION('',(-0.194948639425,-0.980813452185,0.));
#8452 = ORIENTED_EDGE('',*,*,#8453,.F.);
#8453 = EDGE_CURVE('',#8454,#8446,#8456,.T.);
#8454 = VERTEX_POINT('',#8455);
#8455 = CARTESIAN_POINT('',(-192.9093685611,174.07288148413,70.51));
#8456 = LINE('',#8457,#8458);
#8457 = CARTESIAN_POINT('',(-192.9182622246,174.04141315569,70.51));
#8458 = VECTOR('',#8459,1.);
#8459 = DIRECTION('',(-0.27196947233,-0.962305879708,0.));
#8460 = ORIENTED_EDGE('',*,*,#8461,.F.);
#8461 = EDGE_CURVE('',#8462,#8454,#8464,.T.);
#8462 = VERTEX_POINT('',#8463);
#8463 = CARTESIAN_POINT('',(-192.8887040495,174.1229609096,70.51));
#8464 = LINE('',#8465,#8466);
#8465 = CARTESIAN_POINT('',(-192.9093685611,174.07288148413,70.51));
#8466 = VECTOR('',#8467,1.);
#8467 = DIRECTION('',(-0.381437375407,-0.924394682288,0.));
#8468 = ORIENTED_EDGE('',*,*,#8469,.F.);
#8469 = EDGE_CURVE('',#8470,#8462,#8472,.T.);
#8470 = VERTEX_POINT('',#8471);
#8471 = CARTESIAN_POINT('',(-192.8879354089,174.1244894538,70.51));
#8472 = LINE('',#8473,#8474);
#8473 = CARTESIAN_POINT('',(-192.8887040495,174.1229609096,70.51));
#8474 = VECTOR('',#8475,1.);
#8475 = DIRECTION('',(-0.449255093037,-0.893403526622,0.));
#8476 = ORIENTED_EDGE('',*,*,#8477,.F.);
#8477 = EDGE_CURVE('',#8478,#8470,#8480,.T.);
#8478 = VERTEX_POINT('',#8479);
#8479 = CARTESIAN_POINT('',(-192.8625267709,174.16738784388,70.51));
#8480 = LINE('',#8481,#8482);
#8481 = CARTESIAN_POINT('',(-192.8879354089,174.1244894538,70.51));
#8482 = VECTOR('',#8483,1.);
#8483 = DIRECTION('',(-0.50961489493,-0.860402614399,0.));
#8484 = ORIENTED_EDGE('',*,*,#8485,.F.);
#8485 = EDGE_CURVE('',#8486,#8478,#8488,.T.);
#8486 = VERTEX_POINT('',#8487);
#8487 = CARTESIAN_POINT('',(-192.8412007507,174.19553610151,70.51));
#8488 = LINE('',#8489,#8490);
#8489 = CARTESIAN_POINT('',(-192.8625267709,174.16738784388,70.51));
#8490 = VECTOR('',#8491,1.);
#8491 = DIRECTION('',(-0.603886160742,-0.797070577091,0.));
#8492 = ORIENTED_EDGE('',*,*,#8493,.F.);
#8493 = EDGE_CURVE('',#8494,#8486,#8496,.T.);
#8494 = VERTEX_POINT('',#8495);
#8495 = CARTESIAN_POINT('',(-192.8239992205,174.21476226765,70.51));
#8496 = LINE('',#8497,#8498);
#8497 = CARTESIAN_POINT('',(-192.8412007507,174.19553610151,70.51));
#8498 = VECTOR('',#8499,1.);
#8499 = DIRECTION('',(-0.666777012022,-0.74525728191,0.));
#8500 = ORIENTED_EDGE('',*,*,#8501,.F.);
#8501 = EDGE_CURVE('',#8502,#8494,#8504,.T.);
#8502 = VERTEX_POINT('',#8503);
#8503 = CARTESIAN_POINT('',(-192.7782938492,174.25525581,70.51));
#8504 = LINE('',#8505,#8506);
#8505 = CARTESIAN_POINT('',(-192.8239992205,174.21476226765,70.51));
#8506 = VECTOR('',#8507,1.);
#8507 = DIRECTION('',(-0.748493542362,-0.663142079077,0.));
#8508 = ORIENTED_EDGE('',*,*,#8509,.F.);
#8509 = EDGE_CURVE('',#8327,#8502,#8510,.T.);
#8510 = LINE('',#8511,#8512);
#8511 = CARTESIAN_POINT('',(-192.7782938492,174.25525581,70.51));
#8512 = VECTOR('',#8513,1.);
#8513 = DIRECTION('',(1.4937187E-10,-1.,0.));
#8514 = ORIENTED_EDGE('',*,*,#8334,.F.);
#8515 = PLANE('',#8516);
#8516 = AXIS2_PLACEMENT_3D('',#8517,#8518,#8519);
#8517 = CARTESIAN_POINT('',(-185.4532938492,171.45525580953,70.51));
#8518 = DIRECTION('',(0.,0.,-1.));
#8519 = DIRECTION('',(1.,0.,0.));
#8520 = ADVANCED_FACE('',(#8521),#8532,.F.);
#8521 = FACE_BOUND('',#8522,.F.);
#8522 = EDGE_LOOP('',(#8523,#8529,#8530,#8531));
#8523 = ORIENTED_EDGE('',*,*,#8524,.F.);
#8524 = EDGE_CURVE('',#5664,#8350,#8525,.T.);
#8525 = LINE('',#8526,#8527);
#8526 = CARTESIAN_POINT('',(-192.7782938493,173.20525580953,69.51));
#8527 = VECTOR('',#8528,1.);
#8528 = DIRECTION('',(0.,0.,1.));
#8529 = ORIENTED_EDGE('',*,*,#5671,.T.);
#8530 = ORIENTED_EDGE('',*,*,#1885,.T.);
#8531 = ORIENTED_EDGE('',*,*,#8349,.F.);
#8532 = PLANE('',#8533);
#8533 = AXIS2_PLACEMENT_3D('',#8534,#8535,#8536);
#8534 = CARTESIAN_POINT('',(-192.7782938493,173.20525580953,69.51));
#8535 = DIRECTION('',(0.,-1.,0.));
#8536 = DIRECTION('',(1.,0.,0.));
#8537 = ADVANCED_FACE('',(#8538),#8556,.F.);
#8538 = FACE_BOUND('',#8539,.F.);
#8539 = EDGE_LOOP('',(#8540,#8541,#8542,#8550));
#8540 = ORIENTED_EDGE('',*,*,#1869,.T.);
#8541 = ORIENTED_EDGE('',*,*,#5678,.T.);
#8542 = ORIENTED_EDGE('',*,*,#8543,.T.);
#8543 = EDGE_CURVE('',#5679,#8544,#8546,.T.);
#8544 = VERTEX_POINT('',#8545);
#8545 = CARTESIAN_POINT('',(-192.7782938493,169.70525580953,70.51));
#8546 = LINE('',#8547,#8548);
#8547 = CARTESIAN_POINT('',(-192.7782938493,169.70525580953,69.51));
#8548 = VECTOR('',#8549,1.);
#8549 = DIRECTION('',(0.,0.,1.));
#8550 = ORIENTED_EDGE('',*,*,#8551,.F.);
#8551 = EDGE_CURVE('',#1862,#8544,#8552,.T.);
#8552 = LINE('',#8553,#8554);
#8553 = CARTESIAN_POINT('',(-192.7782938493,169.70525580953,70.51));
#8554 = VECTOR('',#8555,1.);
#8555 = DIRECTION('',(-1.,0.,0.));
#8556 = PLANE('',#8557);
#8557 = AXIS2_PLACEMENT_3D('',#8558,#8559,#8560);
#8558 = CARTESIAN_POINT('',(-191.7032938468,169.70525580953,69.51));
#8559 = DIRECTION('',(0.,1.,0.));
#8560 = DIRECTION('',(-1.,0.,0.));
#8561 = ADVANCED_FACE('',(#8562),#8732,.T.);
#8562 = FACE_BOUND('',#8563,.T.);
#8563 = EDGE_LOOP('',(#8564,#8565,#8573,#8581,#8589,#8597,#8605,#8613,
    #8621,#8629,#8637,#8645,#8653,#8661,#8669,#8677,#8685,#8693,#8701,
    #8709,#8717,#8725,#8731));
#8564 = ORIENTED_EDGE('',*,*,#1861,.T.);
#8565 = ORIENTED_EDGE('',*,*,#8566,.F.);
#8566 = EDGE_CURVE('',#8567,#1854,#8569,.T.);
#8567 = VERTEX_POINT('',#8568);
#8568 = CARTESIAN_POINT('',(-192.7782938493,168.20525580953,70.51));
#8569 = LINE('',#8570,#8571);
#8570 = CARTESIAN_POINT('',(-191.703293847,168.20525580953,70.51));
#8571 = VECTOR('',#8572,1.);
#8572 = DIRECTION('',(1.,0.,0.));
#8573 = ORIENTED_EDGE('',*,*,#8574,.F.);
#8574 = EDGE_CURVE('',#8575,#8567,#8577,.T.);
#8575 = VERTEX_POINT('',#8576);
#8576 = CARTESIAN_POINT('',(-192.7782938492,168.65525580905,70.51));
#8577 = LINE('',#8578,#8579);
#8578 = CARTESIAN_POINT('',(-192.7782938493,168.20525580953,70.51));
#8579 = VECTOR('',#8580,1.);
#8580 = DIRECTION('',(-1.4937187E-10,-1.,0.));
#8581 = ORIENTED_EDGE('',*,*,#8582,.F.);
#8582 = EDGE_CURVE('',#8583,#8575,#8585,.T.);
#8583 = VERTEX_POINT('',#8584);
#8584 = CARTESIAN_POINT('',(-192.8239992208,168.6957493517,70.51));
#8585 = LINE('',#8586,#8587);
#8586 = CARTESIAN_POINT('',(-192.7782938492,168.65525580905,70.51));
#8587 = VECTOR('',#8588,1.);
#8588 = DIRECTION('',(0.748493542002,-0.663142079484,0.));
#8589 = ORIENTED_EDGE('',*,*,#8590,.F.);
#8590 = EDGE_CURVE('',#8591,#8583,#8593,.T.);
#8591 = VERTEX_POINT('',#8592);
#8592 = CARTESIAN_POINT('',(-192.8412007506,168.71497551745,70.51));
#8593 = LINE('',#8594,#8595);
#8594 = CARTESIAN_POINT('',(-192.8239992208,168.6957493517,70.51));
#8595 = VECTOR('',#8596,1.);
#8596 = DIRECTION('',(0.666777011688,-0.745257282208,0.));
#8597 = ORIENTED_EDGE('',*,*,#8598,.F.);
#8598 = EDGE_CURVE('',#8599,#8591,#8601,.T.);
#8599 = VERTEX_POINT('',#8600);
#8600 = CARTESIAN_POINT('',(-192.8625267709,168.74312377517,70.51));
#8601 = LINE('',#8602,#8603);
#8602 = CARTESIAN_POINT('',(-192.8412007506,168.71497551745,70.51));
#8603 = VECTOR('',#8604,1.);
#8604 = DIRECTION('',(0.603886160865,-0.797070576998,0.));
#8605 = ORIENTED_EDGE('',*,*,#8606,.F.);
#8606 = EDGE_CURVE('',#8607,#8599,#8609,.T.);
#8607 = VERTEX_POINT('',#8608);
#8608 = CARTESIAN_POINT('',(-192.8879354089,168.78602216525,70.51));
#8609 = LINE('',#8610,#8611);
#8610 = CARTESIAN_POINT('',(-192.8625267709,168.74312377517,70.51));
#8611 = VECTOR('',#8612,1.);
#8612 = DIRECTION('',(0.509614894932,-0.860402614398,0.));
#8613 = ORIENTED_EDGE('',*,*,#8614,.F.);
#8614 = EDGE_CURVE('',#8615,#8607,#8617,.T.);
#8615 = VERTEX_POINT('',#8616);
#8616 = CARTESIAN_POINT('',(-192.8887040494,168.78755070924,70.51));
#8617 = LINE('',#8618,#8619);
#8618 = CARTESIAN_POINT('',(-192.8879354089,168.78602216525,70.51));
#8619 = VECTOR('',#8620,1.);
#8620 = DIRECTION('',(0.449255093324,-0.893403526478,0.));
#8621 = ORIENTED_EDGE('',*,*,#8622,.F.);
#8622 = EDGE_CURVE('',#8623,#8615,#8625,.T.);
#8623 = VERTEX_POINT('',#8624);
#8624 = CARTESIAN_POINT('',(-192.9093685611,168.83763013493,70.51));
#8625 = LINE('',#8626,#8627);
#8626 = CARTESIAN_POINT('',(-192.8887040494,168.78755070924,70.51));
#8627 = VECTOR('',#8628,1.);
#8628 = DIRECTION('',(0.381437375703,-0.924394682166,0.));
#8629 = ORIENTED_EDGE('',*,*,#8630,.F.);
#8630 = EDGE_CURVE('',#8631,#8623,#8633,.T.);
#8631 = VERTEX_POINT('',#8632);
#8632 = CARTESIAN_POINT('',(-192.9182622245,168.86909846301,70.51));
#8633 = LINE('',#8634,#8635);
#8634 = CARTESIAN_POINT('',(-192.9093685611,168.83763013493,70.51));
#8635 = VECTOR('',#8636,1.);
#8636 = DIRECTION('',(0.271969472793,-0.962305879577,0.));
#8637 = ORIENTED_EDGE('',*,*,#8638,.F.);
#8638 = EDGE_CURVE('',#8639,#8631,#8641,.T.);
#8639 = VERTEX_POINT('',#8640);
#8640 = CARTESIAN_POINT('',(-192.9234689631,168.89529428166,70.51));
#8641 = LINE('',#8642,#8643);
#8642 = CARTESIAN_POINT('',(-192.9182622245,168.86909846301,70.51));
#8643 = VECTOR('',#8644,1.);
#8644 = DIRECTION('',(0.194948639896,-0.980813452091,0.));
#8645 = ORIENTED_EDGE('',*,*,#8646,.F.);
#8646 = EDGE_CURVE('',#8647,#8639,#8649,.T.);
#8647 = VERTEX_POINT('',#8648);
#8648 = CARTESIAN_POINT('',(-192.9282938538,168.95525580904,70.51));
#8649 = LINE('',#8650,#8651);
#8650 = CARTESIAN_POINT('',(-192.9234689631,168.89529428166,70.51));
#8651 = VECTOR('',#8652,1.);
#8652 = DIRECTION('',(8.02071952169E-02,-0.996778212962,0.));
#8653 = ORIENTED_EDGE('',*,*,#8654,.F.);
#8654 = EDGE_CURVE('',#8655,#8647,#8657,.T.);
#8655 = VERTEX_POINT('',#8656);
#8656 = CARTESIAN_POINT('',(-192.9234689631,169.01521733739,70.51));
#8657 = LINE('',#8658,#8659);
#8658 = CARTESIAN_POINT('',(-192.9282938538,168.95525580904,70.51));
#8659 = VECTOR('',#8660,1.);
#8660 = DIRECTION('',(-8.020719393958E-02,-0.996778213065,0.));
#8661 = ORIENTED_EDGE('',*,*,#8662,.F.);
#8662 = EDGE_CURVE('',#8663,#8655,#8665,.T.);
#8663 = VERTEX_POINT('',#8664);
#8664 = CARTESIAN_POINT('',(-192.9182622248,169.0414131551,70.51));
#8665 = LINE('',#8666,#8667);
#8666 = CARTESIAN_POINT('',(-192.9234689631,169.01521733739,70.51));
#8667 = VECTOR('',#8668,1.);
#8668 = DIRECTION('',(-0.194948638638,-0.980813452341,0.));
#8669 = ORIENTED_EDGE('',*,*,#8670,.F.);
#8670 = EDGE_CURVE('',#8671,#8663,#8673,.T.);
#8671 = VERTEX_POINT('',#8672);
#8672 = CARTESIAN_POINT('',(-192.9093685611,169.07288148413,70.51));
#8673 = LINE('',#8674,#8675);
#8674 = CARTESIAN_POINT('',(-192.9182622248,169.0414131551,70.51));
#8675 = VECTOR('',#8676,1.);
#8676 = DIRECTION('',(-0.27196947156,-0.962305879926,0.));
#8677 = ORIENTED_EDGE('',*,*,#8678,.F.);
#8678 = EDGE_CURVE('',#8679,#8671,#8681,.T.);
#8679 = VERTEX_POINT('',#8680);
#8680 = CARTESIAN_POINT('',(-192.8887040499,169.12296090895,70.51));
#8681 = LINE('',#8682,#8683);
#8682 = CARTESIAN_POINT('',(-192.9093685611,169.07288148413,70.51));
#8683 = VECTOR('',#8684,1.);
#8684 = DIRECTION('',(-0.381437374518,-0.924394682655,0.));
#8685 = ORIENTED_EDGE('',*,*,#8686,.F.);
#8686 = EDGE_CURVE('',#8687,#8679,#8689,.T.);
#8687 = VERTEX_POINT('',#8688);
#8688 = CARTESIAN_POINT('',(-192.8879354089,169.1244894538,70.51));
#8689 = LINE('',#8690,#8691);
#8690 = CARTESIAN_POINT('',(-192.8887040499,169.12296090895,70.51));
#8691 = VECTOR('',#8692,1.);
#8692 = DIRECTION('',(-0.449255092177,-0.893403527054,0.));
#8693 = ORIENTED_EDGE('',*,*,#8694,.F.);
#8694 = EDGE_CURVE('',#8695,#8687,#8697,.T.);
#8695 = VERTEX_POINT('',#8696);
#8696 = CARTESIAN_POINT('',(-192.8625267709,169.16738784388,70.51));
#8697 = LINE('',#8698,#8699);
#8698 = CARTESIAN_POINT('',(-192.8879354089,169.1244894538,70.51));
#8699 = VECTOR('',#8700,1.);
#8700 = DIRECTION('',(-0.509614894928,-0.8604026144,0.));
#8701 = ORIENTED_EDGE('',*,*,#8702,.F.);
#8702 = EDGE_CURVE('',#8703,#8695,#8705,.T.);
#8703 = VERTEX_POINT('',#8704);
#8704 = CARTESIAN_POINT('',(-192.8412007512,169.19553610086,70.51));
#8705 = LINE('',#8706,#8707);
#8706 = CARTESIAN_POINT('',(-192.8625267709,169.16738784388,70.51));
#8707 = VECTOR('',#8708,1.);
#8708 = DIRECTION('',(-0.603886159851,-0.797070577766,0.));
#8709 = ORIENTED_EDGE('',*,*,#8710,.F.);
#8710 = EDGE_CURVE('',#8711,#8703,#8713,.T.);
#8711 = VERTEX_POINT('',#8712);
#8712 = CARTESIAN_POINT('',(-192.8239992209,169.21476226735,70.51));
#8713 = LINE('',#8714,#8715);
#8714 = CARTESIAN_POINT('',(-192.8412007512,169.19553610086,70.51));
#8715 = VECTOR('',#8716,1.);
#8716 = DIRECTION('',(-0.666777009545,-0.745257284126,0.));
#8717 = ORIENTED_EDGE('',*,*,#8718,.F.);
#8718 = EDGE_CURVE('',#8719,#8711,#8721,.T.);
#8719 = VERTEX_POINT('',#8720);
#8720 = CARTESIAN_POINT('',(-192.7782938508,169.25525581048,70.51));
#8721 = LINE('',#8722,#8723);
#8722 = CARTESIAN_POINT('',(-192.8239992209,169.21476226735,70.51));
#8723 = VECTOR('',#8724,1.);
#8724 = DIRECTION('',(-0.74849352727,-0.663142096111,0.));
#8725 = ORIENTED_EDGE('',*,*,#8726,.F.);
#8726 = EDGE_CURVE('',#8544,#8719,#8727,.T.);
#8727 = LINE('',#8728,#8729);
#8728 = CARTESIAN_POINT('',(-192.7782938508,169.25525581048,70.51));
#8729 = VECTOR('',#8730,1.);
#8730 = DIRECTION('',(-3.31886618E-09,-1.,0.));
#8731 = ORIENTED_EDGE('',*,*,#8551,.F.);
#8732 = PLANE('',#8733);
#8733 = AXIS2_PLACEMENT_3D('',#8734,#8735,#8736);
#8734 = CARTESIAN_POINT('',(-185.4532938492,171.45525580953,70.51));
#8735 = DIRECTION('',(0.,0.,-1.));
#8736 = DIRECTION('',(1.,0.,0.));
#8737 = ADVANCED_FACE('',(#8738),#8749,.F.);
#8738 = FACE_BOUND('',#8739,.F.);
#8739 = EDGE_LOOP('',(#8740,#8746,#8747,#8748));
#8740 = ORIENTED_EDGE('',*,*,#8741,.F.);
#8741 = EDGE_CURVE('',#5839,#8567,#8742,.T.);
#8742 = LINE('',#8743,#8744);
#8743 = CARTESIAN_POINT('',(-192.7782938493,168.20525580953,69.51));
#8744 = VECTOR('',#8745,1.);
#8745 = DIRECTION('',(0.,0.,1.));
#8746 = ORIENTED_EDGE('',*,*,#5846,.T.);
#8747 = ORIENTED_EDGE('',*,*,#1853,.T.);
#8748 = ORIENTED_EDGE('',*,*,#8566,.F.);
#8749 = PLANE('',#8750);
#8750 = AXIS2_PLACEMENT_3D('',#8751,#8752,#8753);
#8751 = CARTESIAN_POINT('',(-192.7782938493,168.20525580953,69.51));
#8752 = DIRECTION('',(0.,-1.,0.));
#8753 = DIRECTION('',(1.,0.,0.));
#8754 = ADVANCED_FACE('',(#8755),#8773,.F.);
#8755 = FACE_BOUND('',#8756,.F.);
#8756 = EDGE_LOOP('',(#8757,#8765,#8766,#8767));
#8757 = ORIENTED_EDGE('',*,*,#8758,.F.);
#8758 = EDGE_CURVE('',#5464,#8759,#8761,.T.);
#8759 = VERTEX_POINT('',#8760);
#8760 = CARTESIAN_POINT('',(-179.103293847,176.05525580953,70.51));
#8761 = LINE('',#8762,#8763);
#8762 = CARTESIAN_POINT('',(-179.103293847,176.05525580953,69.51));
#8763 = VECTOR('',#8764,1.);
#8764 = DIRECTION('',(0.,0.,1.));
#8765 = ORIENTED_EDGE('',*,*,#5471,.T.);
#8766 = ORIENTED_EDGE('',*,*,#2085,.F.);
#8767 = ORIENTED_EDGE('',*,*,#8768,.F.);
#8768 = EDGE_CURVE('',#8759,#2078,#8769,.T.);
#8769 = LINE('',#8770,#8771);
#8770 = CARTESIAN_POINT('',(-179.703293847,176.05525580953,70.51));
#8771 = VECTOR('',#8772,1.);
#8772 = DIRECTION('',(-1.,0.,0.));
#8773 = PLANE('',#8774);
#8774 = AXIS2_PLACEMENT_3D('',#8775,#8776,#8777);
#8775 = CARTESIAN_POINT('',(-179.103293847,176.05525580953,69.51));
#8776 = DIRECTION('',(0.,1.,0.));
#8777 = DIRECTION('',(-1.,0.,0.));
#8778 = ADVANCED_FACE('',(#8779),#8805,.T.);
#8779 = FACE_BOUND('',#8780,.T.);
#8780 = EDGE_LOOP('',(#8781,#8789,#8790,#8791,#8799));
#8781 = ORIENTED_EDGE('',*,*,#8782,.F.);
#8782 = EDGE_CURVE('',#2070,#8783,#8785,.T.);
#8783 = VERTEX_POINT('',#8784);
#8784 = CARTESIAN_POINT('',(-179.1901816475,175.41851213252,70.51));
#8785 = LINE('',#8786,#8787);
#8786 = CARTESIAN_POINT('',(-179.1901816475,175.41851213252,70.51));
#8787 = VECTOR('',#8788,1.);
#8788 = DIRECTION('',(0.8425009227,0.538694899967,0.));
#8789 = ORIENTED_EDGE('',*,*,#2077,.F.);
#8790 = ORIENTED_EDGE('',*,*,#8768,.F.);
#8791 = ORIENTED_EDGE('',*,*,#8792,.F.);
#8792 = EDGE_CURVE('',#8793,#8759,#8795,.T.);
#8793 = VERTEX_POINT('',#8794);
#8794 = CARTESIAN_POINT('',(-179.103293847,175.44767927094,70.51));
#8795 = LINE('',#8796,#8797);
#8796 = CARTESIAN_POINT('',(-179.103293847,176.05525580953,70.51));
#8797 = VECTOR('',#8798,1.);
#8798 = DIRECTION('',(0.,1.,0.));
#8799 = ORIENTED_EDGE('',*,*,#8800,.F.);
#8800 = EDGE_CURVE('',#8783,#8793,#8801,.T.);
#8801 = LINE('',#8802,#8803);
#8802 = CARTESIAN_POINT('',(-179.103293847,175.44767927094,70.51));
#8803 = VECTOR('',#8804,1.);
#8804 = DIRECTION('',(0.948011671763,0.318235557726,0.));
#8805 = PLANE('',#8806);
#8806 = AXIS2_PLACEMENT_3D('',#8807,#8808,#8809);
#8807 = CARTESIAN_POINT('',(-185.4532938492,171.45525580953,70.51));
#8808 = DIRECTION('',(0.,0.,-1.));
#8809 = DIRECTION('',(1.,0.,0.));
#8810 = ADVANCED_FACE('',(#8811),#8822,.F.);
#8811 = FACE_BOUND('',#8812,.F.);
#8812 = EDGE_LOOP('',(#8813,#8814,#8815,#8821));
#8813 = ORIENTED_EDGE('',*,*,#2069,.F.);
#8814 = ORIENTED_EDGE('',*,*,#5447,.T.);
#8815 = ORIENTED_EDGE('',*,*,#8816,.T.);
#8816 = EDGE_CURVE('',#5448,#8783,#8817,.T.);
#8817 = LINE('',#8818,#8819);
#8818 = CARTESIAN_POINT('',(-179.1901816475,175.41851213252,69.51));
#8819 = VECTOR('',#8820,1.);
#8820 = DIRECTION('',(0.,0.,1.));
#8821 = ORIENTED_EDGE('',*,*,#8782,.F.);
#8822 = PLANE('',#8823);
#8823 = AXIS2_PLACEMENT_3D('',#8824,#8825,#8826);
#8824 = CARTESIAN_POINT('',(-179.2673991062,175.36913930686,69.51));
#8825 = DIRECTION('',(0.538694899967,-0.8425009227,0.));
#8826 = DIRECTION('',(0.8425009227,0.538694899967,0.));
#8827 = ADVANCED_FACE('',(#8828),#8846,.F.);
#8828 = FACE_BOUND('',#8829,.F.);
#8829 = EDGE_LOOP('',(#8830,#8838,#8839,#8840));
#8830 = ORIENTED_EDGE('',*,*,#8831,.F.);
#8831 = EDGE_CURVE('',#5433,#8832,#8834,.T.);
#8832 = VERTEX_POINT('',#8833);
#8833 = CARTESIAN_POINT('',(-179.1192595852,174.71645609198,70.51));
#8834 = LINE('',#8835,#8836);
#8835 = CARTESIAN_POINT('',(-179.1192595852,174.71645609198,69.51));
#8836 = VECTOR('',#8837,1.);
#8837 = DIRECTION('',(0.,0.,1.));
#8838 = ORIENTED_EDGE('',*,*,#5440,.T.);
#8839 = ORIENTED_EDGE('',*,*,#2053,.F.);
#8840 = ORIENTED_EDGE('',*,*,#8841,.F.);
#8841 = EDGE_CURVE('',#8832,#2046,#8842,.T.);
#8842 = LINE('',#8843,#8844);
#8843 = CARTESIAN_POINT('',(-179.2047914995,174.74938789226,70.51));
#8844 = VECTOR('',#8845,1.);
#8845 = DIRECTION('',(-0.933217927369,0.359310868243,0.));
#8846 = PLANE('',#8847);
#8847 = AXIS2_PLACEMENT_3D('',#8848,#8849,#8850);
#8848 = CARTESIAN_POINT('',(-179.1192595852,174.71645609198,69.51));
#8849 = DIRECTION('',(0.359310868243,0.933217927369,0.));
#8850 = DIRECTION('',(-0.933217927369,0.359310868243,0.));
#8851 = ADVANCED_FACE('',(#8852),#9038,.T.);
#8852 = FACE_BOUND('',#8853,.T.);
#8853 = EDGE_LOOP('',(#8854,#8862,#8863,#8864,#8872,#8880,#8888,#8896,
    #8904,#8912,#8920,#8928,#8936,#8944,#8952,#8960,#8968,#8976,#8984,
    #8992,#9000,#9008,#9016,#9024,#9032));
#8854 = ORIENTED_EDGE('',*,*,#8855,.F.);
#8855 = EDGE_CURVE('',#2038,#8856,#8858,.T.);
#8856 = VERTEX_POINT('',#8857);
#8857 = CARTESIAN_POINT('',(-178.1282938446,173.20525580953,70.51));
#8858 = LINE('',#8859,#8860);
#8859 = CARTESIAN_POINT('',(-178.1282938446,173.20525580953,70.51));
#8860 = VECTOR('',#8861,1.);
#8861 = DIRECTION('',(1.,0.,0.));
#8862 = ORIENTED_EDGE('',*,*,#2045,.F.);
#8863 = ORIENTED_EDGE('',*,*,#8841,.F.);
#8864 = ORIENTED_EDGE('',*,*,#8865,.F.);
#8865 = EDGE_CURVE('',#8866,#8832,#8868,.T.);
#8866 = VERTEX_POINT('',#8867);
#8867 = CARTESIAN_POINT('',(-179.028293847,174.70525580953,70.51));
#8868 = LINE('',#8869,#8870);
#8869 = CARTESIAN_POINT('',(-179.1192595852,174.71645609198,70.51));
#8870 = VECTOR('',#8871,1.);
#8871 = DIRECTION('',(-0.992505057953,0.122203559427,0.));
#8872 = ORIENTED_EDGE('',*,*,#8873,.F.);
#8873 = EDGE_CURVE('',#8874,#8866,#8876,.T.);
#8874 = VERTEX_POINT('',#8875);
#8875 = CARTESIAN_POINT('',(-178.1282938446,174.70525580953,70.51));
#8876 = LINE('',#8877,#8878);
#8877 = CARTESIAN_POINT('',(-179.028293847,174.70525580953,70.51));
#8878 = VECTOR('',#8879,1.);
#8879 = DIRECTION('',(-1.,-3.947E-14,0.));
#8880 = ORIENTED_EDGE('',*,*,#8881,.F.);
#8881 = EDGE_CURVE('',#8882,#8874,#8884,.T.);
#8882 = VERTEX_POINT('',#8883);
#8883 = CARTESIAN_POINT('',(-178.1282938448,174.25525580798,70.51));
#8884 = LINE('',#8885,#8886);
#8885 = CARTESIAN_POINT('',(-178.1282938446,174.70525580953,70.51));
#8886 = VECTOR('',#8887,1.);
#8887 = DIRECTION('',(3.1587572E-10,1.,0.));
#8888 = ORIENTED_EDGE('',*,*,#8889,.F.);
#8889 = EDGE_CURVE('',#8890,#8882,#8892,.T.);
#8890 = VERTEX_POINT('',#8891);
#8891 = CARTESIAN_POINT('',(-178.0825884748,174.21476226693,70.51));
#8892 = LINE('',#8893,#8894);
#8893 = CARTESIAN_POINT('',(-178.1282938448,174.25525580798,70.51));
#8894 = VECTOR('',#8895,1.);
#8895 = DIRECTION('',(-0.748493543299,0.663142078019,0.));
#8896 = ORIENTED_EDGE('',*,*,#8897,.F.);
#8897 = EDGE_CURVE('',#8898,#8890,#8900,.T.);
#8898 = VERTEX_POINT('',#8899);
#8899 = CARTESIAN_POINT('',(-178.0653869472,174.19553609799,70.51));
#8900 = LINE('',#8901,#8902);
#8901 = CARTESIAN_POINT('',(-178.0825884748,174.21476226693,70.51));
#8902 = VECTOR('',#8903,1.);
#8903 = DIRECTION('',(-0.666776902772,0.745257379655,0.));
#8904 = ORIENTED_EDGE('',*,*,#8905,.F.);
#8905 = EDGE_CURVE('',#8906,#8898,#8908,.T.);
#8906 = VERTEX_POINT('',#8907);
#8907 = CARTESIAN_POINT('',(-178.0440609251,174.16738784388,70.51));
#8908 = LINE('',#8909,#8910);
#8909 = CARTESIAN_POINT('',(-178.0653869472,174.19553609799,70.51));
#8910 = VECTOR('',#8911,1.);
#8911 = DIRECTION('',(-0.603886242514,0.797070515138,0.));
#8912 = ORIENTED_EDGE('',*,*,#8913,.F.);
#8913 = EDGE_CURVE('',#8914,#8906,#8916,.T.);
#8914 = VERTEX_POINT('',#8915);
#8915 = CARTESIAN_POINT('',(-178.0186522871,174.12448945381,70.51));
#8916 = LINE('',#8917,#8918);
#8917 = CARTESIAN_POINT('',(-178.0440609251,174.16738784388,70.51));
#8918 = VECTOR('',#8919,1.);
#8919 = DIRECTION('',(-0.509614895516,0.860402614052,0.));
#8920 = ORIENTED_EDGE('',*,*,#8921,.F.);
#8921 = EDGE_CURVE('',#8922,#8914,#8924,.T.);
#8922 = VERTEX_POINT('',#8923);
#8923 = CARTESIAN_POINT('',(-178.0178836502,174.12296090739,70.51));
#8924 = LINE('',#8925,#8926);
#8925 = CARTESIAN_POINT('',(-178.0186522871,174.12448945381,70.51));
#8926 = VECTOR('',#8927,1.);
#8927 = DIRECTION('',(-0.449252825156,0.89340466704,0.));
#8928 = ORIENTED_EDGE('',*,*,#8929,.F.);
#8929 = EDGE_CURVE('',#8930,#8922,#8932,.T.);
#8930 = VERTEX_POINT('',#8931);
#8931 = CARTESIAN_POINT('',(-177.9972191348,174.07288148413,70.51));
#8932 = LINE('',#8933,#8934);
#8933 = CARTESIAN_POINT('',(-178.0178836502,174.12296090739,70.51));
#8934 = VECTOR('',#8935,1.);
#8935 = DIRECTION('',(-0.381437449452,0.924394651734,0.));
#8936 = ORIENTED_EDGE('',*,*,#8937,.F.);
#8937 = EDGE_CURVE('',#8938,#8930,#8940,.T.);
#8938 = VERTEX_POINT('',#8939);
#8939 = CARTESIAN_POINT('',(-177.9883254761,174.04141315534,70.51));
#8940 = LINE('',#8941,#8942);
#8941 = CARTESIAN_POINT('',(-177.9972191348,174.07288148413,70.51));
#8942 = VECTOR('',#8943,1.);
#8943 = DIRECTION('',(-0.271969333485,0.962305918949,0.));
#8944 = ORIENTED_EDGE('',*,*,#8945,.F.);
#8945 = EDGE_CURVE('',#8946,#8938,#8948,.T.);
#8946 = VERTEX_POINT('',#8947);
#8947 = CARTESIAN_POINT('',(-177.9831187328,174.01521733739,70.51));
#8948 = LINE('',#8949,#8950);
#8949 = CARTESIAN_POINT('',(-177.9883254761,174.04141315534,70.51));
#8950 = VECTOR('',#8951,1.);
#8951 = DIRECTION('',(-0.194948815712,0.980813417145,0.));
#8952 = ORIENTED_EDGE('',*,*,#8953,.F.);
#8953 = EDGE_CURVE('',#8954,#8946,#8956,.T.);
#8954 = VERTEX_POINT('',#8955);
#8955 = CARTESIAN_POINT('',(-177.978293847,173.95525581127,70.51));
#8956 = LINE('',#8957,#8958);
#8957 = CARTESIAN_POINT('',(-177.9831187328,174.01521733739,70.51));
#8958 = VECTOR('',#8959,1.);
#8959 = DIRECTION('',(-8.020711585657E-02,0.996778219348,0.));
#8960 = ORIENTED_EDGE('',*,*,#8961,.F.);
#8961 = EDGE_CURVE('',#8962,#8954,#8964,.T.);
#8962 = VERTEX_POINT('',#8963);
#8963 = CARTESIAN_POINT('',(-177.9831187328,173.89529428166,70.51));
#8964 = LINE('',#8965,#8966);
#8965 = CARTESIAN_POINT('',(-177.978293847,173.95525581127,70.51));
#8966 = VECTOR('',#8967,1.);
#8967 = DIRECTION('',(8.020711121341E-02,0.996778219721,0.));
#8968 = ORIENTED_EDGE('',*,*,#8969,.F.);
#8969 = EDGE_CURVE('',#8970,#8962,#8972,.T.);
#8970 = VERTEX_POINT('',#8971);
#8971 = CARTESIAN_POINT('',(-177.9883254753,173.86909846712,70.51));
#8972 = LINE('',#8973,#8974);
#8973 = CARTESIAN_POINT('',(-177.9831187328,173.89529428166,70.51));
#8974 = VECTOR('',#8975,1.);
#8975 = DIRECTION('',(0.194948811144,0.980813418053,0.));
#8976 = ORIENTED_EDGE('',*,*,#8977,.F.);
#8977 = EDGE_CURVE('',#8978,#8970,#8980,.T.);
#8978 = VERTEX_POINT('',#8979);
#8979 = CARTESIAN_POINT('',(-177.9972191348,173.83763013492,70.51));
#8980 = LINE('',#8981,#8982);
#8981 = CARTESIAN_POINT('',(-177.9883254753,173.86909846712,70.51));
#8982 = VECTOR('',#8983,1.);
#8983 = DIRECTION('',(0.271969329003,0.962305920215,0.));
#8984 = ORIENTED_EDGE('',*,*,#8985,.F.);
#8985 = EDGE_CURVE('',#8986,#8978,#8988,.T.);
#8986 = VERTEX_POINT('',#8987);
#8987 = CARTESIAN_POINT('',(-178.0178836486,173.78755071479,70.51));
#8988 = LINE('',#8989,#8990);
#8989 = CARTESIAN_POINT('',(-177.9972191348,173.83763013492,70.51));
#8990 = VECTOR('',#8991,1.);
#8991 = DIRECTION('',(0.381437445147,0.924394653511,0.));
#8992 = ORIENTED_EDGE('',*,*,#8993,.F.);
#8993 = EDGE_CURVE('',#8994,#8986,#8996,.T.);
#8994 = VERTEX_POINT('',#8995);
#8995 = CARTESIAN_POINT('',(-178.0186522871,173.78602216524,70.51));
#8996 = LINE('',#8997,#8998);
#8997 = CARTESIAN_POINT('',(-178.0178836486,173.78755071479,70.51));
#8998 = VECTOR('',#8999,1.);
#8999 = DIRECTION('',(0.449252820986,0.893404669137,0.));
#9000 = ORIENTED_EDGE('',*,*,#9001,.F.);
#9001 = EDGE_CURVE('',#9002,#8994,#9004,.T.);
#9002 = VERTEX_POINT('',#9003);
#9003 = CARTESIAN_POINT('',(-178.0440609251,173.74312377517,70.51));
#9004 = LINE('',#9005,#9006);
#9005 = CARTESIAN_POINT('',(-178.0186522871,173.78602216524,70.51));
#9006 = VECTOR('',#9007,1.);
#9007 = DIRECTION('',(0.509614895516,0.860402614052,0.));
#9008 = ORIENTED_EDGE('',*,*,#9009,.F.);
#9009 = EDGE_CURVE('',#9010,#9002,#9012,.T.);
#9010 = VERTEX_POINT('',#9011);
#9011 = CARTESIAN_POINT('',(-178.065386945,173.71497552374,70.51));
#9012 = LINE('',#9013,#9014);
#9013 = CARTESIAN_POINT('',(-178.0440609251,173.74312377517,70.51));
#9014 = VECTOR('',#9015,1.);
#9015 = DIRECTION('',(0.603886238801,0.797070517951,0.));
#9016 = ORIENTED_EDGE('',*,*,#9017,.F.);
#9017 = EDGE_CURVE('',#9018,#9010,#9020,.T.);
#9018 = VERTEX_POINT('',#9019);
#9019 = CARTESIAN_POINT('',(-178.0825884748,173.69574935212,70.51));
#9020 = LINE('',#9021,#9022);
#9021 = CARTESIAN_POINT('',(-178.065386945,173.71497552374,70.51));
#9022 = VECTOR('',#9023,1.);
#9023 = DIRECTION('',(0.666776899262,0.745257382795,0.));
#9024 = ORIENTED_EDGE('',*,*,#9025,.F.);
#9025 = EDGE_CURVE('',#9026,#9018,#9028,.T.);
#9026 = VERTEX_POINT('',#9027);
#9027 = CARTESIAN_POINT('',(-178.1282938446,173.6552558167,70.51));
#9028 = LINE('',#9029,#9030);
#9029 = CARTESIAN_POINT('',(-178.0825884748,173.69574935212,70.51));
#9030 = VECTOR('',#9031,1.);
#9031 = DIRECTION('',(0.748493588008,0.663142027556,0.));
#9032 = ORIENTED_EDGE('',*,*,#9033,.F.);
#9033 = EDGE_CURVE('',#8856,#9026,#9034,.T.);
#9034 = LINE('',#9035,#9036);
#9035 = CARTESIAN_POINT('',(-178.1282938446,173.6552558167,70.51));
#9036 = VECTOR('',#9037,1.);
#9037 = DIRECTION('',(8.84231E-12,1.,0.));
#9038 = PLANE('',#9039);
#9039 = AXIS2_PLACEMENT_3D('',#9040,#9041,#9042);
#9040 = CARTESIAN_POINT('',(-185.4532938492,171.45525580953,70.51));
#9041 = DIRECTION('',(0.,0.,-1.));
#9042 = DIRECTION('',(1.,0.,0.));
#9043 = ADVANCED_FACE('',(#9044),#9055,.F.);
#9044 = FACE_BOUND('',#9045,.F.);
#9045 = EDGE_LOOP('',(#9046,#9047,#9048,#9054));
#9046 = ORIENTED_EDGE('',*,*,#2037,.F.);
#9047 = ORIENTED_EDGE('',*,*,#5256,.T.);
#9048 = ORIENTED_EDGE('',*,*,#9049,.T.);
#9049 = EDGE_CURVE('',#5257,#8856,#9050,.T.);
#9050 = LINE('',#9051,#9052);
#9051 = CARTESIAN_POINT('',(-178.1282938446,173.20525580953,69.51));
#9052 = VECTOR('',#9053,1.);
#9053 = DIRECTION('',(0.,0.,1.));
#9054 = ORIENTED_EDGE('',*,*,#8855,.F.);
#9055 = PLANE('',#9056);
#9056 = AXIS2_PLACEMENT_3D('',#9057,#9058,#9059);
#9057 = CARTESIAN_POINT('',(-179.703293847,173.20525580953,69.51));
#9058 = DIRECTION('',(0.,-1.,0.));
#9059 = DIRECTION('',(1.,0.,0.));
#9060 = ADVANCED_FACE('',(#9061),#9079,.F.);
#9061 = FACE_BOUND('',#9062,.F.);
#9062 = EDGE_LOOP('',(#9063,#9071,#9072,#9073));
#9063 = ORIENTED_EDGE('',*,*,#9064,.F.);
#9064 = EDGE_CURVE('',#5242,#9065,#9067,.T.);
#9065 = VERTEX_POINT('',#9066);
#9066 = CARTESIAN_POINT('',(-178.1282938446,172.20525580953,70.51));
#9067 = LINE('',#9068,#9069);
#9068 = CARTESIAN_POINT('',(-178.1282938446,172.20525580953,69.51));
#9069 = VECTOR('',#9070,1.);
#9070 = DIRECTION('',(0.,0.,1.));
#9071 = ORIENTED_EDGE('',*,*,#5249,.T.);
#9072 = ORIENTED_EDGE('',*,*,#2021,.F.);
#9073 = ORIENTED_EDGE('',*,*,#9074,.F.);
#9074 = EDGE_CURVE('',#9065,#2014,#9075,.T.);
#9075 = LINE('',#9076,#9077);
#9076 = CARTESIAN_POINT('',(-179.403293847,172.20525580953,70.51));
#9077 = VECTOR('',#9078,1.);
#9078 = DIRECTION('',(-1.,0.,0.));
#9079 = PLANE('',#9080);
#9080 = AXIS2_PLACEMENT_3D('',#9081,#9082,#9083);
#9081 = CARTESIAN_POINT('',(-178.1282938446,172.20525580953,69.51));
#9082 = DIRECTION('',(0.,1.,0.));
#9083 = DIRECTION('',(-1.,0.,0.));
#9084 = ADVANCED_FACE('',(#9085),#9255,.T.);
#9085 = FACE_BOUND('',#9086,.T.);
#9086 = EDGE_LOOP('',(#9087,#9095,#9096,#9097,#9105,#9113,#9121,#9129,
    #9137,#9145,#9153,#9161,#9169,#9177,#9185,#9193,#9201,#9209,#9217,
    #9225,#9233,#9241,#9249));
#9087 = ORIENTED_EDGE('',*,*,#9088,.F.);
#9088 = EDGE_CURVE('',#2006,#9089,#9091,.T.);
#9089 = VERTEX_POINT('',#9090);
#9090 = CARTESIAN_POINT('',(-178.1282938446,170.70525580953,70.51));
#9091 = LINE('',#9092,#9093);
#9092 = CARTESIAN_POINT('',(-178.1282938446,170.70525580953,70.51));
#9093 = VECTOR('',#9094,1.);
#9094 = DIRECTION('',(1.,0.,0.));
#9095 = ORIENTED_EDGE('',*,*,#2013,.F.);
#9096 = ORIENTED_EDGE('',*,*,#9074,.F.);
#9097 = ORIENTED_EDGE('',*,*,#9098,.F.);
#9098 = EDGE_CURVE('',#9099,#9065,#9101,.T.);
#9099 = VERTEX_POINT('',#9100);
#9100 = CARTESIAN_POINT('',(-178.1282938448,171.75525580994,70.51));
#9101 = LINE('',#9102,#9103);
#9102 = CARTESIAN_POINT('',(-178.1282938446,172.20525580953,70.51));
#9103 = VECTOR('',#9104,1.);
#9104 = DIRECTION('',(4.6698448E-10,1.,0.));
#9105 = ORIENTED_EDGE('',*,*,#9106,.F.);
#9106 = EDGE_CURVE('',#9107,#9099,#9109,.T.);
#9107 = VERTEX_POINT('',#9108);
#9108 = CARTESIAN_POINT('',(-178.0825884745,171.71476226698,70.51));
#9109 = LINE('',#9110,#9111);
#9110 = CARTESIAN_POINT('',(-178.1282938448,171.75525580994,70.51));
#9111 = VECTOR('',#9112,1.);
#9112 = DIRECTION('',(-0.748493530428,0.663142092547,0.));
#9113 = ORIENTED_EDGE('',*,*,#9114,.F.);
#9114 = EDGE_CURVE('',#9115,#9107,#9117,.T.);
#9115 = VERTEX_POINT('',#9116);
#9116 = CARTESIAN_POINT('',(-178.065386946,171.69553609946,70.51));
#9117 = LINE('',#9118,#9119);
#9118 = CARTESIAN_POINT('',(-178.0825884745,171.71476226698,70.51));
#9119 = VECTOR('',#9120,1.);
#9120 = DIRECTION('',(-0.666776949269,0.745257338055,0.));
#9121 = ORIENTED_EDGE('',*,*,#9122,.F.);
#9122 = EDGE_CURVE('',#9123,#9115,#9125,.T.);
#9123 = VERTEX_POINT('',#9124);
#9124 = CARTESIAN_POINT('',(-178.0440609249,171.66738784388,70.51));
#9125 = LINE('',#9126,#9127);
#9126 = CARTESIAN_POINT('',(-178.065386946,171.69553609946,70.51));
#9127 = VECTOR('',#9128,1.);
#9128 = DIRECTION('',(-0.603886204758,0.797070543743,0.));
#9129 = ORIENTED_EDGE('',*,*,#9130,.F.);
#9130 = EDGE_CURVE('',#9131,#9123,#9133,.T.);
#9131 = VERTEX_POINT('',#9132);
#9132 = CARTESIAN_POINT('',(-178.0186522869,171.62448945381,70.51));
#9133 = LINE('',#9134,#9135);
#9134 = CARTESIAN_POINT('',(-178.0440609249,171.66738784388,70.51));
#9135 = VECTOR('',#9136,1.);
#9136 = DIRECTION('',(-0.50961489525,0.86040261421,0.));
#9137 = ORIENTED_EDGE('',*,*,#9138,.F.);
#9138 = EDGE_CURVE('',#9139,#9131,#9141,.T.);
#9139 = VERTEX_POINT('',#9140);
#9140 = CARTESIAN_POINT('',(-178.0178836481,171.62296090798,70.51));
#9141 = LINE('',#9142,#9143);
#9142 = CARTESIAN_POINT('',(-178.0186522869,171.62448945381,70.51));
#9143 = VECTOR('',#9144,1.);
#9144 = DIRECTION('',(-0.449253866105,0.893404143594,0.));
#9145 = ORIENTED_EDGE('',*,*,#9146,.F.);
#9146 = EDGE_CURVE('',#9147,#9139,#9149,.T.);
#9147 = VERTEX_POINT('',#9148);
#9148 = CARTESIAN_POINT('',(-177.9972191347,171.57288148413,70.51));
#9149 = LINE('',#9150,#9151);
#9150 = CARTESIAN_POINT('',(-178.0178836481,171.62296090798,70.51));
#9151 = VECTOR('',#9152,1.);
#9152 = DIRECTION('',(-0.381437414864,0.924394666007,0.));
#9153 = ORIENTED_EDGE('',*,*,#9154,.F.);
#9154 = EDGE_CURVE('',#9155,#9147,#9157,.T.);
#9155 = VERTEX_POINT('',#9156);
#9156 = CARTESIAN_POINT('',(-177.9883254736,171.54141315476,70.51));
#9157 = LINE('',#9158,#9159);
#9158 = CARTESIAN_POINT('',(-177.9972191347,171.57288148413,70.51));
#9159 = VECTOR('',#9160,1.);
#9160 = DIRECTION('',(-0.271969396272,0.962305901204,0.));
#9161 = ORIENTED_EDGE('',*,*,#9162,.F.);
#9162 = EDGE_CURVE('',#9163,#9155,#9165,.T.);
#9163 = VERTEX_POINT('',#9164);
#9164 = CARTESIAN_POINT('',(-177.9831187327,171.51521733739,70.51));
#9165 = LINE('',#9166,#9167);
#9166 = CARTESIAN_POINT('',(-177.9883254736,171.54141315476,70.51));
#9167 = VECTOR('',#9168,1.);
#9168 = DIRECTION('',(-0.194948733757,0.980813433435,0.));
#9169 = ORIENTED_EDGE('',*,*,#9170,.F.);
#9170 = EDGE_CURVE('',#9171,#9163,#9173,.T.);
#9171 = VERTEX_POINT('',#9172);
#9172 = CARTESIAN_POINT('',(-177.9782938446,171.45525580942,70.51));
#9173 = LINE('',#9174,#9175);
#9174 = CARTESIAN_POINT('',(-177.9831187327,171.51521733739,70.51));
#9175 = VECTOR('',#9176,1.);
#9176 = DIRECTION('',(-8.02071506176E-02,0.996778216551,0.));
#9177 = ORIENTED_EDGE('',*,*,#9178,.F.);
#9178 = EDGE_CURVE('',#9179,#9171,#9181,.T.);
#9179 = VERTEX_POINT('',#9180);
#9180 = CARTESIAN_POINT('',(-177.9831187327,171.39529428166,70.51));
#9181 = LINE('',#9182,#9183);
#9182 = CARTESIAN_POINT('',(-177.9782938446,171.45525580942,70.51));
#9183 = VECTOR('',#9184,1.);
#9184 = DIRECTION('',(8.020715089057E-02,0.996778216529,0.));
#9185 = ORIENTED_EDGE('',*,*,#9186,.F.);
#9186 = EDGE_CURVE('',#9187,#9179,#9189,.T.);
#9187 = VERTEX_POINT('',#9188);
#9188 = CARTESIAN_POINT('',(-177.9883254736,171.36909846409,70.51));
#9189 = LINE('',#9190,#9191);
#9190 = CARTESIAN_POINT('',(-177.9831187327,171.39529428166,70.51));
#9191 = VECTOR('',#9192,1.);
#9192 = DIRECTION('',(0.194948734026,0.980813433382,0.));
#9193 = ORIENTED_EDGE('',*,*,#9194,.F.);
#9194 = EDGE_CURVE('',#9195,#9187,#9197,.T.);
#9195 = VERTEX_POINT('',#9196);
#9196 = CARTESIAN_POINT('',(-177.9972191347,171.33763013492,70.51));
#9197 = LINE('',#9198,#9199);
#9198 = CARTESIAN_POINT('',(-177.9883254736,171.36909846409,70.51));
#9199 = VECTOR('',#9200,1.);
#9200 = DIRECTION('',(0.271969396537,0.962305901129,0.));
#9201 = ORIENTED_EDGE('',*,*,#9202,.F.);
#9202 = EDGE_CURVE('',#9203,#9195,#9205,.T.);
#9203 = VERTEX_POINT('',#9204);
#9204 = CARTESIAN_POINT('',(-178.0178836482,171.28755071089,70.51));
#9205 = LINE('',#9206,#9207);
#9206 = CARTESIAN_POINT('',(-177.9972191347,171.33763013492,70.51));
#9207 = VECTOR('',#9208,1.);
#9208 = DIRECTION('',(0.381437415117,0.924394665903,0.));
#9209 = ORIENTED_EDGE('',*,*,#9210,.F.);
#9210 = EDGE_CURVE('',#9211,#9203,#9213,.T.);
#9211 = VERTEX_POINT('',#9212);
#9212 = CARTESIAN_POINT('',(-178.0186522869,171.28602216524,70.51));
#9213 = LINE('',#9214,#9215);
#9214 = CARTESIAN_POINT('',(-178.0178836482,171.28755071089,70.51));
#9215 = VECTOR('',#9216,1.);
#9216 = DIRECTION('',(0.449253866374,0.893404143458,0.));
#9217 = ORIENTED_EDGE('',*,*,#9218,.F.);
#9218 = EDGE_CURVE('',#9219,#9211,#9221,.T.);
#9219 = VERTEX_POINT('',#9220);
#9220 = CARTESIAN_POINT('',(-178.0440609249,171.24312377517,70.51));
#9221 = LINE('',#9222,#9223);
#9222 = CARTESIAN_POINT('',(-178.0186522869,171.28602216524,70.51));
#9223 = VECTOR('',#9224,1.);
#9224 = DIRECTION('',(0.50961489525,0.86040261421,0.));
#9225 = ORIENTED_EDGE('',*,*,#9226,.F.);
#9226 = EDGE_CURVE('',#9227,#9219,#9229,.T.);
#9227 = VERTEX_POINT('',#9228);
#9228 = CARTESIAN_POINT('',(-178.0653869461,171.21497551943,70.51));
#9229 = LINE('',#9230,#9231);
#9230 = CARTESIAN_POINT('',(-178.0440609249,171.24312377517,70.51));
#9231 = VECTOR('',#9232,1.);
#9232 = DIRECTION('',(0.603886204976,0.797070543578,0.));
#9233 = ORIENTED_EDGE('',*,*,#9234,.F.);
#9234 = EDGE_CURVE('',#9235,#9227,#9237,.T.);
#9235 = VERTEX_POINT('',#9236);
#9236 = CARTESIAN_POINT('',(-178.0825884747,171.19574935201,70.51));
#9237 = LINE('',#9238,#9239);
#9238 = CARTESIAN_POINT('',(-178.0653869461,171.21497551943,70.51));
#9239 = VECTOR('',#9240,1.);
#9240 = DIRECTION('',(0.666776952275,0.745257335365,0.));
#9241 = ORIENTED_EDGE('',*,*,#9242,.F.);
#9242 = EDGE_CURVE('',#9243,#9235,#9245,.T.);
#9243 = VERTEX_POINT('',#9244);
#9244 = CARTESIAN_POINT('',(-178.1282938449,171.15525580891,70.51));
#9245 = LINE('',#9246,#9247);
#9246 = CARTESIAN_POINT('',(-178.0825884747,171.19574935201,70.51));
#9247 = VECTOR('',#9248,1.);
#9248 = DIRECTION('',(0.748493528702,0.663142094495,0.));
#9249 = ORIENTED_EDGE('',*,*,#9250,.F.);
#9250 = EDGE_CURVE('',#9089,#9243,#9251,.T.);
#9251 = LINE('',#9252,#9253);
#9252 = CARTESIAN_POINT('',(-178.1282938449,171.15525580891,70.51));
#9253 = VECTOR('',#9254,1.);
#9254 = DIRECTION('',(-7.0043724E-10,1.,0.));
#9255 = PLANE('',#9256);
#9256 = AXIS2_PLACEMENT_3D('',#9257,#9258,#9259);
#9257 = CARTESIAN_POINT('',(-185.4532938492,171.45525580953,70.51));
#9258 = DIRECTION('',(0.,0.,-1.));
#9259 = DIRECTION('',(1.,0.,0.));
#9260 = ADVANCED_FACE('',(#9261),#9272,.F.);
#9261 = FACE_BOUND('',#9262,.F.);
#9262 = EDGE_LOOP('',(#9263,#9264,#9265,#9271));
#9263 = ORIENTED_EDGE('',*,*,#2005,.F.);
#9264 = ORIENTED_EDGE('',*,*,#5081,.T.);
#9265 = ORIENTED_EDGE('',*,*,#9266,.T.);
#9266 = EDGE_CURVE('',#5082,#9089,#9267,.T.);
#9267 = LINE('',#9268,#9269);
#9268 = CARTESIAN_POINT('',(-178.1282938446,170.70525580953,69.51));
#9269 = VECTOR('',#9270,1.);
#9270 = DIRECTION('',(0.,0.,1.));
#9271 = ORIENTED_EDGE('',*,*,#9088,.F.);
#9272 = PLANE('',#9273);
#9273 = AXIS2_PLACEMENT_3D('',#9274,#9275,#9276);
#9274 = CARTESIAN_POINT('',(-179.403293847,170.70525580953,69.51));
#9275 = DIRECTION('',(0.,-1.,0.));
#9276 = DIRECTION('',(1.,0.,0.));
#9277 = ADVANCED_FACE('',(#9278),#9296,.F.);
#9278 = FACE_BOUND('',#9279,.F.);
#9279 = EDGE_LOOP('',(#9280,#9288,#9289,#9290));
#9280 = ORIENTED_EDGE('',*,*,#9281,.F.);
#9281 = EDGE_CURVE('',#5067,#9282,#9284,.T.);
#9282 = VERTEX_POINT('',#9283);
#9283 = CARTESIAN_POINT('',(-178.1282938446,169.70525580953,70.51));
#9284 = LINE('',#9285,#9286);
#9285 = CARTESIAN_POINT('',(-178.1282938446,169.70525580953,69.51));
#9286 = VECTOR('',#9287,1.);
#9287 = DIRECTION('',(0.,0.,1.));
#9288 = ORIENTED_EDGE('',*,*,#5074,.T.);
#9289 = ORIENTED_EDGE('',*,*,#1989,.F.);
#9290 = ORIENTED_EDGE('',*,*,#9291,.F.);
#9291 = EDGE_CURVE('',#9282,#1982,#9292,.T.);
#9292 = LINE('',#9293,#9294);
#9293 = CARTESIAN_POINT('',(-179.703293847,169.70525580953,70.51));
#9294 = VECTOR('',#9295,1.);
#9295 = DIRECTION('',(-1.,0.,0.));
#9296 = PLANE('',#9297);
#9297 = AXIS2_PLACEMENT_3D('',#9298,#9299,#9300);
#9298 = CARTESIAN_POINT('',(-178.1282938446,169.70525580953,69.51));
#9299 = DIRECTION('',(0.,1.,0.));
#9300 = DIRECTION('',(-1.,0.,0.));
#9301 = ADVANCED_FACE('',(#9302),#9488,.T.);
#9302 = FACE_BOUND('',#9303,.T.);
#9303 = EDGE_LOOP('',(#9304,#9312,#9313,#9314,#9322,#9330,#9338,#9346,
    #9354,#9362,#9370,#9378,#9386,#9394,#9402,#9410,#9418,#9426,#9434,
    #9442,#9450,#9458,#9466,#9474,#9482));
#9304 = ORIENTED_EDGE('',*,*,#9305,.F.);
#9305 = EDGE_CURVE('',#1974,#9306,#9308,.T.);
#9306 = VERTEX_POINT('',#9307);
#9307 = CARTESIAN_POINT('',(-179.1192595852,168.19405552707,70.51));
#9308 = LINE('',#9309,#9310);
#9309 = CARTESIAN_POINT('',(-179.1192595852,168.19405552707,70.51));
#9310 = VECTOR('',#9311,1.);
#9311 = DIRECTION('',(0.933217927369,0.359310868243,0.));
#9312 = ORIENTED_EDGE('',*,*,#1981,.F.);
#9313 = ORIENTED_EDGE('',*,*,#9291,.F.);
#9314 = ORIENTED_EDGE('',*,*,#9315,.F.);
#9315 = EDGE_CURVE('',#9316,#9282,#9318,.T.);
#9316 = VERTEX_POINT('',#9317);
#9317 = CARTESIAN_POINT('',(-178.1282938451,169.2552558087,70.51));
#9318 = LINE('',#9319,#9320);
#9319 = CARTESIAN_POINT('',(-178.1282938446,169.70525580953,70.51));
#9320 = VECTOR('',#9321,1.);
#9321 = DIRECTION('',(1.10734138E-09,1.,0.));
#9322 = ORIENTED_EDGE('',*,*,#9323,.F.);
#9323 = EDGE_CURVE('',#9324,#9316,#9326,.T.);
#9324 = VERTEX_POINT('',#9325);
#9325 = CARTESIAN_POINT('',(-178.0825884748,169.21476226693,70.51));
#9326 = LINE('',#9327,#9328);
#9327 = CARTESIAN_POINT('',(-178.1282938451,169.2552558087,70.51));
#9328 = VECTOR('',#9329,1.);
#9329 = DIRECTION('',(-0.748493539985,0.66314208176,0.));
#9330 = ORIENTED_EDGE('',*,*,#9331,.F.);
#9331 = EDGE_CURVE('',#9332,#9324,#9334,.T.);
#9332 = VERTEX_POINT('',#9333);
#9333 = CARTESIAN_POINT('',(-178.0653869473,169.19553609806,70.51));
#9334 = LINE('',#9335,#9336);
#9335 = CARTESIAN_POINT('',(-178.0825884748,169.21476226693,70.51));
#9336 = VECTOR('',#9337,1.);
#9337 = DIRECTION('',(-0.666776902852,0.745257379583,0.));
#9338 = ORIENTED_EDGE('',*,*,#9339,.F.);
#9339 = EDGE_CURVE('',#9340,#9332,#9342,.T.);
#9340 = VERTEX_POINT('',#9341);
#9341 = CARTESIAN_POINT('',(-178.0440609251,169.16738784388,70.51));
#9342 = LINE('',#9343,#9344);
#9343 = CARTESIAN_POINT('',(-178.0653869473,169.19553609806,70.51));
#9344 = VECTOR('',#9345,1.);
#9345 = DIRECTION('',(-0.603886242614,0.797070515062,0.));
#9346 = ORIENTED_EDGE('',*,*,#9347,.F.);
#9347 = EDGE_CURVE('',#9348,#9340,#9350,.T.);
#9348 = VERTEX_POINT('',#9349);
#9349 = CARTESIAN_POINT('',(-178.0186522871,169.12448945381,70.51));
#9350 = LINE('',#9351,#9352);
#9351 = CARTESIAN_POINT('',(-178.0440609251,169.16738784388,70.51));
#9352 = VECTOR('',#9353,1.);
#9353 = DIRECTION('',(-0.509614895514,0.860402614054,0.));
#9354 = ORIENTED_EDGE('',*,*,#9355,.F.);
#9355 = EDGE_CURVE('',#9356,#9348,#9358,.T.);
#9356 = VERTEX_POINT('',#9357);
#9357 = CARTESIAN_POINT('',(-178.01788365,169.12296090691,70.51));
#9358 = LINE('',#9359,#9360);
#9359 = CARTESIAN_POINT('',(-178.0186522871,169.12448945381,70.51));
#9360 = VECTOR('',#9361,1.);
#9361 = DIRECTION('',(-0.449252824524,0.893404667358,0.));
#9362 = ORIENTED_EDGE('',*,*,#9363,.F.);
#9363 = EDGE_CURVE('',#9364,#9356,#9366,.T.);
#9364 = VERTEX_POINT('',#9365);
#9365 = CARTESIAN_POINT('',(-177.9972191348,169.07288148413,70.51));
#9366 = LINE('',#9367,#9368);
#9367 = CARTESIAN_POINT('',(-178.01788365,169.12296090691,70.51));
#9368 = VECTOR('',#9369,1.);
#9369 = DIRECTION('',(-0.38143744879,0.924394652008,0.));
#9370 = ORIENTED_EDGE('',*,*,#9371,.F.);
#9371 = EDGE_CURVE('',#9372,#9364,#9374,.T.);
#9372 = VERTEX_POINT('',#9373);
#9373 = CARTESIAN_POINT('',(-177.9883254759,169.0414131542,70.51));
#9374 = LINE('',#9375,#9376);
#9375 = CARTESIAN_POINT('',(-177.9972191348,169.07288148413,70.51));
#9376 = VECTOR('',#9377,1.);
#9377 = DIRECTION('',(-0.271969331989,0.962305919372,0.));
#9378 = ORIENTED_EDGE('',*,*,#9379,.F.);
#9379 = EDGE_CURVE('',#9380,#9372,#9382,.T.);
#9380 = VERTEX_POINT('',#9381);
#9381 = CARTESIAN_POINT('',(-177.9831187328,169.01521733739,70.51));
#9382 = LINE('',#9383,#9384);
#9383 = CARTESIAN_POINT('',(-177.9883254759,169.0414131542,70.51));
#9384 = VECTOR('',#9385,1.);
#9385 = DIRECTION('',(-0.194948814187,0.980813417449,0.));
#9386 = ORIENTED_EDGE('',*,*,#9387,.F.);
#9387 = EDGE_CURVE('',#9388,#9380,#9390,.T.);
#9388 = VERTEX_POINT('',#9389);
#9389 = CARTESIAN_POINT('',(-177.978293847,168.95525580948,70.51));
#9390 = LINE('',#9391,#9392);
#9391 = CARTESIAN_POINT('',(-177.9831187328,169.01521733739,70.51));
#9392 = VECTOR('',#9393,1.);
#9393 = DIRECTION('',(-8.02071134711E-02,0.99677821954,0.));
#9394 = ORIENTED_EDGE('',*,*,#9395,.F.);
#9395 = EDGE_CURVE('',#9396,#9388,#9398,.T.);
#9396 = VERTEX_POINT('',#9397);
#9397 = CARTESIAN_POINT('',(-177.9831187328,168.89529428166,70.51));
#9398 = LINE('',#9399,#9400);
#9399 = CARTESIAN_POINT('',(-177.978293847,168.95525580948,70.51));
#9400 = VECTOR('',#9401,1.);
#9401 = DIRECTION('',(8.020711359946E-02,0.996778219529,0.));
#9402 = ORIENTED_EDGE('',*,*,#9403,.F.);
#9403 = EDGE_CURVE('',#9404,#9396,#9406,.T.);
#9404 = VERTEX_POINT('',#9405);
#9405 = CARTESIAN_POINT('',(-177.9883254759,168.86909846476,70.51));
#9406 = LINE('',#9407,#9408);
#9407 = CARTESIAN_POINT('',(-177.9831187328,168.89529428166,70.51));
#9408 = VECTOR('',#9409,1.);
#9409 = DIRECTION('',(0.194948814312,0.980813417424,0.));
#9410 = ORIENTED_EDGE('',*,*,#9411,.F.);
#9411 = EDGE_CURVE('',#9412,#9404,#9414,.T.);
#9412 = VERTEX_POINT('',#9413);
#9413 = CARTESIAN_POINT('',(-177.9972191348,168.83763013492,70.51));
#9414 = LINE('',#9415,#9416);
#9415 = CARTESIAN_POINT('',(-177.9883254759,168.86909846476,70.51));
#9416 = VECTOR('',#9417,1.);
#9417 = DIRECTION('',(0.271969332113,0.962305919336,0.));
#9418 = ORIENTED_EDGE('',*,*,#9419,.F.);
#9419 = EDGE_CURVE('',#9420,#9412,#9422,.T.);
#9420 = VERTEX_POINT('',#9421);
#9421 = CARTESIAN_POINT('',(-178.01788365,168.78755071206,70.51));
#9422 = LINE('',#9423,#9424);
#9423 = CARTESIAN_POINT('',(-177.9972191348,168.83763013492,70.51));
#9424 = VECTOR('',#9425,1.);
#9425 = DIRECTION('',(0.381437448908,0.924394651959,0.));
#9426 = ORIENTED_EDGE('',*,*,#9427,.F.);
#9427 = EDGE_CURVE('',#9428,#9420,#9430,.T.);
#9428 = VERTEX_POINT('',#9429);
#9429 = CARTESIAN_POINT('',(-178.0186522871,168.78602216524,70.51));
#9430 = LINE('',#9431,#9432);
#9431 = CARTESIAN_POINT('',(-178.01788365,168.78755071206,70.51));
#9432 = VECTOR('',#9433,1.);
#9433 = DIRECTION('',(0.449252824631,0.893404667304,0.));
#9434 = ORIENTED_EDGE('',*,*,#9435,.F.);
#9435 = EDGE_CURVE('',#9436,#9428,#9438,.T.);
#9436 = VERTEX_POINT('',#9437);
#9437 = CARTESIAN_POINT('',(-178.0440609251,168.74312377517,70.51));
#9438 = LINE('',#9439,#9440);
#9439 = CARTESIAN_POINT('',(-178.0186522871,168.78602216524,70.51));
#9440 = VECTOR('',#9441,1.);
#9441 = DIRECTION('',(0.509614895519,0.860402614051,0.));
#9442 = ORIENTED_EDGE('',*,*,#9443,.F.);
#9443 = EDGE_CURVE('',#9444,#9436,#9446,.T.);
#9444 = VERTEX_POINT('',#9445);
#9445 = CARTESIAN_POINT('',(-178.0653869473,168.71497552092,70.51));
#9446 = LINE('',#9447,#9448);
#9447 = CARTESIAN_POINT('',(-178.0440609251,168.74312377517,70.51));
#9448 = VECTOR('',#9449,1.);
#9449 = DIRECTION('',(0.60388624271,0.797070514989,0.));
#9450 = ORIENTED_EDGE('',*,*,#9451,.F.);
#9451 = EDGE_CURVE('',#9452,#9444,#9454,.T.);
#9452 = VERTEX_POINT('',#9453);
#9453 = CARTESIAN_POINT('',(-178.0825884748,168.69574935212,70.51));
#9454 = LINE('',#9455,#9456);
#9455 = CARTESIAN_POINT('',(-178.0653869473,168.71497552092,70.51));
#9456 = VECTOR('',#9457,1.);
#9457 = DIRECTION('',(0.666776902928,0.745257379515,0.));
#9458 = ORIENTED_EDGE('',*,*,#9459,.F.);
#9459 = EDGE_CURVE('',#9460,#9452,#9462,.T.);
#9460 = VERTEX_POINT('',#9461);
#9461 = CARTESIAN_POINT('',(-178.1282938446,168.65525580953,70.51));
#9462 = LINE('',#9463,#9464);
#9463 = CARTESIAN_POINT('',(-178.0825884748,168.69574935212,70.51));
#9464 = VECTOR('',#9465,1.);
#9465 = DIRECTION('',(0.748493529689,0.663142093381,0.));
#9466 = ORIENTED_EDGE('',*,*,#9467,.F.);
#9467 = EDGE_CURVE('',#9468,#9460,#9470,.T.);
#9468 = VERTEX_POINT('',#9469);
#9469 = CARTESIAN_POINT('',(-178.1282938427,168.20525580953,70.51));
#9470 = LINE('',#9471,#9472);
#9471 = CARTESIAN_POINT('',(-178.1282938446,168.65525580953,70.51));
#9472 = VECTOR('',#9473,1.);
#9473 = DIRECTION('',(-4.32594207E-09,1.,0.));
#9474 = ORIENTED_EDGE('',*,*,#9475,.F.);
#9475 = EDGE_CURVE('',#9476,#9468,#9478,.T.);
#9476 = VERTEX_POINT('',#9477);
#9477 = CARTESIAN_POINT('',(-179.028293847,168.20525580953,70.51));
#9478 = LINE('',#9479,#9480);
#9479 = CARTESIAN_POINT('',(-178.1282938427,168.20525580953,70.51));
#9480 = VECTOR('',#9481,1.);
#9481 = DIRECTION('',(1.,0.,0.));
#9482 = ORIENTED_EDGE('',*,*,#9483,.F.);
#9483 = EDGE_CURVE('',#9306,#9476,#9484,.T.);
#9484 = LINE('',#9485,#9486);
#9485 = CARTESIAN_POINT('',(-179.028293847,168.20525580953,70.51));
#9486 = VECTOR('',#9487,1.);
#9487 = DIRECTION('',(0.992505057953,0.122203559427,0.));
#9488 = PLANE('',#9489);
#9489 = AXIS2_PLACEMENT_3D('',#9490,#9491,#9492);
#9490 = CARTESIAN_POINT('',(-185.4532938492,171.45525580953,70.51));
#9491 = DIRECTION('',(0.,0.,-1.));
#9492 = DIRECTION('',(1.,0.,0.));
#9493 = ADVANCED_FACE('',(#9494),#9505,.F.);
#9494 = FACE_BOUND('',#9495,.F.);
#9495 = EDGE_LOOP('',(#9496,#9497,#9498,#9504));
#9496 = ORIENTED_EDGE('',*,*,#1973,.F.);
#9497 = ORIENTED_EDGE('',*,*,#4890,.T.);
#9498 = ORIENTED_EDGE('',*,*,#9499,.T.);
#9499 = EDGE_CURVE('',#4891,#9306,#9500,.T.);
#9500 = LINE('',#9501,#9502);
#9501 = CARTESIAN_POINT('',(-179.1192595852,168.19405552707,69.51));
#9502 = VECTOR('',#9503,1.);
#9503 = DIRECTION('',(0.,0.,1.));
#9504 = ORIENTED_EDGE('',*,*,#9305,.F.);
#9505 = PLANE('',#9506);
#9506 = AXIS2_PLACEMENT_3D('',#9507,#9508,#9509);
#9507 = CARTESIAN_POINT('',(-179.2047914995,168.16112372679,69.51));
#9508 = DIRECTION('',(0.359310868243,-0.933217927369,0.));
#9509 = DIRECTION('',(0.933217927369,0.359310868243,0.));
#9510 = ADVANCED_FACE('',(#9511),#9529,.F.);
#9511 = FACE_BOUND('',#9512,.F.);
#9512 = EDGE_LOOP('',(#9513,#9521,#9522,#9523));
#9513 = ORIENTED_EDGE('',*,*,#9514,.F.);
#9514 = EDGE_CURVE('',#4876,#9515,#9517,.T.);
#9515 = VERTEX_POINT('',#9516);
#9516 = CARTESIAN_POINT('',(-179.1901816475,167.49199948653,70.51));
#9517 = LINE('',#9518,#9519);
#9518 = CARTESIAN_POINT('',(-179.1901816475,167.49199948653,69.51));
#9519 = VECTOR('',#9520,1.);
#9520 = DIRECTION('',(0.,0.,1.));
#9521 = ORIENTED_EDGE('',*,*,#4883,.T.);
#9522 = ORIENTED_EDGE('',*,*,#1957,.F.);
#9523 = ORIENTED_EDGE('',*,*,#9524,.F.);
#9524 = EDGE_CURVE('',#9515,#1950,#9525,.T.);
#9525 = LINE('',#9526,#9527);
#9526 = CARTESIAN_POINT('',(-179.2673991062,167.54137231219,70.51));
#9527 = VECTOR('',#9528,1.);
#9528 = DIRECTION('',(-0.8425009227,0.538694899966,0.));
#9529 = PLANE('',#9530);
#9530 = AXIS2_PLACEMENT_3D('',#9531,#9532,#9533);
#9531 = CARTESIAN_POINT('',(-179.1901816475,167.49199948653,69.51));
#9532 = DIRECTION('',(0.538694899966,0.8425009227,0.));
#9533 = DIRECTION('',(-0.8425009227,0.538694899966,0.));
#9534 = ADVANCED_FACE('',(#9535),#9561,.T.);
#9535 = FACE_BOUND('',#9536,.T.);
#9536 = EDGE_LOOP('',(#9537,#9545,#9546,#9547,#9555));
#9537 = ORIENTED_EDGE('',*,*,#9538,.F.);
#9538 = EDGE_CURVE('',#1942,#9539,#9541,.T.);
#9539 = VERTEX_POINT('',#9540);
#9540 = CARTESIAN_POINT('',(-179.103293847,166.85525580953,70.51));
#9541 = LINE('',#9542,#9543);
#9542 = CARTESIAN_POINT('',(-179.103293847,166.85525580953,70.51));
#9543 = VECTOR('',#9544,1.);
#9544 = DIRECTION('',(1.,0.,0.));
#9545 = ORIENTED_EDGE('',*,*,#1949,.F.);
#9546 = ORIENTED_EDGE('',*,*,#9524,.F.);
#9547 = ORIENTED_EDGE('',*,*,#9548,.F.);
#9548 = EDGE_CURVE('',#9549,#9515,#9551,.T.);
#9549 = VERTEX_POINT('',#9550);
#9550 = CARTESIAN_POINT('',(-179.103293847,167.46283234811,70.51));
#9551 = LINE('',#9552,#9553);
#9552 = CARTESIAN_POINT('',(-179.1901816475,167.49199948653,70.51));
#9553 = VECTOR('',#9554,1.);
#9554 = DIRECTION('',(-0.94801167176,0.318235557735,0.));
#9555 = ORIENTED_EDGE('',*,*,#9556,.F.);
#9556 = EDGE_CURVE('',#9539,#9549,#9557,.T.);
#9557 = LINE('',#9558,#9559);
#9558 = CARTESIAN_POINT('',(-179.103293847,167.46283234811,70.51));
#9559 = VECTOR('',#9560,1.);
#9560 = DIRECTION('',(0.,1.,0.));
#9561 = PLANE('',#9562);
#9562 = AXIS2_PLACEMENT_3D('',#9563,#9564,#9565);
#9563 = CARTESIAN_POINT('',(-185.4532938492,171.45525580953,70.51));
#9564 = DIRECTION('',(0.,0.,-1.));
#9565 = DIRECTION('',(1.,0.,0.));
#9566 = ADVANCED_FACE('',(#9567),#9578,.F.);
#9567 = FACE_BOUND('',#9568,.F.);
#9568 = EDGE_LOOP('',(#9569,#9570,#9571,#9577));
#9569 = ORIENTED_EDGE('',*,*,#1941,.F.);
#9570 = ORIENTED_EDGE('',*,*,#4859,.T.);
#9571 = ORIENTED_EDGE('',*,*,#9572,.T.);
#9572 = EDGE_CURVE('',#4860,#9539,#9573,.T.);
#9573 = LINE('',#9574,#9575);
#9574 = CARTESIAN_POINT('',(-179.103293847,166.85525580953,69.51));
#9575 = VECTOR('',#9576,1.);
#9576 = DIRECTION('',(0.,0.,1.));
#9577 = ORIENTED_EDGE('',*,*,#9538,.F.);
#9578 = PLANE('',#9579);
#9579 = AXIS2_PLACEMENT_3D('',#9580,#9581,#9582);
#9580 = CARTESIAN_POINT('',(-179.703293847,166.85525580953,69.51));
#9581 = DIRECTION('',(0.,-1.,0.));
#9582 = DIRECTION('',(1.,0.,0.));
#9583 = ADVANCED_FACE('',(#9584),#9602,.F.);
#9584 = FACE_BOUND('',#9585,.F.);
#9585 = EDGE_LOOP('',(#9586,#9587,#9588,#9596));
#9586 = ORIENTED_EDGE('',*,*,#2134,.T.);
#9587 = ORIENTED_EDGE('',*,*,#4835,.T.);
#9588 = ORIENTED_EDGE('',*,*,#9589,.T.);
#9589 = EDGE_CURVE('',#4836,#9590,#9592,.T.);
#9590 = VERTEX_POINT('',#9591);
#9591 = CARTESIAN_POINT('',(-186.953293847,164.90864307168,70.51));
#9592 = LINE('',#9593,#9594);
#9593 = CARTESIAN_POINT('',(-186.953293847,164.90864307168,69.51));
#9594 = VECTOR('',#9595,1.);
#9595 = DIRECTION('',(0.,0.,1.));
#9596 = ORIENTED_EDGE('',*,*,#9597,.F.);
#9597 = EDGE_CURVE('',#2127,#9590,#9598,.T.);
#9598 = LINE('',#9599,#9600);
#9599 = CARTESIAN_POINT('',(-186.953293847,164.90864307168,70.51));
#9600 = VECTOR('',#9601,1.);
#9601 = DIRECTION('',(0.,-1.,0.));
#9602 = PLANE('',#9603);
#9603 = AXIS2_PLACEMENT_3D('',#9604,#9605,#9606);
#9604 = CARTESIAN_POINT('',(-186.953293847,165.60525580953,69.51));
#9605 = DIRECTION('',(-1.,0.,0.));
#9606 = DIRECTION('',(0.,-1.,0.));
#9607 = ADVANCED_FACE('',(#9608),#9626,.T.);
#9608 = FACE_BOUND('',#9609,.T.);
#9609 = EDGE_LOOP('',(#9610,#9611,#9612,#9620));
#9610 = ORIENTED_EDGE('',*,*,#9597,.F.);
#9611 = ORIENTED_EDGE('',*,*,#2126,.T.);
#9612 = ORIENTED_EDGE('',*,*,#9613,.F.);
#9613 = EDGE_CURVE('',#9614,#2119,#9616,.T.);
#9614 = VERTEX_POINT('',#9615);
#9615 = CARTESIAN_POINT('',(-184.453293847,164.90864307168,70.51));
#9616 = LINE('',#9617,#9618);
#9617 = CARTESIAN_POINT('',(-184.453293847,165.60525580953,70.51));
#9618 = VECTOR('',#9619,1.);
#9619 = DIRECTION('',(0.,1.,0.));
#9620 = ORIENTED_EDGE('',*,*,#9621,.F.);
#9621 = EDGE_CURVE('',#9590,#9614,#9622,.T.);
#9622 = LINE('',#9623,#9624);
#9623 = CARTESIAN_POINT('',(-184.453293847,164.90864307168,70.51));
#9624 = VECTOR('',#9625,1.);
#9625 = DIRECTION('',(1.,0.,0.));
#9626 = PLANE('',#9627);
#9627 = AXIS2_PLACEMENT_3D('',#9628,#9629,#9630);
#9628 = CARTESIAN_POINT('',(-185.4532938492,171.45525580953,70.51));
#9629 = DIRECTION('',(0.,0.,-1.));
#9630 = DIRECTION('',(1.,0.,0.));
#9631 = ADVANCED_FACE('',(#9632),#9643,.F.);
#9632 = FACE_BOUND('',#9633,.F.);
#9633 = EDGE_LOOP('',(#9634,#9640,#9641,#9642));
#9634 = ORIENTED_EDGE('',*,*,#9635,.F.);
#9635 = EDGE_CURVE('',#4844,#9614,#9636,.T.);
#9636 = LINE('',#9637,#9638);
#9637 = CARTESIAN_POINT('',(-184.453293847,164.90864307168,69.51));
#9638 = VECTOR('',#9639,1.);
#9639 = DIRECTION('',(0.,0.,1.));
#9640 = ORIENTED_EDGE('',*,*,#4851,.T.);
#9641 = ORIENTED_EDGE('',*,*,#2118,.T.);
#9642 = ORIENTED_EDGE('',*,*,#9613,.F.);
#9643 = PLANE('',#9644);
#9644 = AXIS2_PLACEMENT_3D('',#9645,#9646,#9647);
#9645 = CARTESIAN_POINT('',(-184.453293847,164.90864307168,69.51));
#9646 = DIRECTION('',(1.,0.,0.));
#9647 = DIRECTION('',(0.,1.,0.));
#9648 = ADVANCED_FACE('',(#9649,#9683),#9689,.F.);
#9649 = FACE_BOUND('',#9650,.F.);
#9650 = EDGE_LOOP('',(#9651,#9661,#9669,#9677));
#9651 = ORIENTED_EDGE('',*,*,#9652,.F.);
#9652 = EDGE_CURVE('',#9653,#9655,#9657,.T.);
#9653 = VERTEX_POINT('',#9654);
#9654 = CARTESIAN_POINT('',(-192.225,157.66,70.01));
#9655 = VERTEX_POINT('',#9656);
#9656 = CARTESIAN_POINT('',(-192.225,142.06,70.01));
#9657 = LINE('',#9658,#9659);
#9658 = CARTESIAN_POINT('',(-192.225,157.66,70.01));
#9659 = VECTOR('',#9660,1.);
#9660 = DIRECTION('',(0.,-1.,0.));
#9661 = ORIENTED_EDGE('',*,*,#9662,.T.);
#9662 = EDGE_CURVE('',#9653,#9663,#9665,.T.);
#9663 = VERTEX_POINT('',#9664);
#9664 = CARTESIAN_POINT('',(-207.825,157.66,70.01));
#9665 = LINE('',#9666,#9667);
#9666 = CARTESIAN_POINT('',(-192.225,157.66,70.01));
#9667 = VECTOR('',#9668,1.);
#9668 = DIRECTION('',(-1.,0.,0.));
#9669 = ORIENTED_EDGE('',*,*,#9670,.T.);
#9670 = EDGE_CURVE('',#9663,#9671,#9673,.T.);
#9671 = VERTEX_POINT('',#9672);
#9672 = CARTESIAN_POINT('',(-207.825,142.06,70.01));
#9673 = LINE('',#9674,#9675);
#9674 = CARTESIAN_POINT('',(-207.825,157.66,70.01));
#9675 = VECTOR('',#9676,1.);
#9676 = DIRECTION('',(0.,-1.,0.));
#9677 = ORIENTED_EDGE('',*,*,#9678,.F.);
#9678 = EDGE_CURVE('',#9655,#9671,#9679,.T.);
#9679 = LINE('',#9680,#9681);
#9680 = CARTESIAN_POINT('',(-192.225,142.06,70.01));
#9681 = VECTOR('',#9682,1.);
#9682 = DIRECTION('',(-1.,0.,0.));
#9683 = FACE_BOUND('',#9684,.F.);
#9684 = EDGE_LOOP('',(#9685,#9686,#9687,#9688));
#9685 = ORIENTED_EDGE('',*,*,#2215,.T.);
#9686 = ORIENTED_EDGE('',*,*,#2191,.T.);
#9687 = ORIENTED_EDGE('',*,*,#2246,.T.);
#9688 = ORIENTED_EDGE('',*,*,#2263,.T.);
#9689 = PLANE('',#9690);
#9690 = AXIS2_PLACEMENT_3D('',#9691,#9692,#9693);
#9691 = CARTESIAN_POINT('',(-192.225,157.66,70.01));
#9692 = DIRECTION('',(0.,0.,1.));
#9693 = DIRECTION('',(-1.,0.,0.));
#9694 = ADVANCED_FACE('',(#9695,#9729),#9735,.F.);
#9695 = FACE_BOUND('',#9696,.F.);
#9696 = EDGE_LOOP('',(#9697,#9707,#9715,#9723));
#9697 = ORIENTED_EDGE('',*,*,#9698,.F.);
#9698 = EDGE_CURVE('',#9699,#9701,#9703,.T.);
#9699 = VERTEX_POINT('',#9700);
#9700 = CARTESIAN_POINT('',(-173.175,157.66,70.01));
#9701 = VERTEX_POINT('',#9702);
#9702 = CARTESIAN_POINT('',(-173.175,142.06,70.01));
#9703 = LINE('',#9704,#9705);
#9704 = CARTESIAN_POINT('',(-173.175,157.66,70.01));
#9705 = VECTOR('',#9706,1.);
#9706 = DIRECTION('',(0.,-1.,0.));
#9707 = ORIENTED_EDGE('',*,*,#9708,.T.);
#9708 = EDGE_CURVE('',#9699,#9709,#9711,.T.);
#9709 = VERTEX_POINT('',#9710);
#9710 = CARTESIAN_POINT('',(-188.775,157.66,70.01));
#9711 = LINE('',#9712,#9713);
#9712 = CARTESIAN_POINT('',(-173.175,157.66,70.01));
#9713 = VECTOR('',#9714,1.);
#9714 = DIRECTION('',(-1.,0.,0.));
#9715 = ORIENTED_EDGE('',*,*,#9716,.T.);
#9716 = EDGE_CURVE('',#9709,#9717,#9719,.T.);
#9717 = VERTEX_POINT('',#9718);
#9718 = CARTESIAN_POINT('',(-188.775,142.06,70.01));
#9719 = LINE('',#9720,#9721);
#9720 = CARTESIAN_POINT('',(-188.775,157.66,70.01));
#9721 = VECTOR('',#9722,1.);
#9722 = DIRECTION('',(0.,-1.,0.));
#9723 = ORIENTED_EDGE('',*,*,#9724,.F.);
#9724 = EDGE_CURVE('',#9701,#9717,#9725,.T.);
#9725 = LINE('',#9726,#9727);
#9726 = CARTESIAN_POINT('',(-173.175,142.06,70.01));
#9727 = VECTOR('',#9728,1.);
#9728 = DIRECTION('',(-1.,0.,0.));
#9729 = FACE_BOUND('',#9730,.F.);
#9730 = EDGE_LOOP('',(#9731,#9732,#9733,#9734));
#9731 = ORIENTED_EDGE('',*,*,#2311,.T.);
#9732 = ORIENTED_EDGE('',*,*,#2287,.T.);
#9733 = ORIENTED_EDGE('',*,*,#2342,.T.);
#9734 = ORIENTED_EDGE('',*,*,#2359,.T.);
#9735 = PLANE('',#9736);
#9736 = AXIS2_PLACEMENT_3D('',#9737,#9738,#9739);
#9737 = CARTESIAN_POINT('',(-173.175,157.66,70.01));
#9738 = DIRECTION('',(0.,0.,1.));
#9739 = DIRECTION('',(-1.,0.,0.));
#9740 = ADVANCED_FACE('',(#9741,#9775),#9781,.F.);
#9741 = FACE_BOUND('',#9742,.F.);
#9742 = EDGE_LOOP('',(#9743,#9753,#9761,#9769));
#9743 = ORIENTED_EDGE('',*,*,#9744,.F.);
#9744 = EDGE_CURVE('',#9745,#9747,#9749,.T.);
#9745 = VERTEX_POINT('',#9746);
#9746 = CARTESIAN_POINT('',(-230.325,138.61,70.01));
#9747 = VERTEX_POINT('',#9748);
#9748 = CARTESIAN_POINT('',(-230.325,123.01,70.01));
#9749 = LINE('',#9750,#9751);
#9750 = CARTESIAN_POINT('',(-230.325,138.61,70.01));
#9751 = VECTOR('',#9752,1.);
#9752 = DIRECTION('',(0.,-1.,0.));
#9753 = ORIENTED_EDGE('',*,*,#9754,.T.);
#9754 = EDGE_CURVE('',#9745,#9755,#9757,.T.);
#9755 = VERTEX_POINT('',#9756);
#9756 = CARTESIAN_POINT('',(-245.925,138.61,70.01));
#9757 = LINE('',#9758,#9759);
#9758 = CARTESIAN_POINT('',(-230.325,138.61,70.01));
#9759 = VECTOR('',#9760,1.);
#9760 = DIRECTION('',(-1.,0.,0.));
#9761 = ORIENTED_EDGE('',*,*,#9762,.T.);
#9762 = EDGE_CURVE('',#9755,#9763,#9765,.T.);
#9763 = VERTEX_POINT('',#9764);
#9764 = CARTESIAN_POINT('',(-245.925,123.01,70.01));
#9765 = LINE('',#9766,#9767);
#9766 = CARTESIAN_POINT('',(-245.925,138.61,70.01));
#9767 = VECTOR('',#9768,1.);
#9768 = DIRECTION('',(0.,-1.,0.));
#9769 = ORIENTED_EDGE('',*,*,#9770,.F.);
#9770 = EDGE_CURVE('',#9747,#9763,#9771,.T.);
#9771 = LINE('',#9772,#9773);
#9772 = CARTESIAN_POINT('',(-230.325,123.01,70.01));
#9773 = VECTOR('',#9774,1.);
#9774 = DIRECTION('',(-1.,0.,0.));
#9775 = FACE_BOUND('',#9776,.F.);
#9776 = EDGE_LOOP('',(#9777,#9778,#9779,#9780));
#9777 = ORIENTED_EDGE('',*,*,#2432,.T.);
#9778 = ORIENTED_EDGE('',*,*,#2408,.T.);
#9779 = ORIENTED_EDGE('',*,*,#2463,.T.);
#9780 = ORIENTED_EDGE('',*,*,#2480,.T.);
#9781 = PLANE('',#9782);
#9782 = AXIS2_PLACEMENT_3D('',#9783,#9784,#9785);
#9783 = CARTESIAN_POINT('',(-230.325,138.61,70.01));
#9784 = DIRECTION('',(0.,0.,1.));
#9785 = DIRECTION('',(-1.,0.,0.));
#9786 = ADVANCED_FACE('',(#9787,#9821),#9827,.F.);
#9787 = FACE_BOUND('',#9788,.F.);
#9788 = EDGE_LOOP('',(#9789,#9799,#9807,#9815));
#9789 = ORIENTED_EDGE('',*,*,#9790,.F.);
#9790 = EDGE_CURVE('',#9791,#9793,#9795,.T.);
#9791 = VERTEX_POINT('',#9792);
#9792 = CARTESIAN_POINT('',(-230.325,119.56,70.01));
#9793 = VERTEX_POINT('',#9794);
#9794 = CARTESIAN_POINT('',(-230.325,103.96,70.01));
#9795 = LINE('',#9796,#9797);
#9796 = CARTESIAN_POINT('',(-230.325,119.56,70.01));
#9797 = VECTOR('',#9798,1.);
#9798 = DIRECTION('',(0.,-1.,0.));
#9799 = ORIENTED_EDGE('',*,*,#9800,.T.);
#9800 = EDGE_CURVE('',#9791,#9801,#9803,.T.);
#9801 = VERTEX_POINT('',#9802);
#9802 = CARTESIAN_POINT('',(-245.925,119.56,70.01));
#9803 = LINE('',#9804,#9805);
#9804 = CARTESIAN_POINT('',(-230.325,119.56,70.01));
#9805 = VECTOR('',#9806,1.);
#9806 = DIRECTION('',(-1.,0.,0.));
#9807 = ORIENTED_EDGE('',*,*,#9808,.T.);
#9808 = EDGE_CURVE('',#9801,#9809,#9811,.T.);
#9809 = VERTEX_POINT('',#9810);
#9810 = CARTESIAN_POINT('',(-245.925,103.96,70.01));
#9811 = LINE('',#9812,#9813);
#9812 = CARTESIAN_POINT('',(-245.925,119.56,70.01));
#9813 = VECTOR('',#9814,1.);
#9814 = DIRECTION('',(0.,-1.,0.));
#9815 = ORIENTED_EDGE('',*,*,#9816,.F.);
#9816 = EDGE_CURVE('',#9793,#9809,#9817,.T.);
#9817 = LINE('',#9818,#9819);
#9818 = CARTESIAN_POINT('',(-230.325,103.96,70.01));
#9819 = VECTOR('',#9820,1.);
#9820 = DIRECTION('',(-1.,0.,0.));
#9821 = FACE_BOUND('',#9822,.F.);
#9822 = EDGE_LOOP('',(#9823,#9824,#9825,#9826));
#9823 = ORIENTED_EDGE('',*,*,#2528,.T.);
#9824 = ORIENTED_EDGE('',*,*,#2504,.T.);
#9825 = ORIENTED_EDGE('',*,*,#2559,.T.);
#9826 = ORIENTED_EDGE('',*,*,#2576,.T.);
#9827 = PLANE('',#9828);
#9828 = AXIS2_PLACEMENT_3D('',#9829,#9830,#9831);
#9829 = CARTESIAN_POINT('',(-230.325,119.56,70.01));
#9830 = DIRECTION('',(0.,0.,1.));
#9831 = DIRECTION('',(-1.,0.,0.));
#9832 = ADVANCED_FACE('',(#9833,#9867),#9873,.F.);
#9833 = FACE_BOUND('',#9834,.F.);
#9834 = EDGE_LOOP('',(#9835,#9845,#9853,#9861));
#9835 = ORIENTED_EDGE('',*,*,#9836,.F.);
#9836 = EDGE_CURVE('',#9837,#9839,#9841,.T.);
#9837 = VERTEX_POINT('',#9838);
#9838 = CARTESIAN_POINT('',(-211.275,138.61,70.01));
#9839 = VERTEX_POINT('',#9840);
#9840 = CARTESIAN_POINT('',(-211.275,123.01,70.01));
#9841 = LINE('',#9842,#9843);
#9842 = CARTESIAN_POINT('',(-211.275,138.61,70.01));
#9843 = VECTOR('',#9844,1.);
#9844 = DIRECTION('',(0.,-1.,0.));
#9845 = ORIENTED_EDGE('',*,*,#9846,.T.);
#9846 = EDGE_CURVE('',#9837,#9847,#9849,.T.);
#9847 = VERTEX_POINT('',#9848);
#9848 = CARTESIAN_POINT('',(-226.875,138.61,70.01));
#9849 = LINE('',#9850,#9851);
#9850 = CARTESIAN_POINT('',(-211.275,138.61,70.01));
#9851 = VECTOR('',#9852,1.);
#9852 = DIRECTION('',(-1.,0.,0.));
#9853 = ORIENTED_EDGE('',*,*,#9854,.T.);
#9854 = EDGE_CURVE('',#9847,#9855,#9857,.T.);
#9855 = VERTEX_POINT('',#9856);
#9856 = CARTESIAN_POINT('',(-226.875,123.01,70.01));
#9857 = LINE('',#9858,#9859);
#9858 = CARTESIAN_POINT('',(-226.875,138.61,70.01));
#9859 = VECTOR('',#9860,1.);
#9860 = DIRECTION('',(0.,-1.,0.));
#9861 = ORIENTED_EDGE('',*,*,#9862,.F.);
#9862 = EDGE_CURVE('',#9839,#9855,#9863,.T.);
#9863 = LINE('',#9864,#9865);
#9864 = CARTESIAN_POINT('',(-211.275,123.01,70.01));
#9865 = VECTOR('',#9866,1.);
#9866 = DIRECTION('',(-1.,0.,0.));
#9867 = FACE_BOUND('',#9868,.F.);
#9868 = EDGE_LOOP('',(#9869,#9870,#9871,#9872));
#9869 = ORIENTED_EDGE('',*,*,#2624,.T.);
#9870 = ORIENTED_EDGE('',*,*,#2600,.T.);
#9871 = ORIENTED_EDGE('',*,*,#2655,.T.);
#9872 = ORIENTED_EDGE('',*,*,#2672,.T.);
#9873 = PLANE('',#9874);
#9874 = AXIS2_PLACEMENT_3D('',#9875,#9876,#9877);
#9875 = CARTESIAN_POINT('',(-211.275,138.61,70.01));
#9876 = DIRECTION('',(0.,0.,1.));
#9877 = DIRECTION('',(-1.,0.,0.));
#9878 = ADVANCED_FACE('',(#9879,#9913),#9919,.F.);
#9879 = FACE_BOUND('',#9880,.F.);
#9880 = EDGE_LOOP('',(#9881,#9891,#9899,#9907));
#9881 = ORIENTED_EDGE('',*,*,#9882,.F.);
#9882 = EDGE_CURVE('',#9883,#9885,#9887,.T.);
#9883 = VERTEX_POINT('',#9884);
#9884 = CARTESIAN_POINT('',(-211.275,119.56,70.01));
#9885 = VERTEX_POINT('',#9886);
#9886 = CARTESIAN_POINT('',(-211.275,103.96,70.01));
#9887 = LINE('',#9888,#9889);
#9888 = CARTESIAN_POINT('',(-211.275,119.56,70.01));
#9889 = VECTOR('',#9890,1.);
#9890 = DIRECTION('',(0.,-1.,0.));
#9891 = ORIENTED_EDGE('',*,*,#9892,.T.);
#9892 = EDGE_CURVE('',#9883,#9893,#9895,.T.);
#9893 = VERTEX_POINT('',#9894);
#9894 = CARTESIAN_POINT('',(-226.875,119.56,70.01));
#9895 = LINE('',#9896,#9897);
#9896 = CARTESIAN_POINT('',(-211.275,119.56,70.01));
#9897 = VECTOR('',#9898,1.);
#9898 = DIRECTION('',(-1.,0.,0.));
#9899 = ORIENTED_EDGE('',*,*,#9900,.T.);
#9900 = EDGE_CURVE('',#9893,#9901,#9903,.T.);
#9901 = VERTEX_POINT('',#9902);
#9902 = CARTESIAN_POINT('',(-226.875,103.96,70.01));
#9903 = LINE('',#9904,#9905);
#9904 = CARTESIAN_POINT('',(-226.875,119.56,70.01));
#9905 = VECTOR('',#9906,1.);
#9906 = DIRECTION('',(0.,-1.,0.));
#9907 = ORIENTED_EDGE('',*,*,#9908,.F.);
#9908 = EDGE_CURVE('',#9885,#9901,#9909,.T.);
#9909 = LINE('',#9910,#9911);
#9910 = CARTESIAN_POINT('',(-211.275,103.96,70.01));
#9911 = VECTOR('',#9912,1.);
#9912 = DIRECTION('',(-1.,0.,0.));
#9913 = FACE_BOUND('',#9914,.F.);
#9914 = EDGE_LOOP('',(#9915,#9916,#9917,#9918));
#9915 = ORIENTED_EDGE('',*,*,#2720,.T.);
#9916 = ORIENTED_EDGE('',*,*,#2696,.T.);
#9917 = ORIENTED_EDGE('',*,*,#2751,.T.);
#9918 = ORIENTED_EDGE('',*,*,#2768,.T.);
#9919 = PLANE('',#9920);
#9920 = AXIS2_PLACEMENT_3D('',#9921,#9922,#9923);
#9921 = CARTESIAN_POINT('',(-211.275,119.56,70.01));
#9922 = DIRECTION('',(0.,0.,1.));
#9923 = DIRECTION('',(-1.,0.,0.));
#9924 = ADVANCED_FACE('',(#9925,#9959),#9965,.F.);
#9925 = FACE_BOUND('',#9926,.F.);
#9926 = EDGE_LOOP('',(#9927,#9937,#9945,#9953));
#9927 = ORIENTED_EDGE('',*,*,#9928,.F.);
#9928 = EDGE_CURVE('',#9929,#9931,#9933,.T.);
#9929 = VERTEX_POINT('',#9930);
#9930 = CARTESIAN_POINT('',(-230.325,100.51,70.01));
#9931 = VERTEX_POINT('',#9932);
#9932 = CARTESIAN_POINT('',(-230.325,84.91,70.01));
#9933 = LINE('',#9934,#9935);
#9934 = CARTESIAN_POINT('',(-230.325,100.51,70.01));
#9935 = VECTOR('',#9936,1.);
#9936 = DIRECTION('',(0.,-1.,0.));
#9937 = ORIENTED_EDGE('',*,*,#9938,.T.);
#9938 = EDGE_CURVE('',#9929,#9939,#9941,.T.);
#9939 = VERTEX_POINT('',#9940);
#9940 = CARTESIAN_POINT('',(-245.925,100.51,70.01));
#9941 = LINE('',#9942,#9943);
#9942 = CARTESIAN_POINT('',(-230.325,100.51,70.01));
#9943 = VECTOR('',#9944,1.);
#9944 = DIRECTION('',(-1.,0.,0.));
#9945 = ORIENTED_EDGE('',*,*,#9946,.T.);
#9946 = EDGE_CURVE('',#9939,#9947,#9949,.T.);
#9947 = VERTEX_POINT('',#9948);
#9948 = CARTESIAN_POINT('',(-245.925,84.91,70.01));
#9949 = LINE('',#9950,#9951);
#9950 = CARTESIAN_POINT('',(-245.925,100.51,70.01));
#9951 = VECTOR('',#9952,1.);
#9952 = DIRECTION('',(0.,-1.,0.));
#9953 = ORIENTED_EDGE('',*,*,#9954,.F.);
#9954 = EDGE_CURVE('',#9931,#9947,#9955,.T.);
#9955 = LINE('',#9956,#9957);
#9956 = CARTESIAN_POINT('',(-230.325,84.91,70.01));
#9957 = VECTOR('',#9958,1.);
#9958 = DIRECTION('',(-1.,0.,0.));
#9959 = FACE_BOUND('',#9960,.F.);
#9960 = EDGE_LOOP('',(#9961,#9962,#9963,#9964));
#9961 = ORIENTED_EDGE('',*,*,#2841,.T.);
#9962 = ORIENTED_EDGE('',*,*,#2817,.T.);
#9963 = ORIENTED_EDGE('',*,*,#2872,.T.);
#9964 = ORIENTED_EDGE('',*,*,#2889,.T.);
#9965 = PLANE('',#9966);
#9966 = AXIS2_PLACEMENT_3D('',#9967,#9968,#9969);
#9967 = CARTESIAN_POINT('',(-230.325,100.51,70.01));
#9968 = DIRECTION('',(0.,0.,1.));
#9969 = DIRECTION('',(-1.,0.,0.));
#9970 = ADVANCED_FACE('',(#9971,#10005),#10011,.F.);
#9971 = FACE_BOUND('',#9972,.F.);
#9972 = EDGE_LOOP('',(#9973,#9983,#9991,#9999));
#9973 = ORIENTED_EDGE('',*,*,#9974,.F.);
#9974 = EDGE_CURVE('',#9975,#9977,#9979,.T.);
#9975 = VERTEX_POINT('',#9976);
#9976 = CARTESIAN_POINT('',(-211.275,100.51,70.01));
#9977 = VERTEX_POINT('',#9978);
#9978 = CARTESIAN_POINT('',(-211.275,84.91,70.01));
#9979 = LINE('',#9980,#9981);
#9980 = CARTESIAN_POINT('',(-211.275,100.51,70.01));
#9981 = VECTOR('',#9982,1.);
#9982 = DIRECTION('',(0.,-1.,0.));
#9983 = ORIENTED_EDGE('',*,*,#9984,.T.);
#9984 = EDGE_CURVE('',#9975,#9985,#9987,.T.);
#9985 = VERTEX_POINT('',#9986);
#9986 = CARTESIAN_POINT('',(-226.875,100.51,70.01));
#9987 = LINE('',#9988,#9989);
#9988 = CARTESIAN_POINT('',(-211.275,100.51,70.01));
#9989 = VECTOR('',#9990,1.);
#9990 = DIRECTION('',(-1.,0.,0.));
#9991 = ORIENTED_EDGE('',*,*,#9992,.T.);
#9992 = EDGE_CURVE('',#9985,#9993,#9995,.T.);
#9993 = VERTEX_POINT('',#9994);
#9994 = CARTESIAN_POINT('',(-226.875,84.91,70.01));
#9995 = LINE('',#9996,#9997);
#9996 = CARTESIAN_POINT('',(-226.875,100.51,70.01));
#9997 = VECTOR('',#9998,1.);
#9998 = DIRECTION('',(0.,-1.,0.));
#9999 = ORIENTED_EDGE('',*,*,#10000,.F.);
#10000 = EDGE_CURVE('',#9977,#9993,#10001,.T.);
#10001 = LINE('',#10002,#10003);
#10002 = CARTESIAN_POINT('',(-211.275,84.91,70.01));
#10003 = VECTOR('',#10004,1.);
#10004 = DIRECTION('',(-1.,0.,0.));
#10005 = FACE_BOUND('',#10006,.F.);
#10006 = EDGE_LOOP('',(#10007,#10008,#10009,#10010));
#10007 = ORIENTED_EDGE('',*,*,#2937,.T.);
#10008 = ORIENTED_EDGE('',*,*,#2913,.T.);
#10009 = ORIENTED_EDGE('',*,*,#2968,.T.);
#10010 = ORIENTED_EDGE('',*,*,#2985,.T.);
#10011 = PLANE('',#10012);
#10012 = AXIS2_PLACEMENT_3D('',#10013,#10014,#10015);
#10013 = CARTESIAN_POINT('',(-211.275,100.51,70.01));
#10014 = DIRECTION('',(0.,0.,1.));
#10015 = DIRECTION('',(-1.,0.,0.));
#10016 = ADVANCED_FACE('',(#10017,#10051),#10057,.F.);
#10017 = FACE_BOUND('',#10018,.F.);
#10018 = EDGE_LOOP('',(#10019,#10029,#10037,#10045));
#10019 = ORIENTED_EDGE('',*,*,#10020,.F.);
#10020 = EDGE_CURVE('',#10021,#10023,#10025,.T.);
#10021 = VERTEX_POINT('',#10022);
#10022 = CARTESIAN_POINT('',(-192.225,138.61,70.01));
#10023 = VERTEX_POINT('',#10024);
#10024 = CARTESIAN_POINT('',(-192.225,123.01,70.01));
#10025 = LINE('',#10026,#10027);
#10026 = CARTESIAN_POINT('',(-192.225,138.61,70.01));
#10027 = VECTOR('',#10028,1.);
#10028 = DIRECTION('',(0.,-1.,0.));
#10029 = ORIENTED_EDGE('',*,*,#10030,.T.);
#10030 = EDGE_CURVE('',#10021,#10031,#10033,.T.);
#10031 = VERTEX_POINT('',#10032);
#10032 = CARTESIAN_POINT('',(-207.825,138.61,70.01));
#10033 = LINE('',#10034,#10035);
#10034 = CARTESIAN_POINT('',(-192.225,138.61,70.01));
#10035 = VECTOR('',#10036,1.);
#10036 = DIRECTION('',(-1.,0.,0.));
#10037 = ORIENTED_EDGE('',*,*,#10038,.T.);
#10038 = EDGE_CURVE('',#10031,#10039,#10041,.T.);
#10039 = VERTEX_POINT('',#10040);
#10040 = CARTESIAN_POINT('',(-207.825,123.01,70.01));
#10041 = LINE('',#10042,#10043);
#10042 = CARTESIAN_POINT('',(-207.825,138.61,70.01));
#10043 = VECTOR('',#10044,1.);
#10044 = DIRECTION('',(0.,-1.,0.));
#10045 = ORIENTED_EDGE('',*,*,#10046,.F.);
#10046 = EDGE_CURVE('',#10023,#10039,#10047,.T.);
#10047 = LINE('',#10048,#10049);
#10048 = CARTESIAN_POINT('',(-192.225,123.01,70.01));
#10049 = VECTOR('',#10050,1.);
#10050 = DIRECTION('',(-1.,0.,0.));
#10051 = FACE_BOUND('',#10052,.F.);
#10052 = EDGE_LOOP('',(#10053,#10054,#10055,#10056));
#10053 = ORIENTED_EDGE('',*,*,#3033,.T.);
#10054 = ORIENTED_EDGE('',*,*,#3009,.T.);
#10055 = ORIENTED_EDGE('',*,*,#3064,.T.);
#10056 = ORIENTED_EDGE('',*,*,#3081,.T.);
#10057 = PLANE('',#10058);
#10058 = AXIS2_PLACEMENT_3D('',#10059,#10060,#10061);
#10059 = CARTESIAN_POINT('',(-192.225,138.61,70.01));
#10060 = DIRECTION('',(0.,0.,1.));
#10061 = DIRECTION('',(-1.,0.,0.));
#10062 = ADVANCED_FACE('',(#10063,#10097),#10103,.F.);
#10063 = FACE_BOUND('',#10064,.F.);
#10064 = EDGE_LOOP('',(#10065,#10075,#10083,#10091));
#10065 = ORIENTED_EDGE('',*,*,#10066,.F.);
#10066 = EDGE_CURVE('',#10067,#10069,#10071,.T.);
#10067 = VERTEX_POINT('',#10068);
#10068 = CARTESIAN_POINT('',(-192.225,119.56,70.01));
#10069 = VERTEX_POINT('',#10070);
#10070 = CARTESIAN_POINT('',(-192.225,103.96,70.01));
#10071 = LINE('',#10072,#10073);
#10072 = CARTESIAN_POINT('',(-192.225,119.56,70.01));
#10073 = VECTOR('',#10074,1.);
#10074 = DIRECTION('',(0.,-1.,0.));
#10075 = ORIENTED_EDGE('',*,*,#10076,.T.);
#10076 = EDGE_CURVE('',#10067,#10077,#10079,.T.);
#10077 = VERTEX_POINT('',#10078);
#10078 = CARTESIAN_POINT('',(-207.825,119.56,70.01));
#10079 = LINE('',#10080,#10081);
#10080 = CARTESIAN_POINT('',(-192.225,119.56,70.01));
#10081 = VECTOR('',#10082,1.);
#10082 = DIRECTION('',(-1.,0.,0.));
#10083 = ORIENTED_EDGE('',*,*,#10084,.T.);
#10084 = EDGE_CURVE('',#10077,#10085,#10087,.T.);
#10085 = VERTEX_POINT('',#10086);
#10086 = CARTESIAN_POINT('',(-207.825,103.96,70.01));
#10087 = LINE('',#10088,#10089);
#10088 = CARTESIAN_POINT('',(-207.825,119.56,70.01));
#10089 = VECTOR('',#10090,1.);
#10090 = DIRECTION('',(0.,-1.,0.));
#10091 = ORIENTED_EDGE('',*,*,#10092,.F.);
#10092 = EDGE_CURVE('',#10069,#10085,#10093,.T.);
#10093 = LINE('',#10094,#10095);
#10094 = CARTESIAN_POINT('',(-192.225,103.96,70.01));
#10095 = VECTOR('',#10096,1.);
#10096 = DIRECTION('',(-1.,0.,0.));
#10097 = FACE_BOUND('',#10098,.F.);
#10098 = EDGE_LOOP('',(#10099,#10100,#10101,#10102));
#10099 = ORIENTED_EDGE('',*,*,#3129,.T.);
#10100 = ORIENTED_EDGE('',*,*,#3105,.T.);
#10101 = ORIENTED_EDGE('',*,*,#3160,.T.);
#10102 = ORIENTED_EDGE('',*,*,#3177,.T.);
#10103 = PLANE('',#10104);
#10104 = AXIS2_PLACEMENT_3D('',#10105,#10106,#10107);
#10105 = CARTESIAN_POINT('',(-192.225,119.56,70.01));
#10106 = DIRECTION('',(0.,0.,1.));
#10107 = DIRECTION('',(-1.,0.,0.));
#10108 = ADVANCED_FACE('',(#10109,#10143),#10149,.F.);
#10109 = FACE_BOUND('',#10110,.F.);
#10110 = EDGE_LOOP('',(#10111,#10121,#10129,#10137));
#10111 = ORIENTED_EDGE('',*,*,#10112,.F.);
#10112 = EDGE_CURVE('',#10113,#10115,#10117,.T.);
#10113 = VERTEX_POINT('',#10114);
#10114 = CARTESIAN_POINT('',(-173.175,138.61,70.01));
#10115 = VERTEX_POINT('',#10116);
#10116 = CARTESIAN_POINT('',(-173.175,123.01,70.01));
#10117 = LINE('',#10118,#10119);
#10118 = CARTESIAN_POINT('',(-173.175,138.61,70.01));
#10119 = VECTOR('',#10120,1.);
#10120 = DIRECTION('',(0.,-1.,0.));
#10121 = ORIENTED_EDGE('',*,*,#10122,.T.);
#10122 = EDGE_CURVE('',#10113,#10123,#10125,.T.);
#10123 = VERTEX_POINT('',#10124);
#10124 = CARTESIAN_POINT('',(-188.775,138.61,70.01));
#10125 = LINE('',#10126,#10127);
#10126 = CARTESIAN_POINT('',(-173.175,138.61,70.01));
#10127 = VECTOR('',#10128,1.);
#10128 = DIRECTION('',(-1.,0.,0.));
#10129 = ORIENTED_EDGE('',*,*,#10130,.T.);
#10130 = EDGE_CURVE('',#10123,#10131,#10133,.T.);
#10131 = VERTEX_POINT('',#10132);
#10132 = CARTESIAN_POINT('',(-188.775,123.01,70.01));
#10133 = LINE('',#10134,#10135);
#10134 = CARTESIAN_POINT('',(-188.775,138.61,70.01));
#10135 = VECTOR('',#10136,1.);
#10136 = DIRECTION('',(0.,-1.,0.));
#10137 = ORIENTED_EDGE('',*,*,#10138,.F.);
#10138 = EDGE_CURVE('',#10115,#10131,#10139,.T.);
#10139 = LINE('',#10140,#10141);
#10140 = CARTESIAN_POINT('',(-173.175,123.01,70.01));
#10141 = VECTOR('',#10142,1.);
#10142 = DIRECTION('',(-1.,0.,0.));
#10143 = FACE_BOUND('',#10144,.F.);
#10144 = EDGE_LOOP('',(#10145,#10146,#10147,#10148));
#10145 = ORIENTED_EDGE('',*,*,#3225,.T.);
#10146 = ORIENTED_EDGE('',*,*,#3201,.T.);
#10147 = ORIENTED_EDGE('',*,*,#3256,.T.);
#10148 = ORIENTED_EDGE('',*,*,#3273,.T.);
#10149 = PLANE('',#10150);
#10150 = AXIS2_PLACEMENT_3D('',#10151,#10152,#10153);
#10151 = CARTESIAN_POINT('',(-173.175,138.61,70.01));
#10152 = DIRECTION('',(0.,0.,1.));
#10153 = DIRECTION('',(-1.,0.,0.));
#10154 = ADVANCED_FACE('',(#10155,#10189),#10195,.F.);
#10155 = FACE_BOUND('',#10156,.F.);
#10156 = EDGE_LOOP('',(#10157,#10167,#10175,#10183));
#10157 = ORIENTED_EDGE('',*,*,#10158,.F.);
#10158 = EDGE_CURVE('',#10159,#10161,#10163,.T.);
#10159 = VERTEX_POINT('',#10160);
#10160 = CARTESIAN_POINT('',(-173.175,119.56,70.01));
#10161 = VERTEX_POINT('',#10162);
#10162 = CARTESIAN_POINT('',(-173.175,103.96,70.01));
#10163 = LINE('',#10164,#10165);
#10164 = CARTESIAN_POINT('',(-173.175,119.56,70.01));
#10165 = VECTOR('',#10166,1.);
#10166 = DIRECTION('',(0.,-1.,0.));
#10167 = ORIENTED_EDGE('',*,*,#10168,.T.);
#10168 = EDGE_CURVE('',#10159,#10169,#10171,.T.);
#10169 = VERTEX_POINT('',#10170);
#10170 = CARTESIAN_POINT('',(-188.775,119.56,70.01));
#10171 = LINE('',#10172,#10173);
#10172 = CARTESIAN_POINT('',(-173.175,119.56,70.01));
#10173 = VECTOR('',#10174,1.);
#10174 = DIRECTION('',(-1.,0.,0.));
#10175 = ORIENTED_EDGE('',*,*,#10176,.T.);
#10176 = EDGE_CURVE('',#10169,#10177,#10179,.T.);
#10177 = VERTEX_POINT('',#10178);
#10178 = CARTESIAN_POINT('',(-188.775,103.96,70.01));
#10179 = LINE('',#10180,#10181);
#10180 = CARTESIAN_POINT('',(-188.775,119.56,70.01));
#10181 = VECTOR('',#10182,1.);
#10182 = DIRECTION('',(0.,-1.,0.));
#10183 = ORIENTED_EDGE('',*,*,#10184,.F.);
#10184 = EDGE_CURVE('',#10161,#10177,#10185,.T.);
#10185 = LINE('',#10186,#10187);
#10186 = CARTESIAN_POINT('',(-173.175,103.96,70.01));
#10187 = VECTOR('',#10188,1.);
#10188 = DIRECTION('',(-1.,0.,0.));
#10189 = FACE_BOUND('',#10190,.F.);
#10190 = EDGE_LOOP('',(#10191,#10192,#10193,#10194));
#10191 = ORIENTED_EDGE('',*,*,#3321,.T.);
#10192 = ORIENTED_EDGE('',*,*,#3297,.T.);
#10193 = ORIENTED_EDGE('',*,*,#3352,.T.);
#10194 = ORIENTED_EDGE('',*,*,#3369,.T.);
#10195 = PLANE('',#10196);
#10196 = AXIS2_PLACEMENT_3D('',#10197,#10198,#10199);
#10197 = CARTESIAN_POINT('',(-173.175,119.56,70.01));
#10198 = DIRECTION('',(0.,0.,1.));
#10199 = DIRECTION('',(-1.,0.,0.));
#10200 = ADVANCED_FACE('',(#10201,#10235),#10241,.F.);
#10201 = FACE_BOUND('',#10202,.F.);
#10202 = EDGE_LOOP('',(#10203,#10213,#10221,#10229));
#10203 = ORIENTED_EDGE('',*,*,#10204,.F.);
#10204 = EDGE_CURVE('',#10205,#10207,#10209,.T.);
#10205 = VERTEX_POINT('',#10206);
#10206 = CARTESIAN_POINT('',(-192.225,100.51,70.01));
#10207 = VERTEX_POINT('',#10208);
#10208 = CARTESIAN_POINT('',(-192.225,84.91,70.01));
#10209 = LINE('',#10210,#10211);
#10210 = CARTESIAN_POINT('',(-192.225,100.51,70.01));
#10211 = VECTOR('',#10212,1.);
#10212 = DIRECTION('',(0.,-1.,0.));
#10213 = ORIENTED_EDGE('',*,*,#10214,.T.);
#10214 = EDGE_CURVE('',#10205,#10215,#10217,.T.);
#10215 = VERTEX_POINT('',#10216);
#10216 = CARTESIAN_POINT('',(-207.825,100.51,70.01));
#10217 = LINE('',#10218,#10219);
#10218 = CARTESIAN_POINT('',(-192.225,100.51,70.01));
#10219 = VECTOR('',#10220,1.);
#10220 = DIRECTION('',(-1.,0.,0.));
#10221 = ORIENTED_EDGE('',*,*,#10222,.T.);
#10222 = EDGE_CURVE('',#10215,#10223,#10225,.T.);
#10223 = VERTEX_POINT('',#10224);
#10224 = CARTESIAN_POINT('',(-207.825,84.91,70.01));
#10225 = LINE('',#10226,#10227);
#10226 = CARTESIAN_POINT('',(-207.825,100.51,70.01));
#10227 = VECTOR('',#10228,1.);
#10228 = DIRECTION('',(0.,-1.,0.));
#10229 = ORIENTED_EDGE('',*,*,#10230,.F.);
#10230 = EDGE_CURVE('',#10207,#10223,#10231,.T.);
#10231 = LINE('',#10232,#10233);
#10232 = CARTESIAN_POINT('',(-192.225,84.91,70.01));
#10233 = VECTOR('',#10234,1.);
#10234 = DIRECTION('',(-1.,0.,0.));
#10235 = FACE_BOUND('',#10236,.F.);
#10236 = EDGE_LOOP('',(#10237,#10238,#10239,#10240));
#10237 = ORIENTED_EDGE('',*,*,#3417,.T.);
#10238 = ORIENTED_EDGE('',*,*,#3393,.T.);
#10239 = ORIENTED_EDGE('',*,*,#3448,.T.);
#10240 = ORIENTED_EDGE('',*,*,#3465,.T.);
#10241 = PLANE('',#10242);
#10242 = AXIS2_PLACEMENT_3D('',#10243,#10244,#10245);
#10243 = CARTESIAN_POINT('',(-192.225,100.51,70.01));
#10244 = DIRECTION('',(0.,0.,1.));
#10245 = DIRECTION('',(-1.,0.,0.));
#10246 = ADVANCED_FACE('',(#10247,#10281),#10287,.F.);
#10247 = FACE_BOUND('',#10248,.F.);
#10248 = EDGE_LOOP('',(#10249,#10259,#10267,#10275));
#10249 = ORIENTED_EDGE('',*,*,#10250,.F.);
#10250 = EDGE_CURVE('',#10251,#10253,#10255,.T.);
#10251 = VERTEX_POINT('',#10252);
#10252 = CARTESIAN_POINT('',(-173.175,100.51,70.01));
#10253 = VERTEX_POINT('',#10254);
#10254 = CARTESIAN_POINT('',(-173.175,84.91,70.01));
#10255 = LINE('',#10256,#10257);
#10256 = CARTESIAN_POINT('',(-173.175,100.51,70.01));
#10257 = VECTOR('',#10258,1.);
#10258 = DIRECTION('',(0.,-1.,0.));
#10259 = ORIENTED_EDGE('',*,*,#10260,.T.);
#10260 = EDGE_CURVE('',#10251,#10261,#10263,.T.);
#10261 = VERTEX_POINT('',#10262);
#10262 = CARTESIAN_POINT('',(-188.775,100.51,70.01));
#10263 = LINE('',#10264,#10265);
#10264 = CARTESIAN_POINT('',(-173.175,100.51,70.01));
#10265 = VECTOR('',#10266,1.);
#10266 = DIRECTION('',(-1.,0.,0.));
#10267 = ORIENTED_EDGE('',*,*,#10268,.T.);
#10268 = EDGE_CURVE('',#10261,#10269,#10271,.T.);
#10269 = VERTEX_POINT('',#10270);
#10270 = CARTESIAN_POINT('',(-188.775,84.91,70.01));
#10271 = LINE('',#10272,#10273);
#10272 = CARTESIAN_POINT('',(-188.775,100.51,70.01));
#10273 = VECTOR('',#10274,1.);
#10274 = DIRECTION('',(0.,-1.,0.));
#10275 = ORIENTED_EDGE('',*,*,#10276,.F.);
#10276 = EDGE_CURVE('',#10253,#10269,#10277,.T.);
#10277 = LINE('',#10278,#10279);
#10278 = CARTESIAN_POINT('',(-173.175,84.91,70.01));
#10279 = VECTOR('',#10280,1.);
#10280 = DIRECTION('',(-1.,0.,0.));
#10281 = FACE_BOUND('',#10282,.F.);
#10282 = EDGE_LOOP('',(#10283,#10284,#10285,#10286));
#10283 = ORIENTED_EDGE('',*,*,#3538,.T.);
#10284 = ORIENTED_EDGE('',*,*,#3514,.T.);
#10285 = ORIENTED_EDGE('',*,*,#3569,.T.);
#10286 = ORIENTED_EDGE('',*,*,#3586,.T.);
#10287 = PLANE('',#10288);
#10288 = AXIS2_PLACEMENT_3D('',#10289,#10290,#10291);
#10289 = CARTESIAN_POINT('',(-173.175,100.51,70.01));
#10290 = DIRECTION('',(0.,0.,1.));
#10291 = DIRECTION('',(-1.,0.,0.));
#10292 = ADVANCED_FACE('',(#10293),#10311,.T.);
#10293 = FACE_BOUND('',#10294,.T.);
#10294 = EDGE_LOOP('',(#10295,#10296,#10303,#10310));
#10295 = ORIENTED_EDGE('',*,*,#3724,.F.);
#10296 = ORIENTED_EDGE('',*,*,#10297,.T.);
#10297 = EDGE_CURVE('',#3717,#10298,#10300,.T.);
#10298 = VERTEX_POINT('',#10299);
#10299 = CARTESIAN_POINT('',(-166.1875,184.91499999999,69.81));
#10300 = B_SPLINE_CURVE_WITH_KNOTS('',1,(#10301,#10302),.UNSPECIFIED.,
  .F.,.F.,(2,2),(0.,1.),.PIECEWISE_BEZIER_KNOTS.);
#10301 = CARTESIAN_POINT('',(-166.1875,184.61499999999,69.51));
#10302 = CARTESIAN_POINT('',(-166.1875,184.91499999999,69.81));
#10303 = ORIENTED_EDGE('',*,*,#10304,.T.);
#10304 = EDGE_CURVE('',#10298,#6622,#10305,.T.);
#10305 = CIRCLE('',#10306,4.);
#10306 = AXIS2_PLACEMENT_3D('',#10307,#10308,#10309);
#10307 = CARTESIAN_POINT('',(-166.1875,180.91499999999,69.81));
#10308 = DIRECTION('',(0.,0.,-1.));
#10309 = DIRECTION('',(-1.,1.802E-14,0.));
#10310 = ORIENTED_EDGE('',*,*,#6621,.F.);
#10311 = CONICAL_SURFACE('',#10312,3.7,0.785398163397);
#10312 = AXIS2_PLACEMENT_3D('',#10313,#10314,#10315);
#10313 = CARTESIAN_POINT('',(-166.1875,180.91499999999,69.51));
#10314 = DIRECTION('',(0.,0.,1.));
#10315 = DIRECTION('',(-1.,1.802E-14,0.));
#10316 = ADVANCED_FACE('',(#10317),#10335,.T.);
#10317 = FACE_BOUND('',#10318,.T.);
#10318 = EDGE_LOOP('',(#10319,#10320,#10321,#10330));
#10319 = ORIENTED_EDGE('',*,*,#3637,.F.);
#10320 = ORIENTED_EDGE('',*,*,#6362,.T.);
#10321 = ORIENTED_EDGE('',*,*,#10322,.T.);
#10322 = EDGE_CURVE('',#6355,#10323,#10325,.T.);
#10323 = VERTEX_POINT('',#10324);
#10324 = CARTESIAN_POINT('',(-166.1874999999,72.304999999999,69.81));
#10325 = CIRCLE('',#10326,4.);
#10326 = AXIS2_PLACEMENT_3D('',#10327,#10328,#10329);
#10327 = CARTESIAN_POINT('',(-166.1875,76.304999999999,69.81));
#10328 = DIRECTION('',(0.,0.,-1.));
#10329 = DIRECTION('',(0.,1.,0.));
#10330 = ORIENTED_EDGE('',*,*,#10331,.F.);
#10331 = EDGE_CURVE('',#3638,#10323,#10332,.T.);
#10332 = B_SPLINE_CURVE_WITH_KNOTS('',1,(#10333,#10334),.UNSPECIFIED.,
  .F.,.F.,(2,2),(0.,1.),.PIECEWISE_BEZIER_KNOTS.);
#10333 = CARTESIAN_POINT('',(-166.1874999999,72.604999999999,69.51));
#10334 = CARTESIAN_POINT('',(-166.1874999999,72.304999999999,69.81));
#10335 = CONICAL_SURFACE('',#10336,3.7,0.785398163397);
#10336 = AXIS2_PLACEMENT_3D('',#10337,#10338,#10339);
#10337 = CARTESIAN_POINT('',(-166.1875,76.304999999999,69.51));
#10338 = DIRECTION('',(0.,0.,1.));
#10339 = DIRECTION('',(0.,1.,0.));
#10340 = ADVANCED_FACE('',(#10341),#10358,.T.);
#10341 = FACE_BOUND('',#10342,.T.);
#10342 = EDGE_LOOP('',(#10343,#10344,#10351,#10357));
#10343 = ORIENTED_EDGE('',*,*,#3716,.F.);
#10344 = ORIENTED_EDGE('',*,*,#10345,.T.);
#10345 = EDGE_CURVE('',#3708,#10346,#10348,.T.);
#10346 = VERTEX_POINT('',#10347);
#10347 = CARTESIAN_POINT('',(-249.4500002037,184.915,69.81));
#10348 = B_SPLINE_CURVE_WITH_KNOTS('',1,(#10349,#10350),.UNSPECIFIED.,
  .F.,.F.,(2,2),(0.,1.),.PIECEWISE_BEZIER_KNOTS.);
#10349 = CARTESIAN_POINT('',(-249.45,184.615,69.51));
#10350 = CARTESIAN_POINT('',(-249.45,184.915,69.81));
#10351 = ORIENTED_EDGE('',*,*,#10352,.T.);
#10352 = EDGE_CURVE('',#10346,#10298,#10353,.T.);
#10353 = LINE('',#10354,#10355);
#10354 = CARTESIAN_POINT('',(-103.9093749999,184.91499999999,69.81));
#10355 = VECTOR('',#10356,1.);
#10356 = DIRECTION('',(1.,-2.181E-14,0.));
#10357 = ORIENTED_EDGE('',*,*,#10297,.F.);
#10358 = PLANE('',#10359);
#10359 = AXIS2_PLACEMENT_3D('',#10360,#10361,#10362);
#10360 = CARTESIAN_POINT('',(-103.9093749999,184.91499999999,69.81));
#10361 = DIRECTION('',(1.542E-14,0.707106781187,-0.707106781187));
#10362 = DIRECTION('',(-1.,2.18085865659E-14,1.413434103181E-18));
#10363 = ADVANCED_FACE('',(#10364),#10381,.T.);
#10364 = FACE_BOUND('',#10365,.T.);
#10365 = EDGE_LOOP('',(#10366,#10367,#10368,#10376));
#10366 = ORIENTED_EDGE('',*,*,#3646,.F.);
#10367 = ORIENTED_EDGE('',*,*,#10331,.T.);
#10368 = ORIENTED_EDGE('',*,*,#10369,.T.);
#10369 = EDGE_CURVE('',#10323,#10370,#10372,.T.);
#10370 = VERTEX_POINT('',#10371);
#10371 = CARTESIAN_POINT('',(-249.4499979456,72.304999999951,69.81));
#10372 = LINE('',#10373,#10374);
#10373 = CARTESIAN_POINT('',(-103.9093743463,72.305000000035,69.81));
#10374 = VECTOR('',#10375,1.);
#10375 = DIRECTION('',(-1.,-5.7791E-13,0.));
#10376 = ORIENTED_EDGE('',*,*,#10377,.F.);
#10377 = EDGE_CURVE('',#3647,#10370,#10378,.T.);
#10378 = B_SPLINE_CURVE_WITH_KNOTS('',1,(#10379,#10380),.UNSPECIFIED.,
  .F.,.F.,(2,2),(0.,1.),.PIECEWISE_BEZIER_KNOTS.);
#10379 = CARTESIAN_POINT('',(-249.4499973853,72.604999999951,69.51));
#10380 = CARTESIAN_POINT('',(-249.4499973853,72.304999999951,69.81));
#10381 = PLANE('',#10382);
#10382 = AXIS2_PLACEMENT_3D('',#10383,#10384,#10385);
#10383 = CARTESIAN_POINT('',(-103.9093743463,72.305000000035,69.81));
#10384 = DIRECTION('',(4.0864E-13,-0.707106781187,-0.707106781187));
#10385 = DIRECTION('',(1.,5.779071150641E-13,-2.884935929227E-18));
#10386 = ADVANCED_FACE('',(#10387),#10396,.F.);
#10387 = FACE_BOUND('',#10388,.T.);
#10388 = EDGE_LOOP('',(#10389,#10390,#10395));
#10389 = ORIENTED_EDGE('',*,*,#3707,.T.);
#10390 = ORIENTED_EDGE('',*,*,#10391,.T.);
#10391 = EDGE_CURVE('',#3699,#10346,#10392,.T.);
#10392 = B_SPLINE_CURVE_WITH_KNOTS('',1,(#10393,#10394),.UNSPECIFIED.,
  .F.,.F.,(2,2),(0.,1.),.PIECEWISE_BEZIER_KNOTS.);
#10393 = CARTESIAN_POINT('',(-249.4500004889,184.615,69.51));
#10394 = CARTESIAN_POINT('',(-249.4500004074,184.915,69.81));
#10395 = ORIENTED_EDGE('',*,*,#10345,.F.);
#10396 = CONICAL_SURFACE('',#10397,1.8,0.785398163397);
#10397 = AXIS2_PLACEMENT_3D('',#10398,#10399,#10400);
#10398 = CARTESIAN_POINT('',(-249.45,186.415,69.51));
#10399 = DIRECTION('',(0.,0.,-1.));
#10400 = DIRECTION('',(1.,-2.181E-14,0.));
#10401 = ADVANCED_FACE('',(#10402),#10411,.F.);
#10402 = FACE_BOUND('',#10403,.T.);
#10403 = EDGE_LOOP('',(#10404,#10405,#10406));
#10404 = ORIENTED_EDGE('',*,*,#3654,.T.);
#10405 = ORIENTED_EDGE('',*,*,#10377,.T.);
#10406 = ORIENTED_EDGE('',*,*,#10407,.F.);
#10407 = EDGE_CURVE('',#3655,#10370,#10408,.T.);
#10408 = B_SPLINE_CURVE_WITH_KNOTS('',1,(#10409,#10410),.UNSPECIFIED.,
  .F.,.F.,(2,2),(0.,1.),.PIECEWISE_BEZIER_KNOTS.);
#10409 = CARTESIAN_POINT('',(-249.44999873,72.604999999951,69.51));
#10410 = CARTESIAN_POINT('',(-249.4499985058,72.304999999951,69.81));
#10411 = CONICAL_SURFACE('',#10412,1.8,0.785398163397);
#10412 = AXIS2_PLACEMENT_3D('',#10413,#10414,#10415);
#10413 = CARTESIAN_POINT('',(-249.4499973853,70.804999999951,69.51));
#10414 = DIRECTION('',(0.,0.,-1.));
#10415 = DIRECTION('',(-1.,-7.4705057778E-07,0.));
#10416 = ADVANCED_FACE('',(#10417),#10435,.T.);
#10417 = FACE_BOUND('',#10418,.T.);
#10418 = EDGE_LOOP('',(#10419,#10420,#10427,#10434));
#10419 = ORIENTED_EDGE('',*,*,#3698,.T.);
#10420 = ORIENTED_EDGE('',*,*,#10421,.T.);
#10421 = EDGE_CURVE('',#3690,#10422,#10424,.T.);
#10422 = VERTEX_POINT('',#10423);
#10423 = CARTESIAN_POINT('',(-253.4499999999,180.91499794554,69.81));
#10424 = B_SPLINE_CURVE_WITH_KNOTS('',1,(#10425,#10426),.UNSPECIFIED.,
  .F.,.F.,(2,2),(0.,1.),.PIECEWISE_BEZIER_KNOTS.);
#10425 = CARTESIAN_POINT('',(-253.1499999999,180.91499872997,69.51));
#10426 = CARTESIAN_POINT('',(-253.4499999999,180.91499850584,69.81));
#10427 = ORIENTED_EDGE('',*,*,#10428,.F.);
#10428 = EDGE_CURVE('',#10346,#10422,#10429,.T.);
#10429 = CIRCLE('',#10430,3.99999850585);
#10430 = AXIS2_PLACEMENT_3D('',#10431,#10432,#10433);
#10431 = CARTESIAN_POINT('',(-249.4500014941,180.91500149415,69.81));
#10432 = DIRECTION('',(0.,-0.,1.));
#10433 = DIRECTION('',(2.7165462397E-07,1.,0.));
#10434 = ORIENTED_EDGE('',*,*,#10391,.F.);
#10435 = CONICAL_SURFACE('',#10436,3.69999850585,0.785398163397);
#10436 = AXIS2_PLACEMENT_3D('',#10437,#10438,#10439);
#10437 = CARTESIAN_POINT('',(-249.4500014941,180.91500149415,69.51));
#10438 = DIRECTION('',(0.,0.,1.));
#10439 = DIRECTION('',(2.7165462397E-07,1.,0.));
#10440 = ADVANCED_FACE('',(#10441),#10459,.T.);
#10441 = FACE_BOUND('',#10442,.T.);
#10442 = EDGE_LOOP('',(#10443,#10444,#10445,#10454));
#10443 = ORIENTED_EDGE('',*,*,#3663,.T.);
#10444 = ORIENTED_EDGE('',*,*,#10407,.T.);
#10445 = ORIENTED_EDGE('',*,*,#10446,.F.);
#10446 = EDGE_CURVE('',#10447,#10370,#10449,.T.);
#10447 = VERTEX_POINT('',#10448);
#10448 = CARTESIAN_POINT('',(-253.45,76.304999796253,69.81));
#10449 = CIRCLE('',#10450,3.9999985059);
#10450 = AXIS2_PLACEMENT_3D('',#10451,#10452,#10453);
#10451 = CARTESIAN_POINT('',(-249.4500014941,76.30499850585,69.81));
#10452 = DIRECTION('',(0.,0.,1.));
#10453 = DIRECTION('',(-1.,2.7166401928E-07,0.));
#10454 = ORIENTED_EDGE('',*,*,#10455,.F.);
#10455 = EDGE_CURVE('',#3664,#10447,#10456,.T.);
#10456 = B_SPLINE_CURVE_WITH_KNOTS('',1,(#10457,#10458),.UNSPECIFIED.,
  .F.,.F.,(2,2),(0.,1.),.PIECEWISE_BEZIER_KNOTS.);
#10457 = CARTESIAN_POINT('',(-253.15,76.304999511006,69.51));
#10458 = CARTESIAN_POINT('',(-253.45,76.304999592506,69.81));
#10459 = CONICAL_SURFACE('',#10460,3.6999985059,0.785398163397);
#10460 = AXIS2_PLACEMENT_3D('',#10461,#10462,#10463);
#10461 = CARTESIAN_POINT('',(-249.4500014941,76.30499850585,69.51));
#10462 = DIRECTION('',(0.,0.,1.));
#10463 = DIRECTION('',(-1.,2.7166401928E-07,0.));
#10464 = ADVANCED_FACE('',(#10465),#10474,.F.);
#10465 = FACE_BOUND('',#10466,.T.);
#10466 = EDGE_LOOP('',(#10467,#10468,#10473));
#10467 = ORIENTED_EDGE('',*,*,#3689,.T.);
#10468 = ORIENTED_EDGE('',*,*,#10469,.T.);
#10469 = EDGE_CURVE('',#3682,#10422,#10470,.T.);
#10470 = B_SPLINE_CURVE_WITH_KNOTS('',1,(#10471,#10472),.UNSPECIFIED.,
  .F.,.F.,(2,2),(0.,1.),.PIECEWISE_BEZIER_KNOTS.);
#10471 = CARTESIAN_POINT('',(-253.1499999999,180.91499738523,69.51));
#10472 = CARTESIAN_POINT('',(-253.4499999999,180.91499738523,69.81));
#10473 = ORIENTED_EDGE('',*,*,#10421,.F.);
#10474 = CONICAL_SURFACE('',#10475,1.8,0.785398163397);
#10475 = AXIS2_PLACEMENT_3D('',#10476,#10477,#10478);
#10476 = CARTESIAN_POINT('',(-254.9499999999,180.91499738523,69.51));
#10477 = DIRECTION('',(0.,0.,-1.));
#10478 = DIRECTION('',(-7.470755735E-07,1.,0.));
#10479 = ADVANCED_FACE('',(#10480),#10489,.F.);
#10480 = FACE_BOUND('',#10481,.T.);
#10481 = EDGE_LOOP('',(#10482,#10483,#10484));
#10482 = ORIENTED_EDGE('',*,*,#3672,.T.);
#10483 = ORIENTED_EDGE('',*,*,#10455,.T.);
#10484 = ORIENTED_EDGE('',*,*,#10485,.F.);
#10485 = EDGE_CURVE('',#3673,#10447,#10486,.T.);
#10486 = B_SPLINE_CURVE_WITH_KNOTS('',1,(#10487,#10488),.UNSPECIFIED.,
  .F.,.F.,(2,2),(0.,1.),.PIECEWISE_BEZIER_KNOTS.);
#10487 = CARTESIAN_POINT('',(-253.15,76.305000000001,69.51));
#10488 = CARTESIAN_POINT('',(-253.45,76.305000000001,69.81));
#10489 = CONICAL_SURFACE('',#10490,1.8,0.785398163397);
#10490 = AXIS2_PLACEMENT_3D('',#10491,#10492,#10493);
#10491 = CARTESIAN_POINT('',(-254.95,76.305000000002,69.51));
#10492 = DIRECTION('',(0.,0.,-1.));
#10493 = DIRECTION('',(4.8765E-13,1.,0.));
#10494 = ADVANCED_FACE('',(#10495),#10506,.T.);
#10495 = FACE_BOUND('',#10496,.T.);
#10496 = EDGE_LOOP('',(#10497,#10498,#10499,#10505));
#10497 = ORIENTED_EDGE('',*,*,#3681,.F.);
#10498 = ORIENTED_EDGE('',*,*,#10485,.T.);
#10499 = ORIENTED_EDGE('',*,*,#10500,.T.);
#10500 = EDGE_CURVE('',#10447,#10422,#10501,.T.);
#10501 = LINE('',#10502,#10503);
#10502 = CARTESIAN_POINT('',(-253.45,64.304999346371,69.81));
#10503 = VECTOR('',#10504,1.);
#10504 = DIRECTION('',(4.8765E-13,1.,0.));
#10505 = ORIENTED_EDGE('',*,*,#10469,.F.);
#10506 = PLANE('',#10507);
#10507 = AXIS2_PLACEMENT_3D('',#10508,#10509,#10510);
#10508 = CARTESIAN_POINT('',(-253.45,64.304999346371,69.81));
#10509 = DIRECTION('',(-0.707106781187,3.4482E-13,-0.707106781187));
#10510 = DIRECTION('',(-4.876495602888E-13,-1.,4.397112489101E-19));
#10511 = ADVANCED_FACE('',(#10512),#10523,.F.);
#10512 = FACE_BOUND('',#10513,.T.);
#10513 = EDGE_LOOP('',(#10514,#10515,#10521,#10522));
#10514 = ORIENTED_EDGE('',*,*,#4749,.F.);
#10515 = ORIENTED_EDGE('',*,*,#10516,.T.);
#10516 = EDGE_CURVE('',#4742,#6866,#10517,.T.);
#10517 = LINE('',#10518,#10519);
#10518 = CARTESIAN_POINT('',(-226.3217061507,174.24474419094,69.51));
#10519 = VECTOR('',#10520,1.);
#10520 = DIRECTION('',(0.,0.,1.));
#10521 = ORIENTED_EDGE('',*,*,#6865,.T.);
#10522 = ORIENTED_EDGE('',*,*,#6839,.F.);
#10523 = PLANE('',#10524);
#10524 = AXIS2_PLACEMENT_3D('',#10525,#10526,#10527);
#10525 = CARTESIAN_POINT('',(-226.3217061507,174.24474419094,69.51));
#10526 = DIRECTION('',(1.,-1.4937187E-10,0.));
#10527 = DIRECTION('',(1.4937187E-10,1.,0.));
#10528 = ADVANCED_FACE('',(#10529),#10540,.F.);
#10529 = FACE_BOUND('',#10530,.T.);
#10530 = EDGE_LOOP('',(#10531,#10532,#10538,#10539));
#10531 = ORIENTED_EDGE('',*,*,#4741,.F.);
#10532 = ORIENTED_EDGE('',*,*,#10533,.T.);
#10533 = EDGE_CURVE('',#4734,#6874,#10534,.T.);
#10534 = LINE('',#10535,#10536);
#10535 = CARTESIAN_POINT('',(-226.2760007791,174.20425064829,69.51));
#10536 = VECTOR('',#10537,1.);
#10537 = DIRECTION('',(0.,0.,1.));
#10538 = ORIENTED_EDGE('',*,*,#6873,.T.);
#10539 = ORIENTED_EDGE('',*,*,#10516,.F.);
#10540 = PLANE('',#10541);
#10541 = AXIS2_PLACEMENT_3D('',#10542,#10543,#10544);
#10542 = CARTESIAN_POINT('',(-226.2760007791,174.20425064829,69.51));
#10543 = DIRECTION('',(0.663142079484,0.748493542002,0.));
#10544 = DIRECTION('',(-0.748493542002,0.663142079484,0.));
#10545 = ADVANCED_FACE('',(#10546),#10557,.F.);
#10546 = FACE_BOUND('',#10547,.T.);
#10547 = EDGE_LOOP('',(#10548,#10549,#10555,#10556));
#10548 = ORIENTED_EDGE('',*,*,#4733,.F.);
#10549 = ORIENTED_EDGE('',*,*,#10550,.T.);
#10550 = EDGE_CURVE('',#4726,#6882,#10551,.T.);
#10551 = LINE('',#10552,#10553);
#10552 = CARTESIAN_POINT('',(-226.2587992493,174.18502448254,69.51));
#10553 = VECTOR('',#10554,1.);
#10554 = DIRECTION('',(0.,0.,1.));
#10555 = ORIENTED_EDGE('',*,*,#6881,.T.);
#10556 = ORIENTED_EDGE('',*,*,#10533,.F.);
#10557 = PLANE('',#10558);
#10558 = AXIS2_PLACEMENT_3D('',#10559,#10560,#10561);
#10559 = CARTESIAN_POINT('',(-226.2587992493,174.18502448254,69.51));
#10560 = DIRECTION('',(0.745257282208,0.666777011688,0.));
#10561 = DIRECTION('',(-0.666777011688,0.745257282208,0.));
#10562 = ADVANCED_FACE('',(#10563),#10574,.F.);
#10563 = FACE_BOUND('',#10564,.T.);
#10564 = EDGE_LOOP('',(#10565,#10566,#10572,#10573));
#10565 = ORIENTED_EDGE('',*,*,#4725,.F.);
#10566 = ORIENTED_EDGE('',*,*,#10567,.T.);
#10567 = EDGE_CURVE('',#4718,#6890,#10568,.T.);
#10568 = LINE('',#10569,#10570);
#10569 = CARTESIAN_POINT('',(-226.237473229,174.15687622482,69.51));
#10570 = VECTOR('',#10571,1.);
#10571 = DIRECTION('',(0.,0.,1.));
#10572 = ORIENTED_EDGE('',*,*,#6889,.T.);
#10573 = ORIENTED_EDGE('',*,*,#10550,.F.);
#10574 = PLANE('',#10575);
#10575 = AXIS2_PLACEMENT_3D('',#10576,#10577,#10578);
#10576 = CARTESIAN_POINT('',(-226.237473229,174.15687622482,69.51));
#10577 = DIRECTION('',(0.797070576998,0.603886160865,0.));
#10578 = DIRECTION('',(-0.603886160865,0.797070576998,0.));
#10579 = ADVANCED_FACE('',(#10580),#10591,.F.);
#10580 = FACE_BOUND('',#10581,.T.);
#10581 = EDGE_LOOP('',(#10582,#10583,#10589,#10590));
#10582 = ORIENTED_EDGE('',*,*,#4717,.F.);
#10583 = ORIENTED_EDGE('',*,*,#10584,.T.);
#10584 = EDGE_CURVE('',#4710,#6898,#10585,.T.);
#10585 = LINE('',#10586,#10587);
#10586 = CARTESIAN_POINT('',(-226.212064591,174.11397783474,69.51));
#10587 = VECTOR('',#10588,1.);
#10588 = DIRECTION('',(0.,0.,1.));
#10589 = ORIENTED_EDGE('',*,*,#6897,.T.);
#10590 = ORIENTED_EDGE('',*,*,#10567,.F.);
#10591 = PLANE('',#10592);
#10592 = AXIS2_PLACEMENT_3D('',#10593,#10594,#10595);
#10593 = CARTESIAN_POINT('',(-226.212064591,174.11397783474,69.51));
#10594 = DIRECTION('',(0.860402614398,0.509614894932,0.));
#10595 = DIRECTION('',(-0.509614894932,0.860402614398,0.));
#10596 = ADVANCED_FACE('',(#10597),#10608,.F.);
#10597 = FACE_BOUND('',#10598,.T.);
#10598 = EDGE_LOOP('',(#10599,#10600,#10606,#10607));
#10599 = ORIENTED_EDGE('',*,*,#4709,.F.);
#10600 = ORIENTED_EDGE('',*,*,#10601,.T.);
#10601 = EDGE_CURVE('',#4702,#6906,#10602,.T.);
#10602 = LINE('',#10603,#10604);
#10603 = CARTESIAN_POINT('',(-226.2112959505,174.11244929075,69.51));
#10604 = VECTOR('',#10605,1.);
#10605 = DIRECTION('',(0.,0.,1.));
#10606 = ORIENTED_EDGE('',*,*,#6905,.T.);
#10607 = ORIENTED_EDGE('',*,*,#10584,.F.);
#10608 = PLANE('',#10609);
#10609 = AXIS2_PLACEMENT_3D('',#10610,#10611,#10612);
#10610 = CARTESIAN_POINT('',(-226.2112959505,174.11244929075,69.51));
#10611 = DIRECTION('',(0.893403526478,0.449255093324,0.));
#10612 = DIRECTION('',(-0.449255093324,0.893403526478,0.));
#10613 = ADVANCED_FACE('',(#10614),#10625,.F.);
#10614 = FACE_BOUND('',#10615,.T.);
#10615 = EDGE_LOOP('',(#10616,#10617,#10623,#10624));
#10616 = ORIENTED_EDGE('',*,*,#4701,.F.);
#10617 = ORIENTED_EDGE('',*,*,#10618,.T.);
#10618 = EDGE_CURVE('',#4694,#6914,#10619,.T.);
#10619 = LINE('',#10620,#10621);
#10620 = CARTESIAN_POINT('',(-226.1906314388,174.06236986507,69.51));
#10621 = VECTOR('',#10622,1.);
#10622 = DIRECTION('',(0.,0.,1.));
#10623 = ORIENTED_EDGE('',*,*,#6913,.T.);
#10624 = ORIENTED_EDGE('',*,*,#10601,.F.);
#10625 = PLANE('',#10626);
#10626 = AXIS2_PLACEMENT_3D('',#10627,#10628,#10629);
#10627 = CARTESIAN_POINT('',(-226.1906314388,174.06236986507,69.51));
#10628 = DIRECTION('',(0.924394682166,0.381437375703,0.));
#10629 = DIRECTION('',(-0.381437375703,0.924394682166,0.));
#10630 = ADVANCED_FACE('',(#10631),#10642,.F.);
#10631 = FACE_BOUND('',#10632,.T.);
#10632 = EDGE_LOOP('',(#10633,#10634,#10640,#10641));
#10633 = ORIENTED_EDGE('',*,*,#4693,.F.);
#10634 = ORIENTED_EDGE('',*,*,#10635,.T.);
#10635 = EDGE_CURVE('',#4686,#6922,#10636,.T.);
#10636 = LINE('',#10637,#10638);
#10637 = CARTESIAN_POINT('',(-226.1817377754,174.03090153698,69.51));
#10638 = VECTOR('',#10639,1.);
#10639 = DIRECTION('',(0.,0.,1.));
#10640 = ORIENTED_EDGE('',*,*,#6921,.T.);
#10641 = ORIENTED_EDGE('',*,*,#10618,.F.);
#10642 = PLANE('',#10643);
#10643 = AXIS2_PLACEMENT_3D('',#10644,#10645,#10646);
#10644 = CARTESIAN_POINT('',(-226.1817377754,174.03090153698,69.51));
#10645 = DIRECTION('',(0.962305879577,0.271969472793,0.));
#10646 = DIRECTION('',(-0.271969472793,0.962305879577,0.));
#10647 = ADVANCED_FACE('',(#10648),#10659,.F.);
#10648 = FACE_BOUND('',#10649,.T.);
#10649 = EDGE_LOOP('',(#10650,#10651,#10657,#10658));
#10650 = ORIENTED_EDGE('',*,*,#4685,.F.);
#10651 = ORIENTED_EDGE('',*,*,#10652,.T.);
#10652 = EDGE_CURVE('',#4678,#6930,#10653,.T.);
#10653 = LINE('',#10654,#10655);
#10654 = CARTESIAN_POINT('',(-226.1765310368,174.00470571833,69.51));
#10655 = VECTOR('',#10656,1.);
#10656 = DIRECTION('',(0.,0.,1.));
#10657 = ORIENTED_EDGE('',*,*,#6929,.T.);
#10658 = ORIENTED_EDGE('',*,*,#10635,.F.);
#10659 = PLANE('',#10660);
#10660 = AXIS2_PLACEMENT_3D('',#10661,#10662,#10663);
#10661 = CARTESIAN_POINT('',(-226.1765310368,174.00470571833,69.51));
#10662 = DIRECTION('',(0.980813452091,0.194948639896,0.));
#10663 = DIRECTION('',(-0.194948639896,0.980813452091,0.));
#10664 = ADVANCED_FACE('',(#10665),#10676,.F.);
#10665 = FACE_BOUND('',#10666,.T.);
#10666 = EDGE_LOOP('',(#10667,#10668,#10674,#10675));
#10667 = ORIENTED_EDGE('',*,*,#4677,.F.);
#10668 = ORIENTED_EDGE('',*,*,#10669,.T.);
#10669 = EDGE_CURVE('',#4670,#6938,#10670,.T.);
#10670 = LINE('',#10671,#10672);
#10671 = CARTESIAN_POINT('',(-226.1717061461,173.94474419095,69.51));
#10672 = VECTOR('',#10673,1.);
#10673 = DIRECTION('',(0.,0.,1.));
#10674 = ORIENTED_EDGE('',*,*,#6937,.T.);
#10675 = ORIENTED_EDGE('',*,*,#10652,.F.);
#10676 = PLANE('',#10677);
#10677 = AXIS2_PLACEMENT_3D('',#10678,#10679,#10680);
#10678 = CARTESIAN_POINT('',(-226.1717061461,173.94474419095,69.51));
#10679 = DIRECTION('',(0.996778212962,8.02071952169E-02,0.));
#10680 = DIRECTION('',(-8.02071952169E-02,0.996778212962,0.));
#10681 = ADVANCED_FACE('',(#10682),#10693,.F.);
#10682 = FACE_BOUND('',#10683,.T.);
#10683 = EDGE_LOOP('',(#10684,#10685,#10691,#10692));
#10684 = ORIENTED_EDGE('',*,*,#4669,.F.);
#10685 = ORIENTED_EDGE('',*,*,#10686,.T.);
#10686 = EDGE_CURVE('',#4662,#6946,#10687,.T.);
#10687 = LINE('',#10688,#10689);
#10688 = CARTESIAN_POINT('',(-226.1765310368,173.8847826626,69.51));
#10689 = VECTOR('',#10690,1.);
#10690 = DIRECTION('',(0.,0.,1.));
#10691 = ORIENTED_EDGE('',*,*,#6945,.T.);
#10692 = ORIENTED_EDGE('',*,*,#10669,.F.);
#10693 = PLANE('',#10694);
#10694 = AXIS2_PLACEMENT_3D('',#10695,#10696,#10697);
#10695 = CARTESIAN_POINT('',(-226.1765310368,173.8847826626,69.51));
#10696 = DIRECTION('',(0.996778213065,-8.020719393908E-02,0.));
#10697 = DIRECTION('',(8.020719393908E-02,0.996778213065,0.));
#10698 = ADVANCED_FACE('',(#10699),#10710,.F.);
#10699 = FACE_BOUND('',#10700,.T.);
#10700 = EDGE_LOOP('',(#10701,#10702,#10708,#10709));
#10701 = ORIENTED_EDGE('',*,*,#4661,.F.);
#10702 = ORIENTED_EDGE('',*,*,#10703,.T.);
#10703 = EDGE_CURVE('',#4654,#6954,#10704,.T.);
#10704 = LINE('',#10705,#10706);
#10705 = CARTESIAN_POINT('',(-226.1817377751,173.85858684489,69.51));
#10706 = VECTOR('',#10707,1.);
#10707 = DIRECTION('',(0.,0.,1.));
#10708 = ORIENTED_EDGE('',*,*,#6953,.T.);
#10709 = ORIENTED_EDGE('',*,*,#10686,.F.);
#10710 = PLANE('',#10711);
#10711 = AXIS2_PLACEMENT_3D('',#10712,#10713,#10714);
#10712 = CARTESIAN_POINT('',(-226.1817377751,173.85858684489,69.51));
#10713 = DIRECTION('',(0.980813452341,-0.194948638639,0.));
#10714 = DIRECTION('',(0.194948638639,0.980813452341,0.));
#10715 = ADVANCED_FACE('',(#10716),#10727,.F.);
#10716 = FACE_BOUND('',#10717,.T.);
#10717 = EDGE_LOOP('',(#10718,#10719,#10725,#10726));
#10718 = ORIENTED_EDGE('',*,*,#4653,.F.);
#10719 = ORIENTED_EDGE('',*,*,#10720,.T.);
#10720 = EDGE_CURVE('',#4646,#6962,#10721,.T.);
#10721 = LINE('',#10722,#10723);
#10722 = CARTESIAN_POINT('',(-226.1906314388,173.82711851587,69.51));
#10723 = VECTOR('',#10724,1.);
#10724 = DIRECTION('',(0.,0.,1.));
#10725 = ORIENTED_EDGE('',*,*,#6961,.T.);
#10726 = ORIENTED_EDGE('',*,*,#10703,.F.);
#10727 = PLANE('',#10728);
#10728 = AXIS2_PLACEMENT_3D('',#10729,#10730,#10731);
#10729 = CARTESIAN_POINT('',(-226.1906314388,173.82711851587,69.51));
#10730 = DIRECTION('',(0.962305879926,-0.27196947156,0.));
#10731 = DIRECTION('',(0.27196947156,0.962305879926,0.));
#10732 = ADVANCED_FACE('',(#10733),#10744,.F.);
#10733 = FACE_BOUND('',#10734,.T.);
#10734 = EDGE_LOOP('',(#10735,#10736,#10742,#10743));
#10735 = ORIENTED_EDGE('',*,*,#4645,.F.);
#10736 = ORIENTED_EDGE('',*,*,#10737,.T.);
#10737 = EDGE_CURVE('',#4638,#6970,#10738,.T.);
#10738 = LINE('',#10739,#10740);
#10739 = CARTESIAN_POINT('',(-226.21129595,173.77703909104,69.51));
#10740 = VECTOR('',#10741,1.);
#10741 = DIRECTION('',(0.,0.,1.));
#10742 = ORIENTED_EDGE('',*,*,#6969,.T.);
#10743 = ORIENTED_EDGE('',*,*,#10720,.F.);
#10744 = PLANE('',#10745);
#10745 = AXIS2_PLACEMENT_3D('',#10746,#10747,#10748);
#10746 = CARTESIAN_POINT('',(-226.21129595,173.77703909104,69.51));
#10747 = DIRECTION('',(0.924394682655,-0.381437374518,0.));
#10748 = DIRECTION('',(0.381437374518,0.924394682655,0.));
#10749 = ADVANCED_FACE('',(#10750),#10761,.F.);
#10750 = FACE_BOUND('',#10751,.T.);
#10751 = EDGE_LOOP('',(#10752,#10753,#10759,#10760));
#10752 = ORIENTED_EDGE('',*,*,#4637,.F.);
#10753 = ORIENTED_EDGE('',*,*,#10754,.T.);
#10754 = EDGE_CURVE('',#4630,#6978,#10755,.T.);
#10755 = LINE('',#10756,#10757);
#10756 = CARTESIAN_POINT('',(-226.212064591,173.77551054619,69.51));
#10757 = VECTOR('',#10758,1.);
#10758 = DIRECTION('',(0.,0.,1.));
#10759 = ORIENTED_EDGE('',*,*,#6977,.T.);
#10760 = ORIENTED_EDGE('',*,*,#10737,.F.);
#10761 = PLANE('',#10762);
#10762 = AXIS2_PLACEMENT_3D('',#10763,#10764,#10765);
#10763 = CARTESIAN_POINT('',(-226.212064591,173.77551054619,69.51));
#10764 = DIRECTION('',(0.893403527054,-0.449255092177,0.));
#10765 = DIRECTION('',(0.449255092177,0.893403527054,0.));
#10766 = ADVANCED_FACE('',(#10767),#10778,.F.);
#10767 = FACE_BOUND('',#10768,.T.);
#10768 = EDGE_LOOP('',(#10769,#10770,#10776,#10777));
#10769 = ORIENTED_EDGE('',*,*,#4629,.F.);
#10770 = ORIENTED_EDGE('',*,*,#10771,.T.);
#10771 = EDGE_CURVE('',#4622,#6986,#10772,.T.);
#10772 = LINE('',#10773,#10774);
#10773 = CARTESIAN_POINT('',(-226.237473229,173.73261215611,69.51));
#10774 = VECTOR('',#10775,1.);
#10775 = DIRECTION('',(0.,0.,1.));
#10776 = ORIENTED_EDGE('',*,*,#6985,.T.);
#10777 = ORIENTED_EDGE('',*,*,#10754,.F.);
#10778 = PLANE('',#10779);
#10779 = AXIS2_PLACEMENT_3D('',#10780,#10781,#10782);
#10780 = CARTESIAN_POINT('',(-226.237473229,173.73261215611,69.51));
#10781 = DIRECTION('',(0.8604026144,-0.509614894928,0.));
#10782 = DIRECTION('',(0.509614894928,0.8604026144,0.));
#10783 = ADVANCED_FACE('',(#10784),#10795,.F.);
#10784 = FACE_BOUND('',#10785,.T.);
#10785 = EDGE_LOOP('',(#10786,#10787,#10793,#10794));
#10786 = ORIENTED_EDGE('',*,*,#4621,.F.);
#10787 = ORIENTED_EDGE('',*,*,#10788,.T.);
#10788 = EDGE_CURVE('',#4614,#6994,#10789,.T.);
#10789 = LINE('',#10790,#10791);
#10790 = CARTESIAN_POINT('',(-226.2587992487,173.70446389913,69.51));
#10791 = VECTOR('',#10792,1.);
#10792 = DIRECTION('',(0.,0.,1.));
#10793 = ORIENTED_EDGE('',*,*,#6993,.T.);
#10794 = ORIENTED_EDGE('',*,*,#10771,.F.);
#10795 = PLANE('',#10796);
#10796 = AXIS2_PLACEMENT_3D('',#10797,#10798,#10799);
#10797 = CARTESIAN_POINT('',(-226.2587992487,173.70446389913,69.51));
#10798 = DIRECTION('',(0.797070577766,-0.603886159851,0.));
#10799 = DIRECTION('',(0.603886159851,0.797070577766,0.));
#10800 = ADVANCED_FACE('',(#10801),#10812,.F.);
#10801 = FACE_BOUND('',#10802,.T.);
#10802 = EDGE_LOOP('',(#10803,#10804,#10810,#10811));
#10803 = ORIENTED_EDGE('',*,*,#4613,.F.);
#10804 = ORIENTED_EDGE('',*,*,#10805,.T.);
#10805 = EDGE_CURVE('',#4606,#7002,#10806,.T.);
#10806 = LINE('',#10807,#10808);
#10807 = CARTESIAN_POINT('',(-226.276000779,173.68523773264,69.51));
#10808 = VECTOR('',#10809,1.);
#10809 = DIRECTION('',(0.,0.,1.));
#10810 = ORIENTED_EDGE('',*,*,#7001,.T.);
#10811 = ORIENTED_EDGE('',*,*,#10788,.F.);
#10812 = PLANE('',#10813);
#10813 = AXIS2_PLACEMENT_3D('',#10814,#10815,#10816);
#10814 = CARTESIAN_POINT('',(-226.276000779,173.68523773264,69.51));
#10815 = DIRECTION('',(0.745257284126,-0.666777009545,0.));
#10816 = DIRECTION('',(0.666777009545,0.745257284126,0.));
#10817 = ADVANCED_FACE('',(#10818),#10829,.F.);
#10818 = FACE_BOUND('',#10819,.T.);
#10819 = EDGE_LOOP('',(#10820,#10821,#10827,#10828));
#10820 = ORIENTED_EDGE('',*,*,#4605,.F.);
#10821 = ORIENTED_EDGE('',*,*,#10822,.T.);
#10822 = EDGE_CURVE('',#4598,#7010,#10823,.T.);
#10823 = LINE('',#10824,#10825);
#10824 = CARTESIAN_POINT('',(-226.3217061491,173.64474418952,69.51));
#10825 = VECTOR('',#10826,1.);
#10826 = DIRECTION('',(0.,0.,1.));
#10827 = ORIENTED_EDGE('',*,*,#7009,.T.);
#10828 = ORIENTED_EDGE('',*,*,#10805,.F.);
#10829 = PLANE('',#10830);
#10830 = AXIS2_PLACEMENT_3D('',#10831,#10832,#10833);
#10831 = CARTESIAN_POINT('',(-226.3217061491,173.64474418952,69.51));
#10832 = DIRECTION('',(0.663142096111,-0.74849352727,0.));
#10833 = DIRECTION('',(0.74849352727,0.663142096111,0.));
#10834 = ADVANCED_FACE('',(#10835),#10841,.F.);
#10835 = FACE_BOUND('',#10836,.T.);
#10836 = EDGE_LOOP('',(#10837,#10838,#10839,#10840));
#10837 = ORIENTED_EDGE('',*,*,#4597,.F.);
#10838 = ORIENTED_EDGE('',*,*,#7041,.T.);
#10839 = ORIENTED_EDGE('',*,*,#7017,.T.);
#10840 = ORIENTED_EDGE('',*,*,#10822,.F.);
#10841 = PLANE('',#10842);
#10842 = AXIS2_PLACEMENT_3D('',#10843,#10844,#10845);
#10843 = CARTESIAN_POINT('',(-226.3217061506,173.19474419047,69.51));
#10844 = DIRECTION('',(1.,-3.31886618E-09,0.));
#10845 = DIRECTION('',(3.31886618E-09,1.,0.));
#10846 = ADVANCED_FACE('',(#10847),#10858,.F.);
#10847 = FACE_BOUND('',#10848,.T.);
#10848 = EDGE_LOOP('',(#10849,#10850,#10856,#10857));
#10849 = ORIENTED_EDGE('',*,*,#4574,.F.);
#10850 = ORIENTED_EDGE('',*,*,#10851,.T.);
#10851 = EDGE_CURVE('',#4567,#7083,#10852,.T.);
#10852 = LINE('',#10853,#10854);
#10853 = CARTESIAN_POINT('',(-226.3217061507,169.24474419094,69.51));
#10854 = VECTOR('',#10855,1.);
#10855 = DIRECTION('',(0.,0.,1.));
#10856 = ORIENTED_EDGE('',*,*,#7082,.T.);
#10857 = ORIENTED_EDGE('',*,*,#7056,.F.);
#10858 = PLANE('',#10859);
#10859 = AXIS2_PLACEMENT_3D('',#10860,#10861,#10862);
#10860 = CARTESIAN_POINT('',(-226.3217061507,169.24474419094,69.51));
#10861 = DIRECTION('',(1.,-1.4937187E-10,0.));
#10862 = DIRECTION('',(1.4937187E-10,1.,0.));
#10863 = ADVANCED_FACE('',(#10864),#10875,.F.);
#10864 = FACE_BOUND('',#10865,.T.);
#10865 = EDGE_LOOP('',(#10866,#10867,#10873,#10874));
#10866 = ORIENTED_EDGE('',*,*,#4566,.F.);
#10867 = ORIENTED_EDGE('',*,*,#10868,.T.);
#10868 = EDGE_CURVE('',#4559,#7091,#10869,.T.);
#10869 = LINE('',#10870,#10871);
#10870 = CARTESIAN_POINT('',(-226.2760007791,169.20425064829,69.51));
#10871 = VECTOR('',#10872,1.);
#10872 = DIRECTION('',(0.,0.,1.));
#10873 = ORIENTED_EDGE('',*,*,#7090,.T.);
#10874 = ORIENTED_EDGE('',*,*,#10851,.F.);
#10875 = PLANE('',#10876);
#10876 = AXIS2_PLACEMENT_3D('',#10877,#10878,#10879);
#10877 = CARTESIAN_POINT('',(-226.2760007791,169.20425064829,69.51));
#10878 = DIRECTION('',(0.66314207949,0.748493541996,0.));
#10879 = DIRECTION('',(-0.748493541996,0.66314207949,0.));
#10880 = ADVANCED_FACE('',(#10881),#10892,.F.);
#10881 = FACE_BOUND('',#10882,.T.);
#10882 = EDGE_LOOP('',(#10883,#10884,#10890,#10891));
#10883 = ORIENTED_EDGE('',*,*,#4558,.F.);
#10884 = ORIENTED_EDGE('',*,*,#10885,.T.);
#10885 = EDGE_CURVE('',#4551,#7099,#10886,.T.);
#10886 = LINE('',#10887,#10888);
#10887 = CARTESIAN_POINT('',(-226.2587992492,169.18502448245,69.51));
#10888 = VECTOR('',#10889,1.);
#10889 = DIRECTION('',(0.,0.,1.));
#10890 = ORIENTED_EDGE('',*,*,#7098,.T.);
#10891 = ORIENTED_EDGE('',*,*,#10868,.F.);
#10892 = PLANE('',#10893);
#10893 = AXIS2_PLACEMENT_3D('',#10894,#10895,#10896);
#10894 = CARTESIAN_POINT('',(-226.2587992492,169.18502448245,69.51));
#10895 = DIRECTION('',(0.745257282304,0.666777011581,0.));
#10896 = DIRECTION('',(-0.666777011581,0.745257282304,0.));
#10897 = ADVANCED_FACE('',(#10898),#10909,.F.);
#10898 = FACE_BOUND('',#10899,.T.);
#10899 = EDGE_LOOP('',(#10900,#10901,#10907,#10908));
#10900 = ORIENTED_EDGE('',*,*,#4550,.F.);
#10901 = ORIENTED_EDGE('',*,*,#10902,.T.);
#10902 = EDGE_CURVE('',#4543,#7107,#10903,.T.);
#10903 = LINE('',#10904,#10905);
#10904 = CARTESIAN_POINT('',(-226.237473229,169.15687622482,69.51));
#10905 = VECTOR('',#10906,1.);
#10906 = DIRECTION('',(0.,0.,1.));
#10907 = ORIENTED_EDGE('',*,*,#7106,.T.);
#10908 = ORIENTED_EDGE('',*,*,#10885,.F.);
#10909 = PLANE('',#10910);
#10910 = AXIS2_PLACEMENT_3D('',#10911,#10912,#10913);
#10911 = CARTESIAN_POINT('',(-226.237473229,169.15687622482,69.51));
#10912 = DIRECTION('',(0.797070577091,0.603886160742,0.));
#10913 = DIRECTION('',(-0.603886160742,0.797070577091,0.));
#10914 = ADVANCED_FACE('',(#10915),#10926,.F.);
#10915 = FACE_BOUND('',#10916,.T.);
#10916 = EDGE_LOOP('',(#10917,#10918,#10924,#10925));
#10917 = ORIENTED_EDGE('',*,*,#4542,.F.);
#10918 = ORIENTED_EDGE('',*,*,#10919,.T.);
#10919 = EDGE_CURVE('',#4535,#7115,#10920,.T.);
#10920 = LINE('',#10921,#10922);
#10921 = CARTESIAN_POINT('',(-226.212064591,169.11397783474,69.51));
#10922 = VECTOR('',#10923,1.);
#10923 = DIRECTION('',(0.,0.,1.));
#10924 = ORIENTED_EDGE('',*,*,#7114,.T.);
#10925 = ORIENTED_EDGE('',*,*,#10902,.F.);
#10926 = PLANE('',#10927);
#10927 = AXIS2_PLACEMENT_3D('',#10928,#10929,#10930);
#10928 = CARTESIAN_POINT('',(-226.212064591,169.11397783474,69.51));
#10929 = DIRECTION('',(0.860402614399,0.50961489493,0.));
#10930 = DIRECTION('',(-0.50961489493,0.860402614399,0.));
#10931 = ADVANCED_FACE('',(#10932),#10943,.F.);
#10932 = FACE_BOUND('',#10933,.T.);
#10933 = EDGE_LOOP('',(#10934,#10935,#10941,#10942));
#10934 = ORIENTED_EDGE('',*,*,#4534,.F.);
#10935 = ORIENTED_EDGE('',*,*,#10936,.T.);
#10936 = EDGE_CURVE('',#4527,#7123,#10937,.T.);
#10937 = LINE('',#10938,#10939);
#10938 = CARTESIAN_POINT('',(-226.2112959504,169.11244929054,69.51));
#10939 = VECTOR('',#10940,1.);
#10940 = DIRECTION('',(0.,0.,1.));
#10941 = ORIENTED_EDGE('',*,*,#7122,.T.);
#10942 = ORIENTED_EDGE('',*,*,#10919,.F.);
#10943 = PLANE('',#10944);
#10944 = AXIS2_PLACEMENT_3D('',#10945,#10946,#10947);
#10945 = CARTESIAN_POINT('',(-226.2112959504,169.11244929054,69.51));
#10946 = DIRECTION('',(0.893403526618,0.449255093045,0.));
#10947 = DIRECTION('',(-0.449255093045,0.893403526618,0.));
#10948 = ADVANCED_FACE('',(#10949),#10960,.F.);
#10949 = FACE_BOUND('',#10950,.T.);
#10950 = EDGE_LOOP('',(#10951,#10952,#10958,#10959));
#10951 = ORIENTED_EDGE('',*,*,#4526,.F.);
#10952 = ORIENTED_EDGE('',*,*,#10953,.T.);
#10953 = EDGE_CURVE('',#4519,#7131,#10954,.T.);
#10954 = LINE('',#10955,#10956);
#10955 = CARTESIAN_POINT('',(-226.1906314388,169.06236986507,69.51));
#10956 = VECTOR('',#10957,1.);
#10957 = DIRECTION('',(0.,0.,1.));
#10958 = ORIENTED_EDGE('',*,*,#7130,.T.);
#10959 = ORIENTED_EDGE('',*,*,#10936,.F.);
#10960 = PLANE('',#10961);
#10961 = AXIS2_PLACEMENT_3D('',#10962,#10963,#10964);
#10962 = CARTESIAN_POINT('',(-226.1906314388,169.06236986507,69.51));
#10963 = DIRECTION('',(0.924394682288,0.381437375407,0.));
#10964 = DIRECTION('',(-0.381437375407,0.924394682288,0.));
#10965 = ADVANCED_FACE('',(#10966),#10977,.F.);
#10966 = FACE_BOUND('',#10967,.T.);
#10967 = EDGE_LOOP('',(#10968,#10969,#10975,#10976));
#10968 = ORIENTED_EDGE('',*,*,#4518,.F.);
#10969 = ORIENTED_EDGE('',*,*,#10970,.T.);
#10970 = EDGE_CURVE('',#4511,#7139,#10971,.T.);
#10971 = LINE('',#10972,#10973);
#10972 = CARTESIAN_POINT('',(-226.1817377753,169.03090153663,69.51));
#10973 = VECTOR('',#10974,1.);
#10974 = DIRECTION('',(0.,0.,1.));
#10975 = ORIENTED_EDGE('',*,*,#7138,.T.);
#10976 = ORIENTED_EDGE('',*,*,#10953,.F.);
#10977 = PLANE('',#10978);
#10978 = AXIS2_PLACEMENT_3D('',#10979,#10980,#10981);
#10979 = CARTESIAN_POINT('',(-226.1817377753,169.03090153663,69.51));
#10980 = DIRECTION('',(0.962305879708,0.271969472331,0.));
#10981 = DIRECTION('',(-0.271969472331,0.962305879708,0.));
#10982 = ADVANCED_FACE('',(#10983),#10994,.F.);
#10983 = FACE_BOUND('',#10984,.T.);
#10984 = EDGE_LOOP('',(#10985,#10986,#10992,#10993));
#10985 = ORIENTED_EDGE('',*,*,#4510,.F.);
#10986 = ORIENTED_EDGE('',*,*,#10987,.T.);
#10987 = EDGE_CURVE('',#4503,#7147,#10988,.T.);
#10988 = LINE('',#10989,#10990);
#10989 = CARTESIAN_POINT('',(-226.1765310368,169.00470571833,69.51));
#10990 = VECTOR('',#10991,1.);
#10991 = DIRECTION('',(0.,0.,1.));
#10992 = ORIENTED_EDGE('',*,*,#7146,.T.);
#10993 = ORIENTED_EDGE('',*,*,#10970,.F.);
#10994 = PLANE('',#10995);
#10995 = AXIS2_PLACEMENT_3D('',#10996,#10997,#10998);
#10996 = CARTESIAN_POINT('',(-226.1765310368,169.00470571833,69.51));
#10997 = DIRECTION('',(0.980813452185,0.194948639424,0.));
#10998 = DIRECTION('',(-0.194948639424,0.980813452185,0.));
#10999 = ADVANCED_FACE('',(#11000),#11011,.F.);
#11000 = FACE_BOUND('',#11001,.T.);
#11001 = EDGE_LOOP('',(#11002,#11003,#11009,#11010));
#11002 = ORIENTED_EDGE('',*,*,#4502,.F.);
#11003 = ORIENTED_EDGE('',*,*,#11004,.T.);
#11004 = EDGE_CURVE('',#4495,#7155,#11005,.T.);
#11005 = LINE('',#11006,#11007);
#11006 = CARTESIAN_POINT('',(-226.1717061461,168.94474419047,69.51));
#11007 = VECTOR('',#11008,1.);
#11008 = DIRECTION('',(0.,0.,1.));
#11009 = ORIENTED_EDGE('',*,*,#7154,.T.);
#11010 = ORIENTED_EDGE('',*,*,#10987,.F.);
#11011 = PLANE('',#11012);
#11012 = AXIS2_PLACEMENT_3D('',#11013,#11014,#11015);
#11013 = CARTESIAN_POINT('',(-226.1717061461,168.94474419047,69.51));
#11014 = DIRECTION('',(0.996778213013,8.020719457826E-02,0.));
#11015 = DIRECTION('',(-8.020719457826E-02,0.996778213013,0.));
#11016 = ADVANCED_FACE('',(#11017),#11028,.F.);
#11017 = FACE_BOUND('',#11018,.T.);
#11018 = EDGE_LOOP('',(#11019,#11020,#11026,#11027));
#11019 = ORIENTED_EDGE('',*,*,#4494,.F.);
#11020 = ORIENTED_EDGE('',*,*,#11021,.T.);
#11021 = EDGE_CURVE('',#4487,#7163,#11022,.T.);
#11022 = LINE('',#11023,#11024);
#11023 = CARTESIAN_POINT('',(-226.1765310368,168.8847826626,69.51));
#11024 = VECTOR('',#11025,1.);
#11025 = DIRECTION('',(0.,0.,1.));
#11026 = ORIENTED_EDGE('',*,*,#7162,.T.);
#11027 = ORIENTED_EDGE('',*,*,#11004,.F.);
#11028 = PLANE('',#11029);
#11029 = AXIS2_PLACEMENT_3D('',#11030,#11031,#11032);
#11030 = CARTESIAN_POINT('',(-226.1765310368,168.8847826626,69.51));
#11031 = DIRECTION('',(0.996778213013,-8.020719457772E-02,0.));
#11032 = DIRECTION('',(8.020719457772E-02,0.996778213013,0.));
#11033 = ADVANCED_FACE('',(#11034),#11045,.F.);
#11034 = FACE_BOUND('',#11035,.T.);
#11035 = EDGE_LOOP('',(#11036,#11037,#11043,#11044));
#11036 = ORIENTED_EDGE('',*,*,#4486,.F.);
#11037 = ORIENTED_EDGE('',*,*,#11038,.T.);
#11038 = EDGE_CURVE('',#4479,#7171,#11039,.T.);
#11039 = LINE('',#11040,#11041);
#11040 = CARTESIAN_POINT('',(-226.1817377753,168.8585868443,69.51));
#11041 = VECTOR('',#11042,1.);
#11042 = DIRECTION('',(0.,0.,1.));
#11043 = ORIENTED_EDGE('',*,*,#7170,.T.);
#11044 = ORIENTED_EDGE('',*,*,#11021,.F.);
#11045 = PLANE('',#11046);
#11046 = AXIS2_PLACEMENT_3D('',#11047,#11048,#11049);
#11047 = CARTESIAN_POINT('',(-226.1817377753,168.8585868443,69.51));
#11048 = DIRECTION('',(0.980813452184,-0.194948639426,0.));
#11049 = DIRECTION('',(0.194948639426,0.980813452184,0.));
#11050 = ADVANCED_FACE('',(#11051),#11062,.F.);
#11051 = FACE_BOUND('',#11052,.T.);
#11052 = EDGE_LOOP('',(#11053,#11054,#11060,#11061));
#11053 = ORIENTED_EDGE('',*,*,#4478,.F.);
#11054 = ORIENTED_EDGE('',*,*,#11055,.T.);
#11055 = EDGE_CURVE('',#4471,#7179,#11056,.T.);
#11056 = LINE('',#11057,#11058);
#11057 = CARTESIAN_POINT('',(-226.1906314388,168.82711851587,69.51));
#11058 = VECTOR('',#11059,1.);
#11059 = DIRECTION('',(0.,0.,1.));
#11060 = ORIENTED_EDGE('',*,*,#7178,.T.);
#11061 = ORIENTED_EDGE('',*,*,#11038,.F.);
#11062 = PLANE('',#11063);
#11063 = AXIS2_PLACEMENT_3D('',#11064,#11065,#11066);
#11064 = CARTESIAN_POINT('',(-226.1906314388,168.82711851587,69.51));
#11065 = DIRECTION('',(0.962305879708,-0.271969472329,0.));
#11066 = DIRECTION('',(0.271969472329,0.962305879708,0.));
#11067 = ADVANCED_FACE('',(#11068),#11079,.F.);
#11068 = FACE_BOUND('',#11069,.T.);
#11069 = EDGE_LOOP('',(#11070,#11071,#11077,#11078));
#11070 = ORIENTED_EDGE('',*,*,#4470,.F.);
#11071 = ORIENTED_EDGE('',*,*,#11072,.T.);
#11072 = EDGE_CURVE('',#4463,#7187,#11073,.T.);
#11073 = LINE('',#11074,#11075);
#11074 = CARTESIAN_POINT('',(-226.2112959504,168.77703909039,69.51));
#11075 = VECTOR('',#11076,1.);
#11076 = DIRECTION('',(0.,0.,1.));
#11077 = ORIENTED_EDGE('',*,*,#7186,.T.);
#11078 = ORIENTED_EDGE('',*,*,#11055,.F.);
#11079 = PLANE('',#11080);
#11080 = AXIS2_PLACEMENT_3D('',#11081,#11082,#11083);
#11081 = CARTESIAN_POINT('',(-226.2112959504,168.77703909039,69.51));
#11082 = DIRECTION('',(0.924394682288,-0.381437375407,0.));
#11083 = DIRECTION('',(0.381437375407,0.924394682288,0.));
#11084 = ADVANCED_FACE('',(#11085),#11096,.F.);
#11085 = FACE_BOUND('',#11086,.T.);
#11086 = EDGE_LOOP('',(#11087,#11088,#11094,#11095));
#11087 = ORIENTED_EDGE('',*,*,#4462,.F.);
#11088 = ORIENTED_EDGE('',*,*,#11089,.T.);
#11089 = EDGE_CURVE('',#4455,#7195,#11090,.T.);
#11090 = LINE('',#11091,#11092);
#11091 = CARTESIAN_POINT('',(-226.212064591,168.77551054619,69.51));
#11092 = VECTOR('',#11093,1.);
#11093 = DIRECTION('',(0.,0.,1.));
#11094 = ORIENTED_EDGE('',*,*,#7194,.T.);
#11095 = ORIENTED_EDGE('',*,*,#11072,.F.);
#11096 = PLANE('',#11097);
#11097 = AXIS2_PLACEMENT_3D('',#11098,#11099,#11100);
#11098 = CARTESIAN_POINT('',(-226.212064591,168.77551054619,69.51));
#11099 = DIRECTION('',(0.893403526618,-0.449255093045,0.));
#11100 = DIRECTION('',(0.449255093045,0.893403526618,0.));
#11101 = ADVANCED_FACE('',(#11102),#11113,.F.);
#11102 = FACE_BOUND('',#11103,.T.);
#11103 = EDGE_LOOP('',(#11104,#11105,#11111,#11112));
#11104 = ORIENTED_EDGE('',*,*,#4454,.F.);
#11105 = ORIENTED_EDGE('',*,*,#11106,.T.);
#11106 = EDGE_CURVE('',#4447,#7203,#11107,.T.);
#11107 = LINE('',#11108,#11109);
#11108 = CARTESIAN_POINT('',(-226.237473229,168.73261215611,69.51));
#11109 = VECTOR('',#11110,1.);
#11110 = DIRECTION('',(0.,0.,1.));
#11111 = ORIENTED_EDGE('',*,*,#7202,.T.);
#11112 = ORIENTED_EDGE('',*,*,#11089,.F.);
#11113 = PLANE('',#11114);
#11114 = AXIS2_PLACEMENT_3D('',#11115,#11116,#11117);
#11115 = CARTESIAN_POINT('',(-226.237473229,168.73261215611,69.51));
#11116 = DIRECTION('',(0.860402614399,-0.50961489493,0.));
#11117 = DIRECTION('',(0.50961489493,0.860402614399,0.));
#11118 = ADVANCED_FACE('',(#11119),#11130,.F.);
#11119 = FACE_BOUND('',#11120,.T.);
#11120 = EDGE_LOOP('',(#11121,#11122,#11128,#11129));
#11121 = ORIENTED_EDGE('',*,*,#4446,.F.);
#11122 = ORIENTED_EDGE('',*,*,#11123,.T.);
#11123 = EDGE_CURVE('',#4439,#7211,#11124,.T.);
#11124 = LINE('',#11125,#11126);
#11125 = CARTESIAN_POINT('',(-226.2587992492,168.70446389848,69.51));
#11126 = VECTOR('',#11127,1.);
#11127 = DIRECTION('',(0.,0.,1.));
#11128 = ORIENTED_EDGE('',*,*,#7210,.T.);
#11129 = ORIENTED_EDGE('',*,*,#11106,.F.);
#11130 = PLANE('',#11131);
#11131 = AXIS2_PLACEMENT_3D('',#11132,#11133,#11134);
#11132 = CARTESIAN_POINT('',(-226.2587992492,168.70446389848,69.51));
#11133 = DIRECTION('',(0.797070577091,-0.603886160742,0.));
#11134 = DIRECTION('',(0.603886160742,0.797070577091,0.));
#11135 = ADVANCED_FACE('',(#11136),#11147,.F.);
#11136 = FACE_BOUND('',#11137,.T.);
#11137 = EDGE_LOOP('',(#11138,#11139,#11145,#11146));
#11138 = ORIENTED_EDGE('',*,*,#4438,.F.);
#11139 = ORIENTED_EDGE('',*,*,#11140,.T.);
#11140 = EDGE_CURVE('',#4431,#7219,#11141,.T.);
#11141 = LINE('',#11142,#11143);
#11142 = CARTESIAN_POINT('',(-226.2760007794,168.68523773234,69.51));
#11143 = VECTOR('',#11144,1.);
#11144 = DIRECTION('',(0.,0.,1.));
#11145 = ORIENTED_EDGE('',*,*,#7218,.T.);
#11146 = ORIENTED_EDGE('',*,*,#11123,.F.);
#11147 = PLANE('',#11148);
#11148 = AXIS2_PLACEMENT_3D('',#11149,#11150,#11151);
#11149 = CARTESIAN_POINT('',(-226.2760007794,168.68523773234,69.51));
#11150 = DIRECTION('',(0.745257281909,-0.666777012022,0.));
#11151 = DIRECTION('',(0.666777012022,0.745257281909,0.));
#11152 = ADVANCED_FACE('',(#11153),#11164,.F.);
#11153 = FACE_BOUND('',#11154,.T.);
#11154 = EDGE_LOOP('',(#11155,#11156,#11162,#11163));
#11155 = ORIENTED_EDGE('',*,*,#4430,.F.);
#11156 = ORIENTED_EDGE('',*,*,#11157,.T.);
#11157 = EDGE_CURVE('',#4423,#7227,#11158,.T.);
#11158 = LINE('',#11159,#11160);
#11159 = CARTESIAN_POINT('',(-226.3217061507,168.64474418999,69.51));
#11160 = VECTOR('',#11161,1.);
#11161 = DIRECTION('',(0.,0.,1.));
#11162 = ORIENTED_EDGE('',*,*,#7226,.T.);
#11163 = ORIENTED_EDGE('',*,*,#11140,.F.);
#11164 = PLANE('',#11165);
#11165 = AXIS2_PLACEMENT_3D('',#11166,#11167,#11168);
#11166 = CARTESIAN_POINT('',(-226.3217061507,168.64474418999,69.51));
#11167 = DIRECTION('',(0.663142079077,-0.748493542362,0.));
#11168 = DIRECTION('',(0.748493542362,0.663142079077,0.));
#11169 = ADVANCED_FACE('',(#11170),#11176,.F.);
#11170 = FACE_BOUND('',#11171,.T.);
#11171 = EDGE_LOOP('',(#11172,#11173,#11174,#11175));
#11172 = ORIENTED_EDGE('',*,*,#4422,.F.);
#11173 = ORIENTED_EDGE('',*,*,#7258,.T.);
#11174 = ORIENTED_EDGE('',*,*,#7234,.T.);
#11175 = ORIENTED_EDGE('',*,*,#11157,.F.);
#11176 = PLANE('',#11177);
#11177 = AXIS2_PLACEMENT_3D('',#11178,#11179,#11180);
#11178 = CARTESIAN_POINT('',(-226.3217061506,168.19474419047,69.51));
#11179 = DIRECTION('',(1.,1.4937187E-10,0.));
#11180 = DIRECTION('',(-1.4937187E-10,1.,0.));
#11181 = ADVANCED_FACE('',(#11182),#11188,.F.);
#11182 = FACE_BOUND('',#11183,.T.);
#11183 = EDGE_LOOP('',(#11184,#11185,#11186,#11187));
#11184 = ORIENTED_EDGE('',*,*,#4398,.F.);
#11185 = ORIENTED_EDGE('',*,*,#7275,.T.);
#11186 = ORIENTED_EDGE('',*,*,#7306,.T.);
#11187 = ORIENTED_EDGE('',*,*,#7321,.F.);
#11188 = PLANE('',#11189);
#11189 = AXIS2_PLACEMENT_3D('',#11190,#11191,#11192);
#11190 = CARTESIAN_POINT('',(-234.6467061529,164.89813145262,69.51));
#11191 = DIRECTION('',(0.,-1.,0.));
#11192 = DIRECTION('',(1.,0.,0.));
#11193 = ADVANCED_FACE('',(#11194),#11205,.F.);
#11194 = FACE_BOUND('',#11195,.T.);
#11195 = EDGE_LOOP('',(#11196,#11197,#11203,#11204));
#11196 = ORIENTED_EDGE('',*,*,#4374,.F.);
#11197 = ORIENTED_EDGE('',*,*,#11198,.T.);
#11198 = EDGE_CURVE('',#4367,#8129,#11199,.T.);
#11199 = LINE('',#11200,#11201);
#11200 = CARTESIAN_POINT('',(-239.9967061529,167.45232072905,69.51));
#11201 = VECTOR('',#11202,1.);
#11202 = DIRECTION('',(0.,0.,1.));
#11203 = ORIENTED_EDGE('',*,*,#8128,.T.);
#11204 = ORIENTED_EDGE('',*,*,#8150,.F.);
#11205 = PLANE('',#11206);
#11206 = AXIS2_PLACEMENT_3D('',#11207,#11208,#11209);
#11207 = CARTESIAN_POINT('',(-239.9967061529,167.45232072905,69.51));
#11208 = DIRECTION('',(-1.,0.,0.));
#11209 = DIRECTION('',(0.,-1.,0.));
#11210 = ADVANCED_FACE('',(#11211),#11217,.F.);
#11211 = FACE_BOUND('',#11212,.T.);
#11212 = EDGE_LOOP('',(#11213,#11214,#11215,#11216));
#11213 = ORIENTED_EDGE('',*,*,#4366,.F.);
#11214 = ORIENTED_EDGE('',*,*,#8096,.T.);
#11215 = ORIENTED_EDGE('',*,*,#8136,.T.);
#11216 = ORIENTED_EDGE('',*,*,#11198,.F.);
#11217 = PLANE('',#11218);
#11218 = AXIS2_PLACEMENT_3D('',#11219,#11220,#11221);
#11219 = CARTESIAN_POINT('',(-239.9098183524,167.48148786747,69.51));
#11220 = DIRECTION('',(-0.318235557726,0.948011671763,0.));
#11221 = DIRECTION('',(-0.948011671763,-0.318235557726,0.));
#11222 = ADVANCED_FACE('',(#11223),#11234,.F.);
#11223 = FACE_BOUND('',#11224,.T.);
#11224 = EDGE_LOOP('',(#11225,#11226,#11232,#11233));
#11225 = ORIENTED_EDGE('',*,*,#4343,.F.);
#11226 = ORIENTED_EDGE('',*,*,#11227,.T.);
#11227 = EDGE_CURVE('',#4336,#7896,#11228,.T.);
#11228 = LINE('',#11229,#11230);
#11229 = CARTESIAN_POINT('',(-240.0717061529,168.19474419047,69.51));
#11230 = VECTOR('',#11231,1.);
#11231 = DIRECTION('',(0.,0.,1.));
#11232 = ORIENTED_EDGE('',*,*,#7895,.T.);
#11233 = ORIENTED_EDGE('',*,*,#8077,.F.);
#11234 = PLANE('',#11235);
#11235 = AXIS2_PLACEMENT_3D('',#11236,#11237,#11238);
#11236 = CARTESIAN_POINT('',(-240.0717061529,168.19474419047,69.51));
#11237 = DIRECTION('',(-0.122203559427,-0.992505057953,0.));
#11238 = DIRECTION('',(0.992505057953,-0.122203559427,0.));
#11239 = ADVANCED_FACE('',(#11240),#11251,.F.);
#11240 = FACE_BOUND('',#11241,.T.);
#11241 = EDGE_LOOP('',(#11242,#11243,#11249,#11250));
#11242 = ORIENTED_EDGE('',*,*,#4335,.F.);
#11243 = ORIENTED_EDGE('',*,*,#11244,.T.);
#11244 = EDGE_CURVE('',#4328,#7904,#11245,.T.);
#11245 = LINE('',#11246,#11247);
#11246 = CARTESIAN_POINT('',(-240.9717061553,168.19474419047,69.51));
#11247 = VECTOR('',#11248,1.);
#11248 = DIRECTION('',(0.,0.,1.));
#11249 = ORIENTED_EDGE('',*,*,#7903,.T.);
#11250 = ORIENTED_EDGE('',*,*,#11227,.F.);
#11251 = PLANE('',#11252);
#11252 = AXIS2_PLACEMENT_3D('',#11253,#11254,#11255);
#11253 = CARTESIAN_POINT('',(-240.9717061553,168.19474419047,69.51));
#11254 = DIRECTION('',(3.947E-14,-1.,0.));
#11255 = DIRECTION('',(1.,3.947E-14,0.));
#11256 = ADVANCED_FACE('',(#11257),#11268,.F.);
#11257 = FACE_BOUND('',#11258,.T.);
#11258 = EDGE_LOOP('',(#11259,#11260,#11266,#11267));
#11259 = ORIENTED_EDGE('',*,*,#4327,.F.);
#11260 = ORIENTED_EDGE('',*,*,#11261,.T.);
#11261 = EDGE_CURVE('',#4320,#7912,#11262,.T.);
#11262 = LINE('',#11263,#11264);
#11263 = CARTESIAN_POINT('',(-240.9717061551,168.64474419202,69.51));
#11264 = VECTOR('',#11265,1.);
#11265 = DIRECTION('',(0.,0.,1.));
#11266 = ORIENTED_EDGE('',*,*,#7911,.T.);
#11267 = ORIENTED_EDGE('',*,*,#11244,.F.);
#11268 = PLANE('',#11269);
#11269 = AXIS2_PLACEMENT_3D('',#11270,#11271,#11272);
#11270 = CARTESIAN_POINT('',(-240.9717061551,168.64474419202,69.51));
#11271 = DIRECTION('',(-1.,3.1587572E-10,0.));
#11272 = DIRECTION('',(-3.1587572E-10,-1.,0.));
#11273 = ADVANCED_FACE('',(#11274),#11285,.F.);
#11274 = FACE_BOUND('',#11275,.T.);
#11275 = EDGE_LOOP('',(#11276,#11277,#11283,#11284));
#11276 = ORIENTED_EDGE('',*,*,#4319,.F.);
#11277 = ORIENTED_EDGE('',*,*,#11278,.T.);
#11278 = EDGE_CURVE('',#4312,#7920,#11279,.T.);
#11279 = LINE('',#11280,#11281);
#11280 = CARTESIAN_POINT('',(-241.0174115251,168.68523773306,69.51));
#11281 = VECTOR('',#11282,1.);
#11282 = DIRECTION('',(0.,0.,1.));
#11283 = ORIENTED_EDGE('',*,*,#7919,.T.);
#11284 = ORIENTED_EDGE('',*,*,#11261,.F.);
#11285 = PLANE('',#11286);
#11286 = AXIS2_PLACEMENT_3D('',#11287,#11288,#11289);
#11287 = CARTESIAN_POINT('',(-241.0174115251,168.68523773306,69.51));
#11288 = DIRECTION('',(-0.663142078019,-0.748493543299,0.));
#11289 = DIRECTION('',(0.748493543299,-0.663142078019,0.));
#11290 = ADVANCED_FACE('',(#11291),#11302,.F.);
#11291 = FACE_BOUND('',#11292,.T.);
#11292 = EDGE_LOOP('',(#11293,#11294,#11300,#11301));
#11293 = ORIENTED_EDGE('',*,*,#4311,.F.);
#11294 = ORIENTED_EDGE('',*,*,#11295,.T.);
#11295 = EDGE_CURVE('',#4304,#7928,#11296,.T.);
#11296 = LINE('',#11297,#11298);
#11297 = CARTESIAN_POINT('',(-241.0346130527,168.704463902,69.51));
#11298 = VECTOR('',#11299,1.);
#11299 = DIRECTION('',(0.,0.,1.));
#11300 = ORIENTED_EDGE('',*,*,#7927,.T.);
#11301 = ORIENTED_EDGE('',*,*,#11278,.F.);
#11302 = PLANE('',#11303);
#11303 = AXIS2_PLACEMENT_3D('',#11304,#11305,#11306);
#11304 = CARTESIAN_POINT('',(-241.0346130527,168.704463902,69.51));
#11305 = DIRECTION('',(-0.745257379655,-0.666776902772,0.));
#11306 = DIRECTION('',(0.666776902772,-0.745257379655,0.));
#11307 = ADVANCED_FACE('',(#11308),#11319,.F.);
#11308 = FACE_BOUND('',#11309,.T.);
#11309 = EDGE_LOOP('',(#11310,#11311,#11317,#11318));
#11310 = ORIENTED_EDGE('',*,*,#4303,.F.);
#11311 = ORIENTED_EDGE('',*,*,#11312,.T.);
#11312 = EDGE_CURVE('',#4296,#7936,#11313,.T.);
#11313 = LINE('',#11314,#11315);
#11314 = CARTESIAN_POINT('',(-241.0559390748,168.73261215611,69.51));
#11315 = VECTOR('',#11316,1.);
#11316 = DIRECTION('',(0.,0.,1.));
#11317 = ORIENTED_EDGE('',*,*,#7935,.T.);
#11318 = ORIENTED_EDGE('',*,*,#11295,.F.);
#11319 = PLANE('',#11320);
#11320 = AXIS2_PLACEMENT_3D('',#11321,#11322,#11323);
#11321 = CARTESIAN_POINT('',(-241.0559390748,168.73261215611,69.51));
#11322 = DIRECTION('',(-0.797070515138,-0.603886242514,0.));
#11323 = DIRECTION('',(0.603886242514,-0.797070515138,0.));
#11324 = ADVANCED_FACE('',(#11325),#11336,.F.);
#11325 = FACE_BOUND('',#11326,.T.);
#11326 = EDGE_LOOP('',(#11327,#11328,#11334,#11335));
#11327 = ORIENTED_EDGE('',*,*,#4295,.F.);
#11328 = ORIENTED_EDGE('',*,*,#11329,.T.);
#11329 = EDGE_CURVE('',#4288,#7944,#11330,.T.);
#11330 = LINE('',#11331,#11332);
#11331 = CARTESIAN_POINT('',(-241.0813477128,168.77551054618,69.51));
#11332 = VECTOR('',#11333,1.);
#11333 = DIRECTION('',(0.,0.,1.));
#11334 = ORIENTED_EDGE('',*,*,#7943,.T.);
#11335 = ORIENTED_EDGE('',*,*,#11312,.F.);
#11336 = PLANE('',#11337);
#11337 = AXIS2_PLACEMENT_3D('',#11338,#11339,#11340);
#11338 = CARTESIAN_POINT('',(-241.0813477128,168.77551054618,69.51));
#11339 = DIRECTION('',(-0.860402614052,-0.509614895516,0.));
#11340 = DIRECTION('',(0.509614895516,-0.860402614052,0.));
#11341 = ADVANCED_FACE('',(#11342),#11353,.F.);
#11342 = FACE_BOUND('',#11343,.T.);
#11343 = EDGE_LOOP('',(#11344,#11345,#11351,#11352));
#11344 = ORIENTED_EDGE('',*,*,#4287,.F.);
#11345 = ORIENTED_EDGE('',*,*,#11346,.T.);
#11346 = EDGE_CURVE('',#4280,#7952,#11347,.T.);
#11347 = LINE('',#11348,#11349);
#11348 = CARTESIAN_POINT('',(-241.0821163497,168.7770390926,69.51));
#11349 = VECTOR('',#11350,1.);
#11350 = DIRECTION('',(0.,0.,1.));
#11351 = ORIENTED_EDGE('',*,*,#7951,.T.);
#11352 = ORIENTED_EDGE('',*,*,#11329,.F.);
#11353 = PLANE('',#11354);
#11354 = AXIS2_PLACEMENT_3D('',#11355,#11356,#11357);
#11355 = CARTESIAN_POINT('',(-241.0821163497,168.7770390926,69.51));
#11356 = DIRECTION('',(-0.893404667036,-0.449252825165,0.));
#11357 = DIRECTION('',(0.449252825165,-0.893404667036,0.));
#11358 = ADVANCED_FACE('',(#11359),#11370,.F.);
#11359 = FACE_BOUND('',#11360,.T.);
#11360 = EDGE_LOOP('',(#11361,#11362,#11368,#11369));
#11361 = ORIENTED_EDGE('',*,*,#4279,.F.);
#11362 = ORIENTED_EDGE('',*,*,#11363,.T.);
#11363 = EDGE_CURVE('',#4272,#7960,#11364,.T.);
#11364 = LINE('',#11365,#11366);
#11365 = CARTESIAN_POINT('',(-241.1027808651,168.82711851586,69.51));
#11366 = VECTOR('',#11367,1.);
#11367 = DIRECTION('',(0.,0.,1.));
#11368 = ORIENTED_EDGE('',*,*,#7959,.T.);
#11369 = ORIENTED_EDGE('',*,*,#11346,.F.);
#11370 = PLANE('',#11371);
#11371 = AXIS2_PLACEMENT_3D('',#11372,#11373,#11374);
#11372 = CARTESIAN_POINT('',(-241.1027808651,168.82711851586,69.51));
#11373 = DIRECTION('',(-0.924394651734,-0.381437449453,0.));
#11374 = DIRECTION('',(0.381437449453,-0.924394651734,0.));
#11375 = ADVANCED_FACE('',(#11376),#11387,.F.);
#11376 = FACE_BOUND('',#11377,.T.);
#11377 = EDGE_LOOP('',(#11378,#11379,#11385,#11386));
#11378 = ORIENTED_EDGE('',*,*,#4271,.F.);
#11379 = ORIENTED_EDGE('',*,*,#11380,.T.);
#11380 = EDGE_CURVE('',#4264,#7968,#11381,.T.);
#11381 = LINE('',#11382,#11383);
#11382 = CARTESIAN_POINT('',(-241.1116745238,168.85858684466,69.51));
#11383 = VECTOR('',#11384,1.);
#11384 = DIRECTION('',(0.,0.,1.));
#11385 = ORIENTED_EDGE('',*,*,#7967,.T.);
#11386 = ORIENTED_EDGE('',*,*,#11363,.F.);
#11387 = PLANE('',#11388);
#11388 = AXIS2_PLACEMENT_3D('',#11389,#11390,#11391);
#11389 = CARTESIAN_POINT('',(-241.1116745238,168.85858684466,69.51));
#11390 = DIRECTION('',(-0.962305918949,-0.271969333486,0.));
#11391 = DIRECTION('',(0.271969333486,-0.962305918949,0.));
#11392 = ADVANCED_FACE('',(#11393),#11404,.F.);
#11393 = FACE_BOUND('',#11394,.T.);
#11394 = EDGE_LOOP('',(#11395,#11396,#11402,#11403));
#11395 = ORIENTED_EDGE('',*,*,#4263,.F.);
#11396 = ORIENTED_EDGE('',*,*,#11397,.T.);
#11397 = EDGE_CURVE('',#4256,#7976,#11398,.T.);
#11398 = LINE('',#11399,#11400);
#11399 = CARTESIAN_POINT('',(-241.1168812671,168.8847826626,69.51));
#11400 = VECTOR('',#11401,1.);
#11401 = DIRECTION('',(0.,0.,1.));
#11402 = ORIENTED_EDGE('',*,*,#7975,.T.);
#11403 = ORIENTED_EDGE('',*,*,#11380,.F.);
#11404 = PLANE('',#11405);
#11405 = AXIS2_PLACEMENT_3D('',#11406,#11407,#11408);
#11406 = CARTESIAN_POINT('',(-241.1168812671,168.8847826626,69.51));
#11407 = DIRECTION('',(-0.980813417145,-0.194948815712,0.));
#11408 = DIRECTION('',(0.194948815712,-0.980813417145,0.));
#11409 = ADVANCED_FACE('',(#11410),#11421,.F.);
#11410 = FACE_BOUND('',#11411,.T.);
#11411 = EDGE_LOOP('',(#11412,#11413,#11419,#11420));
#11412 = ORIENTED_EDGE('',*,*,#4255,.F.);
#11413 = ORIENTED_EDGE('',*,*,#11414,.T.);
#11414 = EDGE_CURVE('',#4248,#7984,#11415,.T.);
#11415 = LINE('',#11416,#11417);
#11416 = CARTESIAN_POINT('',(-241.1217061529,168.94474418872,69.51));
#11417 = VECTOR('',#11418,1.);
#11418 = DIRECTION('',(0.,0.,1.));
#11419 = ORIENTED_EDGE('',*,*,#7983,.T.);
#11420 = ORIENTED_EDGE('',*,*,#11397,.F.);
#11421 = PLANE('',#11422);
#11422 = AXIS2_PLACEMENT_3D('',#11423,#11424,#11425);
#11423 = CARTESIAN_POINT('',(-241.1217061529,168.94474418872,69.51));
#11424 = DIRECTION('',(-0.996778219348,-8.020711585662E-02,0.));
#11425 = DIRECTION('',(8.020711585662E-02,-0.996778219348,0.));
#11426 = ADVANCED_FACE('',(#11427),#11438,.F.);
#11427 = FACE_BOUND('',#11428,.T.);
#11428 = EDGE_LOOP('',(#11429,#11430,#11436,#11437));
#11429 = ORIENTED_EDGE('',*,*,#4247,.F.);
#11430 = ORIENTED_EDGE('',*,*,#11431,.T.);
#11431 = EDGE_CURVE('',#4240,#7992,#11432,.T.);
#11432 = LINE('',#11433,#11434);
#11433 = CARTESIAN_POINT('',(-241.1168812671,169.00470571833,69.51));
#11434 = VECTOR('',#11435,1.);
#11435 = DIRECTION('',(0.,0.,1.));
#11436 = ORIENTED_EDGE('',*,*,#7991,.T.);
#11437 = ORIENTED_EDGE('',*,*,#11414,.F.);
#11438 = PLANE('',#11439);
#11439 = AXIS2_PLACEMENT_3D('',#11440,#11441,#11442);
#11440 = CARTESIAN_POINT('',(-241.1168812671,169.00470571833,69.51));
#11441 = DIRECTION('',(-0.996778219721,8.020711121345E-02,0.));
#11442 = DIRECTION('',(-8.020711121345E-02,-0.996778219721,0.));
#11443 = ADVANCED_FACE('',(#11444),#11455,.F.);
#11444 = FACE_BOUND('',#11445,.T.);
#11445 = EDGE_LOOP('',(#11446,#11447,#11453,#11454));
#11446 = ORIENTED_EDGE('',*,*,#4239,.F.);
#11447 = ORIENTED_EDGE('',*,*,#11448,.T.);
#11448 = EDGE_CURVE('',#4232,#8000,#11449,.T.);
#11449 = LINE('',#11450,#11451);
#11450 = CARTESIAN_POINT('',(-241.1116745246,169.03090153288,69.51));
#11451 = VECTOR('',#11452,1.);
#11452 = DIRECTION('',(0.,0.,1.));
#11453 = ORIENTED_EDGE('',*,*,#7999,.T.);
#11454 = ORIENTED_EDGE('',*,*,#11431,.F.);
#11455 = PLANE('',#11456);
#11456 = AXIS2_PLACEMENT_3D('',#11457,#11458,#11459);
#11457 = CARTESIAN_POINT('',(-241.1116745246,169.03090153288,69.51));
#11458 = DIRECTION('',(-0.980813418053,0.194948811144,0.));
#11459 = DIRECTION('',(-0.194948811144,-0.980813418053,0.));
#11460 = ADVANCED_FACE('',(#11461),#11472,.F.);
#11461 = FACE_BOUND('',#11462,.T.);
#11462 = EDGE_LOOP('',(#11463,#11464,#11470,#11471));
#11463 = ORIENTED_EDGE('',*,*,#4231,.F.);
#11464 = ORIENTED_EDGE('',*,*,#11465,.T.);
#11465 = EDGE_CURVE('',#4224,#8008,#11466,.T.);
#11466 = LINE('',#11467,#11468);
#11467 = CARTESIAN_POINT('',(-241.1027808651,169.06236986507,69.51));
#11468 = VECTOR('',#11469,1.);
#11469 = DIRECTION('',(0.,0.,1.));
#11470 = ORIENTED_EDGE('',*,*,#8007,.T.);
#11471 = ORIENTED_EDGE('',*,*,#11448,.F.);
#11472 = PLANE('',#11473);
#11473 = AXIS2_PLACEMENT_3D('',#11474,#11475,#11476);
#11474 = CARTESIAN_POINT('',(-241.1027808651,169.06236986507,69.51));
#11475 = DIRECTION('',(-0.962305920216,0.271969329003,0.));
#11476 = DIRECTION('',(-0.271969329003,-0.962305920216,0.));
#11477 = ADVANCED_FACE('',(#11478),#11489,.F.);
#11478 = FACE_BOUND('',#11479,.T.);
#11479 = EDGE_LOOP('',(#11480,#11481,#11487,#11488));
#11480 = ORIENTED_EDGE('',*,*,#4223,.F.);
#11481 = ORIENTED_EDGE('',*,*,#11482,.T.);
#11482 = EDGE_CURVE('',#4216,#8016,#11483,.T.);
#11483 = LINE('',#11484,#11485);
#11484 = CARTESIAN_POINT('',(-241.0821163513,169.1124492852,69.51));
#11485 = VECTOR('',#11486,1.);
#11486 = DIRECTION('',(0.,0.,1.));
#11487 = ORIENTED_EDGE('',*,*,#8015,.T.);
#11488 = ORIENTED_EDGE('',*,*,#11465,.F.);
#11489 = PLANE('',#11490);
#11490 = AXIS2_PLACEMENT_3D('',#11491,#11492,#11493);
#11491 = CARTESIAN_POINT('',(-241.0821163513,169.1124492852,69.51));
#11492 = DIRECTION('',(-0.924394653511,0.381437445147,0.));
#11493 = DIRECTION('',(-0.381437445147,-0.924394653511,0.));
#11494 = ADVANCED_FACE('',(#11495),#11506,.F.);
#11495 = FACE_BOUND('',#11496,.T.);
#11496 = EDGE_LOOP('',(#11497,#11498,#11504,#11505));
#11497 = ORIENTED_EDGE('',*,*,#4215,.F.);
#11498 = ORIENTED_EDGE('',*,*,#11499,.T.);
#11499 = EDGE_CURVE('',#4208,#8024,#11500,.T.);
#11500 = LINE('',#11501,#11502);
#11501 = CARTESIAN_POINT('',(-241.0813477128,169.11397783475,69.51));
#11502 = VECTOR('',#11503,1.);
#11503 = DIRECTION('',(0.,0.,1.));
#11504 = ORIENTED_EDGE('',*,*,#8023,.T.);
#11505 = ORIENTED_EDGE('',*,*,#11482,.F.);
#11506 = PLANE('',#11507);
#11507 = AXIS2_PLACEMENT_3D('',#11508,#11509,#11510);
#11508 = CARTESIAN_POINT('',(-241.0813477128,169.11397783475,69.51));
#11509 = DIRECTION('',(-0.893404669145,0.44925282097,0.));
#11510 = DIRECTION('',(-0.44925282097,-0.893404669145,0.));
#11511 = ADVANCED_FACE('',(#11512),#11523,.F.);
#11512 = FACE_BOUND('',#11513,.T.);
#11513 = EDGE_LOOP('',(#11514,#11515,#11521,#11522));
#11514 = ORIENTED_EDGE('',*,*,#4207,.F.);
#11515 = ORIENTED_EDGE('',*,*,#11516,.T.);
#11516 = EDGE_CURVE('',#4200,#8032,#11517,.T.);
#11517 = LINE('',#11518,#11519);
#11518 = CARTESIAN_POINT('',(-241.0559390748,169.15687622482,69.51));
#11519 = VECTOR('',#11520,1.);
#11520 = DIRECTION('',(0.,0.,1.));
#11521 = ORIENTED_EDGE('',*,*,#8031,.T.);
#11522 = ORIENTED_EDGE('',*,*,#11499,.F.);
#11523 = PLANE('',#11524);
#11524 = AXIS2_PLACEMENT_3D('',#11525,#11526,#11527);
#11525 = CARTESIAN_POINT('',(-241.0559390748,169.15687622482,69.51));
#11526 = DIRECTION('',(-0.860402614052,0.509614895517,0.));
#11527 = DIRECTION('',(-0.509614895517,-0.860402614052,0.));
#11528 = ADVANCED_FACE('',(#11529),#11540,.F.);
#11529 = FACE_BOUND('',#11530,.T.);
#11530 = EDGE_LOOP('',(#11531,#11532,#11538,#11539));
#11531 = ORIENTED_EDGE('',*,*,#4199,.F.);
#11532 = ORIENTED_EDGE('',*,*,#11533,.T.);
#11533 = EDGE_CURVE('',#4192,#8040,#11534,.T.);
#11534 = LINE('',#11535,#11536);
#11535 = CARTESIAN_POINT('',(-241.0346130549,169.18502447625,69.51));
#11536 = VECTOR('',#11537,1.);
#11537 = DIRECTION('',(0.,0.,1.));
#11538 = ORIENTED_EDGE('',*,*,#8039,.T.);
#11539 = ORIENTED_EDGE('',*,*,#11516,.F.);
#11540 = PLANE('',#11541);
#11541 = AXIS2_PLACEMENT_3D('',#11542,#11543,#11544);
#11542 = CARTESIAN_POINT('',(-241.0346130549,169.18502447625,69.51));
#11543 = DIRECTION('',(-0.797070517951,0.603886238801,0.));
#11544 = DIRECTION('',(-0.603886238801,-0.797070517951,0.));
#11545 = ADVANCED_FACE('',(#11546),#11557,.F.);
#11546 = FACE_BOUND('',#11547,.T.);
#11547 = EDGE_LOOP('',(#11548,#11549,#11555,#11556));
#11548 = ORIENTED_EDGE('',*,*,#4191,.F.);
#11549 = ORIENTED_EDGE('',*,*,#11550,.T.);
#11550 = EDGE_CURVE('',#4184,#8048,#11551,.T.);
#11551 = LINE('',#11552,#11553);
#11552 = CARTESIAN_POINT('',(-241.0174115251,169.20425064788,69.51));
#11553 = VECTOR('',#11554,1.);
#11554 = DIRECTION('',(0.,0.,1.));
#11555 = ORIENTED_EDGE('',*,*,#8047,.T.);
#11556 = ORIENTED_EDGE('',*,*,#11533,.F.);
#11557 = PLANE('',#11558);
#11558 = AXIS2_PLACEMENT_3D('',#11559,#11560,#11561);
#11559 = CARTESIAN_POINT('',(-241.0174115251,169.20425064788,69.51));
#11560 = DIRECTION('',(-0.745257382794,0.666776899263,0.));
#11561 = DIRECTION('',(-0.666776899263,-0.745257382794,0.));
#11562 = ADVANCED_FACE('',(#11563),#11574,.F.);
#11563 = FACE_BOUND('',#11564,.T.);
#11564 = EDGE_LOOP('',(#11565,#11566,#11572,#11573));
#11565 = ORIENTED_EDGE('',*,*,#4183,.F.);
#11566 = ORIENTED_EDGE('',*,*,#11567,.T.);
#11567 = EDGE_CURVE('',#4176,#8056,#11568,.T.);
#11568 = LINE('',#11569,#11570);
#11569 = CARTESIAN_POINT('',(-240.9717061553,169.24474418329,69.51));
#11570 = VECTOR('',#11571,1.);
#11571 = DIRECTION('',(0.,0.,1.));
#11572 = ORIENTED_EDGE('',*,*,#8055,.T.);
#11573 = ORIENTED_EDGE('',*,*,#11550,.F.);
#11574 = PLANE('',#11575);
#11575 = AXIS2_PLACEMENT_3D('',#11576,#11577,#11578);
#11576 = CARTESIAN_POINT('',(-240.9717061553,169.24474418329,69.51));
#11577 = DIRECTION('',(-0.663142027556,0.748493588008,0.));
#11578 = DIRECTION('',(-0.748493588008,-0.663142027556,0.));
#11579 = ADVANCED_FACE('',(#11580),#11586,.F.);
#11580 = FACE_BOUND('',#11581,.T.);
#11581 = EDGE_LOOP('',(#11582,#11583,#11584,#11585));
#11582 = ORIENTED_EDGE('',*,*,#4175,.F.);
#11583 = ORIENTED_EDGE('',*,*,#7863,.T.);
#11584 = ORIENTED_EDGE('',*,*,#8063,.T.);
#11585 = ORIENTED_EDGE('',*,*,#11567,.F.);
#11586 = PLANE('',#11587);
#11587 = AXIS2_PLACEMENT_3D('',#11588,#11589,#11590);
#11588 = CARTESIAN_POINT('',(-240.9717061553,169.69474419047,69.51));
#11589 = DIRECTION('',(-1.,8.84231E-12,0.));
#11590 = DIRECTION('',(-8.84231E-12,-1.,0.));
#11591 = ADVANCED_FACE('',(#11592),#11603,.F.);
#11592 = FACE_BOUND('',#11593,.T.);
#11593 = EDGE_LOOP('',(#11594,#11595,#11601,#11602));
#11594 = ORIENTED_EDGE('',*,*,#4152,.F.);
#11595 = ORIENTED_EDGE('',*,*,#11596,.T.);
#11596 = EDGE_CURVE('',#4145,#7679,#11597,.T.);
#11597 = LINE('',#11598,#11599);
#11598 = CARTESIAN_POINT('',(-240.9717061551,171.14474419005,69.51));
#11599 = VECTOR('',#11600,1.);
#11600 = DIRECTION('',(0.,0.,1.));
#11601 = ORIENTED_EDGE('',*,*,#7678,.T.);
#11602 = ORIENTED_EDGE('',*,*,#7844,.F.);
#11603 = PLANE('',#11604);
#11604 = AXIS2_PLACEMENT_3D('',#11605,#11606,#11607);
#11605 = CARTESIAN_POINT('',(-240.9717061551,171.14474419005,69.51));
#11606 = DIRECTION('',(-1.,4.6698448E-10,0.));
#11607 = DIRECTION('',(-4.6698448E-10,-1.,0.));
#11608 = ADVANCED_FACE('',(#11609),#11620,.F.);
#11609 = FACE_BOUND('',#11610,.T.);
#11610 = EDGE_LOOP('',(#11611,#11612,#11618,#11619));
#11611 = ORIENTED_EDGE('',*,*,#4144,.F.);
#11612 = ORIENTED_EDGE('',*,*,#11613,.T.);
#11613 = EDGE_CURVE('',#4137,#7687,#11614,.T.);
#11614 = LINE('',#11615,#11616);
#11615 = CARTESIAN_POINT('',(-241.0174115254,171.18523773301,69.51));
#11616 = VECTOR('',#11617,1.);
#11617 = DIRECTION('',(0.,0.,1.));
#11618 = ORIENTED_EDGE('',*,*,#7686,.T.);
#11619 = ORIENTED_EDGE('',*,*,#11596,.F.);
#11620 = PLANE('',#11621);
#11621 = AXIS2_PLACEMENT_3D('',#11622,#11623,#11624);
#11622 = CARTESIAN_POINT('',(-241.0174115254,171.18523773301,69.51));
#11623 = DIRECTION('',(-0.663142092547,-0.748493530428,0.));
#11624 = DIRECTION('',(0.748493530428,-0.663142092547,0.));
#11625 = ADVANCED_FACE('',(#11626),#11637,.F.);
#11626 = FACE_BOUND('',#11627,.T.);
#11627 = EDGE_LOOP('',(#11628,#11629,#11635,#11636));
#11628 = ORIENTED_EDGE('',*,*,#4136,.F.);
#11629 = ORIENTED_EDGE('',*,*,#11630,.T.);
#11630 = EDGE_CURVE('',#4129,#7695,#11631,.T.);
#11631 = LINE('',#11632,#11633);
#11632 = CARTESIAN_POINT('',(-241.0346130539,171.20446390053,69.51));
#11633 = VECTOR('',#11634,1.);
#11634 = DIRECTION('',(0.,0.,1.));
#11635 = ORIENTED_EDGE('',*,*,#7694,.T.);
#11636 = ORIENTED_EDGE('',*,*,#11613,.F.);
#11637 = PLANE('',#11638);
#11638 = AXIS2_PLACEMENT_3D('',#11639,#11640,#11641);
#11639 = CARTESIAN_POINT('',(-241.0346130539,171.20446390053,69.51));
#11640 = DIRECTION('',(-0.745257338055,-0.666776949269,0.));
#11641 = DIRECTION('',(0.666776949269,-0.745257338055,0.));
#11642 = ADVANCED_FACE('',(#11643),#11654,.F.);
#11643 = FACE_BOUND('',#11644,.T.);
#11644 = EDGE_LOOP('',(#11645,#11646,#11652,#11653));
#11645 = ORIENTED_EDGE('',*,*,#4128,.F.);
#11646 = ORIENTED_EDGE('',*,*,#11647,.T.);
#11647 = EDGE_CURVE('',#4121,#7703,#11648,.T.);
#11648 = LINE('',#11649,#11650);
#11649 = CARTESIAN_POINT('',(-241.055939075,171.23261215611,69.51));
#11650 = VECTOR('',#11651,1.);
#11651 = DIRECTION('',(0.,0.,1.));
#11652 = ORIENTED_EDGE('',*,*,#7702,.T.);
#11653 = ORIENTED_EDGE('',*,*,#11630,.F.);
#11654 = PLANE('',#11655);
#11655 = AXIS2_PLACEMENT_3D('',#11656,#11657,#11658);
#11656 = CARTESIAN_POINT('',(-241.055939075,171.23261215611,69.51));
#11657 = DIRECTION('',(-0.797070543743,-0.603886204758,0.));
#11658 = DIRECTION('',(0.603886204758,-0.797070543743,0.));
#11659 = ADVANCED_FACE('',(#11660),#11671,.F.);
#11660 = FACE_BOUND('',#11661,.T.);
#11661 = EDGE_LOOP('',(#11662,#11663,#11669,#11670));
#11662 = ORIENTED_EDGE('',*,*,#4120,.F.);
#11663 = ORIENTED_EDGE('',*,*,#11664,.T.);
#11664 = EDGE_CURVE('',#4113,#7711,#11665,.T.);
#11665 = LINE('',#11666,#11667);
#11666 = CARTESIAN_POINT('',(-241.081347713,171.27551054618,69.51));
#11667 = VECTOR('',#11668,1.);
#11668 = DIRECTION('',(0.,0.,1.));
#11669 = ORIENTED_EDGE('',*,*,#7710,.T.);
#11670 = ORIENTED_EDGE('',*,*,#11647,.F.);
#11671 = PLANE('',#11672);
#11672 = AXIS2_PLACEMENT_3D('',#11673,#11674,#11675);
#11673 = CARTESIAN_POINT('',(-241.081347713,171.27551054618,69.51));
#11674 = DIRECTION('',(-0.86040261421,-0.50961489525,0.));
#11675 = DIRECTION('',(0.50961489525,-0.86040261421,0.));
#11676 = ADVANCED_FACE('',(#11677),#11688,.F.);
#11677 = FACE_BOUND('',#11678,.T.);
#11678 = EDGE_LOOP('',(#11679,#11680,#11686,#11687));
#11679 = ORIENTED_EDGE('',*,*,#4112,.F.);
#11680 = ORIENTED_EDGE('',*,*,#11681,.T.);
#11681 = EDGE_CURVE('',#4105,#7719,#11682,.T.);
#11682 = LINE('',#11683,#11684);
#11683 = CARTESIAN_POINT('',(-241.0821163518,171.27703909201,69.51));
#11684 = VECTOR('',#11685,1.);
#11685 = DIRECTION('',(0.,0.,1.));
#11686 = ORIENTED_EDGE('',*,*,#7718,.T.);
#11687 = ORIENTED_EDGE('',*,*,#11664,.F.);
#11688 = PLANE('',#11689);
#11689 = AXIS2_PLACEMENT_3D('',#11690,#11691,#11692);
#11690 = CARTESIAN_POINT('',(-241.0821163518,171.27703909201,69.51));
#11691 = DIRECTION('',(-0.893404143594,-0.449253866105,0.));
#11692 = DIRECTION('',(0.449253866105,-0.893404143594,0.));
#11693 = ADVANCED_FACE('',(#11694),#11705,.F.);
#11694 = FACE_BOUND('',#11695,.T.);
#11695 = EDGE_LOOP('',(#11696,#11697,#11703,#11704));
#11696 = ORIENTED_EDGE('',*,*,#4104,.F.);
#11697 = ORIENTED_EDGE('',*,*,#11698,.T.);
#11698 = EDGE_CURVE('',#4097,#7727,#11699,.T.);
#11699 = LINE('',#11700,#11701);
#11700 = CARTESIAN_POINT('',(-241.1027808652,171.32711851586,69.51));
#11701 = VECTOR('',#11702,1.);
#11702 = DIRECTION('',(0.,0.,1.));
#11703 = ORIENTED_EDGE('',*,*,#7726,.T.);
#11704 = ORIENTED_EDGE('',*,*,#11681,.F.);
#11705 = PLANE('',#11706);
#11706 = AXIS2_PLACEMENT_3D('',#11707,#11708,#11709);
#11707 = CARTESIAN_POINT('',(-241.1027808652,171.32711851586,69.51));
#11708 = DIRECTION('',(-0.924394666007,-0.381437414864,0.));
#11709 = DIRECTION('',(0.381437414864,-0.924394666007,0.));
#11710 = ADVANCED_FACE('',(#11711),#11722,.F.);
#11711 = FACE_BOUND('',#11712,.T.);
#11712 = EDGE_LOOP('',(#11713,#11714,#11720,#11721));
#11713 = ORIENTED_EDGE('',*,*,#4096,.F.);
#11714 = ORIENTED_EDGE('',*,*,#11715,.T.);
#11715 = EDGE_CURVE('',#4089,#7735,#11716,.T.);
#11716 = LINE('',#11717,#11718);
#11717 = CARTESIAN_POINT('',(-241.1116745263,171.35858684523,69.51));
#11718 = VECTOR('',#11719,1.);
#11719 = DIRECTION('',(0.,0.,1.));
#11720 = ORIENTED_EDGE('',*,*,#7734,.T.);
#11721 = ORIENTED_EDGE('',*,*,#11698,.F.);
#11722 = PLANE('',#11723);
#11723 = AXIS2_PLACEMENT_3D('',#11724,#11725,#11726);
#11724 = CARTESIAN_POINT('',(-241.1116745263,171.35858684523,69.51));
#11725 = DIRECTION('',(-0.962305901203,-0.271969396273,0.));
#11726 = DIRECTION('',(0.271969396273,-0.962305901203,0.));
#11727 = ADVANCED_FACE('',(#11728),#11739,.F.);
#11728 = FACE_BOUND('',#11729,.T.);
#11729 = EDGE_LOOP('',(#11730,#11731,#11737,#11738));
#11730 = ORIENTED_EDGE('',*,*,#4088,.F.);
#11731 = ORIENTED_EDGE('',*,*,#11732,.T.);
#11732 = EDGE_CURVE('',#4081,#7743,#11733,.T.);
#11733 = LINE('',#11734,#11735);
#11734 = CARTESIAN_POINT('',(-241.1168812672,171.3847826626,69.51));
#11735 = VECTOR('',#11736,1.);
#11736 = DIRECTION('',(0.,0.,1.));
#11737 = ORIENTED_EDGE('',*,*,#7742,.T.);
#11738 = ORIENTED_EDGE('',*,*,#11715,.F.);
#11739 = PLANE('',#11740);
#11740 = AXIS2_PLACEMENT_3D('',#11741,#11742,#11743);
#11741 = CARTESIAN_POINT('',(-241.1168812672,171.3847826626,69.51));
#11742 = DIRECTION('',(-0.980813433435,-0.194948733758,0.));
#11743 = DIRECTION('',(0.194948733758,-0.980813433435,0.));
#11744 = ADVANCED_FACE('',(#11745),#11756,.F.);
#11745 = FACE_BOUND('',#11746,.T.);
#11746 = EDGE_LOOP('',(#11747,#11748,#11754,#11755));
#11747 = ORIENTED_EDGE('',*,*,#4080,.F.);
#11748 = ORIENTED_EDGE('',*,*,#11749,.T.);
#11749 = EDGE_CURVE('',#4073,#7751,#11750,.T.);
#11750 = LINE('',#11751,#11752);
#11751 = CARTESIAN_POINT('',(-241.1217061553,171.44474419057,69.51));
#11752 = VECTOR('',#11753,1.);
#11753 = DIRECTION('',(0.,0.,1.));
#11754 = ORIENTED_EDGE('',*,*,#7750,.T.);
#11755 = ORIENTED_EDGE('',*,*,#11732,.F.);
#11756 = PLANE('',#11757);
#11757 = AXIS2_PLACEMENT_3D('',#11758,#11759,#11760);
#11758 = CARTESIAN_POINT('',(-241.1217061553,171.44474419057,69.51));
#11759 = DIRECTION('',(-0.996778216551,-8.020715061751E-02,0.));
#11760 = DIRECTION('',(8.020715061751E-02,-0.996778216551,0.));
#11761 = ADVANCED_FACE('',(#11762),#11773,.F.);
#11762 = FACE_BOUND('',#11763,.T.);
#11763 = EDGE_LOOP('',(#11764,#11765,#11771,#11772));
#11764 = ORIENTED_EDGE('',*,*,#4072,.F.);
#11765 = ORIENTED_EDGE('',*,*,#11766,.T.);
#11766 = EDGE_CURVE('',#4065,#7759,#11767,.T.);
#11767 = LINE('',#11768,#11769);
#11768 = CARTESIAN_POINT('',(-241.1168812672,171.50470571833,69.51));
#11769 = VECTOR('',#11770,1.);
#11770 = DIRECTION('',(0.,0.,1.));
#11771 = ORIENTED_EDGE('',*,*,#7758,.T.);
#11772 = ORIENTED_EDGE('',*,*,#11749,.F.);
#11773 = PLANE('',#11774);
#11774 = AXIS2_PLACEMENT_3D('',#11775,#11776,#11777);
#11775 = CARTESIAN_POINT('',(-241.1168812672,171.50470571833,69.51));
#11776 = DIRECTION('',(-0.996778216529,8.020715089061E-02,0.));
#11777 = DIRECTION('',(-8.020715089061E-02,-0.996778216529,0.));
#11778 = ADVANCED_FACE('',(#11779),#11790,.F.);
#11779 = FACE_BOUND('',#11780,.T.);
#11780 = EDGE_LOOP('',(#11781,#11782,#11788,#11789));
#11781 = ORIENTED_EDGE('',*,*,#4064,.F.);
#11782 = ORIENTED_EDGE('',*,*,#11783,.T.);
#11783 = EDGE_CURVE('',#4057,#7767,#11784,.T.);
#11784 = LINE('',#11785,#11786);
#11785 = CARTESIAN_POINT('',(-241.1116745263,171.5309015359,69.51));
#11786 = VECTOR('',#11787,1.);
#11787 = DIRECTION('',(0.,0.,1.));
#11788 = ORIENTED_EDGE('',*,*,#7766,.T.);
#11789 = ORIENTED_EDGE('',*,*,#11766,.F.);
#11790 = PLANE('',#11791);
#11791 = AXIS2_PLACEMENT_3D('',#11792,#11793,#11794);
#11792 = CARTESIAN_POINT('',(-241.1116745263,171.5309015359,69.51));
#11793 = DIRECTION('',(-0.980813433382,0.194948734025,0.));
#11794 = DIRECTION('',(-0.194948734025,-0.980813433382,0.));
#11795 = ADVANCED_FACE('',(#11796),#11807,.F.);
#11796 = FACE_BOUND('',#11797,.T.);
#11797 = EDGE_LOOP('',(#11798,#11799,#11805,#11806));
#11798 = ORIENTED_EDGE('',*,*,#4056,.F.);
#11799 = ORIENTED_EDGE('',*,*,#11800,.T.);
#11800 = EDGE_CURVE('',#4049,#7775,#11801,.T.);
#11801 = LINE('',#11802,#11803);
#11802 = CARTESIAN_POINT('',(-241.1027808652,171.56236986507,69.51));
#11803 = VECTOR('',#11804,1.);
#11804 = DIRECTION('',(0.,0.,1.));
#11805 = ORIENTED_EDGE('',*,*,#7774,.T.);
#11806 = ORIENTED_EDGE('',*,*,#11783,.F.);
#11807 = PLANE('',#11808);
#11808 = AXIS2_PLACEMENT_3D('',#11809,#11810,#11811);
#11809 = CARTESIAN_POINT('',(-241.1027808652,171.56236986507,69.51));
#11810 = DIRECTION('',(-0.962305901129,0.271969396537,0.));
#11811 = DIRECTION('',(-0.271969396537,-0.962305901129,0.));
#11812 = ADVANCED_FACE('',(#11813),#11824,.F.);
#11813 = FACE_BOUND('',#11814,.T.);
#11814 = EDGE_LOOP('',(#11815,#11816,#11822,#11823));
#11815 = ORIENTED_EDGE('',*,*,#4048,.F.);
#11816 = ORIENTED_EDGE('',*,*,#11817,.T.);
#11817 = EDGE_CURVE('',#4041,#7783,#11818,.T.);
#11818 = LINE('',#11819,#11820);
#11819 = CARTESIAN_POINT('',(-241.0821163517,171.6124492891,69.51));
#11820 = VECTOR('',#11821,1.);
#11821 = DIRECTION('',(0.,0.,1.));
#11822 = ORIENTED_EDGE('',*,*,#7782,.T.);
#11823 = ORIENTED_EDGE('',*,*,#11800,.F.);
#11824 = PLANE('',#11825);
#11825 = AXIS2_PLACEMENT_3D('',#11826,#11827,#11828);
#11826 = CARTESIAN_POINT('',(-241.0821163517,171.6124492891,69.51));
#11827 = DIRECTION('',(-0.924394665903,0.381437415116,0.));
#11828 = DIRECTION('',(-0.381437415116,-0.924394665903,0.));
#11829 = ADVANCED_FACE('',(#11830),#11841,.F.);
#11830 = FACE_BOUND('',#11831,.T.);
#11831 = EDGE_LOOP('',(#11832,#11833,#11839,#11840));
#11832 = ORIENTED_EDGE('',*,*,#4040,.F.);
#11833 = ORIENTED_EDGE('',*,*,#11834,.T.);
#11834 = EDGE_CURVE('',#4033,#7791,#11835,.T.);
#11835 = LINE('',#11836,#11837);
#11836 = CARTESIAN_POINT('',(-241.081347713,171.61397783475,69.51));
#11837 = VECTOR('',#11838,1.);
#11838 = DIRECTION('',(0.,0.,1.));
#11839 = ORIENTED_EDGE('',*,*,#7790,.T.);
#11840 = ORIENTED_EDGE('',*,*,#11817,.F.);
#11841 = PLANE('',#11842);
#11842 = AXIS2_PLACEMENT_3D('',#11843,#11844,#11845);
#11843 = CARTESIAN_POINT('',(-241.081347713,171.61397783475,69.51));
#11844 = DIRECTION('',(-0.893404143462,0.449253866366,0.));
#11845 = DIRECTION('',(-0.449253866366,-0.893404143462,0.));
#11846 = ADVANCED_FACE('',(#11847),#11858,.F.);
#11847 = FACE_BOUND('',#11848,.T.);
#11848 = EDGE_LOOP('',(#11849,#11850,#11856,#11857));
#11849 = ORIENTED_EDGE('',*,*,#4032,.F.);
#11850 = ORIENTED_EDGE('',*,*,#11851,.T.);
#11851 = EDGE_CURVE('',#4025,#7799,#11852,.T.);
#11852 = LINE('',#11853,#11854);
#11853 = CARTESIAN_POINT('',(-241.055939075,171.65687622482,69.51));
#11854 = VECTOR('',#11855,1.);
#11855 = DIRECTION('',(0.,0.,1.));
#11856 = ORIENTED_EDGE('',*,*,#7798,.T.);
#11857 = ORIENTED_EDGE('',*,*,#11834,.F.);
#11858 = PLANE('',#11859);
#11859 = AXIS2_PLACEMENT_3D('',#11860,#11861,#11862);
#11860 = CARTESIAN_POINT('',(-241.055939075,171.65687622482,69.51));
#11861 = DIRECTION('',(-0.86040261421,0.50961489525,0.));
#11862 = DIRECTION('',(-0.50961489525,-0.86040261421,0.));
#11863 = ADVANCED_FACE('',(#11864),#11875,.F.);
#11864 = FACE_BOUND('',#11865,.T.);
#11865 = EDGE_LOOP('',(#11866,#11867,#11873,#11874));
#11866 = ORIENTED_EDGE('',*,*,#4024,.F.);
#11867 = ORIENTED_EDGE('',*,*,#11868,.T.);
#11868 = EDGE_CURVE('',#4017,#7807,#11869,.T.);
#11869 = LINE('',#11870,#11871);
#11870 = CARTESIAN_POINT('',(-241.0346130538,171.68502448056,69.51));
#11871 = VECTOR('',#11872,1.);
#11872 = DIRECTION('',(0.,0.,1.));
#11873 = ORIENTED_EDGE('',*,*,#7806,.T.);
#11874 = ORIENTED_EDGE('',*,*,#11851,.F.);
#11875 = PLANE('',#11876);
#11876 = AXIS2_PLACEMENT_3D('',#11877,#11878,#11879);
#11877 = CARTESIAN_POINT('',(-241.0346130538,171.68502448056,69.51));
#11878 = DIRECTION('',(-0.797070543578,0.603886204976,0.));
#11879 = DIRECTION('',(-0.603886204976,-0.797070543578,0.));
#11880 = ADVANCED_FACE('',(#11881),#11892,.F.);
#11881 = FACE_BOUND('',#11882,.T.);
#11882 = EDGE_LOOP('',(#11883,#11884,#11890,#11891));
#11883 = ORIENTED_EDGE('',*,*,#4016,.F.);
#11884 = ORIENTED_EDGE('',*,*,#11885,.T.);
#11885 = EDGE_CURVE('',#4009,#7815,#11886,.T.);
#11886 = LINE('',#11887,#11888);
#11887 = CARTESIAN_POINT('',(-241.0174115252,171.70425064798,69.51));
#11888 = VECTOR('',#11889,1.);
#11889 = DIRECTION('',(0.,0.,1.));
#11890 = ORIENTED_EDGE('',*,*,#7814,.T.);
#11891 = ORIENTED_EDGE('',*,*,#11868,.F.);
#11892 = PLANE('',#11893);
#11893 = AXIS2_PLACEMENT_3D('',#11894,#11895,#11896);
#11894 = CARTESIAN_POINT('',(-241.0174115252,171.70425064798,69.51));
#11895 = DIRECTION('',(-0.745257335365,0.666776952275,0.));
#11896 = DIRECTION('',(-0.666776952275,-0.745257335365,0.));
#11897 = ADVANCED_FACE('',(#11898),#11909,.F.);
#11898 = FACE_BOUND('',#11899,.T.);
#11899 = EDGE_LOOP('',(#11900,#11901,#11907,#11908));
#11900 = ORIENTED_EDGE('',*,*,#4008,.F.);
#11901 = ORIENTED_EDGE('',*,*,#11902,.T.);
#11902 = EDGE_CURVE('',#4001,#7823,#11903,.T.);
#11903 = LINE('',#11904,#11905);
#11904 = CARTESIAN_POINT('',(-240.971706155,171.74474419108,69.51));
#11905 = VECTOR('',#11906,1.);
#11906 = DIRECTION('',(0.,0.,1.));
#11907 = ORIENTED_EDGE('',*,*,#7822,.T.);
#11908 = ORIENTED_EDGE('',*,*,#11885,.F.);
#11909 = PLANE('',#11910);
#11910 = AXIS2_PLACEMENT_3D('',#11911,#11912,#11913);
#11911 = CARTESIAN_POINT('',(-240.971706155,171.74474419108,69.51));
#11912 = DIRECTION('',(-0.663142094495,0.748493528702,0.));
#11913 = DIRECTION('',(-0.748493528702,-0.663142094495,0.));
#11914 = ADVANCED_FACE('',(#11915),#11921,.F.);
#11915 = FACE_BOUND('',#11916,.T.);
#11916 = EDGE_LOOP('',(#11917,#11918,#11919,#11920));
#11917 = ORIENTED_EDGE('',*,*,#4000,.F.);
#11918 = ORIENTED_EDGE('',*,*,#7646,.T.);
#11919 = ORIENTED_EDGE('',*,*,#7830,.T.);
#11920 = ORIENTED_EDGE('',*,*,#11902,.F.);
#11921 = PLANE('',#11922);
#11922 = AXIS2_PLACEMENT_3D('',#11923,#11924,#11925);
#11923 = CARTESIAN_POINT('',(-240.9717061553,172.19474419047,69.51));
#11924 = DIRECTION('',(-1.,-7.0043724E-10,0.));
#11925 = DIRECTION('',(7.0043724E-10,-1.,0.));
#11926 = ADVANCED_FACE('',(#11927),#11938,.F.);
#11927 = FACE_BOUND('',#11928,.T.);
#11928 = EDGE_LOOP('',(#11929,#11930,#11936,#11937));
#11929 = ORIENTED_EDGE('',*,*,#3977,.F.);
#11930 = ORIENTED_EDGE('',*,*,#11931,.T.);
#11931 = EDGE_CURVE('',#3970,#7446,#11932,.T.);
#11932 = LINE('',#11933,#11934);
#11933 = CARTESIAN_POINT('',(-240.9717061548,173.64474419129,69.51));
#11934 = VECTOR('',#11935,1.);
#11935 = DIRECTION('',(0.,0.,1.));
#11936 = ORIENTED_EDGE('',*,*,#7445,.T.);
#11937 = ORIENTED_EDGE('',*,*,#7627,.F.);
#11938 = PLANE('',#11939);
#11939 = AXIS2_PLACEMENT_3D('',#11940,#11941,#11942);
#11940 = CARTESIAN_POINT('',(-240.9717061548,173.64474419129,69.51));
#11941 = DIRECTION('',(-1.,1.10734138E-09,0.));
#11942 = DIRECTION('',(-1.10734138E-09,-1.,0.));
#11943 = ADVANCED_FACE('',(#11944),#11955,.F.);
#11944 = FACE_BOUND('',#11945,.T.);
#11945 = EDGE_LOOP('',(#11946,#11947,#11953,#11954));
#11946 = ORIENTED_EDGE('',*,*,#3969,.F.);
#11947 = ORIENTED_EDGE('',*,*,#11948,.T.);
#11948 = EDGE_CURVE('',#3962,#7454,#11949,.T.);
#11949 = LINE('',#11950,#11951);
#11950 = CARTESIAN_POINT('',(-241.0174115251,173.68523773306,69.51));
#11951 = VECTOR('',#11952,1.);
#11952 = DIRECTION('',(0.,0.,1.));
#11953 = ORIENTED_EDGE('',*,*,#7453,.T.);
#11954 = ORIENTED_EDGE('',*,*,#11931,.F.);
#11955 = PLANE('',#11956);
#11956 = AXIS2_PLACEMENT_3D('',#11957,#11958,#11959);
#11957 = CARTESIAN_POINT('',(-241.0174115251,173.68523773306,69.51));
#11958 = DIRECTION('',(-0.66314208176,-0.748493539985,0.));
#11959 = DIRECTION('',(0.748493539985,-0.66314208176,0.));
#11960 = ADVANCED_FACE('',(#11961),#11972,.F.);
#11961 = FACE_BOUND('',#11962,.T.);
#11962 = EDGE_LOOP('',(#11963,#11964,#11970,#11971));
#11963 = ORIENTED_EDGE('',*,*,#3961,.F.);
#11964 = ORIENTED_EDGE('',*,*,#11965,.T.);
#11965 = EDGE_CURVE('',#3954,#7462,#11966,.T.);
#11966 = LINE('',#11967,#11968);
#11967 = CARTESIAN_POINT('',(-241.0346130526,173.70446390193,69.51));
#11968 = VECTOR('',#11969,1.);
#11969 = DIRECTION('',(0.,0.,1.));
#11970 = ORIENTED_EDGE('',*,*,#7461,.T.);
#11971 = ORIENTED_EDGE('',*,*,#11948,.F.);
#11972 = PLANE('',#11973);
#11973 = AXIS2_PLACEMENT_3D('',#11974,#11975,#11976);
#11974 = CARTESIAN_POINT('',(-241.0346130526,173.70446390193,69.51));
#11975 = DIRECTION('',(-0.745257379583,-0.666776902852,0.));
#11976 = DIRECTION('',(0.666776902852,-0.745257379583,0.));
#11977 = ADVANCED_FACE('',(#11978),#11989,.F.);
#11978 = FACE_BOUND('',#11979,.T.);
#11979 = EDGE_LOOP('',(#11980,#11981,#11987,#11988));
#11980 = ORIENTED_EDGE('',*,*,#3953,.F.);
#11981 = ORIENTED_EDGE('',*,*,#11982,.T.);
#11982 = EDGE_CURVE('',#3946,#7470,#11983,.T.);
#11983 = LINE('',#11984,#11985);
#11984 = CARTESIAN_POINT('',(-241.0559390748,173.73261215611,69.51));
#11985 = VECTOR('',#11986,1.);
#11986 = DIRECTION('',(0.,0.,1.));
#11987 = ORIENTED_EDGE('',*,*,#7469,.T.);
#11988 = ORIENTED_EDGE('',*,*,#11965,.F.);
#11989 = PLANE('',#11990);
#11990 = AXIS2_PLACEMENT_3D('',#11991,#11992,#11993);
#11991 = CARTESIAN_POINT('',(-241.0559390748,173.73261215611,69.51));
#11992 = DIRECTION('',(-0.797070515062,-0.603886242614,0.));
#11993 = DIRECTION('',(0.603886242614,-0.797070515062,0.));
#11994 = ADVANCED_FACE('',(#11995),#12006,.F.);
#11995 = FACE_BOUND('',#11996,.T.);
#11996 = EDGE_LOOP('',(#11997,#11998,#12004,#12005));
#11997 = ORIENTED_EDGE('',*,*,#3945,.F.);
#11998 = ORIENTED_EDGE('',*,*,#11999,.T.);
#11999 = EDGE_CURVE('',#3938,#7478,#12000,.T.);
#12000 = LINE('',#12001,#12002);
#12001 = CARTESIAN_POINT('',(-241.0813477128,173.77551054618,69.51));
#12002 = VECTOR('',#12003,1.);
#12003 = DIRECTION('',(0.,0.,1.));
#12004 = ORIENTED_EDGE('',*,*,#7477,.T.);
#12005 = ORIENTED_EDGE('',*,*,#11982,.F.);
#12006 = PLANE('',#12007);
#12007 = AXIS2_PLACEMENT_3D('',#12008,#12009,#12010);
#12008 = CARTESIAN_POINT('',(-241.0813477128,173.77551054618,69.51));
#12009 = DIRECTION('',(-0.860402614054,-0.509614895514,0.));
#12010 = DIRECTION('',(0.509614895514,-0.860402614054,0.));
#12011 = ADVANCED_FACE('',(#12012),#12023,.F.);
#12012 = FACE_BOUND('',#12013,.T.);
#12013 = EDGE_LOOP('',(#12014,#12015,#12021,#12022));
#12014 = ORIENTED_EDGE('',*,*,#3937,.F.);
#12015 = ORIENTED_EDGE('',*,*,#12016,.T.);
#12016 = EDGE_CURVE('',#3930,#7486,#12017,.T.);
#12017 = LINE('',#12018,#12019);
#12018 = CARTESIAN_POINT('',(-241.0821163499,173.77703909309,69.51));
#12019 = VECTOR('',#12020,1.);
#12020 = DIRECTION('',(0.,0.,1.));
#12021 = ORIENTED_EDGE('',*,*,#7485,.T.);
#12022 = ORIENTED_EDGE('',*,*,#11999,.F.);
#12023 = PLANE('',#12024);
#12024 = AXIS2_PLACEMENT_3D('',#12025,#12026,#12027);
#12025 = CARTESIAN_POINT('',(-241.0821163499,173.77703909309,69.51));
#12026 = DIRECTION('',(-0.893404667358,-0.449252824524,0.));
#12027 = DIRECTION('',(0.449252824524,-0.893404667358,0.));
#12028 = ADVANCED_FACE('',(#12029),#12040,.F.);
#12029 = FACE_BOUND('',#12030,.T.);
#12030 = EDGE_LOOP('',(#12031,#12032,#12038,#12039));
#12031 = ORIENTED_EDGE('',*,*,#3929,.F.);
#12032 = ORIENTED_EDGE('',*,*,#12033,.T.);
#12033 = EDGE_CURVE('',#3922,#7494,#12034,.T.);
#12034 = LINE('',#12035,#12036);
#12035 = CARTESIAN_POINT('',(-241.1027808651,173.82711851586,69.51));
#12036 = VECTOR('',#12037,1.);
#12037 = DIRECTION('',(0.,0.,1.));
#12038 = ORIENTED_EDGE('',*,*,#7493,.T.);
#12039 = ORIENTED_EDGE('',*,*,#12016,.F.);
#12040 = PLANE('',#12041);
#12041 = AXIS2_PLACEMENT_3D('',#12042,#12043,#12044);
#12042 = CARTESIAN_POINT('',(-241.1027808651,173.82711851586,69.51));
#12043 = DIRECTION('',(-0.924394652008,-0.38143744879,0.));
#12044 = DIRECTION('',(0.38143744879,-0.924394652008,0.));
#12045 = ADVANCED_FACE('',(#12046),#12057,.F.);
#12046 = FACE_BOUND('',#12047,.T.);
#12047 = EDGE_LOOP('',(#12048,#12049,#12055,#12056));
#12048 = ORIENTED_EDGE('',*,*,#3921,.F.);
#12049 = ORIENTED_EDGE('',*,*,#12050,.T.);
#12050 = EDGE_CURVE('',#3914,#7502,#12051,.T.);
#12051 = LINE('',#12052,#12053);
#12052 = CARTESIAN_POINT('',(-241.111674524,173.85858684579,69.51));
#12053 = VECTOR('',#12054,1.);
#12054 = DIRECTION('',(0.,0.,1.));
#12055 = ORIENTED_EDGE('',*,*,#7501,.T.);
#12056 = ORIENTED_EDGE('',*,*,#12033,.F.);
#12057 = PLANE('',#12058);
#12058 = AXIS2_PLACEMENT_3D('',#12059,#12060,#12061);
#12059 = CARTESIAN_POINT('',(-241.111674524,173.85858684579,69.51));
#12060 = DIRECTION('',(-0.962305919372,-0.271969331989,0.));
#12061 = DIRECTION('',(0.271969331989,-0.962305919372,0.));
#12062 = ADVANCED_FACE('',(#12063),#12074,.F.);
#12063 = FACE_BOUND('',#12064,.T.);
#12064 = EDGE_LOOP('',(#12065,#12066,#12072,#12073));
#12065 = ORIENTED_EDGE('',*,*,#3913,.F.);
#12066 = ORIENTED_EDGE('',*,*,#12067,.T.);
#12067 = EDGE_CURVE('',#3906,#7510,#12068,.T.);
#12068 = LINE('',#12069,#12070);
#12069 = CARTESIAN_POINT('',(-241.1168812671,173.8847826626,69.51));
#12070 = VECTOR('',#12071,1.);
#12071 = DIRECTION('',(0.,0.,1.));
#12072 = ORIENTED_EDGE('',*,*,#7509,.T.);
#12073 = ORIENTED_EDGE('',*,*,#12050,.F.);
#12074 = PLANE('',#12075);
#12075 = AXIS2_PLACEMENT_3D('',#12076,#12077,#12078);
#12076 = CARTESIAN_POINT('',(-241.1168812671,173.8847826626,69.51));
#12077 = DIRECTION('',(-0.980813417449,-0.194948814187,0.));
#12078 = DIRECTION('',(0.194948814187,-0.980813417449,0.));
#12079 = ADVANCED_FACE('',(#12080),#12091,.F.);
#12080 = FACE_BOUND('',#12081,.T.);
#12081 = EDGE_LOOP('',(#12082,#12083,#12089,#12090));
#12082 = ORIENTED_EDGE('',*,*,#3905,.F.);
#12083 = ORIENTED_EDGE('',*,*,#12084,.T.);
#12084 = EDGE_CURVE('',#3898,#7518,#12085,.T.);
#12085 = LINE('',#12086,#12087);
#12086 = CARTESIAN_POINT('',(-241.1217061529,173.94474419051,69.51));
#12087 = VECTOR('',#12088,1.);
#12088 = DIRECTION('',(0.,0.,1.));
#12089 = ORIENTED_EDGE('',*,*,#7517,.T.);
#12090 = ORIENTED_EDGE('',*,*,#12067,.F.);
#12091 = PLANE('',#12092);
#12092 = AXIS2_PLACEMENT_3D('',#12093,#12094,#12095);
#12093 = CARTESIAN_POINT('',(-241.1217061529,173.94474419051,69.51));
#12094 = DIRECTION('',(-0.99677821954,-8.02071134711E-02,0.));
#12095 = DIRECTION('',(8.02071134711E-02,-0.99677821954,0.));
#12096 = ADVANCED_FACE('',(#12097),#12108,.F.);
#12097 = FACE_BOUND('',#12098,.T.);
#12098 = EDGE_LOOP('',(#12099,#12100,#12106,#12107));
#12099 = ORIENTED_EDGE('',*,*,#3897,.F.);
#12100 = ORIENTED_EDGE('',*,*,#12101,.T.);
#12101 = EDGE_CURVE('',#3890,#7526,#12102,.T.);
#12102 = LINE('',#12103,#12104);
#12103 = CARTESIAN_POINT('',(-241.1168812671,174.00470571833,69.51));
#12104 = VECTOR('',#12105,1.);
#12105 = DIRECTION('',(0.,0.,1.));
#12106 = ORIENTED_EDGE('',*,*,#7525,.T.);
#12107 = ORIENTED_EDGE('',*,*,#12084,.F.);
#12108 = PLANE('',#12109);
#12109 = AXIS2_PLACEMENT_3D('',#12110,#12111,#12112);
#12110 = CARTESIAN_POINT('',(-241.1168812671,174.00470571833,69.51));
#12111 = DIRECTION('',(-0.996778219529,8.020711359892E-02,0.));
#12112 = DIRECTION('',(-8.020711359892E-02,-0.996778219529,0.));
#12113 = ADVANCED_FACE('',(#12114),#12125,.F.);
#12114 = FACE_BOUND('',#12115,.T.);
#12115 = EDGE_LOOP('',(#12116,#12117,#12123,#12124));
#12116 = ORIENTED_EDGE('',*,*,#3889,.F.);
#12117 = ORIENTED_EDGE('',*,*,#12118,.T.);
#12118 = EDGE_CURVE('',#3882,#7534,#12119,.T.);
#12119 = LINE('',#12120,#12121);
#12120 = CARTESIAN_POINT('',(-241.111674524,174.03090153523,69.51));
#12121 = VECTOR('',#12122,1.);
#12122 = DIRECTION('',(0.,0.,1.));
#12123 = ORIENTED_EDGE('',*,*,#7533,.T.);
#12124 = ORIENTED_EDGE('',*,*,#12101,.F.);
#12125 = PLANE('',#12126);
#12126 = AXIS2_PLACEMENT_3D('',#12127,#12128,#12129);
#12127 = CARTESIAN_POINT('',(-241.111674524,174.03090153523,69.51));
#12128 = DIRECTION('',(-0.980813417424,0.194948814313,0.));
#12129 = DIRECTION('',(-0.194948814313,-0.980813417424,0.));
#12130 = ADVANCED_FACE('',(#12131),#12142,.F.);
#12131 = FACE_BOUND('',#12132,.T.);
#12132 = EDGE_LOOP('',(#12133,#12134,#12140,#12141));
#12133 = ORIENTED_EDGE('',*,*,#3881,.F.);
#12134 = ORIENTED_EDGE('',*,*,#12135,.T.);
#12135 = EDGE_CURVE('',#3874,#7542,#12136,.T.);
#12136 = LINE('',#12137,#12138);
#12137 = CARTESIAN_POINT('',(-241.1027808651,174.06236986507,69.51));
#12138 = VECTOR('',#12139,1.);
#12139 = DIRECTION('',(0.,0.,1.));
#12140 = ORIENTED_EDGE('',*,*,#7541,.T.);
#12141 = ORIENTED_EDGE('',*,*,#12118,.F.);
#12142 = PLANE('',#12143);
#12143 = AXIS2_PLACEMENT_3D('',#12144,#12145,#12146);
#12144 = CARTESIAN_POINT('',(-241.1027808651,174.06236986507,69.51));
#12145 = DIRECTION('',(-0.962305919337,0.271969332113,0.));
#12146 = DIRECTION('',(-0.271969332113,-0.962305919337,0.));
#12147 = ADVANCED_FACE('',(#12148),#12159,.F.);
#12148 = FACE_BOUND('',#12149,.T.);
#12149 = EDGE_LOOP('',(#12150,#12151,#12157,#12158));
#12150 = ORIENTED_EDGE('',*,*,#3873,.F.);
#12151 = ORIENTED_EDGE('',*,*,#12152,.T.);
#12152 = EDGE_CURVE('',#3866,#7550,#12153,.T.);
#12153 = LINE('',#12154,#12155);
#12154 = CARTESIAN_POINT('',(-241.0821163499,174.11244928793,69.51));
#12155 = VECTOR('',#12156,1.);
#12156 = DIRECTION('',(0.,0.,1.));
#12157 = ORIENTED_EDGE('',*,*,#7549,.T.);
#12158 = ORIENTED_EDGE('',*,*,#12135,.F.);
#12159 = PLANE('',#12160);
#12160 = AXIS2_PLACEMENT_3D('',#12161,#12162,#12163);
#12161 = CARTESIAN_POINT('',(-241.0821163499,174.11244928793,69.51));
#12162 = DIRECTION('',(-0.924394651959,0.381437448908,0.));
#12163 = DIRECTION('',(-0.381437448908,-0.924394651959,0.));
#12164 = ADVANCED_FACE('',(#12165),#12176,.F.);
#12165 = FACE_BOUND('',#12166,.T.);
#12166 = EDGE_LOOP('',(#12167,#12168,#12174,#12175));
#12167 = ORIENTED_EDGE('',*,*,#3865,.F.);
#12168 = ORIENTED_EDGE('',*,*,#12169,.T.);
#12169 = EDGE_CURVE('',#3858,#7558,#12170,.T.);
#12170 = LINE('',#12171,#12172);
#12171 = CARTESIAN_POINT('',(-241.0813477128,174.11397783475,69.51));
#12172 = VECTOR('',#12173,1.);
#12173 = DIRECTION('',(0.,0.,1.));
#12174 = ORIENTED_EDGE('',*,*,#7557,.T.);
#12175 = ORIENTED_EDGE('',*,*,#12152,.F.);
#12176 = PLANE('',#12177);
#12177 = AXIS2_PLACEMENT_3D('',#12178,#12179,#12180);
#12178 = CARTESIAN_POINT('',(-241.0813477128,174.11397783475,69.51));
#12179 = DIRECTION('',(-0.893404667304,0.449252824631,0.));
#12180 = DIRECTION('',(-0.449252824631,-0.893404667304,0.));
#12181 = ADVANCED_FACE('',(#12182),#12193,.F.);
#12182 = FACE_BOUND('',#12183,.T.);
#12183 = EDGE_LOOP('',(#12184,#12185,#12191,#12192));
#12184 = ORIENTED_EDGE('',*,*,#3857,.F.);
#12185 = ORIENTED_EDGE('',*,*,#12186,.T.);
#12186 = EDGE_CURVE('',#3850,#7566,#12187,.T.);
#12187 = LINE('',#12188,#12189);
#12188 = CARTESIAN_POINT('',(-241.0559390748,174.15687622482,69.51));
#12189 = VECTOR('',#12190,1.);
#12190 = DIRECTION('',(0.,0.,1.));
#12191 = ORIENTED_EDGE('',*,*,#7565,.T.);
#12192 = ORIENTED_EDGE('',*,*,#12169,.F.);
#12193 = PLANE('',#12194);
#12194 = AXIS2_PLACEMENT_3D('',#12195,#12196,#12197);
#12195 = CARTESIAN_POINT('',(-241.0559390748,174.15687622482,69.51));
#12196 = DIRECTION('',(-0.860402614051,0.509614895519,0.));
#12197 = DIRECTION('',(-0.509614895519,-0.860402614051,0.));
#12198 = ADVANCED_FACE('',(#12199),#12210,.F.);
#12199 = FACE_BOUND('',#12200,.T.);
#12200 = EDGE_LOOP('',(#12201,#12202,#12208,#12209));
#12201 = ORIENTED_EDGE('',*,*,#3849,.F.);
#12202 = ORIENTED_EDGE('',*,*,#12203,.T.);
#12203 = EDGE_CURVE('',#3842,#7574,#12204,.T.);
#12204 = LINE('',#12205,#12206);
#12205 = CARTESIAN_POINT('',(-241.0346130526,174.18502447908,69.51));
#12206 = VECTOR('',#12207,1.);
#12207 = DIRECTION('',(0.,0.,1.));
#12208 = ORIENTED_EDGE('',*,*,#7573,.T.);
#12209 = ORIENTED_EDGE('',*,*,#12186,.F.);
#12210 = PLANE('',#12211);
#12211 = AXIS2_PLACEMENT_3D('',#12212,#12213,#12214);
#12212 = CARTESIAN_POINT('',(-241.0346130526,174.18502447908,69.51));
#12213 = DIRECTION('',(-0.797070514989,0.60388624271,0.));
#12214 = DIRECTION('',(-0.60388624271,-0.797070514989,0.));
#12215 = ADVANCED_FACE('',(#12216),#12227,.F.);
#12216 = FACE_BOUND('',#12217,.T.);
#12217 = EDGE_LOOP('',(#12218,#12219,#12225,#12226));
#12218 = ORIENTED_EDGE('',*,*,#3841,.F.);
#12219 = ORIENTED_EDGE('',*,*,#12220,.T.);
#12220 = EDGE_CURVE('',#3834,#7582,#12221,.T.);
#12221 = LINE('',#12222,#12223);
#12222 = CARTESIAN_POINT('',(-241.0174115251,174.20425064788,69.51));
#12223 = VECTOR('',#12224,1.);
#12224 = DIRECTION('',(0.,0.,1.));
#12225 = ORIENTED_EDGE('',*,*,#7581,.T.);
#12226 = ORIENTED_EDGE('',*,*,#12203,.F.);
#12227 = PLANE('',#12228);
#12228 = AXIS2_PLACEMENT_3D('',#12229,#12230,#12231);
#12229 = CARTESIAN_POINT('',(-241.0174115251,174.20425064788,69.51));
#12230 = DIRECTION('',(-0.745257379515,0.666776902928,0.));
#12231 = DIRECTION('',(-0.666776902928,-0.745257379515,0.));
#12232 = ADVANCED_FACE('',(#12233),#12244,.F.);
#12233 = FACE_BOUND('',#12234,.T.);
#12234 = EDGE_LOOP('',(#12235,#12236,#12242,#12243));
#12235 = ORIENTED_EDGE('',*,*,#3833,.F.);
#12236 = ORIENTED_EDGE('',*,*,#12237,.T.);
#12237 = EDGE_CURVE('',#3826,#7590,#12238,.T.);
#12238 = LINE('',#12239,#12240);
#12239 = CARTESIAN_POINT('',(-240.9717061553,174.24474419047,69.51));
#12240 = VECTOR('',#12241,1.);
#12241 = DIRECTION('',(0.,0.,1.));
#12242 = ORIENTED_EDGE('',*,*,#7589,.T.);
#12243 = ORIENTED_EDGE('',*,*,#12220,.F.);
#12244 = PLANE('',#12245);
#12245 = AXIS2_PLACEMENT_3D('',#12246,#12247,#12248);
#12246 = CARTESIAN_POINT('',(-240.9717061553,174.24474419047,69.51));
#12247 = DIRECTION('',(-0.663142093381,0.748493529689,0.));
#12248 = DIRECTION('',(-0.748493529689,-0.663142093381,0.));
#12249 = ADVANCED_FACE('',(#12250),#12261,.F.);
#12250 = FACE_BOUND('',#12251,.T.);
#12251 = EDGE_LOOP('',(#12252,#12253,#12259,#12260));
#12252 = ORIENTED_EDGE('',*,*,#3825,.F.);
#12253 = ORIENTED_EDGE('',*,*,#12254,.T.);
#12254 = EDGE_CURVE('',#3818,#7598,#12255,.T.);
#12255 = LINE('',#12256,#12257);
#12256 = CARTESIAN_POINT('',(-240.9717061572,174.69474419047,69.51));
#12257 = VECTOR('',#12258,1.);
#12258 = DIRECTION('',(0.,0.,1.));
#12259 = ORIENTED_EDGE('',*,*,#7597,.T.);
#12260 = ORIENTED_EDGE('',*,*,#12237,.F.);
#12261 = PLANE('',#12262);
#12262 = AXIS2_PLACEMENT_3D('',#12263,#12264,#12265);
#12263 = CARTESIAN_POINT('',(-240.9717061572,174.69474419047,69.51));
#12264 = DIRECTION('',(-1.,-4.32594207E-09,0.));
#12265 = DIRECTION('',(4.32594207E-09,-1.,0.));
#12266 = ADVANCED_FACE('',(#12267),#12278,.F.);
#12267 = FACE_BOUND('',#12268,.T.);
#12268 = EDGE_LOOP('',(#12269,#12270,#12276,#12277));
#12269 = ORIENTED_EDGE('',*,*,#3817,.F.);
#12270 = ORIENTED_EDGE('',*,*,#12271,.T.);
#12271 = EDGE_CURVE('',#3810,#7606,#12272,.T.);
#12272 = LINE('',#12273,#12274);
#12273 = CARTESIAN_POINT('',(-240.0717061529,174.69474419047,69.51));
#12274 = VECTOR('',#12275,1.);
#12275 = DIRECTION('',(0.,0.,1.));
#12276 = ORIENTED_EDGE('',*,*,#7605,.T.);
#12277 = ORIENTED_EDGE('',*,*,#12254,.F.);
#12278 = PLANE('',#12279);
#12279 = AXIS2_PLACEMENT_3D('',#12280,#12281,#12282);
#12280 = CARTESIAN_POINT('',(-240.0717061529,174.69474419047,69.51));
#12281 = DIRECTION('',(0.,1.,0.));
#12282 = DIRECTION('',(-1.,0.,0.));
#12283 = ADVANCED_FACE('',(#12284),#12290,.F.);
#12284 = FACE_BOUND('',#12285,.T.);
#12285 = EDGE_LOOP('',(#12286,#12287,#12288,#12289));
#12286 = ORIENTED_EDGE('',*,*,#3809,.F.);
#12287 = ORIENTED_EDGE('',*,*,#7413,.T.);
#12288 = ORIENTED_EDGE('',*,*,#7613,.T.);
#12289 = ORIENTED_EDGE('',*,*,#12271,.F.);
#12290 = PLANE('',#12291);
#12291 = AXIS2_PLACEMENT_3D('',#12292,#12293,#12294);
#12292 = CARTESIAN_POINT('',(-239.9807404147,174.70594447292,69.51));
#12293 = DIRECTION('',(-0.122203559427,0.992505057953,0.));
#12294 = DIRECTION('',(-0.992505057953,-0.122203559427,0.));
#12295 = ADVANCED_FACE('',(#12296),#12307,.F.);
#12296 = FACE_BOUND('',#12297,.T.);
#12297 = EDGE_LOOP('',(#12298,#12299,#12305,#12306));
#12298 = ORIENTED_EDGE('',*,*,#3786,.F.);
#12299 = ORIENTED_EDGE('',*,*,#12300,.T.);
#12300 = EDGE_CURVE('',#3779,#7373,#12301,.T.);
#12301 = LINE('',#12302,#12303);
#12302 = CARTESIAN_POINT('',(-239.9967061529,175.43716765188,69.51));
#12303 = VECTOR('',#12304,1.);
#12304 = DIRECTION('',(0.,0.,1.));
#12305 = ORIENTED_EDGE('',*,*,#7372,.T.);
#12306 = ORIENTED_EDGE('',*,*,#7394,.F.);
#12307 = PLANE('',#12308);
#12308 = AXIS2_PLACEMENT_3D('',#12309,#12310,#12311);
#12309 = CARTESIAN_POINT('',(-239.9967061529,175.43716765188,69.51));
#12310 = DIRECTION('',(-0.318235557735,-0.94801167176,0.));
#12311 = DIRECTION('',(0.94801167176,-0.318235557735,0.));
#12312 = ADVANCED_FACE('',(#12313),#12319,.F.);
#12313 = FACE_BOUND('',#12314,.T.);
#12314 = EDGE_LOOP('',(#12315,#12316,#12317,#12318));
#12315 = ORIENTED_EDGE('',*,*,#3778,.F.);
#12316 = ORIENTED_EDGE('',*,*,#7340,.T.);
#12317 = ORIENTED_EDGE('',*,*,#7380,.T.);
#12318 = ORIENTED_EDGE('',*,*,#12300,.F.);
#12319 = PLANE('',#12320);
#12320 = AXIS2_PLACEMENT_3D('',#12321,#12322,#12323);
#12321 = CARTESIAN_POINT('',(-239.9967061529,176.04474419047,69.51));
#12322 = DIRECTION('',(-1.,0.,0.));
#12323 = DIRECTION('',(0.,-1.,0.));
#12324 = ADVANCED_FACE('',(#12325),#12331,.F.);
#12325 = FACE_BOUND('',#12326,.T.);
#12326 = EDGE_LOOP('',(#12327,#12328,#12329,#12330));
#12327 = ORIENTED_EDGE('',*,*,#3754,.F.);
#12328 = ORIENTED_EDGE('',*,*,#6824,.T.);
#12329 = ORIENTED_EDGE('',*,*,#6808,.T.);
#12330 = ORIENTED_EDGE('',*,*,#6774,.F.);
#12331 = PLANE('',#12332);
#12332 = AXIS2_PLACEMENT_3D('',#12333,#12334,#12335);
#12333 = CARTESIAN_POINT('',(-232.1467061529,177.99135692831,69.51));
#12334 = DIRECTION('',(0.,1.,0.));
#12335 = DIRECTION('',(-1.,0.,0.));
#12336 = ADVANCED_FACE('',(#12337),#12353,.F.);
#12337 = FACE_BOUND('',#12338,.F.);
#12338 = EDGE_LOOP('',(#12339,#12345,#12346,#12352));
#12339 = ORIENTED_EDGE('',*,*,#12340,.F.);
#12340 = EDGE_CURVE('',#4769,#8186,#12341,.T.);
#12341 = LINE('',#12342,#12343);
#12342 = CARTESIAN_POINT('',(-245.925,142.06,69.31));
#12343 = VECTOR('',#12344,1.);
#12344 = DIRECTION('',(0.,0.,1.));
#12345 = ORIENTED_EDGE('',*,*,#4766,.F.);
#12346 = ORIENTED_EDGE('',*,*,#12347,.T.);
#12347 = EDGE_CURVE('',#4767,#8170,#12348,.T.);
#12348 = LINE('',#12349,#12350);
#12349 = CARTESIAN_POINT('',(-230.325,142.06,69.31));
#12350 = VECTOR('',#12351,1.);
#12351 = DIRECTION('',(0.,0.,1.));
#12352 = ORIENTED_EDGE('',*,*,#8193,.T.);
#12353 = PLANE('',#12354);
#12354 = AXIS2_PLACEMENT_3D('',#12355,#12356,#12357);
#12355 = CARTESIAN_POINT('',(-230.325,142.06,69.31));
#12356 = DIRECTION('',(0.,-1.,0.));
#12357 = DIRECTION('',(0.,0.,1.));
#12358 = ADVANCED_FACE('',(#12359),#12370,.T.);
#12359 = FACE_BOUND('',#12360,.T.);
#12360 = EDGE_LOOP('',(#12361,#12367,#12368,#12369));
#12361 = ORIENTED_EDGE('',*,*,#12362,.F.);
#12362 = EDGE_CURVE('',#4777,#8168,#12363,.T.);
#12363 = LINE('',#12364,#12365);
#12364 = CARTESIAN_POINT('',(-230.325,157.66,69.31));
#12365 = VECTOR('',#12366,1.);
#12366 = DIRECTION('',(0.,0.,1.));
#12367 = ORIENTED_EDGE('',*,*,#4776,.F.);
#12368 = ORIENTED_EDGE('',*,*,#12347,.T.);
#12369 = ORIENTED_EDGE('',*,*,#8167,.F.);
#12370 = PLANE('',#12371);
#12371 = AXIS2_PLACEMENT_3D('',#12372,#12373,#12374);
#12372 = CARTESIAN_POINT('',(-230.325,157.66,69.31));
#12373 = DIRECTION('',(-1.,0.,0.));
#12374 = DIRECTION('',(0.,0.,1.));
#12375 = ADVANCED_FACE('',(#12376),#12387,.F.);
#12376 = FACE_BOUND('',#12377,.F.);
#12377 = EDGE_LOOP('',(#12378,#12384,#12385,#12386));
#12378 = ORIENTED_EDGE('',*,*,#12379,.F.);
#12379 = EDGE_CURVE('',#4785,#8178,#12380,.T.);
#12380 = LINE('',#12381,#12382);
#12381 = CARTESIAN_POINT('',(-245.925,157.66,69.31));
#12382 = VECTOR('',#12383,1.);
#12383 = DIRECTION('',(0.,0.,1.));
#12384 = ORIENTED_EDGE('',*,*,#4792,.F.);
#12385 = ORIENTED_EDGE('',*,*,#12340,.T.);
#12386 = ORIENTED_EDGE('',*,*,#8185,.F.);
#12387 = PLANE('',#12388);
#12388 = AXIS2_PLACEMENT_3D('',#12389,#12390,#12391);
#12389 = CARTESIAN_POINT('',(-245.925,157.66,69.31));
#12390 = DIRECTION('',(-1.,0.,0.));
#12391 = DIRECTION('',(0.,0.,1.));
#12392 = ADVANCED_FACE('',(#12393),#12399,.T.);
#12393 = FACE_BOUND('',#12394,.T.);
#12394 = EDGE_LOOP('',(#12395,#12396,#12397,#12398));
#12395 = ORIENTED_EDGE('',*,*,#12379,.F.);
#12396 = ORIENTED_EDGE('',*,*,#4784,.F.);
#12397 = ORIENTED_EDGE('',*,*,#12362,.T.);
#12398 = ORIENTED_EDGE('',*,*,#8177,.T.);
#12399 = PLANE('',#12400);
#12400 = AXIS2_PLACEMENT_3D('',#12401,#12402,#12403);
#12401 = CARTESIAN_POINT('',(-230.325,157.66,69.31));
#12402 = DIRECTION('',(0.,-1.,0.));
#12403 = DIRECTION('',(0.,0.,1.));
#12404 = ADVANCED_FACE('',(#12405),#12421,.F.);
#12405 = FACE_BOUND('',#12406,.F.);
#12406 = EDGE_LOOP('',(#12407,#12413,#12414,#12420));
#12407 = ORIENTED_EDGE('',*,*,#12408,.F.);
#12408 = EDGE_CURVE('',#4803,#8232,#12409,.T.);
#12409 = LINE('',#12410,#12411);
#12410 = CARTESIAN_POINT('',(-226.875,142.06,69.31));
#12411 = VECTOR('',#12412,1.);
#12412 = DIRECTION('',(0.,0.,1.));
#12413 = ORIENTED_EDGE('',*,*,#4800,.F.);
#12414 = ORIENTED_EDGE('',*,*,#12415,.T.);
#12415 = EDGE_CURVE('',#4801,#8216,#12416,.T.);
#12416 = LINE('',#12417,#12418);
#12417 = CARTESIAN_POINT('',(-211.275,142.06,69.31));
#12418 = VECTOR('',#12419,1.);
#12419 = DIRECTION('',(0.,0.,1.));
#12420 = ORIENTED_EDGE('',*,*,#8239,.T.);
#12421 = PLANE('',#12422);
#12422 = AXIS2_PLACEMENT_3D('',#12423,#12424,#12425);
#12423 = CARTESIAN_POINT('',(-211.275,142.06,69.31));
#12424 = DIRECTION('',(0.,-1.,0.));
#12425 = DIRECTION('',(0.,0.,1.));
#12426 = ADVANCED_FACE('',(#12427),#12438,.T.);
#12427 = FACE_BOUND('',#12428,.T.);
#12428 = EDGE_LOOP('',(#12429,#12435,#12436,#12437));
#12429 = ORIENTED_EDGE('',*,*,#12430,.F.);
#12430 = EDGE_CURVE('',#4811,#8214,#12431,.T.);
#12431 = LINE('',#12432,#12433);
#12432 = CARTESIAN_POINT('',(-211.275,157.66,69.31));
#12433 = VECTOR('',#12434,1.);
#12434 = DIRECTION('',(0.,0.,1.));
#12435 = ORIENTED_EDGE('',*,*,#4810,.F.);
#12436 = ORIENTED_EDGE('',*,*,#12415,.T.);
#12437 = ORIENTED_EDGE('',*,*,#8213,.F.);
#12438 = PLANE('',#12439);
#12439 = AXIS2_PLACEMENT_3D('',#12440,#12441,#12442);
#12440 = CARTESIAN_POINT('',(-211.275,157.66,69.31));
#12441 = DIRECTION('',(-1.,0.,0.));
#12442 = DIRECTION('',(0.,0.,1.));
#12443 = ADVANCED_FACE('',(#12444),#12455,.F.);
#12444 = FACE_BOUND('',#12445,.F.);
#12445 = EDGE_LOOP('',(#12446,#12452,#12453,#12454));
#12446 = ORIENTED_EDGE('',*,*,#12447,.F.);
#12447 = EDGE_CURVE('',#4819,#8224,#12448,.T.);
#12448 = LINE('',#12449,#12450);
#12449 = CARTESIAN_POINT('',(-226.875,157.66,69.31));
#12450 = VECTOR('',#12451,1.);
#12451 = DIRECTION('',(0.,0.,1.));
#12452 = ORIENTED_EDGE('',*,*,#4826,.F.);
#12453 = ORIENTED_EDGE('',*,*,#12408,.T.);
#12454 = ORIENTED_EDGE('',*,*,#8231,.F.);
#12455 = PLANE('',#12456);
#12456 = AXIS2_PLACEMENT_3D('',#12457,#12458,#12459);
#12457 = CARTESIAN_POINT('',(-226.875,157.66,69.31));
#12458 = DIRECTION('',(-1.,0.,0.));
#12459 = DIRECTION('',(0.,0.,1.));
#12460 = ADVANCED_FACE('',(#12461),#12467,.T.);
#12461 = FACE_BOUND('',#12462,.T.);
#12462 = EDGE_LOOP('',(#12463,#12464,#12465,#12466));
#12463 = ORIENTED_EDGE('',*,*,#12447,.F.);
#12464 = ORIENTED_EDGE('',*,*,#4818,.F.);
#12465 = ORIENTED_EDGE('',*,*,#12430,.T.);
#12466 = ORIENTED_EDGE('',*,*,#8223,.T.);
#12467 = PLANE('',#12468);
#12468 = AXIS2_PLACEMENT_3D('',#12469,#12470,#12471);
#12469 = CARTESIAN_POINT('',(-211.275,157.66,69.31));
#12470 = DIRECTION('',(0.,-1.,0.));
#12471 = DIRECTION('',(0.,0.,1.));
#12472 = ADVANCED_FACE('',(#12473),#12479,.F.);
#12473 = FACE_BOUND('',#12474,.T.);
#12474 = EDGE_LOOP('',(#12475,#12476,#12477,#12478));
#12475 = ORIENTED_EDGE('',*,*,#4843,.F.);
#12476 = ORIENTED_EDGE('',*,*,#9589,.T.);
#12477 = ORIENTED_EDGE('',*,*,#9621,.T.);
#12478 = ORIENTED_EDGE('',*,*,#9635,.F.);
#12479 = PLANE('',#12480);
#12480 = AXIS2_PLACEMENT_3D('',#12481,#12482,#12483);
#12481 = CARTESIAN_POINT('',(-186.953293847,164.90864307168,69.51));
#12482 = DIRECTION('',(0.,-1.,0.));
#12483 = DIRECTION('',(1.,0.,0.));
#12484 = ADVANCED_FACE('',(#12485),#12496,.F.);
#12485 = FACE_BOUND('',#12486,.T.);
#12486 = EDGE_LOOP('',(#12487,#12488,#12494,#12495));
#12487 = ORIENTED_EDGE('',*,*,#5838,.F.);
#12488 = ORIENTED_EDGE('',*,*,#12489,.T.);
#12489 = EDGE_CURVE('',#5831,#8575,#12490,.T.);
#12490 = LINE('',#12491,#12492);
#12491 = CARTESIAN_POINT('',(-192.7782938492,168.65525580905,69.51));
#12492 = VECTOR('',#12493,1.);
#12493 = DIRECTION('',(0.,0.,1.));
#12494 = ORIENTED_EDGE('',*,*,#8574,.T.);
#12495 = ORIENTED_EDGE('',*,*,#8741,.F.);
#12496 = PLANE('',#12497);
#12497 = AXIS2_PLACEMENT_3D('',#12498,#12499,#12500);
#12498 = CARTESIAN_POINT('',(-192.7782938492,168.65525580905,69.51));
#12499 = DIRECTION('',(-1.,1.4937187E-10,0.));
#12500 = DIRECTION('',(-1.4937187E-10,-1.,0.));
#12501 = ADVANCED_FACE('',(#12502),#12513,.F.);
#12502 = FACE_BOUND('',#12503,.T.);
#12503 = EDGE_LOOP('',(#12504,#12505,#12511,#12512));
#12504 = ORIENTED_EDGE('',*,*,#5830,.F.);
#12505 = ORIENTED_EDGE('',*,*,#12506,.T.);
#12506 = EDGE_CURVE('',#5823,#8583,#12507,.T.);
#12507 = LINE('',#12508,#12509);
#12508 = CARTESIAN_POINT('',(-192.8239992208,168.6957493517,69.51));
#12509 = VECTOR('',#12510,1.);
#12510 = DIRECTION('',(0.,0.,1.));
#12511 = ORIENTED_EDGE('',*,*,#8582,.T.);
#12512 = ORIENTED_EDGE('',*,*,#12489,.F.);
#12513 = PLANE('',#12514);
#12514 = AXIS2_PLACEMENT_3D('',#12515,#12516,#12517);
#12515 = CARTESIAN_POINT('',(-192.8239992208,168.6957493517,69.51));
#12516 = DIRECTION('',(-0.663142079484,-0.748493542002,0.));
#12517 = DIRECTION('',(0.748493542002,-0.663142079484,0.));
#12518 = ADVANCED_FACE('',(#12519),#12530,.F.);
#12519 = FACE_BOUND('',#12520,.T.);
#12520 = EDGE_LOOP('',(#12521,#12522,#12528,#12529));
#12521 = ORIENTED_EDGE('',*,*,#5822,.F.);
#12522 = ORIENTED_EDGE('',*,*,#12523,.T.);
#12523 = EDGE_CURVE('',#5815,#8591,#12524,.T.);
#12524 = LINE('',#12525,#12526);
#12525 = CARTESIAN_POINT('',(-192.8412007506,168.71497551745,69.51));
#12526 = VECTOR('',#12527,1.);
#12527 = DIRECTION('',(0.,0.,1.));
#12528 = ORIENTED_EDGE('',*,*,#8590,.T.);
#12529 = ORIENTED_EDGE('',*,*,#12506,.F.);
#12530 = PLANE('',#12531);
#12531 = AXIS2_PLACEMENT_3D('',#12532,#12533,#12534);
#12532 = CARTESIAN_POINT('',(-192.8412007506,168.71497551745,69.51));
#12533 = DIRECTION('',(-0.745257282208,-0.666777011688,0.));
#12534 = DIRECTION('',(0.666777011688,-0.745257282208,0.));
#12535 = ADVANCED_FACE('',(#12536),#12547,.F.);
#12536 = FACE_BOUND('',#12537,.T.);
#12537 = EDGE_LOOP('',(#12538,#12539,#12545,#12546));
#12538 = ORIENTED_EDGE('',*,*,#5814,.F.);
#12539 = ORIENTED_EDGE('',*,*,#12540,.T.);
#12540 = EDGE_CURVE('',#5807,#8599,#12541,.T.);
#12541 = LINE('',#12542,#12543);
#12542 = CARTESIAN_POINT('',(-192.8625267709,168.74312377517,69.51));
#12543 = VECTOR('',#12544,1.);
#12544 = DIRECTION('',(0.,0.,1.));
#12545 = ORIENTED_EDGE('',*,*,#8598,.T.);
#12546 = ORIENTED_EDGE('',*,*,#12523,.F.);
#12547 = PLANE('',#12548);
#12548 = AXIS2_PLACEMENT_3D('',#12549,#12550,#12551);
#12549 = CARTESIAN_POINT('',(-192.8625267709,168.74312377517,69.51));
#12550 = DIRECTION('',(-0.797070576998,-0.603886160865,0.));
#12551 = DIRECTION('',(0.603886160865,-0.797070576998,0.));
#12552 = ADVANCED_FACE('',(#12553),#12564,.F.);
#12553 = FACE_BOUND('',#12554,.T.);
#12554 = EDGE_LOOP('',(#12555,#12556,#12562,#12563));
#12555 = ORIENTED_EDGE('',*,*,#5806,.F.);
#12556 = ORIENTED_EDGE('',*,*,#12557,.T.);
#12557 = EDGE_CURVE('',#5799,#8607,#12558,.T.);
#12558 = LINE('',#12559,#12560);
#12559 = CARTESIAN_POINT('',(-192.8879354089,168.78602216525,69.51));
#12560 = VECTOR('',#12561,1.);
#12561 = DIRECTION('',(0.,0.,1.));
#12562 = ORIENTED_EDGE('',*,*,#8606,.T.);
#12563 = ORIENTED_EDGE('',*,*,#12540,.F.);
#12564 = PLANE('',#12565);
#12565 = AXIS2_PLACEMENT_3D('',#12566,#12567,#12568);
#12566 = CARTESIAN_POINT('',(-192.8879354089,168.78602216525,69.51));
#12567 = DIRECTION('',(-0.860402614398,-0.509614894932,0.));
#12568 = DIRECTION('',(0.509614894932,-0.860402614398,0.));
#12569 = ADVANCED_FACE('',(#12570),#12581,.F.);
#12570 = FACE_BOUND('',#12571,.T.);
#12571 = EDGE_LOOP('',(#12572,#12573,#12574,#12575));
#12572 = ORIENTED_EDGE('',*,*,#4867,.F.);
#12573 = ORIENTED_EDGE('',*,*,#9572,.T.);
#12574 = ORIENTED_EDGE('',*,*,#9556,.T.);
#12575 = ORIENTED_EDGE('',*,*,#12576,.F.);
#12576 = EDGE_CURVE('',#4868,#9549,#12577,.T.);
#12577 = LINE('',#12578,#12579);
#12578 = CARTESIAN_POINT('',(-179.103293847,167.46283234811,69.51));
#12579 = VECTOR('',#12580,1.);
#12580 = DIRECTION('',(0.,0.,1.));
#12581 = PLANE('',#12582);
#12582 = AXIS2_PLACEMENT_3D('',#12583,#12584,#12585);
#12583 = CARTESIAN_POINT('',(-179.103293847,166.85525580953,69.51));
#12584 = DIRECTION('',(1.,0.,0.));
#12585 = DIRECTION('',(0.,1.,0.));
#12586 = ADVANCED_FACE('',(#12587),#12598,.F.);
#12587 = FACE_BOUND('',#12588,.T.);
#12588 = EDGE_LOOP('',(#12589,#12590,#12596,#12597));
#12589 = ORIENTED_EDGE('',*,*,#5798,.F.);
#12590 = ORIENTED_EDGE('',*,*,#12591,.T.);
#12591 = EDGE_CURVE('',#5791,#8615,#12592,.T.);
#12592 = LINE('',#12593,#12594);
#12593 = CARTESIAN_POINT('',(-192.8887040494,168.78755070924,69.51));
#12594 = VECTOR('',#12595,1.);
#12595 = DIRECTION('',(0.,0.,1.));
#12596 = ORIENTED_EDGE('',*,*,#8614,.T.);
#12597 = ORIENTED_EDGE('',*,*,#12557,.F.);
#12598 = PLANE('',#12599);
#12599 = AXIS2_PLACEMENT_3D('',#12600,#12601,#12602);
#12600 = CARTESIAN_POINT('',(-192.8887040494,168.78755070924,69.51));
#12601 = DIRECTION('',(-0.893403526478,-0.449255093324,0.));
#12602 = DIRECTION('',(0.449255093324,-0.893403526478,0.));
#12603 = ADVANCED_FACE('',(#12604),#12610,.F.);
#12604 = FACE_BOUND('',#12605,.T.);
#12605 = EDGE_LOOP('',(#12606,#12607,#12608,#12609));
#12606 = ORIENTED_EDGE('',*,*,#4875,.F.);
#12607 = ORIENTED_EDGE('',*,*,#12576,.T.);
#12608 = ORIENTED_EDGE('',*,*,#9548,.T.);
#12609 = ORIENTED_EDGE('',*,*,#9514,.F.);
#12610 = PLANE('',#12611);
#12611 = AXIS2_PLACEMENT_3D('',#12612,#12613,#12614);
#12612 = CARTESIAN_POINT('',(-179.103293847,167.46283234811,69.51));
#12613 = DIRECTION('',(0.318235557735,0.94801167176,0.));
#12614 = DIRECTION('',(-0.94801167176,0.318235557735,0.));
#12615 = ADVANCED_FACE('',(#12616),#12627,.F.);
#12616 = FACE_BOUND('',#12617,.T.);
#12617 = EDGE_LOOP('',(#12618,#12619,#12625,#12626));
#12618 = ORIENTED_EDGE('',*,*,#5790,.F.);
#12619 = ORIENTED_EDGE('',*,*,#12620,.T.);
#12620 = EDGE_CURVE('',#5783,#8623,#12621,.T.);
#12621 = LINE('',#12622,#12623);
#12622 = CARTESIAN_POINT('',(-192.9093685611,168.83763013493,69.51));
#12623 = VECTOR('',#12624,1.);
#12624 = DIRECTION('',(0.,0.,1.));
#12625 = ORIENTED_EDGE('',*,*,#8622,.T.);
#12626 = ORIENTED_EDGE('',*,*,#12591,.F.);
#12627 = PLANE('',#12628);
#12628 = AXIS2_PLACEMENT_3D('',#12629,#12630,#12631);
#12629 = CARTESIAN_POINT('',(-192.9093685611,168.83763013493,69.51));
#12630 = DIRECTION('',(-0.924394682166,-0.381437375703,0.));
#12631 = DIRECTION('',(0.381437375703,-0.924394682166,0.));
#12632 = ADVANCED_FACE('',(#12633),#12644,.F.);
#12633 = FACE_BOUND('',#12634,.T.);
#12634 = EDGE_LOOP('',(#12635,#12636,#12642,#12643));
#12635 = ORIENTED_EDGE('',*,*,#5782,.F.);
#12636 = ORIENTED_EDGE('',*,*,#12637,.T.);
#12637 = EDGE_CURVE('',#5775,#8631,#12638,.T.);
#12638 = LINE('',#12639,#12640);
#12639 = CARTESIAN_POINT('',(-192.9182622245,168.86909846301,69.51));
#12640 = VECTOR('',#12641,1.);
#12641 = DIRECTION('',(0.,0.,1.));
#12642 = ORIENTED_EDGE('',*,*,#8630,.T.);
#12643 = ORIENTED_EDGE('',*,*,#12620,.F.);
#12644 = PLANE('',#12645);
#12645 = AXIS2_PLACEMENT_3D('',#12646,#12647,#12648);
#12646 = CARTESIAN_POINT('',(-192.9182622245,168.86909846301,69.51));
#12647 = DIRECTION('',(-0.962305879577,-0.271969472793,0.));
#12648 = DIRECTION('',(0.271969472793,-0.962305879577,0.));
#12649 = ADVANCED_FACE('',(#12650),#12661,.F.);
#12650 = FACE_BOUND('',#12651,.T.);
#12651 = EDGE_LOOP('',(#12652,#12653,#12659,#12660));
#12652 = ORIENTED_EDGE('',*,*,#5774,.F.);
#12653 = ORIENTED_EDGE('',*,*,#12654,.T.);
#12654 = EDGE_CURVE('',#5767,#8639,#12655,.T.);
#12655 = LINE('',#12656,#12657);
#12656 = CARTESIAN_POINT('',(-192.9234689631,168.89529428166,69.51));
#12657 = VECTOR('',#12658,1.);
#12658 = DIRECTION('',(0.,0.,1.));
#12659 = ORIENTED_EDGE('',*,*,#8638,.T.);
#12660 = ORIENTED_EDGE('',*,*,#12637,.F.);
#12661 = PLANE('',#12662);
#12662 = AXIS2_PLACEMENT_3D('',#12663,#12664,#12665);
#12663 = CARTESIAN_POINT('',(-192.9234689631,168.89529428166,69.51));
#12664 = DIRECTION('',(-0.980813452091,-0.194948639896,0.));
#12665 = DIRECTION('',(0.194948639896,-0.980813452091,0.));
#12666 = ADVANCED_FACE('',(#12667),#12678,.F.);
#12667 = FACE_BOUND('',#12668,.T.);
#12668 = EDGE_LOOP('',(#12669,#12670,#12676,#12677));
#12669 = ORIENTED_EDGE('',*,*,#5766,.F.);
#12670 = ORIENTED_EDGE('',*,*,#12671,.T.);
#12671 = EDGE_CURVE('',#5759,#8647,#12672,.T.);
#12672 = LINE('',#12673,#12674);
#12673 = CARTESIAN_POINT('',(-192.9282938538,168.95525580904,69.51));
#12674 = VECTOR('',#12675,1.);
#12675 = DIRECTION('',(0.,0.,1.));
#12676 = ORIENTED_EDGE('',*,*,#8646,.T.);
#12677 = ORIENTED_EDGE('',*,*,#12654,.F.);
#12678 = PLANE('',#12679);
#12679 = AXIS2_PLACEMENT_3D('',#12680,#12681,#12682);
#12680 = CARTESIAN_POINT('',(-192.9282938538,168.95525580904,69.51));
#12681 = DIRECTION('',(-0.996778212962,-8.02071952169E-02,0.));
#12682 = DIRECTION('',(8.02071952169E-02,-0.996778212962,0.));
#12683 = ADVANCED_FACE('',(#12684),#12695,.F.);
#12684 = FACE_BOUND('',#12685,.T.);
#12685 = EDGE_LOOP('',(#12686,#12687,#12688,#12689));
#12686 = ORIENTED_EDGE('',*,*,#4898,.F.);
#12687 = ORIENTED_EDGE('',*,*,#9499,.T.);
#12688 = ORIENTED_EDGE('',*,*,#9483,.T.);
#12689 = ORIENTED_EDGE('',*,*,#12690,.F.);
#12690 = EDGE_CURVE('',#4899,#9476,#12691,.T.);
#12691 = LINE('',#12692,#12693);
#12692 = CARTESIAN_POINT('',(-179.028293847,168.20525580953,69.51));
#12693 = VECTOR('',#12694,1.);
#12694 = DIRECTION('',(0.,0.,1.));
#12695 = PLANE('',#12696);
#12696 = AXIS2_PLACEMENT_3D('',#12697,#12698,#12699);
#12697 = CARTESIAN_POINT('',(-179.1192595852,168.19405552707,69.51));
#12698 = DIRECTION('',(0.122203559427,-0.992505057953,0.));
#12699 = DIRECTION('',(0.992505057953,0.122203559427,0.));
#12700 = ADVANCED_FACE('',(#12701),#12712,.F.);
#12701 = FACE_BOUND('',#12702,.T.);
#12702 = EDGE_LOOP('',(#12703,#12704,#12710,#12711));
#12703 = ORIENTED_EDGE('',*,*,#5758,.F.);
#12704 = ORIENTED_EDGE('',*,*,#12705,.T.);
#12705 = EDGE_CURVE('',#5751,#8655,#12706,.T.);
#12706 = LINE('',#12707,#12708);
#12707 = CARTESIAN_POINT('',(-192.9234689631,169.01521733739,69.51));
#12708 = VECTOR('',#12709,1.);
#12709 = DIRECTION('',(0.,0.,1.));
#12710 = ORIENTED_EDGE('',*,*,#8654,.T.);
#12711 = ORIENTED_EDGE('',*,*,#12671,.F.);
#12712 = PLANE('',#12713);
#12713 = AXIS2_PLACEMENT_3D('',#12714,#12715,#12716);
#12714 = CARTESIAN_POINT('',(-192.9234689631,169.01521733739,69.51));
#12715 = DIRECTION('',(-0.996778213065,8.020719393958E-02,0.));
#12716 = DIRECTION('',(-8.020719393958E-02,-0.996778213065,0.));
#12717 = ADVANCED_FACE('',(#12718),#12729,.F.);
#12718 = FACE_BOUND('',#12719,.T.);
#12719 = EDGE_LOOP('',(#12720,#12721,#12722,#12723));
#12720 = ORIENTED_EDGE('',*,*,#4906,.F.);
#12721 = ORIENTED_EDGE('',*,*,#12690,.T.);
#12722 = ORIENTED_EDGE('',*,*,#9475,.T.);
#12723 = ORIENTED_EDGE('',*,*,#12724,.F.);
#12724 = EDGE_CURVE('',#4907,#9468,#12725,.T.);
#12725 = LINE('',#12726,#12727);
#12726 = CARTESIAN_POINT('',(-178.1282938427,168.20525580953,69.51));
#12727 = VECTOR('',#12728,1.);
#12728 = DIRECTION('',(0.,0.,1.));
#12729 = PLANE('',#12730);
#12730 = AXIS2_PLACEMENT_3D('',#12731,#12732,#12733);
#12731 = CARTESIAN_POINT('',(-179.028293847,168.20525580953,69.51));
#12732 = DIRECTION('',(0.,-1.,0.));
#12733 = DIRECTION('',(1.,0.,0.));
#12734 = ADVANCED_FACE('',(#12735),#12746,.F.);
#12735 = FACE_BOUND('',#12736,.T.);
#12736 = EDGE_LOOP('',(#12737,#12738,#12744,#12745));
#12737 = ORIENTED_EDGE('',*,*,#5750,.F.);
#12738 = ORIENTED_EDGE('',*,*,#12739,.T.);
#12739 = EDGE_CURVE('',#5743,#8663,#12740,.T.);
#12740 = LINE('',#12741,#12742);
#12741 = CARTESIAN_POINT('',(-192.9182622248,169.0414131551,69.51));
#12742 = VECTOR('',#12743,1.);
#12743 = DIRECTION('',(0.,0.,1.));
#12744 = ORIENTED_EDGE('',*,*,#8662,.T.);
#12745 = ORIENTED_EDGE('',*,*,#12705,.F.);
#12746 = PLANE('',#12747);
#12747 = AXIS2_PLACEMENT_3D('',#12748,#12749,#12750);
#12748 = CARTESIAN_POINT('',(-192.9182622248,169.0414131551,69.51));
#12749 = DIRECTION('',(-0.980813452341,0.194948638638,0.));
#12750 = DIRECTION('',(-0.194948638638,-0.980813452341,0.));
#12751 = ADVANCED_FACE('',(#12752),#12763,.F.);
#12752 = FACE_BOUND('',#12753,.T.);
#12753 = EDGE_LOOP('',(#12754,#12755,#12756,#12757));
#12754 = ORIENTED_EDGE('',*,*,#4914,.F.);
#12755 = ORIENTED_EDGE('',*,*,#12724,.T.);
#12756 = ORIENTED_EDGE('',*,*,#9467,.T.);
#12757 = ORIENTED_EDGE('',*,*,#12758,.F.);
#12758 = EDGE_CURVE('',#4915,#9460,#12759,.T.);
#12759 = LINE('',#12760,#12761);
#12760 = CARTESIAN_POINT('',(-178.1282938446,168.65525580953,69.51));
#12761 = VECTOR('',#12762,1.);
#12762 = DIRECTION('',(0.,0.,1.));
#12763 = PLANE('',#12764);
#12764 = AXIS2_PLACEMENT_3D('',#12765,#12766,#12767);
#12765 = CARTESIAN_POINT('',(-178.1282938427,168.20525580953,69.51));
#12766 = DIRECTION('',(1.,4.32594207E-09,0.));
#12767 = DIRECTION('',(-4.32594207E-09,1.,0.));
#12768 = ADVANCED_FACE('',(#12769),#12780,.F.);
#12769 = FACE_BOUND('',#12770,.T.);
#12770 = EDGE_LOOP('',(#12771,#12772,#12778,#12779));
#12771 = ORIENTED_EDGE('',*,*,#5742,.F.);
#12772 = ORIENTED_EDGE('',*,*,#12773,.T.);
#12773 = EDGE_CURVE('',#5735,#8671,#12774,.T.);
#12774 = LINE('',#12775,#12776);
#12775 = CARTESIAN_POINT('',(-192.9093685611,169.07288148413,69.51));
#12776 = VECTOR('',#12777,1.);
#12777 = DIRECTION('',(0.,0.,1.));
#12778 = ORIENTED_EDGE('',*,*,#8670,.T.);
#12779 = ORIENTED_EDGE('',*,*,#12739,.F.);
#12780 = PLANE('',#12781);
#12781 = AXIS2_PLACEMENT_3D('',#12782,#12783,#12784);
#12782 = CARTESIAN_POINT('',(-192.9093685611,169.07288148413,69.51));
#12783 = DIRECTION('',(-0.962305879926,0.27196947156,0.));
#12784 = DIRECTION('',(-0.27196947156,-0.962305879926,0.));
#12785 = ADVANCED_FACE('',(#12786),#12797,.F.);
#12786 = FACE_BOUND('',#12787,.T.);
#12787 = EDGE_LOOP('',(#12788,#12789,#12790,#12791));
#12788 = ORIENTED_EDGE('',*,*,#4922,.F.);
#12789 = ORIENTED_EDGE('',*,*,#12758,.T.);
#12790 = ORIENTED_EDGE('',*,*,#9459,.T.);
#12791 = ORIENTED_EDGE('',*,*,#12792,.F.);
#12792 = EDGE_CURVE('',#4923,#9452,#12793,.T.);
#12793 = LINE('',#12794,#12795);
#12794 = CARTESIAN_POINT('',(-178.0825884748,168.69574935212,69.51));
#12795 = VECTOR('',#12796,1.);
#12796 = DIRECTION('',(0.,0.,1.));
#12797 = PLANE('',#12798);
#12798 = AXIS2_PLACEMENT_3D('',#12799,#12800,#12801);
#12799 = CARTESIAN_POINT('',(-178.1282938446,168.65525580953,69.51));
#12800 = DIRECTION('',(0.663142093381,-0.748493529689,0.));
#12801 = DIRECTION('',(0.748493529689,0.663142093381,0.));
#12802 = ADVANCED_FACE('',(#12803),#12814,.F.);
#12803 = FACE_BOUND('',#12804,.T.);
#12804 = EDGE_LOOP('',(#12805,#12806,#12812,#12813));
#12805 = ORIENTED_EDGE('',*,*,#5734,.F.);
#12806 = ORIENTED_EDGE('',*,*,#12807,.T.);
#12807 = EDGE_CURVE('',#5727,#8679,#12808,.T.);
#12808 = LINE('',#12809,#12810);
#12809 = CARTESIAN_POINT('',(-192.8887040499,169.12296090895,69.51));
#12810 = VECTOR('',#12811,1.);
#12811 = DIRECTION('',(0.,0.,1.));
#12812 = ORIENTED_EDGE('',*,*,#8678,.T.);
#12813 = ORIENTED_EDGE('',*,*,#12773,.F.);
#12814 = PLANE('',#12815);
#12815 = AXIS2_PLACEMENT_3D('',#12816,#12817,#12818);
#12816 = CARTESIAN_POINT('',(-192.8887040499,169.12296090895,69.51));
#12817 = DIRECTION('',(-0.924394682655,0.381437374518,0.));
#12818 = DIRECTION('',(-0.381437374518,-0.924394682655,0.));
#12819 = ADVANCED_FACE('',(#12820),#12831,.F.);
#12820 = FACE_BOUND('',#12821,.T.);
#12821 = EDGE_LOOP('',(#12822,#12823,#12824,#12825));
#12822 = ORIENTED_EDGE('',*,*,#4930,.F.);
#12823 = ORIENTED_EDGE('',*,*,#12792,.T.);
#12824 = ORIENTED_EDGE('',*,*,#9451,.T.);
#12825 = ORIENTED_EDGE('',*,*,#12826,.F.);
#12826 = EDGE_CURVE('',#4931,#9444,#12827,.T.);
#12827 = LINE('',#12828,#12829);
#12828 = CARTESIAN_POINT('',(-178.0653869473,168.71497552092,69.51));
#12829 = VECTOR('',#12830,1.);
#12830 = DIRECTION('',(0.,0.,1.));
#12831 = PLANE('',#12832);
#12832 = AXIS2_PLACEMENT_3D('',#12833,#12834,#12835);
#12833 = CARTESIAN_POINT('',(-178.0825884748,168.69574935212,69.51));
#12834 = DIRECTION('',(0.745257379515,-0.666776902928,0.));
#12835 = DIRECTION('',(0.666776902928,0.745257379515,0.));
#12836 = ADVANCED_FACE('',(#12837),#12848,.F.);
#12837 = FACE_BOUND('',#12838,.T.);
#12838 = EDGE_LOOP('',(#12839,#12840,#12846,#12847));
#12839 = ORIENTED_EDGE('',*,*,#5726,.F.);
#12840 = ORIENTED_EDGE('',*,*,#12841,.T.);
#12841 = EDGE_CURVE('',#5719,#8687,#12842,.T.);
#12842 = LINE('',#12843,#12844);
#12843 = CARTESIAN_POINT('',(-192.8879354089,169.1244894538,69.51));
#12844 = VECTOR('',#12845,1.);
#12845 = DIRECTION('',(0.,0.,1.));
#12846 = ORIENTED_EDGE('',*,*,#8686,.T.);
#12847 = ORIENTED_EDGE('',*,*,#12807,.F.);
#12848 = PLANE('',#12849);
#12849 = AXIS2_PLACEMENT_3D('',#12850,#12851,#12852);
#12850 = CARTESIAN_POINT('',(-192.8879354089,169.1244894538,69.51));
#12851 = DIRECTION('',(-0.893403527054,0.449255092177,0.));
#12852 = DIRECTION('',(-0.449255092177,-0.893403527054,0.));
#12853 = ADVANCED_FACE('',(#12854),#12865,.F.);
#12854 = FACE_BOUND('',#12855,.T.);
#12855 = EDGE_LOOP('',(#12856,#12857,#12858,#12859));
#12856 = ORIENTED_EDGE('',*,*,#4938,.F.);
#12857 = ORIENTED_EDGE('',*,*,#12826,.T.);
#12858 = ORIENTED_EDGE('',*,*,#9443,.T.);
#12859 = ORIENTED_EDGE('',*,*,#12860,.F.);
#12860 = EDGE_CURVE('',#4939,#9436,#12861,.T.);
#12861 = LINE('',#12862,#12863);
#12862 = CARTESIAN_POINT('',(-178.0440609251,168.74312377517,69.51));
#12863 = VECTOR('',#12864,1.);
#12864 = DIRECTION('',(0.,0.,1.));
#12865 = PLANE('',#12866);
#12866 = AXIS2_PLACEMENT_3D('',#12867,#12868,#12869);
#12867 = CARTESIAN_POINT('',(-178.0653869473,168.71497552092,69.51));
#12868 = DIRECTION('',(0.797070514989,-0.60388624271,0.));
#12869 = DIRECTION('',(0.60388624271,0.797070514989,0.));
#12870 = ADVANCED_FACE('',(#12871),#12882,.F.);
#12871 = FACE_BOUND('',#12872,.T.);
#12872 = EDGE_LOOP('',(#12873,#12874,#12880,#12881));
#12873 = ORIENTED_EDGE('',*,*,#5718,.F.);
#12874 = ORIENTED_EDGE('',*,*,#12875,.T.);
#12875 = EDGE_CURVE('',#5711,#8695,#12876,.T.);
#12876 = LINE('',#12877,#12878);
#12877 = CARTESIAN_POINT('',(-192.8625267709,169.16738784388,69.51));
#12878 = VECTOR('',#12879,1.);
#12879 = DIRECTION('',(0.,0.,1.));
#12880 = ORIENTED_EDGE('',*,*,#8694,.T.);
#12881 = ORIENTED_EDGE('',*,*,#12841,.F.);
#12882 = PLANE('',#12883);
#12883 = AXIS2_PLACEMENT_3D('',#12884,#12885,#12886);
#12884 = CARTESIAN_POINT('',(-192.8625267709,169.16738784388,69.51));
#12885 = DIRECTION('',(-0.8604026144,0.509614894928,0.));
#12886 = DIRECTION('',(-0.509614894928,-0.8604026144,0.));
#12887 = ADVANCED_FACE('',(#12888),#12899,.F.);
#12888 = FACE_BOUND('',#12889,.T.);
#12889 = EDGE_LOOP('',(#12890,#12891,#12892,#12893));
#12890 = ORIENTED_EDGE('',*,*,#4946,.F.);
#12891 = ORIENTED_EDGE('',*,*,#12860,.T.);
#12892 = ORIENTED_EDGE('',*,*,#9435,.T.);
#12893 = ORIENTED_EDGE('',*,*,#12894,.F.);
#12894 = EDGE_CURVE('',#4947,#9428,#12895,.T.);
#12895 = LINE('',#12896,#12897);
#12896 = CARTESIAN_POINT('',(-178.0186522871,168.78602216524,69.51));
#12897 = VECTOR('',#12898,1.);
#12898 = DIRECTION('',(0.,0.,1.));
#12899 = PLANE('',#12900);
#12900 = AXIS2_PLACEMENT_3D('',#12901,#12902,#12903);
#12901 = CARTESIAN_POINT('',(-178.0440609251,168.74312377517,69.51));
#12902 = DIRECTION('',(0.860402614051,-0.509614895519,0.));
#12903 = DIRECTION('',(0.509614895519,0.860402614051,0.));
#12904 = ADVANCED_FACE('',(#12905),#12916,.F.);
#12905 = FACE_BOUND('',#12906,.T.);
#12906 = EDGE_LOOP('',(#12907,#12908,#12914,#12915));
#12907 = ORIENTED_EDGE('',*,*,#5710,.F.);
#12908 = ORIENTED_EDGE('',*,*,#12909,.T.);
#12909 = EDGE_CURVE('',#5703,#8703,#12910,.T.);
#12910 = LINE('',#12911,#12912);
#12911 = CARTESIAN_POINT('',(-192.8412007512,169.19553610086,69.51));
#12912 = VECTOR('',#12913,1.);
#12913 = DIRECTION('',(0.,0.,1.));
#12914 = ORIENTED_EDGE('',*,*,#8702,.T.);
#12915 = ORIENTED_EDGE('',*,*,#12875,.F.);
#12916 = PLANE('',#12917);
#12917 = AXIS2_PLACEMENT_3D('',#12918,#12919,#12920);
#12918 = CARTESIAN_POINT('',(-192.8412007512,169.19553610086,69.51));
#12919 = DIRECTION('',(-0.797070577766,0.603886159851,0.));
#12920 = DIRECTION('',(-0.603886159851,-0.797070577766,0.));
#12921 = ADVANCED_FACE('',(#12922),#12933,.F.);
#12922 = FACE_BOUND('',#12923,.T.);
#12923 = EDGE_LOOP('',(#12924,#12925,#12926,#12927));
#12924 = ORIENTED_EDGE('',*,*,#4954,.F.);
#12925 = ORIENTED_EDGE('',*,*,#12894,.T.);
#12926 = ORIENTED_EDGE('',*,*,#9427,.T.);
#12927 = ORIENTED_EDGE('',*,*,#12928,.F.);
#12928 = EDGE_CURVE('',#4955,#9420,#12929,.T.);
#12929 = LINE('',#12930,#12931);
#12930 = CARTESIAN_POINT('',(-178.01788365,168.78755071206,69.51));
#12931 = VECTOR('',#12932,1.);
#12932 = DIRECTION('',(0.,0.,1.));
#12933 = PLANE('',#12934);
#12934 = AXIS2_PLACEMENT_3D('',#12935,#12936,#12937);
#12935 = CARTESIAN_POINT('',(-178.0186522871,168.78602216524,69.51));
#12936 = DIRECTION('',(0.893404667304,-0.449252824631,0.));
#12937 = DIRECTION('',(0.449252824631,0.893404667304,0.));
#12938 = ADVANCED_FACE('',(#12939),#12950,.F.);
#12939 = FACE_BOUND('',#12940,.T.);
#12940 = EDGE_LOOP('',(#12941,#12942,#12948,#12949));
#12941 = ORIENTED_EDGE('',*,*,#5702,.F.);
#12942 = ORIENTED_EDGE('',*,*,#12943,.T.);
#12943 = EDGE_CURVE('',#5695,#8711,#12944,.T.);
#12944 = LINE('',#12945,#12946);
#12945 = CARTESIAN_POINT('',(-192.8239992209,169.21476226735,69.51));
#12946 = VECTOR('',#12947,1.);
#12947 = DIRECTION('',(0.,0.,1.));
#12948 = ORIENTED_EDGE('',*,*,#8710,.T.);
#12949 = ORIENTED_EDGE('',*,*,#12909,.F.);
#12950 = PLANE('',#12951);
#12951 = AXIS2_PLACEMENT_3D('',#12952,#12953,#12954);
#12952 = CARTESIAN_POINT('',(-192.8239992209,169.21476226735,69.51));
#12953 = DIRECTION('',(-0.745257284126,0.666777009545,0.));
#12954 = DIRECTION('',(-0.666777009545,-0.745257284126,0.));
#12955 = ADVANCED_FACE('',(#12956),#12967,.F.);
#12956 = FACE_BOUND('',#12957,.T.);
#12957 = EDGE_LOOP('',(#12958,#12959,#12960,#12961));
#12958 = ORIENTED_EDGE('',*,*,#4962,.F.);
#12959 = ORIENTED_EDGE('',*,*,#12928,.T.);
#12960 = ORIENTED_EDGE('',*,*,#9419,.T.);
#12961 = ORIENTED_EDGE('',*,*,#12962,.F.);
#12962 = EDGE_CURVE('',#4963,#9412,#12963,.T.);
#12963 = LINE('',#12964,#12965);
#12964 = CARTESIAN_POINT('',(-177.9972191348,168.83763013492,69.51));
#12965 = VECTOR('',#12966,1.);
#12966 = DIRECTION('',(0.,0.,1.));
#12967 = PLANE('',#12968);
#12968 = AXIS2_PLACEMENT_3D('',#12969,#12970,#12971);
#12969 = CARTESIAN_POINT('',(-178.01788365,168.78755071206,69.51));
#12970 = DIRECTION('',(0.924394651959,-0.381437448908,0.));
#12971 = DIRECTION('',(0.381437448908,0.924394651959,0.));
#12972 = ADVANCED_FACE('',(#12973),#12984,.F.);
#12973 = FACE_BOUND('',#12974,.T.);
#12974 = EDGE_LOOP('',(#12975,#12976,#12982,#12983));
#12975 = ORIENTED_EDGE('',*,*,#5694,.F.);
#12976 = ORIENTED_EDGE('',*,*,#12977,.T.);
#12977 = EDGE_CURVE('',#5687,#8719,#12978,.T.);
#12978 = LINE('',#12979,#12980);
#12979 = CARTESIAN_POINT('',(-192.7782938508,169.25525581048,69.51));
#12980 = VECTOR('',#12981,1.);
#12981 = DIRECTION('',(0.,0.,1.));
#12982 = ORIENTED_EDGE('',*,*,#8718,.T.);
#12983 = ORIENTED_EDGE('',*,*,#12943,.F.);
#12984 = PLANE('',#12985);
#12985 = AXIS2_PLACEMENT_3D('',#12986,#12987,#12988);
#12986 = CARTESIAN_POINT('',(-192.7782938508,169.25525581048,69.51));
#12987 = DIRECTION('',(-0.663142096111,0.74849352727,0.));
#12988 = DIRECTION('',(-0.74849352727,-0.663142096111,0.));
#12989 = ADVANCED_FACE('',(#12990),#13001,.F.);
#12990 = FACE_BOUND('',#12991,.T.);
#12991 = EDGE_LOOP('',(#12992,#12993,#12994,#12995));
#12992 = ORIENTED_EDGE('',*,*,#4970,.F.);
#12993 = ORIENTED_EDGE('',*,*,#12962,.T.);
#12994 = ORIENTED_EDGE('',*,*,#9411,.T.);
#12995 = ORIENTED_EDGE('',*,*,#12996,.F.);
#12996 = EDGE_CURVE('',#4971,#9404,#12997,.T.);
#12997 = LINE('',#12998,#12999);
#12998 = CARTESIAN_POINT('',(-177.9883254759,168.86909846476,69.51));
#12999 = VECTOR('',#13000,1.);
#13000 = DIRECTION('',(0.,0.,1.));
#13001 = PLANE('',#13002);
#13002 = AXIS2_PLACEMENT_3D('',#13003,#13004,#13005);
#13003 = CARTESIAN_POINT('',(-177.9972191348,168.83763013492,69.51));
#13004 = DIRECTION('',(0.962305919336,-0.271969332113,0.));
#13005 = DIRECTION('',(0.271969332113,0.962305919336,0.));
#13006 = ADVANCED_FACE('',(#13007),#13013,.F.);
#13007 = FACE_BOUND('',#13008,.T.);
#13008 = EDGE_LOOP('',(#13009,#13010,#13011,#13012));
#13009 = ORIENTED_EDGE('',*,*,#5686,.F.);
#13010 = ORIENTED_EDGE('',*,*,#8543,.T.);
#13011 = ORIENTED_EDGE('',*,*,#8726,.T.);
#13012 = ORIENTED_EDGE('',*,*,#12977,.F.);
#13013 = PLANE('',#13014);
#13014 = AXIS2_PLACEMENT_3D('',#13015,#13016,#13017);
#13015 = CARTESIAN_POINT('',(-192.7782938493,169.70525580953,69.51));
#13016 = DIRECTION('',(-1.,3.31886618E-09,0.));
#13017 = DIRECTION('',(-3.31886618E-09,-1.,0.));
#13018 = ADVANCED_FACE('',(#13019),#13030,.F.);
#13019 = FACE_BOUND('',#13020,.T.);
#13020 = EDGE_LOOP('',(#13021,#13022,#13023,#13024));
#13021 = ORIENTED_EDGE('',*,*,#4978,.F.);
#13022 = ORIENTED_EDGE('',*,*,#12996,.T.);
#13023 = ORIENTED_EDGE('',*,*,#9403,.T.);
#13024 = ORIENTED_EDGE('',*,*,#13025,.F.);
#13025 = EDGE_CURVE('',#4979,#9396,#13026,.T.);
#13026 = LINE('',#13027,#13028);
#13027 = CARTESIAN_POINT('',(-177.9831187328,168.89529428166,69.51));
#13028 = VECTOR('',#13029,1.);
#13029 = DIRECTION('',(0.,0.,1.));
#13030 = PLANE('',#13031);
#13031 = AXIS2_PLACEMENT_3D('',#13032,#13033,#13034);
#13032 = CARTESIAN_POINT('',(-177.9883254759,168.86909846476,69.51));
#13033 = DIRECTION('',(0.980813417424,-0.194948814312,0.));
#13034 = DIRECTION('',(0.194948814312,0.980813417424,0.));
#13035 = ADVANCED_FACE('',(#13036),#13047,.F.);
#13036 = FACE_BOUND('',#13037,.T.);
#13037 = EDGE_LOOP('',(#13038,#13039,#13040,#13041));
#13038 = ORIENTED_EDGE('',*,*,#4986,.F.);
#13039 = ORIENTED_EDGE('',*,*,#13025,.T.);
#13040 = ORIENTED_EDGE('',*,*,#9395,.T.);
#13041 = ORIENTED_EDGE('',*,*,#13042,.F.);
#13042 = EDGE_CURVE('',#4987,#9388,#13043,.T.);
#13043 = LINE('',#13044,#13045);
#13044 = CARTESIAN_POINT('',(-177.978293847,168.95525580948,69.51));
#13045 = VECTOR('',#13046,1.);
#13046 = DIRECTION('',(0.,0.,1.));
#13047 = PLANE('',#13048);
#13048 = AXIS2_PLACEMENT_3D('',#13049,#13050,#13051);
#13049 = CARTESIAN_POINT('',(-177.9831187328,168.89529428166,69.51));
#13050 = DIRECTION('',(0.996778219529,-8.020711359946E-02,0.));
#13051 = DIRECTION('',(8.020711359946E-02,0.996778219529,0.));
#13052 = ADVANCED_FACE('',(#13053),#13064,.F.);
#13053 = FACE_BOUND('',#13054,.T.);
#13054 = EDGE_LOOP('',(#13055,#13056,#13057,#13058));
#13055 = ORIENTED_EDGE('',*,*,#4994,.F.);
#13056 = ORIENTED_EDGE('',*,*,#13042,.T.);
#13057 = ORIENTED_EDGE('',*,*,#9387,.T.);
#13058 = ORIENTED_EDGE('',*,*,#13059,.F.);
#13059 = EDGE_CURVE('',#4995,#9380,#13060,.T.);
#13060 = LINE('',#13061,#13062);
#13061 = CARTESIAN_POINT('',(-177.9831187328,169.01521733739,69.51));
#13062 = VECTOR('',#13063,1.);
#13063 = DIRECTION('',(0.,0.,1.));
#13064 = PLANE('',#13065);
#13065 = AXIS2_PLACEMENT_3D('',#13066,#13067,#13068);
#13066 = CARTESIAN_POINT('',(-177.978293847,168.95525580948,69.51));
#13067 = DIRECTION('',(0.99677821954,8.02071134711E-02,0.));
#13068 = DIRECTION('',(-8.02071134711E-02,0.99677821954,0.));
#13069 = ADVANCED_FACE('',(#13070),#13081,.F.);
#13070 = FACE_BOUND('',#13071,.T.);
#13071 = EDGE_LOOP('',(#13072,#13073,#13074,#13075));
#13072 = ORIENTED_EDGE('',*,*,#5002,.F.);
#13073 = ORIENTED_EDGE('',*,*,#13059,.T.);
#13074 = ORIENTED_EDGE('',*,*,#9379,.T.);
#13075 = ORIENTED_EDGE('',*,*,#13076,.F.);
#13076 = EDGE_CURVE('',#5003,#9372,#13077,.T.);
#13077 = LINE('',#13078,#13079);
#13078 = CARTESIAN_POINT('',(-177.9883254759,169.0414131542,69.51));
#13079 = VECTOR('',#13080,1.);
#13080 = DIRECTION('',(0.,0.,1.));
#13081 = PLANE('',#13082);
#13082 = AXIS2_PLACEMENT_3D('',#13083,#13084,#13085);
#13083 = CARTESIAN_POINT('',(-177.9831187328,169.01521733739,69.51));
#13084 = DIRECTION('',(0.980813417449,0.194948814187,0.));
#13085 = DIRECTION('',(-0.194948814187,0.980813417449,0.));
#13086 = ADVANCED_FACE('',(#13087),#13098,.F.);
#13087 = FACE_BOUND('',#13088,.T.);
#13088 = EDGE_LOOP('',(#13089,#13090,#13096,#13097));
#13089 = ORIENTED_EDGE('',*,*,#5663,.F.);
#13090 = ORIENTED_EDGE('',*,*,#13091,.T.);
#13091 = EDGE_CURVE('',#5656,#8358,#13092,.T.);
#13092 = LINE('',#13093,#13094);
#13093 = CARTESIAN_POINT('',(-192.7782938492,173.65525580905,69.51));
#13094 = VECTOR('',#13095,1.);
#13095 = DIRECTION('',(0.,0.,1.));
#13096 = ORIENTED_EDGE('',*,*,#8357,.T.);
#13097 = ORIENTED_EDGE('',*,*,#8524,.F.);
#13098 = PLANE('',#13099);
#13099 = AXIS2_PLACEMENT_3D('',#13100,#13101,#13102);
#13100 = CARTESIAN_POINT('',(-192.7782938492,173.65525580905,69.51));
#13101 = DIRECTION('',(-1.,1.4937187E-10,0.));
#13102 = DIRECTION('',(-1.4937187E-10,-1.,0.));
#13103 = ADVANCED_FACE('',(#13104),#13115,.F.);
#13104 = FACE_BOUND('',#13105,.T.);
#13105 = EDGE_LOOP('',(#13106,#13107,#13108,#13109));
#13106 = ORIENTED_EDGE('',*,*,#5010,.F.);
#13107 = ORIENTED_EDGE('',*,*,#13076,.T.);
#13108 = ORIENTED_EDGE('',*,*,#9371,.T.);
#13109 = ORIENTED_EDGE('',*,*,#13110,.F.);
#13110 = EDGE_CURVE('',#5011,#9364,#13111,.T.);
#13111 = LINE('',#13112,#13113);
#13112 = CARTESIAN_POINT('',(-177.9972191348,169.07288148413,69.51));
#13113 = VECTOR('',#13114,1.);
#13114 = DIRECTION('',(0.,0.,1.));
#13115 = PLANE('',#13116);
#13116 = AXIS2_PLACEMENT_3D('',#13117,#13118,#13119);
#13117 = CARTESIAN_POINT('',(-177.9883254759,169.0414131542,69.51));
#13118 = DIRECTION('',(0.962305919372,0.271969331989,0.));
#13119 = DIRECTION('',(-0.271969331989,0.962305919372,0.));
#13120 = ADVANCED_FACE('',(#13121),#13132,.F.);
#13121 = FACE_BOUND('',#13122,.T.);
#13122 = EDGE_LOOP('',(#13123,#13124,#13130,#13131));
#13123 = ORIENTED_EDGE('',*,*,#5655,.F.);
#13124 = ORIENTED_EDGE('',*,*,#13125,.T.);
#13125 = EDGE_CURVE('',#5648,#8366,#13126,.T.);
#13126 = LINE('',#13127,#13128);
#13127 = CARTESIAN_POINT('',(-192.8239992208,173.6957493517,69.51));
#13128 = VECTOR('',#13129,1.);
#13129 = DIRECTION('',(0.,0.,1.));
#13130 = ORIENTED_EDGE('',*,*,#8365,.T.);
#13131 = ORIENTED_EDGE('',*,*,#13091,.F.);
#13132 = PLANE('',#13133);
#13133 = AXIS2_PLACEMENT_3D('',#13134,#13135,#13136);
#13134 = CARTESIAN_POINT('',(-192.8239992208,173.6957493517,69.51));
#13135 = DIRECTION('',(-0.66314207949,-0.748493541996,0.));
#13136 = DIRECTION('',(0.748493541996,-0.66314207949,0.));
#13137 = ADVANCED_FACE('',(#13138),#13149,.F.);
#13138 = FACE_BOUND('',#13139,.T.);
#13139 = EDGE_LOOP('',(#13140,#13141,#13142,#13143));
#13140 = ORIENTED_EDGE('',*,*,#5018,.F.);
#13141 = ORIENTED_EDGE('',*,*,#13110,.T.);
#13142 = ORIENTED_EDGE('',*,*,#9363,.T.);
#13143 = ORIENTED_EDGE('',*,*,#13144,.F.);
#13144 = EDGE_CURVE('',#5019,#9356,#13145,.T.);
#13145 = LINE('',#13146,#13147);
#13146 = CARTESIAN_POINT('',(-178.01788365,169.12296090691,69.51));
#13147 = VECTOR('',#13148,1.);
#13148 = DIRECTION('',(0.,0.,1.));
#13149 = PLANE('',#13150);
#13150 = AXIS2_PLACEMENT_3D('',#13151,#13152,#13153);
#13151 = CARTESIAN_POINT('',(-177.9972191348,169.07288148413,69.51));
#13152 = DIRECTION('',(0.924394652008,0.38143744879,0.));
#13153 = DIRECTION('',(-0.38143744879,0.924394652008,0.));
#13154 = ADVANCED_FACE('',(#13155),#13166,.F.);
#13155 = FACE_BOUND('',#13156,.T.);
#13156 = EDGE_LOOP('',(#13157,#13158,#13164,#13165));
#13157 = ORIENTED_EDGE('',*,*,#5647,.F.);
#13158 = ORIENTED_EDGE('',*,*,#13159,.T.);
#13159 = EDGE_CURVE('',#5640,#8374,#13160,.T.);
#13160 = LINE('',#13161,#13162);
#13161 = CARTESIAN_POINT('',(-192.8412007507,173.71497551754,69.51));
#13162 = VECTOR('',#13163,1.);
#13163 = DIRECTION('',(0.,0.,1.));
#13164 = ORIENTED_EDGE('',*,*,#8373,.T.);
#13165 = ORIENTED_EDGE('',*,*,#13125,.F.);
#13166 = PLANE('',#13167);
#13167 = AXIS2_PLACEMENT_3D('',#13168,#13169,#13170);
#13168 = CARTESIAN_POINT('',(-192.8412007507,173.71497551754,69.51));
#13169 = DIRECTION('',(-0.745257282304,-0.666777011581,0.));
#13170 = DIRECTION('',(0.666777011581,-0.745257282304,0.));
#13171 = ADVANCED_FACE('',(#13172),#13183,.F.);
#13172 = FACE_BOUND('',#13173,.T.);
#13173 = EDGE_LOOP('',(#13174,#13175,#13176,#13177));
#13174 = ORIENTED_EDGE('',*,*,#5026,.F.);
#13175 = ORIENTED_EDGE('',*,*,#13144,.T.);
#13176 = ORIENTED_EDGE('',*,*,#9355,.T.);
#13177 = ORIENTED_EDGE('',*,*,#13178,.F.);
#13178 = EDGE_CURVE('',#5027,#9348,#13179,.T.);
#13179 = LINE('',#13180,#13181);
#13180 = CARTESIAN_POINT('',(-178.0186522871,169.12448945381,69.51));
#13181 = VECTOR('',#13182,1.);
#13182 = DIRECTION('',(0.,0.,1.));
#13183 = PLANE('',#13184);
#13184 = AXIS2_PLACEMENT_3D('',#13185,#13186,#13187);
#13185 = CARTESIAN_POINT('',(-178.01788365,169.12296090691,69.51));
#13186 = DIRECTION('',(0.893404667358,0.449252824524,0.));
#13187 = DIRECTION('',(-0.449252824524,0.893404667358,0.));
#13188 = ADVANCED_FACE('',(#13189),#13200,.F.);
#13189 = FACE_BOUND('',#13190,.T.);
#13190 = EDGE_LOOP('',(#13191,#13192,#13198,#13199));
#13191 = ORIENTED_EDGE('',*,*,#5639,.F.);
#13192 = ORIENTED_EDGE('',*,*,#13193,.T.);
#13193 = EDGE_CURVE('',#5632,#8382,#13194,.T.);
#13194 = LINE('',#13195,#13196);
#13195 = CARTESIAN_POINT('',(-192.8625267709,173.74312377517,69.51));
#13196 = VECTOR('',#13197,1.);
#13197 = DIRECTION('',(0.,0.,1.));
#13198 = ORIENTED_EDGE('',*,*,#8381,.T.);
#13199 = ORIENTED_EDGE('',*,*,#13159,.F.);
#13200 = PLANE('',#13201);
#13201 = AXIS2_PLACEMENT_3D('',#13202,#13203,#13204);
#13202 = CARTESIAN_POINT('',(-192.8625267709,173.74312377517,69.51));
#13203 = DIRECTION('',(-0.797070577091,-0.603886160742,0.));
#13204 = DIRECTION('',(0.603886160742,-0.797070577091,0.));
#13205 = ADVANCED_FACE('',(#13206),#13217,.F.);
#13206 = FACE_BOUND('',#13207,.T.);
#13207 = EDGE_LOOP('',(#13208,#13209,#13210,#13211));
#13208 = ORIENTED_EDGE('',*,*,#5034,.F.);
#13209 = ORIENTED_EDGE('',*,*,#13178,.T.);
#13210 = ORIENTED_EDGE('',*,*,#9347,.T.);
#13211 = ORIENTED_EDGE('',*,*,#13212,.F.);
#13212 = EDGE_CURVE('',#5035,#9340,#13213,.T.);
#13213 = LINE('',#13214,#13215);
#13214 = CARTESIAN_POINT('',(-178.0440609251,169.16738784388,69.51));
#13215 = VECTOR('',#13216,1.);
#13216 = DIRECTION('',(0.,0.,1.));
#13217 = PLANE('',#13218);
#13218 = AXIS2_PLACEMENT_3D('',#13219,#13220,#13221);
#13219 = CARTESIAN_POINT('',(-178.0186522871,169.12448945381,69.51));
#13220 = DIRECTION('',(0.860402614054,0.509614895514,0.));
#13221 = DIRECTION('',(-0.509614895514,0.860402614054,0.));
#13222 = ADVANCED_FACE('',(#13223),#13234,.F.);
#13223 = FACE_BOUND('',#13224,.T.);
#13224 = EDGE_LOOP('',(#13225,#13226,#13232,#13233));
#13225 = ORIENTED_EDGE('',*,*,#5631,.F.);
#13226 = ORIENTED_EDGE('',*,*,#13227,.T.);
#13227 = EDGE_CURVE('',#5624,#8390,#13228,.T.);
#13228 = LINE('',#13229,#13230);
#13229 = CARTESIAN_POINT('',(-192.8879354089,173.78602216525,69.51));
#13230 = VECTOR('',#13231,1.);
#13231 = DIRECTION('',(0.,0.,1.));
#13232 = ORIENTED_EDGE('',*,*,#8389,.T.);
#13233 = ORIENTED_EDGE('',*,*,#13193,.F.);
#13234 = PLANE('',#13235);
#13235 = AXIS2_PLACEMENT_3D('',#13236,#13237,#13238);
#13236 = CARTESIAN_POINT('',(-192.8879354089,173.78602216525,69.51));
#13237 = DIRECTION('',(-0.860402614399,-0.50961489493,0.));
#13238 = DIRECTION('',(0.50961489493,-0.860402614399,0.));
#13239 = ADVANCED_FACE('',(#13240),#13251,.F.);
#13240 = FACE_BOUND('',#13241,.T.);
#13241 = EDGE_LOOP('',(#13242,#13243,#13244,#13245));
#13242 = ORIENTED_EDGE('',*,*,#5042,.F.);
#13243 = ORIENTED_EDGE('',*,*,#13212,.T.);
#13244 = ORIENTED_EDGE('',*,*,#9339,.T.);
#13245 = ORIENTED_EDGE('',*,*,#13246,.F.);
#13246 = EDGE_CURVE('',#5043,#9332,#13247,.T.);
#13247 = LINE('',#13248,#13249);
#13248 = CARTESIAN_POINT('',(-178.0653869473,169.19553609806,69.51));
#13249 = VECTOR('',#13250,1.);
#13250 = DIRECTION('',(0.,0.,1.));
#13251 = PLANE('',#13252);
#13252 = AXIS2_PLACEMENT_3D('',#13253,#13254,#13255);
#13253 = CARTESIAN_POINT('',(-178.0440609251,169.16738784388,69.51));
#13254 = DIRECTION('',(0.797070515062,0.603886242614,0.));
#13255 = DIRECTION('',(-0.603886242614,0.797070515062,0.));
#13256 = ADVANCED_FACE('',(#13257),#13268,.F.);
#13257 = FACE_BOUND('',#13258,.T.);
#13258 = EDGE_LOOP('',(#13259,#13260,#13266,#13267));
#13259 = ORIENTED_EDGE('',*,*,#5623,.F.);
#13260 = ORIENTED_EDGE('',*,*,#13261,.T.);
#13261 = EDGE_CURVE('',#5616,#8398,#13262,.T.);
#13262 = LINE('',#13263,#13264);
#13263 = CARTESIAN_POINT('',(-192.8887040495,173.78755070945,69.51));
#13264 = VECTOR('',#13265,1.);
#13265 = DIRECTION('',(0.,0.,1.));
#13266 = ORIENTED_EDGE('',*,*,#8397,.T.);
#13267 = ORIENTED_EDGE('',*,*,#13227,.F.);
#13268 = PLANE('',#13269);
#13269 = AXIS2_PLACEMENT_3D('',#13270,#13271,#13272);
#13270 = CARTESIAN_POINT('',(-192.8887040495,173.78755070945,69.51));
#13271 = DIRECTION('',(-0.893403526618,-0.449255093045,0.));
#13272 = DIRECTION('',(0.449255093045,-0.893403526618,0.));
#13273 = ADVANCED_FACE('',(#13274),#13285,.F.);
#13274 = FACE_BOUND('',#13275,.T.);
#13275 = EDGE_LOOP('',(#13276,#13277,#13278,#13279));
#13276 = ORIENTED_EDGE('',*,*,#5050,.F.);
#13277 = ORIENTED_EDGE('',*,*,#13246,.T.);
#13278 = ORIENTED_EDGE('',*,*,#9331,.T.);
#13279 = ORIENTED_EDGE('',*,*,#13280,.F.);
#13280 = EDGE_CURVE('',#5051,#9324,#13281,.T.);
#13281 = LINE('',#13282,#13283);
#13282 = CARTESIAN_POINT('',(-178.0825884748,169.21476226693,69.51));
#13283 = VECTOR('',#13284,1.);
#13284 = DIRECTION('',(0.,0.,1.));
#13285 = PLANE('',#13286);
#13286 = AXIS2_PLACEMENT_3D('',#13287,#13288,#13289);
#13287 = CARTESIAN_POINT('',(-178.0653869473,169.19553609806,69.51));
#13288 = DIRECTION('',(0.745257379583,0.666776902852,0.));
#13289 = DIRECTION('',(-0.666776902852,0.745257379583,0.));
#13290 = ADVANCED_FACE('',(#13291),#13302,.F.);
#13291 = FACE_BOUND('',#13292,.T.);
#13292 = EDGE_LOOP('',(#13293,#13294,#13300,#13301));
#13293 = ORIENTED_EDGE('',*,*,#5615,.F.);
#13294 = ORIENTED_EDGE('',*,*,#13295,.T.);
#13295 = EDGE_CURVE('',#5608,#8406,#13296,.T.);
#13296 = LINE('',#13297,#13298);
#13297 = CARTESIAN_POINT('',(-192.9093685611,173.83763013493,69.51));
#13298 = VECTOR('',#13299,1.);
#13299 = DIRECTION('',(0.,0.,1.));
#13300 = ORIENTED_EDGE('',*,*,#8405,.T.);
#13301 = ORIENTED_EDGE('',*,*,#13261,.F.);
#13302 = PLANE('',#13303);
#13303 = AXIS2_PLACEMENT_3D('',#13304,#13305,#13306);
#13304 = CARTESIAN_POINT('',(-192.9093685611,173.83763013493,69.51));
#13305 = DIRECTION('',(-0.924394682288,-0.381437375407,0.));
#13306 = DIRECTION('',(0.381437375407,-0.924394682288,0.));
#13307 = ADVANCED_FACE('',(#13308),#13319,.F.);
#13308 = FACE_BOUND('',#13309,.T.);
#13309 = EDGE_LOOP('',(#13310,#13311,#13312,#13313));
#13310 = ORIENTED_EDGE('',*,*,#5058,.F.);
#13311 = ORIENTED_EDGE('',*,*,#13280,.T.);
#13312 = ORIENTED_EDGE('',*,*,#9323,.T.);
#13313 = ORIENTED_EDGE('',*,*,#13314,.F.);
#13314 = EDGE_CURVE('',#5059,#9316,#13315,.T.);
#13315 = LINE('',#13316,#13317);
#13316 = CARTESIAN_POINT('',(-178.1282938451,169.2552558087,69.51));
#13317 = VECTOR('',#13318,1.);
#13318 = DIRECTION('',(0.,0.,1.));
#13319 = PLANE('',#13320);
#13320 = AXIS2_PLACEMENT_3D('',#13321,#13322,#13323);
#13321 = CARTESIAN_POINT('',(-178.0825884748,169.21476226693,69.51));
#13322 = DIRECTION('',(0.66314208176,0.748493539985,0.));
#13323 = DIRECTION('',(-0.748493539985,0.66314208176,0.));
#13324 = ADVANCED_FACE('',(#13325),#13336,.F.);
#13325 = FACE_BOUND('',#13326,.T.);
#13326 = EDGE_LOOP('',(#13327,#13328,#13334,#13335));
#13327 = ORIENTED_EDGE('',*,*,#5607,.F.);
#13328 = ORIENTED_EDGE('',*,*,#13329,.T.);
#13329 = EDGE_CURVE('',#5600,#8414,#13330,.T.);
#13330 = LINE('',#13331,#13332);
#13331 = CARTESIAN_POINT('',(-192.9182622246,173.86909846336,69.51));
#13332 = VECTOR('',#13333,1.);
#13333 = DIRECTION('',(0.,0.,1.));
#13334 = ORIENTED_EDGE('',*,*,#8413,.T.);
#13335 = ORIENTED_EDGE('',*,*,#13295,.F.);
#13336 = PLANE('',#13337);
#13337 = AXIS2_PLACEMENT_3D('',#13338,#13339,#13340);
#13338 = CARTESIAN_POINT('',(-192.9182622246,173.86909846336,69.51));
#13339 = DIRECTION('',(-0.962305879708,-0.271969472331,0.));
#13340 = DIRECTION('',(0.271969472331,-0.962305879708,0.));
#13341 = ADVANCED_FACE('',(#13342),#13348,.F.);
#13342 = FACE_BOUND('',#13343,.T.);
#13343 = EDGE_LOOP('',(#13344,#13345,#13346,#13347));
#13344 = ORIENTED_EDGE('',*,*,#5066,.F.);
#13345 = ORIENTED_EDGE('',*,*,#13314,.T.);
#13346 = ORIENTED_EDGE('',*,*,#9315,.T.);
#13347 = ORIENTED_EDGE('',*,*,#9281,.F.);
#13348 = PLANE('',#13349);
#13349 = AXIS2_PLACEMENT_3D('',#13350,#13351,#13352);
#13350 = CARTESIAN_POINT('',(-178.1282938451,169.2552558087,69.51));
#13351 = DIRECTION('',(1.,-1.10734138E-09,0.));
#13352 = DIRECTION('',(1.10734138E-09,1.,0.));
#13353 = ADVANCED_FACE('',(#13354),#13365,.F.);
#13354 = FACE_BOUND('',#13355,.T.);
#13355 = EDGE_LOOP('',(#13356,#13357,#13363,#13364));
#13356 = ORIENTED_EDGE('',*,*,#5599,.F.);
#13357 = ORIENTED_EDGE('',*,*,#13358,.T.);
#13358 = EDGE_CURVE('',#5592,#8422,#13359,.T.);
#13359 = LINE('',#13360,#13361);
#13360 = CARTESIAN_POINT('',(-192.9234689631,173.89529428166,69.51));
#13361 = VECTOR('',#13362,1.);
#13362 = DIRECTION('',(0.,0.,1.));
#13363 = ORIENTED_EDGE('',*,*,#8421,.T.);
#13364 = ORIENTED_EDGE('',*,*,#13329,.F.);
#13365 = PLANE('',#13366);
#13366 = AXIS2_PLACEMENT_3D('',#13367,#13368,#13369);
#13367 = CARTESIAN_POINT('',(-192.9234689631,173.89529428166,69.51));
#13368 = DIRECTION('',(-0.980813452185,-0.194948639425,0.));
#13369 = DIRECTION('',(0.194948639425,-0.980813452185,0.));
#13370 = ADVANCED_FACE('',(#13371),#13382,.F.);
#13371 = FACE_BOUND('',#13372,.T.);
#13372 = EDGE_LOOP('',(#13373,#13374,#13380,#13381));
#13373 = ORIENTED_EDGE('',*,*,#5591,.F.);
#13374 = ORIENTED_EDGE('',*,*,#13375,.T.);
#13375 = EDGE_CURVE('',#5584,#8430,#13376,.T.);
#13376 = LINE('',#13377,#13378);
#13377 = CARTESIAN_POINT('',(-192.9282938538,173.95525580953,69.51));
#13378 = VECTOR('',#13379,1.);
#13379 = DIRECTION('',(0.,0.,1.));
#13380 = ORIENTED_EDGE('',*,*,#8429,.T.);
#13381 = ORIENTED_EDGE('',*,*,#13358,.F.);
#13382 = PLANE('',#13383);
#13383 = AXIS2_PLACEMENT_3D('',#13384,#13385,#13386);
#13384 = CARTESIAN_POINT('',(-192.9282938538,173.95525580953,69.51));
#13385 = DIRECTION('',(-0.996778213013,-8.020719457772E-02,0.));
#13386 = DIRECTION('',(8.020719457772E-02,-0.996778213013,0.));
#13387 = ADVANCED_FACE('',(#13388),#13399,.F.);
#13388 = FACE_BOUND('',#13389,.T.);
#13389 = EDGE_LOOP('',(#13390,#13391,#13397,#13398));
#13390 = ORIENTED_EDGE('',*,*,#5583,.F.);
#13391 = ORIENTED_EDGE('',*,*,#13392,.T.);
#13392 = EDGE_CURVE('',#5576,#8438,#13393,.T.);
#13393 = LINE('',#13394,#13395);
#13394 = CARTESIAN_POINT('',(-192.9234689631,174.01521733739,69.51));
#13395 = VECTOR('',#13396,1.);
#13396 = DIRECTION('',(0.,0.,1.));
#13397 = ORIENTED_EDGE('',*,*,#8437,.T.);
#13398 = ORIENTED_EDGE('',*,*,#13375,.F.);
#13399 = PLANE('',#13400);
#13400 = AXIS2_PLACEMENT_3D('',#13401,#13402,#13403);
#13401 = CARTESIAN_POINT('',(-192.9234689631,174.01521733739,69.51));
#13402 = DIRECTION('',(-0.996778213013,8.020719457821E-02,0.));
#13403 = DIRECTION('',(-8.020719457821E-02,-0.996778213013,0.));
#13404 = ADVANCED_FACE('',(#13405),#13416,.F.);
#13405 = FACE_BOUND('',#13406,.T.);
#13406 = EDGE_LOOP('',(#13407,#13408,#13414,#13415));
#13407 = ORIENTED_EDGE('',*,*,#5575,.F.);
#13408 = ORIENTED_EDGE('',*,*,#13409,.T.);
#13409 = EDGE_CURVE('',#5568,#8446,#13410,.T.);
#13410 = LINE('',#13411,#13412);
#13411 = CARTESIAN_POINT('',(-192.9182622246,174.04141315569,69.51));
#13412 = VECTOR('',#13413,1.);
#13413 = DIRECTION('',(0.,0.,1.));
#13414 = ORIENTED_EDGE('',*,*,#8445,.T.);
#13415 = ORIENTED_EDGE('',*,*,#13392,.F.);
#13416 = PLANE('',#13417);
#13417 = AXIS2_PLACEMENT_3D('',#13418,#13419,#13420);
#13418 = CARTESIAN_POINT('',(-192.9182622246,174.04141315569,69.51));
#13419 = DIRECTION('',(-0.980813452185,0.194948639425,0.));
#13420 = DIRECTION('',(-0.194948639425,-0.980813452185,0.));
#13421 = ADVANCED_FACE('',(#13422),#13433,.F.);
#13422 = FACE_BOUND('',#13423,.T.);
#13423 = EDGE_LOOP('',(#13424,#13425,#13426,#13427));
#13424 = ORIENTED_EDGE('',*,*,#5089,.F.);
#13425 = ORIENTED_EDGE('',*,*,#9266,.T.);
#13426 = ORIENTED_EDGE('',*,*,#9250,.T.);
#13427 = ORIENTED_EDGE('',*,*,#13428,.F.);
#13428 = EDGE_CURVE('',#5090,#9243,#13429,.T.);
#13429 = LINE('',#13430,#13431);
#13430 = CARTESIAN_POINT('',(-178.1282938449,171.15525580891,69.51));
#13431 = VECTOR('',#13432,1.);
#13432 = DIRECTION('',(0.,0.,1.));
#13433 = PLANE('',#13434);
#13434 = AXIS2_PLACEMENT_3D('',#13435,#13436,#13437);
#13435 = CARTESIAN_POINT('',(-178.1282938446,170.70525580953,69.51));
#13436 = DIRECTION('',(1.,7.0043724E-10,0.));
#13437 = DIRECTION('',(-7.0043724E-10,1.,0.));
#13438 = ADVANCED_FACE('',(#13439),#13450,.F.);
#13439 = FACE_BOUND('',#13440,.T.);
#13440 = EDGE_LOOP('',(#13441,#13442,#13448,#13449));
#13441 = ORIENTED_EDGE('',*,*,#5567,.F.);
#13442 = ORIENTED_EDGE('',*,*,#13443,.T.);
#13443 = EDGE_CURVE('',#5560,#8454,#13444,.T.);
#13444 = LINE('',#13445,#13446);
#13445 = CARTESIAN_POINT('',(-192.9093685611,174.07288148413,69.51));
#13446 = VECTOR('',#13447,1.);
#13447 = DIRECTION('',(0.,0.,1.));
#13448 = ORIENTED_EDGE('',*,*,#8453,.T.);
#13449 = ORIENTED_EDGE('',*,*,#13409,.F.);
#13450 = PLANE('',#13451);
#13451 = AXIS2_PLACEMENT_3D('',#13452,#13453,#13454);
#13452 = CARTESIAN_POINT('',(-192.9093685611,174.07288148413,69.51));
#13453 = DIRECTION('',(-0.962305879708,0.27196947233,0.));
#13454 = DIRECTION('',(-0.27196947233,-0.962305879708,0.));
#13455 = ADVANCED_FACE('',(#13456),#13467,.F.);
#13456 = FACE_BOUND('',#13457,.T.);
#13457 = EDGE_LOOP('',(#13458,#13459,#13460,#13461));
#13458 = ORIENTED_EDGE('',*,*,#5097,.F.);
#13459 = ORIENTED_EDGE('',*,*,#13428,.T.);
#13460 = ORIENTED_EDGE('',*,*,#9242,.T.);
#13461 = ORIENTED_EDGE('',*,*,#13462,.F.);
#13462 = EDGE_CURVE('',#5098,#9235,#13463,.T.);
#13463 = LINE('',#13464,#13465);
#13464 = CARTESIAN_POINT('',(-178.0825884747,171.19574935201,69.51));
#13465 = VECTOR('',#13466,1.);
#13466 = DIRECTION('',(0.,0.,1.));
#13467 = PLANE('',#13468);
#13468 = AXIS2_PLACEMENT_3D('',#13469,#13470,#13471);
#13469 = CARTESIAN_POINT('',(-178.1282938449,171.15525580891,69.51));
#13470 = DIRECTION('',(0.663142094495,-0.748493528702,0.));
#13471 = DIRECTION('',(0.748493528702,0.663142094495,0.));
#13472 = ADVANCED_FACE('',(#13473),#13484,.F.);
#13473 = FACE_BOUND('',#13474,.T.);
#13474 = EDGE_LOOP('',(#13475,#13476,#13482,#13483));
#13475 = ORIENTED_EDGE('',*,*,#5559,.F.);
#13476 = ORIENTED_EDGE('',*,*,#13477,.T.);
#13477 = EDGE_CURVE('',#5552,#8462,#13478,.T.);
#13478 = LINE('',#13479,#13480);
#13479 = CARTESIAN_POINT('',(-192.8887040495,174.1229609096,69.51));
#13480 = VECTOR('',#13481,1.);
#13481 = DIRECTION('',(0.,0.,1.));
#13482 = ORIENTED_EDGE('',*,*,#8461,.T.);
#13483 = ORIENTED_EDGE('',*,*,#13443,.F.);
#13484 = PLANE('',#13485);
#13485 = AXIS2_PLACEMENT_3D('',#13486,#13487,#13488);
#13486 = CARTESIAN_POINT('',(-192.8887040495,174.1229609096,69.51));
#13487 = DIRECTION('',(-0.924394682288,0.381437375407,0.));
#13488 = DIRECTION('',(-0.381437375407,-0.924394682288,0.));
#13489 = ADVANCED_FACE('',(#13490),#13501,.F.);
#13490 = FACE_BOUND('',#13491,.T.);
#13491 = EDGE_LOOP('',(#13492,#13493,#13494,#13495));
#13492 = ORIENTED_EDGE('',*,*,#5105,.F.);
#13493 = ORIENTED_EDGE('',*,*,#13462,.T.);
#13494 = ORIENTED_EDGE('',*,*,#9234,.T.);
#13495 = ORIENTED_EDGE('',*,*,#13496,.F.);
#13496 = EDGE_CURVE('',#5106,#9227,#13497,.T.);
#13497 = LINE('',#13498,#13499);
#13498 = CARTESIAN_POINT('',(-178.0653869461,171.21497551943,69.51));
#13499 = VECTOR('',#13500,1.);
#13500 = DIRECTION('',(0.,0.,1.));
#13501 = PLANE('',#13502);
#13502 = AXIS2_PLACEMENT_3D('',#13503,#13504,#13505);
#13503 = CARTESIAN_POINT('',(-178.0825884747,171.19574935201,69.51));
#13504 = DIRECTION('',(0.745257335365,-0.666776952275,0.));
#13505 = DIRECTION('',(0.666776952275,0.745257335365,0.));
#13506 = ADVANCED_FACE('',(#13507),#13518,.F.);
#13507 = FACE_BOUND('',#13508,.T.);
#13508 = EDGE_LOOP('',(#13509,#13510,#13516,#13517));
#13509 = ORIENTED_EDGE('',*,*,#5551,.F.);
#13510 = ORIENTED_EDGE('',*,*,#13511,.T.);
#13511 = EDGE_CURVE('',#5544,#8470,#13512,.T.);
#13512 = LINE('',#13513,#13514);
#13513 = CARTESIAN_POINT('',(-192.8879354089,174.1244894538,69.51));
#13514 = VECTOR('',#13515,1.);
#13515 = DIRECTION('',(0.,0.,1.));
#13516 = ORIENTED_EDGE('',*,*,#8469,.T.);
#13517 = ORIENTED_EDGE('',*,*,#13477,.F.);
#13518 = PLANE('',#13519);
#13519 = AXIS2_PLACEMENT_3D('',#13520,#13521,#13522);
#13520 = CARTESIAN_POINT('',(-192.8879354089,174.1244894538,69.51));
#13521 = DIRECTION('',(-0.893403526622,0.449255093037,0.));
#13522 = DIRECTION('',(-0.449255093037,-0.893403526622,0.));
#13523 = ADVANCED_FACE('',(#13524),#13535,.F.);
#13524 = FACE_BOUND('',#13525,.T.);
#13525 = EDGE_LOOP('',(#13526,#13527,#13528,#13529));
#13526 = ORIENTED_EDGE('',*,*,#5113,.F.);
#13527 = ORIENTED_EDGE('',*,*,#13496,.T.);
#13528 = ORIENTED_EDGE('',*,*,#9226,.T.);
#13529 = ORIENTED_EDGE('',*,*,#13530,.F.);
#13530 = EDGE_CURVE('',#5114,#9219,#13531,.T.);
#13531 = LINE('',#13532,#13533);
#13532 = CARTESIAN_POINT('',(-178.0440609249,171.24312377517,69.51));
#13533 = VECTOR('',#13534,1.);
#13534 = DIRECTION('',(0.,0.,1.));
#13535 = PLANE('',#13536);
#13536 = AXIS2_PLACEMENT_3D('',#13537,#13538,#13539);
#13537 = CARTESIAN_POINT('',(-178.0653869461,171.21497551943,69.51));
#13538 = DIRECTION('',(0.797070543578,-0.603886204976,0.));
#13539 = DIRECTION('',(0.603886204976,0.797070543578,0.));
#13540 = ADVANCED_FACE('',(#13541),#13552,.F.);
#13541 = FACE_BOUND('',#13542,.T.);
#13542 = EDGE_LOOP('',(#13543,#13544,#13550,#13551));
#13543 = ORIENTED_EDGE('',*,*,#5543,.F.);
#13544 = ORIENTED_EDGE('',*,*,#13545,.T.);
#13545 = EDGE_CURVE('',#5536,#8478,#13546,.T.);
#13546 = LINE('',#13547,#13548);
#13547 = CARTESIAN_POINT('',(-192.8625267709,174.16738784388,69.51));
#13548 = VECTOR('',#13549,1.);
#13549 = DIRECTION('',(0.,0.,1.));
#13550 = ORIENTED_EDGE('',*,*,#8477,.T.);
#13551 = ORIENTED_EDGE('',*,*,#13511,.F.);
#13552 = PLANE('',#13553);
#13553 = AXIS2_PLACEMENT_3D('',#13554,#13555,#13556);
#13554 = CARTESIAN_POINT('',(-192.8625267709,174.16738784388,69.51));
#13555 = DIRECTION('',(-0.860402614399,0.50961489493,0.));
#13556 = DIRECTION('',(-0.50961489493,-0.860402614399,0.));
#13557 = ADVANCED_FACE('',(#13558),#13569,.F.);
#13558 = FACE_BOUND('',#13559,.T.);
#13559 = EDGE_LOOP('',(#13560,#13561,#13562,#13563));
#13560 = ORIENTED_EDGE('',*,*,#5121,.F.);
#13561 = ORIENTED_EDGE('',*,*,#13530,.T.);
#13562 = ORIENTED_EDGE('',*,*,#9218,.T.);
#13563 = ORIENTED_EDGE('',*,*,#13564,.F.);
#13564 = EDGE_CURVE('',#5122,#9211,#13565,.T.);
#13565 = LINE('',#13566,#13567);
#13566 = CARTESIAN_POINT('',(-178.0186522869,171.28602216524,69.51));
#13567 = VECTOR('',#13568,1.);
#13568 = DIRECTION('',(0.,0.,1.));
#13569 = PLANE('',#13570);
#13570 = AXIS2_PLACEMENT_3D('',#13571,#13572,#13573);
#13571 = CARTESIAN_POINT('',(-178.0440609249,171.24312377517,69.51));
#13572 = DIRECTION('',(0.86040261421,-0.50961489525,0.));
#13573 = DIRECTION('',(0.50961489525,0.86040261421,0.));
#13574 = ADVANCED_FACE('',(#13575),#13586,.F.);
#13575 = FACE_BOUND('',#13576,.T.);
#13576 = EDGE_LOOP('',(#13577,#13578,#13584,#13585));
#13577 = ORIENTED_EDGE('',*,*,#5535,.F.);
#13578 = ORIENTED_EDGE('',*,*,#13579,.T.);
#13579 = EDGE_CURVE('',#5528,#8486,#13580,.T.);
#13580 = LINE('',#13581,#13582);
#13581 = CARTESIAN_POINT('',(-192.8412007507,174.19553610151,69.51));
#13582 = VECTOR('',#13583,1.);
#13583 = DIRECTION('',(0.,0.,1.));
#13584 = ORIENTED_EDGE('',*,*,#8485,.T.);
#13585 = ORIENTED_EDGE('',*,*,#13545,.F.);
#13586 = PLANE('',#13587);
#13587 = AXIS2_PLACEMENT_3D('',#13588,#13589,#13590);
#13588 = CARTESIAN_POINT('',(-192.8412007507,174.19553610151,69.51));
#13589 = DIRECTION('',(-0.797070577091,0.603886160742,0.));
#13590 = DIRECTION('',(-0.603886160742,-0.797070577091,0.));
#13591 = ADVANCED_FACE('',(#13592),#13603,.F.);
#13592 = FACE_BOUND('',#13593,.T.);
#13593 = EDGE_LOOP('',(#13594,#13595,#13596,#13597));
#13594 = ORIENTED_EDGE('',*,*,#5129,.F.);
#13595 = ORIENTED_EDGE('',*,*,#13564,.T.);
#13596 = ORIENTED_EDGE('',*,*,#9210,.T.);
#13597 = ORIENTED_EDGE('',*,*,#13598,.F.);
#13598 = EDGE_CURVE('',#5130,#9203,#13599,.T.);
#13599 = LINE('',#13600,#13601);
#13600 = CARTESIAN_POINT('',(-178.0178836482,171.28755071089,69.51));
#13601 = VECTOR('',#13602,1.);
#13602 = DIRECTION('',(0.,0.,1.));
#13603 = PLANE('',#13604);
#13604 = AXIS2_PLACEMENT_3D('',#13605,#13606,#13607);
#13605 = CARTESIAN_POINT('',(-178.0186522869,171.28602216524,69.51));
#13606 = DIRECTION('',(0.893404143458,-0.449253866374,0.));
#13607 = DIRECTION('',(0.449253866374,0.893404143458,0.));
#13608 = ADVANCED_FACE('',(#13609),#13620,.F.);
#13609 = FACE_BOUND('',#13610,.T.);
#13610 = EDGE_LOOP('',(#13611,#13612,#13618,#13619));
#13611 = ORIENTED_EDGE('',*,*,#5527,.F.);
#13612 = ORIENTED_EDGE('',*,*,#13613,.T.);
#13613 = EDGE_CURVE('',#5520,#8494,#13614,.T.);
#13614 = LINE('',#13615,#13616);
#13615 = CARTESIAN_POINT('',(-192.8239992205,174.21476226765,69.51));
#13616 = VECTOR('',#13617,1.);
#13617 = DIRECTION('',(0.,0.,1.));
#13618 = ORIENTED_EDGE('',*,*,#8493,.T.);
#13619 = ORIENTED_EDGE('',*,*,#13579,.F.);
#13620 = PLANE('',#13621);
#13621 = AXIS2_PLACEMENT_3D('',#13622,#13623,#13624);
#13622 = CARTESIAN_POINT('',(-192.8239992205,174.21476226765,69.51));
#13623 = DIRECTION('',(-0.74525728191,0.666777012022,0.));
#13624 = DIRECTION('',(-0.666777012022,-0.74525728191,0.));
#13625 = ADVANCED_FACE('',(#13626),#13637,.F.);
#13626 = FACE_BOUND('',#13627,.T.);
#13627 = EDGE_LOOP('',(#13628,#13629,#13630,#13631));
#13628 = ORIENTED_EDGE('',*,*,#5137,.F.);
#13629 = ORIENTED_EDGE('',*,*,#13598,.T.);
#13630 = ORIENTED_EDGE('',*,*,#9202,.T.);
#13631 = ORIENTED_EDGE('',*,*,#13632,.F.);
#13632 = EDGE_CURVE('',#5138,#9195,#13633,.T.);
#13633 = LINE('',#13634,#13635);
#13634 = CARTESIAN_POINT('',(-177.9972191347,171.33763013492,69.51));
#13635 = VECTOR('',#13636,1.);
#13636 = DIRECTION('',(0.,0.,1.));
#13637 = PLANE('',#13638);
#13638 = AXIS2_PLACEMENT_3D('',#13639,#13640,#13641);
#13639 = CARTESIAN_POINT('',(-178.0178836482,171.28755071089,69.51));
#13640 = DIRECTION('',(0.924394665903,-0.381437415117,0.));
#13641 = DIRECTION('',(0.381437415117,0.924394665903,0.));
#13642 = ADVANCED_FACE('',(#13643),#13654,.F.);
#13643 = FACE_BOUND('',#13644,.T.);
#13644 = EDGE_LOOP('',(#13645,#13646,#13652,#13653));
#13645 = ORIENTED_EDGE('',*,*,#5519,.F.);
#13646 = ORIENTED_EDGE('',*,*,#13647,.T.);
#13647 = EDGE_CURVE('',#5512,#8502,#13648,.T.);
#13648 = LINE('',#13649,#13650);
#13649 = CARTESIAN_POINT('',(-192.7782938492,174.25525581,69.51));
#13650 = VECTOR('',#13651,1.);
#13651 = DIRECTION('',(0.,0.,1.));
#13652 = ORIENTED_EDGE('',*,*,#8501,.T.);
#13653 = ORIENTED_EDGE('',*,*,#13613,.F.);
#13654 = PLANE('',#13655);
#13655 = AXIS2_PLACEMENT_3D('',#13656,#13657,#13658);
#13656 = CARTESIAN_POINT('',(-192.7782938492,174.25525581,69.51));
#13657 = DIRECTION('',(-0.663142079077,0.748493542362,0.));
#13658 = DIRECTION('',(-0.748493542362,-0.663142079077,0.));
#13659 = ADVANCED_FACE('',(#13660),#13671,.F.);
#13660 = FACE_BOUND('',#13661,.T.);
#13661 = EDGE_LOOP('',(#13662,#13663,#13664,#13665));
#13662 = ORIENTED_EDGE('',*,*,#5145,.F.);
#13663 = ORIENTED_EDGE('',*,*,#13632,.T.);
#13664 = ORIENTED_EDGE('',*,*,#9194,.T.);
#13665 = ORIENTED_EDGE('',*,*,#13666,.F.);
#13666 = EDGE_CURVE('',#5146,#9187,#13667,.T.);
#13667 = LINE('',#13668,#13669);
#13668 = CARTESIAN_POINT('',(-177.9883254736,171.36909846409,69.51));
#13669 = VECTOR('',#13670,1.);
#13670 = DIRECTION('',(0.,0.,1.));
#13671 = PLANE('',#13672);
#13672 = AXIS2_PLACEMENT_3D('',#13673,#13674,#13675);
#13673 = CARTESIAN_POINT('',(-177.9972191347,171.33763013492,69.51));
#13674 = DIRECTION('',(0.962305901129,-0.271969396537,0.));
#13675 = DIRECTION('',(0.271969396537,0.962305901129,0.));
#13676 = ADVANCED_FACE('',(#13677),#13683,.F.);
#13677 = FACE_BOUND('',#13678,.T.);
#13678 = EDGE_LOOP('',(#13679,#13680,#13681,#13682));
#13679 = ORIENTED_EDGE('',*,*,#5511,.F.);
#13680 = ORIENTED_EDGE('',*,*,#8326,.T.);
#13681 = ORIENTED_EDGE('',*,*,#8509,.T.);
#13682 = ORIENTED_EDGE('',*,*,#13647,.F.);
#13683 = PLANE('',#13684);
#13684 = AXIS2_PLACEMENT_3D('',#13685,#13686,#13687);
#13685 = CARTESIAN_POINT('',(-192.7782938493,174.70525580953,69.51));
#13686 = DIRECTION('',(-1.,-1.4937187E-10,0.));
#13687 = DIRECTION('',(1.4937187E-10,-1.,0.));
#13688 = ADVANCED_FACE('',(#13689),#13700,.F.);
#13689 = FACE_BOUND('',#13690,.T.);
#13690 = EDGE_LOOP('',(#13691,#13692,#13693,#13694));
#13691 = ORIENTED_EDGE('',*,*,#5153,.F.);
#13692 = ORIENTED_EDGE('',*,*,#13666,.T.);
#13693 = ORIENTED_EDGE('',*,*,#9186,.T.);
#13694 = ORIENTED_EDGE('',*,*,#13695,.F.);
#13695 = EDGE_CURVE('',#5154,#9179,#13696,.T.);
#13696 = LINE('',#13697,#13698);
#13697 = CARTESIAN_POINT('',(-177.9831187327,171.39529428166,69.51));
#13698 = VECTOR('',#13699,1.);
#13699 = DIRECTION('',(0.,0.,1.));
#13700 = PLANE('',#13701);
#13701 = AXIS2_PLACEMENT_3D('',#13702,#13703,#13704);
#13702 = CARTESIAN_POINT('',(-177.9883254736,171.36909846409,69.51));
#13703 = DIRECTION('',(0.980813433382,-0.194948734026,0.));
#13704 = DIRECTION('',(0.194948734026,0.980813433382,0.));
#13705 = ADVANCED_FACE('',(#13706),#13717,.F.);
#13706 = FACE_BOUND('',#13707,.T.);
#13707 = EDGE_LOOP('',(#13708,#13709,#13710,#13711));
#13708 = ORIENTED_EDGE('',*,*,#5161,.F.);
#13709 = ORIENTED_EDGE('',*,*,#13695,.T.);
#13710 = ORIENTED_EDGE('',*,*,#9178,.T.);
#13711 = ORIENTED_EDGE('',*,*,#13712,.F.);
#13712 = EDGE_CURVE('',#5162,#9171,#13713,.T.);
#13713 = LINE('',#13714,#13715);
#13714 = CARTESIAN_POINT('',(-177.9782938446,171.45525580942,69.51));
#13715 = VECTOR('',#13716,1.);
#13716 = DIRECTION('',(0.,0.,1.));
#13717 = PLANE('',#13718);
#13718 = AXIS2_PLACEMENT_3D('',#13719,#13720,#13721);
#13719 = CARTESIAN_POINT('',(-177.9831187327,171.39529428166,69.51));
#13720 = DIRECTION('',(0.996778216529,-8.020715089057E-02,0.));
#13721 = DIRECTION('',(8.020715089057E-02,0.996778216529,0.));
#13722 = ADVANCED_FACE('',(#13723),#13734,.F.);
#13723 = FACE_BOUND('',#13724,.T.);
#13724 = EDGE_LOOP('',(#13725,#13726,#13727,#13728));
#13725 = ORIENTED_EDGE('',*,*,#5169,.F.);
#13726 = ORIENTED_EDGE('',*,*,#13712,.T.);
#13727 = ORIENTED_EDGE('',*,*,#9170,.T.);
#13728 = ORIENTED_EDGE('',*,*,#13729,.F.);
#13729 = EDGE_CURVE('',#5170,#9163,#13730,.T.);
#13730 = LINE('',#13731,#13732);
#13731 = CARTESIAN_POINT('',(-177.9831187327,171.51521733739,69.51));
#13732 = VECTOR('',#13733,1.);
#13733 = DIRECTION('',(0.,0.,1.));
#13734 = PLANE('',#13735);
#13735 = AXIS2_PLACEMENT_3D('',#13736,#13737,#13738);
#13736 = CARTESIAN_POINT('',(-177.9782938446,171.45525580942,69.51));
#13737 = DIRECTION('',(0.996778216551,8.02071506176E-02,0.));
#13738 = DIRECTION('',(-8.02071506176E-02,0.996778216551,0.));
#13739 = ADVANCED_FACE('',(#13740),#13751,.F.);
#13740 = FACE_BOUND('',#13741,.T.);
#13741 = EDGE_LOOP('',(#13742,#13743,#13744,#13745));
#13742 = ORIENTED_EDGE('',*,*,#5177,.F.);
#13743 = ORIENTED_EDGE('',*,*,#13729,.T.);
#13744 = ORIENTED_EDGE('',*,*,#9162,.T.);
#13745 = ORIENTED_EDGE('',*,*,#13746,.F.);
#13746 = EDGE_CURVE('',#5178,#9155,#13747,.T.);
#13747 = LINE('',#13748,#13749);
#13748 = CARTESIAN_POINT('',(-177.9883254736,171.54141315476,69.51));
#13749 = VECTOR('',#13750,1.);
#13750 = DIRECTION('',(0.,0.,1.));
#13751 = PLANE('',#13752);
#13752 = AXIS2_PLACEMENT_3D('',#13753,#13754,#13755);
#13753 = CARTESIAN_POINT('',(-177.9831187327,171.51521733739,69.51));
#13754 = DIRECTION('',(0.980813433435,0.194948733757,0.));
#13755 = DIRECTION('',(-0.194948733757,0.980813433435,0.));
#13756 = ADVANCED_FACE('',(#13757),#13768,.F.);
#13757 = FACE_BOUND('',#13758,.T.);
#13758 = EDGE_LOOP('',(#13759,#13760,#13761,#13762));
#13759 = ORIENTED_EDGE('',*,*,#5185,.F.);
#13760 = ORIENTED_EDGE('',*,*,#13746,.T.);
#13761 = ORIENTED_EDGE('',*,*,#9154,.T.);
#13762 = ORIENTED_EDGE('',*,*,#13763,.F.);
#13763 = EDGE_CURVE('',#5186,#9147,#13764,.T.);
#13764 = LINE('',#13765,#13766);
#13765 = CARTESIAN_POINT('',(-177.9972191347,171.57288148413,69.51));
#13766 = VECTOR('',#13767,1.);
#13767 = DIRECTION('',(0.,0.,1.));
#13768 = PLANE('',#13769);
#13769 = AXIS2_PLACEMENT_3D('',#13770,#13771,#13772);
#13770 = CARTESIAN_POINT('',(-177.9883254736,171.54141315476,69.51));
#13771 = DIRECTION('',(0.962305901204,0.271969396272,0.));
#13772 = DIRECTION('',(-0.271969396272,0.962305901204,0.));
#13773 = ADVANCED_FACE('',(#13774),#13780,.F.);
#13774 = FACE_BOUND('',#13775,.T.);
#13775 = EDGE_LOOP('',(#13776,#13777,#13778,#13779));
#13776 = ORIENTED_EDGE('',*,*,#5487,.F.);
#13777 = ORIENTED_EDGE('',*,*,#8309,.T.);
#13778 = ORIENTED_EDGE('',*,*,#8285,.T.);
#13779 = ORIENTED_EDGE('',*,*,#8259,.F.);
#13780 = PLANE('',#13781);
#13781 = AXIS2_PLACEMENT_3D('',#13782,#13783,#13784);
#13782 = CARTESIAN_POINT('',(-184.453293847,178.00186854737,69.51));
#13783 = DIRECTION('',(0.,1.,0.));
#13784 = DIRECTION('',(-1.,0.,0.));
#13785 = ADVANCED_FACE('',(#13786),#13797,.F.);
#13786 = FACE_BOUND('',#13787,.T.);
#13787 = EDGE_LOOP('',(#13788,#13789,#13790,#13791));
#13788 = ORIENTED_EDGE('',*,*,#5193,.F.);
#13789 = ORIENTED_EDGE('',*,*,#13763,.T.);
#13790 = ORIENTED_EDGE('',*,*,#9146,.T.);
#13791 = ORIENTED_EDGE('',*,*,#13792,.F.);
#13792 = EDGE_CURVE('',#5194,#9139,#13793,.T.);
#13793 = LINE('',#13794,#13795);
#13794 = CARTESIAN_POINT('',(-178.0178836481,171.62296090798,69.51));
#13795 = VECTOR('',#13796,1.);
#13796 = DIRECTION('',(0.,0.,1.));
#13797 = PLANE('',#13798);
#13798 = AXIS2_PLACEMENT_3D('',#13799,#13800,#13801);
#13799 = CARTESIAN_POINT('',(-177.9972191347,171.57288148413,69.51));
#13800 = DIRECTION('',(0.924394666007,0.381437414864,0.));
#13801 = DIRECTION('',(-0.381437414864,0.924394666007,0.));
#13802 = ADVANCED_FACE('',(#13803),#13814,.F.);
#13803 = FACE_BOUND('',#13804,.T.);
#13804 = EDGE_LOOP('',(#13805,#13806,#13807,#13808));
#13805 = ORIENTED_EDGE('',*,*,#5201,.F.);
#13806 = ORIENTED_EDGE('',*,*,#13792,.T.);
#13807 = ORIENTED_EDGE('',*,*,#9138,.T.);
#13808 = ORIENTED_EDGE('',*,*,#13809,.F.);
#13809 = EDGE_CURVE('',#5202,#9131,#13810,.T.);
#13810 = LINE('',#13811,#13812);
#13811 = CARTESIAN_POINT('',(-178.0186522869,171.62448945381,69.51));
#13812 = VECTOR('',#13813,1.);
#13813 = DIRECTION('',(0.,0.,1.));
#13814 = PLANE('',#13815);
#13815 = AXIS2_PLACEMENT_3D('',#13816,#13817,#13818);
#13816 = CARTESIAN_POINT('',(-178.0178836481,171.62296090798,69.51));
#13817 = DIRECTION('',(0.893404143594,0.449253866105,0.));
#13818 = DIRECTION('',(-0.449253866105,0.893404143594,0.));
#13819 = ADVANCED_FACE('',(#13820),#13831,.F.);
#13820 = FACE_BOUND('',#13821,.T.);
#13821 = EDGE_LOOP('',(#13822,#13823,#13824,#13825));
#13822 = ORIENTED_EDGE('',*,*,#5209,.F.);
#13823 = ORIENTED_EDGE('',*,*,#13809,.T.);
#13824 = ORIENTED_EDGE('',*,*,#9130,.T.);
#13825 = ORIENTED_EDGE('',*,*,#13826,.F.);
#13826 = EDGE_CURVE('',#5210,#9123,#13827,.T.);
#13827 = LINE('',#13828,#13829);
#13828 = CARTESIAN_POINT('',(-178.0440609249,171.66738784388,69.51));
#13829 = VECTOR('',#13830,1.);
#13830 = DIRECTION('',(0.,0.,1.));
#13831 = PLANE('',#13832);
#13832 = AXIS2_PLACEMENT_3D('',#13833,#13834,#13835);
#13833 = CARTESIAN_POINT('',(-178.0186522869,171.62448945381,69.51));
#13834 = DIRECTION('',(0.86040261421,0.50961489525,0.));
#13835 = DIRECTION('',(-0.50961489525,0.86040261421,0.));
#13836 = ADVANCED_FACE('',(#13837),#13848,.F.);
#13837 = FACE_BOUND('',#13838,.T.);
#13838 = EDGE_LOOP('',(#13839,#13840,#13841,#13842));
#13839 = ORIENTED_EDGE('',*,*,#5217,.F.);
#13840 = ORIENTED_EDGE('',*,*,#13826,.T.);
#13841 = ORIENTED_EDGE('',*,*,#9122,.T.);
#13842 = ORIENTED_EDGE('',*,*,#13843,.F.);
#13843 = EDGE_CURVE('',#5218,#9115,#13844,.T.);
#13844 = LINE('',#13845,#13846);
#13845 = CARTESIAN_POINT('',(-178.065386946,171.69553609946,69.51));
#13846 = VECTOR('',#13847,1.);
#13847 = DIRECTION('',(0.,0.,1.));
#13848 = PLANE('',#13849);
#13849 = AXIS2_PLACEMENT_3D('',#13850,#13851,#13852);
#13850 = CARTESIAN_POINT('',(-178.0440609249,171.66738784388,69.51));
#13851 = DIRECTION('',(0.797070543743,0.603886204758,0.));
#13852 = DIRECTION('',(-0.603886204758,0.797070543743,0.));
#13853 = ADVANCED_FACE('',(#13854),#13865,.F.);
#13854 = FACE_BOUND('',#13855,.T.);
#13855 = EDGE_LOOP('',(#13856,#13857,#13858,#13859));
#13856 = ORIENTED_EDGE('',*,*,#5225,.F.);
#13857 = ORIENTED_EDGE('',*,*,#13843,.T.);
#13858 = ORIENTED_EDGE('',*,*,#9114,.T.);
#13859 = ORIENTED_EDGE('',*,*,#13860,.F.);
#13860 = EDGE_CURVE('',#5226,#9107,#13861,.T.);
#13861 = LINE('',#13862,#13863);
#13862 = CARTESIAN_POINT('',(-178.0825884745,171.71476226698,69.51));
#13863 = VECTOR('',#13864,1.);
#13864 = DIRECTION('',(0.,0.,1.));
#13865 = PLANE('',#13866);
#13866 = AXIS2_PLACEMENT_3D('',#13867,#13868,#13869);
#13867 = CARTESIAN_POINT('',(-178.065386946,171.69553609946,69.51));
#13868 = DIRECTION('',(0.745257338055,0.666776949269,0.));
#13869 = DIRECTION('',(-0.666776949269,0.745257338055,0.));
#13870 = ADVANCED_FACE('',(#13871),#13882,.F.);
#13871 = FACE_BOUND('',#13872,.T.);
#13872 = EDGE_LOOP('',(#13873,#13874,#13880,#13881));
#13873 = ORIENTED_EDGE('',*,*,#5463,.F.);
#13874 = ORIENTED_EDGE('',*,*,#13875,.T.);
#13875 = EDGE_CURVE('',#5456,#8793,#13876,.T.);
#13876 = LINE('',#13877,#13878);
#13877 = CARTESIAN_POINT('',(-179.103293847,175.44767927094,69.51));
#13878 = VECTOR('',#13879,1.);
#13879 = DIRECTION('',(0.,0.,1.));
#13880 = ORIENTED_EDGE('',*,*,#8792,.T.);
#13881 = ORIENTED_EDGE('',*,*,#8758,.F.);
#13882 = PLANE('',#13883);
#13883 = AXIS2_PLACEMENT_3D('',#13884,#13885,#13886);
#13884 = CARTESIAN_POINT('',(-179.103293847,175.44767927094,69.51));
#13885 = DIRECTION('',(1.,0.,0.));
#13886 = DIRECTION('',(0.,1.,0.));
#13887 = ADVANCED_FACE('',(#13888),#13899,.F.);
#13888 = FACE_BOUND('',#13889,.T.);
#13889 = EDGE_LOOP('',(#13890,#13891,#13892,#13893));
#13890 = ORIENTED_EDGE('',*,*,#5233,.F.);
#13891 = ORIENTED_EDGE('',*,*,#13860,.T.);
#13892 = ORIENTED_EDGE('',*,*,#9106,.T.);
#13893 = ORIENTED_EDGE('',*,*,#13894,.F.);
#13894 = EDGE_CURVE('',#5234,#9099,#13895,.T.);
#13895 = LINE('',#13896,#13897);
#13896 = CARTESIAN_POINT('',(-178.1282938448,171.75525580994,69.51));
#13897 = VECTOR('',#13898,1.);
#13898 = DIRECTION('',(0.,0.,1.));
#13899 = PLANE('',#13900);
#13900 = AXIS2_PLACEMENT_3D('',#13901,#13902,#13903);
#13901 = CARTESIAN_POINT('',(-178.0825884745,171.71476226698,69.51));
#13902 = DIRECTION('',(0.663142092547,0.748493530428,0.));
#13903 = DIRECTION('',(-0.748493530428,0.663142092547,0.));
#13904 = ADVANCED_FACE('',(#13905),#13911,.F.);
#13905 = FACE_BOUND('',#13906,.T.);
#13906 = EDGE_LOOP('',(#13907,#13908,#13909,#13910));
#13907 = ORIENTED_EDGE('',*,*,#5455,.F.);
#13908 = ORIENTED_EDGE('',*,*,#8816,.T.);
#13909 = ORIENTED_EDGE('',*,*,#8800,.T.);
#13910 = ORIENTED_EDGE('',*,*,#13875,.F.);
#13911 = PLANE('',#13912);
#13912 = AXIS2_PLACEMENT_3D('',#13913,#13914,#13915);
#13913 = CARTESIAN_POINT('',(-179.1901816475,175.41851213252,69.51));
#13914 = DIRECTION('',(0.318235557726,-0.948011671763,0.));
#13915 = DIRECTION('',(0.948011671763,0.318235557726,0.));
#13916 = ADVANCED_FACE('',(#13917),#13923,.F.);
#13917 = FACE_BOUND('',#13918,.T.);
#13918 = EDGE_LOOP('',(#13919,#13920,#13921,#13922));
#13919 = ORIENTED_EDGE('',*,*,#5241,.F.);
#13920 = ORIENTED_EDGE('',*,*,#13894,.T.);
#13921 = ORIENTED_EDGE('',*,*,#9098,.T.);
#13922 = ORIENTED_EDGE('',*,*,#9064,.F.);
#13923 = PLANE('',#13924);
#13924 = AXIS2_PLACEMENT_3D('',#13925,#13926,#13927);
#13925 = CARTESIAN_POINT('',(-178.1282938448,171.75525580994,69.51));
#13926 = DIRECTION('',(1.,-4.6698448E-10,0.));
#13927 = DIRECTION('',(4.6698448E-10,1.,0.));
#13928 = ADVANCED_FACE('',(#13929),#13940,.F.);
#13929 = FACE_BOUND('',#13930,.T.);
#13930 = EDGE_LOOP('',(#13931,#13932,#13938,#13939));
#13931 = ORIENTED_EDGE('',*,*,#5432,.F.);
#13932 = ORIENTED_EDGE('',*,*,#13933,.T.);
#13933 = EDGE_CURVE('',#5425,#8866,#13934,.T.);
#13934 = LINE('',#13935,#13936);
#13935 = CARTESIAN_POINT('',(-179.028293847,174.70525580953,69.51));
#13936 = VECTOR('',#13937,1.);
#13937 = DIRECTION('',(0.,0.,1.));
#13938 = ORIENTED_EDGE('',*,*,#8865,.T.);
#13939 = ORIENTED_EDGE('',*,*,#8831,.F.);
#13940 = PLANE('',#13941);
#13941 = AXIS2_PLACEMENT_3D('',#13942,#13943,#13944);
#13942 = CARTESIAN_POINT('',(-179.028293847,174.70525580953,69.51));
#13943 = DIRECTION('',(0.122203559427,0.992505057953,0.));
#13944 = DIRECTION('',(-0.992505057953,0.122203559427,0.));
#13945 = ADVANCED_FACE('',(#13946),#13957,.F.);
#13946 = FACE_BOUND('',#13947,.T.);
#13947 = EDGE_LOOP('',(#13948,#13949,#13950,#13951));
#13948 = ORIENTED_EDGE('',*,*,#5264,.F.);
#13949 = ORIENTED_EDGE('',*,*,#9049,.T.);
#13950 = ORIENTED_EDGE('',*,*,#9033,.T.);
#13951 = ORIENTED_EDGE('',*,*,#13952,.F.);
#13952 = EDGE_CURVE('',#5265,#9026,#13953,.T.);
#13953 = LINE('',#13954,#13955);
#13954 = CARTESIAN_POINT('',(-178.1282938446,173.6552558167,69.51));
#13955 = VECTOR('',#13956,1.);
#13956 = DIRECTION('',(0.,0.,1.));
#13957 = PLANE('',#13958);
#13958 = AXIS2_PLACEMENT_3D('',#13959,#13960,#13961);
#13959 = CARTESIAN_POINT('',(-178.1282938446,173.20525580953,69.51));
#13960 = DIRECTION('',(1.,-8.84231E-12,0.));
#13961 = DIRECTION('',(8.84231E-12,1.,0.));
#13962 = ADVANCED_FACE('',(#13963),#13974,.F.);
#13963 = FACE_BOUND('',#13964,.T.);
#13964 = EDGE_LOOP('',(#13965,#13966,#13972,#13973));
#13965 = ORIENTED_EDGE('',*,*,#5424,.F.);
#13966 = ORIENTED_EDGE('',*,*,#13967,.T.);
#13967 = EDGE_CURVE('',#5417,#8874,#13968,.T.);
#13968 = LINE('',#13969,#13970);
#13969 = CARTESIAN_POINT('',(-178.1282938446,174.70525580953,69.51));
#13970 = VECTOR('',#13971,1.);
#13971 = DIRECTION('',(0.,0.,1.));
#13972 = ORIENTED_EDGE('',*,*,#8873,.T.);
#13973 = ORIENTED_EDGE('',*,*,#13933,.F.);
#13974 = PLANE('',#13975);
#13975 = AXIS2_PLACEMENT_3D('',#13976,#13977,#13978);
#13976 = CARTESIAN_POINT('',(-178.1282938446,174.70525580953,69.51));
#13977 = DIRECTION('',(-3.947E-14,1.,0.));
#13978 = DIRECTION('',(-1.,-3.947E-14,0.));
#13979 = ADVANCED_FACE('',(#13980),#13991,.F.);
#13980 = FACE_BOUND('',#13981,.T.);
#13981 = EDGE_LOOP('',(#13982,#13983,#13984,#13985));
#13982 = ORIENTED_EDGE('',*,*,#5272,.F.);
#13983 = ORIENTED_EDGE('',*,*,#13952,.T.);
#13984 = ORIENTED_EDGE('',*,*,#9025,.T.);
#13985 = ORIENTED_EDGE('',*,*,#13986,.F.);
#13986 = EDGE_CURVE('',#5273,#9018,#13987,.T.);
#13987 = LINE('',#13988,#13989);
#13988 = CARTESIAN_POINT('',(-178.0825884748,173.69574935212,69.51));
#13989 = VECTOR('',#13990,1.);
#13990 = DIRECTION('',(0.,0.,1.));
#13991 = PLANE('',#13992);
#13992 = AXIS2_PLACEMENT_3D('',#13993,#13994,#13995);
#13993 = CARTESIAN_POINT('',(-178.1282938446,173.6552558167,69.51));
#13994 = DIRECTION('',(0.663142027556,-0.748493588008,0.));
#13995 = DIRECTION('',(0.748493588008,0.663142027556,0.));
#13996 = ADVANCED_FACE('',(#13997),#14008,.F.);
#13997 = FACE_BOUND('',#13998,.T.);
#13998 = EDGE_LOOP('',(#13999,#14000,#14006,#14007));
#13999 = ORIENTED_EDGE('',*,*,#5416,.F.);
#14000 = ORIENTED_EDGE('',*,*,#14001,.T.);
#14001 = EDGE_CURVE('',#5409,#8882,#14002,.T.);
#14002 = LINE('',#14003,#14004);
#14003 = CARTESIAN_POINT('',(-178.1282938448,174.25525580798,69.51));
#14004 = VECTOR('',#14005,1.);
#14005 = DIRECTION('',(0.,0.,1.));
#14006 = ORIENTED_EDGE('',*,*,#8881,.T.);
#14007 = ORIENTED_EDGE('',*,*,#13967,.F.);
#14008 = PLANE('',#14009);
#14009 = AXIS2_PLACEMENT_3D('',#14010,#14011,#14012);
#14010 = CARTESIAN_POINT('',(-178.1282938448,174.25525580798,69.51));
#14011 = DIRECTION('',(1.,-3.1587572E-10,0.));
#14012 = DIRECTION('',(3.1587572E-10,1.,0.));
#14013 = ADVANCED_FACE('',(#14014),#14025,.F.);
#14014 = FACE_BOUND('',#14015,.T.);
#14015 = EDGE_LOOP('',(#14016,#14017,#14018,#14019));
#14016 = ORIENTED_EDGE('',*,*,#5280,.F.);
#14017 = ORIENTED_EDGE('',*,*,#13986,.T.);
#14018 = ORIENTED_EDGE('',*,*,#9017,.T.);
#14019 = ORIENTED_EDGE('',*,*,#14020,.F.);
#14020 = EDGE_CURVE('',#5281,#9010,#14021,.T.);
#14021 = LINE('',#14022,#14023);
#14022 = CARTESIAN_POINT('',(-178.065386945,173.71497552374,69.51));
#14023 = VECTOR('',#14024,1.);
#14024 = DIRECTION('',(0.,0.,1.));
#14025 = PLANE('',#14026);
#14026 = AXIS2_PLACEMENT_3D('',#14027,#14028,#14029);
#14027 = CARTESIAN_POINT('',(-178.0825884748,173.69574935212,69.51));
#14028 = DIRECTION('',(0.745257382795,-0.666776899262,0.));
#14029 = DIRECTION('',(0.666776899262,0.745257382795,0.));
#14030 = ADVANCED_FACE('',(#14031),#14042,.F.);
#14031 = FACE_BOUND('',#14032,.T.);
#14032 = EDGE_LOOP('',(#14033,#14034,#14040,#14041));
#14033 = ORIENTED_EDGE('',*,*,#5408,.F.);
#14034 = ORIENTED_EDGE('',*,*,#14035,.T.);
#14035 = EDGE_CURVE('',#5401,#8890,#14036,.T.);
#14036 = LINE('',#14037,#14038);
#14037 = CARTESIAN_POINT('',(-178.0825884748,174.21476226693,69.51));
#14038 = VECTOR('',#14039,1.);
#14039 = DIRECTION('',(0.,0.,1.));
#14040 = ORIENTED_EDGE('',*,*,#8889,.T.);
#14041 = ORIENTED_EDGE('',*,*,#14001,.F.);
#14042 = PLANE('',#14043);
#14043 = AXIS2_PLACEMENT_3D('',#14044,#14045,#14046);
#14044 = CARTESIAN_POINT('',(-178.0825884748,174.21476226693,69.51));
#14045 = DIRECTION('',(0.663142078019,0.748493543299,0.));
#14046 = DIRECTION('',(-0.748493543299,0.663142078019,0.));
#14047 = ADVANCED_FACE('',(#14048),#14059,.F.);
#14048 = FACE_BOUND('',#14049,.T.);
#14049 = EDGE_LOOP('',(#14050,#14051,#14052,#14053));
#14050 = ORIENTED_EDGE('',*,*,#5288,.F.);
#14051 = ORIENTED_EDGE('',*,*,#14020,.T.);
#14052 = ORIENTED_EDGE('',*,*,#9009,.T.);
#14053 = ORIENTED_EDGE('',*,*,#14054,.F.);
#14054 = EDGE_CURVE('',#5289,#9002,#14055,.T.);
#14055 = LINE('',#14056,#14057);
#14056 = CARTESIAN_POINT('',(-178.0440609251,173.74312377517,69.51));
#14057 = VECTOR('',#14058,1.);
#14058 = DIRECTION('',(0.,0.,1.));
#14059 = PLANE('',#14060);
#14060 = AXIS2_PLACEMENT_3D('',#14061,#14062,#14063);
#14061 = CARTESIAN_POINT('',(-178.065386945,173.71497552374,69.51));
#14062 = DIRECTION('',(0.797070517951,-0.603886238801,0.));
#14063 = DIRECTION('',(0.603886238801,0.797070517951,0.));
#14064 = ADVANCED_FACE('',(#14065),#14076,.F.);
#14065 = FACE_BOUND('',#14066,.T.);
#14066 = EDGE_LOOP('',(#14067,#14068,#14074,#14075));
#14067 = ORIENTED_EDGE('',*,*,#5400,.F.);
#14068 = ORIENTED_EDGE('',*,*,#14069,.T.);
#14069 = EDGE_CURVE('',#5393,#8898,#14070,.T.);
#14070 = LINE('',#14071,#14072);
#14071 = CARTESIAN_POINT('',(-178.0653869472,174.19553609799,69.51));
#14072 = VECTOR('',#14073,1.);
#14073 = DIRECTION('',(0.,0.,1.));
#14074 = ORIENTED_EDGE('',*,*,#8897,.T.);
#14075 = ORIENTED_EDGE('',*,*,#14035,.F.);
#14076 = PLANE('',#14077);
#14077 = AXIS2_PLACEMENT_3D('',#14078,#14079,#14080);
#14078 = CARTESIAN_POINT('',(-178.0653869472,174.19553609799,69.51));
#14079 = DIRECTION('',(0.745257379655,0.666776902772,0.));
#14080 = DIRECTION('',(-0.666776902772,0.745257379655,0.));
#14081 = ADVANCED_FACE('',(#14082),#14093,.F.);
#14082 = FACE_BOUND('',#14083,.T.);
#14083 = EDGE_LOOP('',(#14084,#14085,#14086,#14087));
#14084 = ORIENTED_EDGE('',*,*,#5296,.F.);
#14085 = ORIENTED_EDGE('',*,*,#14054,.T.);
#14086 = ORIENTED_EDGE('',*,*,#9001,.T.);
#14087 = ORIENTED_EDGE('',*,*,#14088,.F.);
#14088 = EDGE_CURVE('',#5297,#8994,#14089,.T.);
#14089 = LINE('',#14090,#14091);
#14090 = CARTESIAN_POINT('',(-178.0186522871,173.78602216524,69.51));
#14091 = VECTOR('',#14092,1.);
#14092 = DIRECTION('',(0.,0.,1.));
#14093 = PLANE('',#14094);
#14094 = AXIS2_PLACEMENT_3D('',#14095,#14096,#14097);
#14095 = CARTESIAN_POINT('',(-178.0440609251,173.74312377517,69.51));
#14096 = DIRECTION('',(0.860402614052,-0.509614895516,0.));
#14097 = DIRECTION('',(0.509614895516,0.860402614052,0.));
#14098 = ADVANCED_FACE('',(#14099),#14110,.F.);
#14099 = FACE_BOUND('',#14100,.T.);
#14100 = EDGE_LOOP('',(#14101,#14102,#14108,#14109));
#14101 = ORIENTED_EDGE('',*,*,#5392,.F.);
#14102 = ORIENTED_EDGE('',*,*,#14103,.T.);
#14103 = EDGE_CURVE('',#5385,#8906,#14104,.T.);
#14104 = LINE('',#14105,#14106);
#14105 = CARTESIAN_POINT('',(-178.0440609251,174.16738784388,69.51));
#14106 = VECTOR('',#14107,1.);
#14107 = DIRECTION('',(0.,0.,1.));
#14108 = ORIENTED_EDGE('',*,*,#8905,.T.);
#14109 = ORIENTED_EDGE('',*,*,#14069,.F.);
#14110 = PLANE('',#14111);
#14111 = AXIS2_PLACEMENT_3D('',#14112,#14113,#14114);
#14112 = CARTESIAN_POINT('',(-178.0440609251,174.16738784388,69.51));
#14113 = DIRECTION('',(0.797070515138,0.603886242514,0.));
#14114 = DIRECTION('',(-0.603886242514,0.797070515138,0.));
#14115 = ADVANCED_FACE('',(#14116),#14127,.F.);
#14116 = FACE_BOUND('',#14117,.T.);
#14117 = EDGE_LOOP('',(#14118,#14119,#14120,#14121));
#14118 = ORIENTED_EDGE('',*,*,#5304,.F.);
#14119 = ORIENTED_EDGE('',*,*,#14088,.T.);
#14120 = ORIENTED_EDGE('',*,*,#8993,.T.);
#14121 = ORIENTED_EDGE('',*,*,#14122,.F.);
#14122 = EDGE_CURVE('',#5305,#8986,#14123,.T.);
#14123 = LINE('',#14124,#14125);
#14124 = CARTESIAN_POINT('',(-178.0178836486,173.78755071479,69.51));
#14125 = VECTOR('',#14126,1.);
#14126 = DIRECTION('',(0.,0.,1.));
#14127 = PLANE('',#14128);
#14128 = AXIS2_PLACEMENT_3D('',#14129,#14130,#14131);
#14129 = CARTESIAN_POINT('',(-178.0186522871,173.78602216524,69.51));
#14130 = DIRECTION('',(0.893404669137,-0.449252820986,0.));
#14131 = DIRECTION('',(0.449252820986,0.893404669137,0.));
#14132 = ADVANCED_FACE('',(#14133),#14144,.F.);
#14133 = FACE_BOUND('',#14134,.T.);
#14134 = EDGE_LOOP('',(#14135,#14136,#14142,#14143));
#14135 = ORIENTED_EDGE('',*,*,#5384,.F.);
#14136 = ORIENTED_EDGE('',*,*,#14137,.T.);
#14137 = EDGE_CURVE('',#5377,#8914,#14138,.T.);
#14138 = LINE('',#14139,#14140);
#14139 = CARTESIAN_POINT('',(-178.0186522871,174.12448945381,69.51));
#14140 = VECTOR('',#14141,1.);
#14141 = DIRECTION('',(0.,0.,1.));
#14142 = ORIENTED_EDGE('',*,*,#8913,.T.);
#14143 = ORIENTED_EDGE('',*,*,#14103,.F.);
#14144 = PLANE('',#14145);
#14145 = AXIS2_PLACEMENT_3D('',#14146,#14147,#14148);
#14146 = CARTESIAN_POINT('',(-178.0186522871,174.12448945381,69.51));
#14147 = DIRECTION('',(0.860402614052,0.509614895516,0.));
#14148 = DIRECTION('',(-0.509614895516,0.860402614052,0.));
#14149 = ADVANCED_FACE('',(#14150),#14161,.F.);
#14150 = FACE_BOUND('',#14151,.T.);
#14151 = EDGE_LOOP('',(#14152,#14153,#14154,#14155));
#14152 = ORIENTED_EDGE('',*,*,#5312,.F.);
#14153 = ORIENTED_EDGE('',*,*,#14122,.T.);
#14154 = ORIENTED_EDGE('',*,*,#8985,.T.);
#14155 = ORIENTED_EDGE('',*,*,#14156,.F.);
#14156 = EDGE_CURVE('',#5313,#8978,#14157,.T.);
#14157 = LINE('',#14158,#14159);
#14158 = CARTESIAN_POINT('',(-177.9972191348,173.83763013492,69.51));
#14159 = VECTOR('',#14160,1.);
#14160 = DIRECTION('',(0.,0.,1.));
#14161 = PLANE('',#14162);
#14162 = AXIS2_PLACEMENT_3D('',#14163,#14164,#14165);
#14163 = CARTESIAN_POINT('',(-178.0178836486,173.78755071479,69.51));
#14164 = DIRECTION('',(0.924394653511,-0.381437445147,0.));
#14165 = DIRECTION('',(0.381437445147,0.924394653511,0.));
#14166 = ADVANCED_FACE('',(#14167),#14178,.F.);
#14167 = FACE_BOUND('',#14168,.T.);
#14168 = EDGE_LOOP('',(#14169,#14170,#14176,#14177));
#14169 = ORIENTED_EDGE('',*,*,#5376,.F.);
#14170 = ORIENTED_EDGE('',*,*,#14171,.T.);
#14171 = EDGE_CURVE('',#5369,#8922,#14172,.T.);
#14172 = LINE('',#14173,#14174);
#14173 = CARTESIAN_POINT('',(-178.0178836502,174.12296090739,69.51));
#14174 = VECTOR('',#14175,1.);
#14175 = DIRECTION('',(0.,0.,1.));
#14176 = ORIENTED_EDGE('',*,*,#8921,.T.);
#14177 = ORIENTED_EDGE('',*,*,#14137,.F.);
#14178 = PLANE('',#14179);
#14179 = AXIS2_PLACEMENT_3D('',#14180,#14181,#14182);
#14180 = CARTESIAN_POINT('',(-178.0178836502,174.12296090739,69.51));
#14181 = DIRECTION('',(0.89340466704,0.449252825156,0.));
#14182 = DIRECTION('',(-0.449252825156,0.89340466704,0.));
#14183 = ADVANCED_FACE('',(#14184),#14195,.F.);
#14184 = FACE_BOUND('',#14185,.T.);
#14185 = EDGE_LOOP('',(#14186,#14187,#14188,#14189));
#14186 = ORIENTED_EDGE('',*,*,#5320,.F.);
#14187 = ORIENTED_EDGE('',*,*,#14156,.T.);
#14188 = ORIENTED_EDGE('',*,*,#8977,.T.);
#14189 = ORIENTED_EDGE('',*,*,#14190,.F.);
#14190 = EDGE_CURVE('',#5321,#8970,#14191,.T.);
#14191 = LINE('',#14192,#14193);
#14192 = CARTESIAN_POINT('',(-177.9883254753,173.86909846712,69.51));
#14193 = VECTOR('',#14194,1.);
#14194 = DIRECTION('',(0.,0.,1.));
#14195 = PLANE('',#14196);
#14196 = AXIS2_PLACEMENT_3D('',#14197,#14198,#14199);
#14197 = CARTESIAN_POINT('',(-177.9972191348,173.83763013492,69.51));
#14198 = DIRECTION('',(0.962305920215,-0.271969329003,0.));
#14199 = DIRECTION('',(0.271969329003,0.962305920215,0.));
#14200 = ADVANCED_FACE('',(#14201),#14212,.F.);
#14201 = FACE_BOUND('',#14202,.T.);
#14202 = EDGE_LOOP('',(#14203,#14204,#14210,#14211));
#14203 = ORIENTED_EDGE('',*,*,#5368,.F.);
#14204 = ORIENTED_EDGE('',*,*,#14205,.T.);
#14205 = EDGE_CURVE('',#5361,#8930,#14206,.T.);
#14206 = LINE('',#14207,#14208);
#14207 = CARTESIAN_POINT('',(-177.9972191348,174.07288148413,69.51));
#14208 = VECTOR('',#14209,1.);
#14209 = DIRECTION('',(0.,0.,1.));
#14210 = ORIENTED_EDGE('',*,*,#8929,.T.);
#14211 = ORIENTED_EDGE('',*,*,#14171,.F.);
#14212 = PLANE('',#14213);
#14213 = AXIS2_PLACEMENT_3D('',#14214,#14215,#14216);
#14214 = CARTESIAN_POINT('',(-177.9972191348,174.07288148413,69.51));
#14215 = DIRECTION('',(0.924394651734,0.381437449452,0.));
#14216 = DIRECTION('',(-0.381437449452,0.924394651734,0.));
#14217 = ADVANCED_FACE('',(#14218),#14229,.F.);
#14218 = FACE_BOUND('',#14219,.T.);
#14219 = EDGE_LOOP('',(#14220,#14221,#14222,#14223));
#14220 = ORIENTED_EDGE('',*,*,#5328,.F.);
#14221 = ORIENTED_EDGE('',*,*,#14190,.T.);
#14222 = ORIENTED_EDGE('',*,*,#8969,.T.);
#14223 = ORIENTED_EDGE('',*,*,#14224,.F.);
#14224 = EDGE_CURVE('',#5329,#8962,#14225,.T.);
#14225 = LINE('',#14226,#14227);
#14226 = CARTESIAN_POINT('',(-177.9831187328,173.89529428166,69.51));
#14227 = VECTOR('',#14228,1.);
#14228 = DIRECTION('',(0.,0.,1.));
#14229 = PLANE('',#14230);
#14230 = AXIS2_PLACEMENT_3D('',#14231,#14232,#14233);
#14231 = CARTESIAN_POINT('',(-177.9883254753,173.86909846712,69.51));
#14232 = DIRECTION('',(0.980813418053,-0.194948811144,0.));
#14233 = DIRECTION('',(0.194948811144,0.980813418053,0.));
#14234 = ADVANCED_FACE('',(#14235),#14246,.F.);
#14235 = FACE_BOUND('',#14236,.T.);
#14236 = EDGE_LOOP('',(#14237,#14238,#14244,#14245));
#14237 = ORIENTED_EDGE('',*,*,#5360,.F.);
#14238 = ORIENTED_EDGE('',*,*,#14239,.T.);
#14239 = EDGE_CURVE('',#5353,#8938,#14240,.T.);
#14240 = LINE('',#14241,#14242);
#14241 = CARTESIAN_POINT('',(-177.9883254761,174.04141315534,69.51));
#14242 = VECTOR('',#14243,1.);
#14243 = DIRECTION('',(0.,0.,1.));
#14244 = ORIENTED_EDGE('',*,*,#8937,.T.);
#14245 = ORIENTED_EDGE('',*,*,#14205,.F.);
#14246 = PLANE('',#14247);
#14247 = AXIS2_PLACEMENT_3D('',#14248,#14249,#14250);
#14248 = CARTESIAN_POINT('',(-177.9883254761,174.04141315534,69.51));
#14249 = DIRECTION('',(0.962305918949,0.271969333485,0.));
#14250 = DIRECTION('',(-0.271969333485,0.962305918949,0.));
#14251 = ADVANCED_FACE('',(#14252),#14263,.F.);
#14252 = FACE_BOUND('',#14253,.T.);
#14253 = EDGE_LOOP('',(#14254,#14255,#14256,#14257));
#14254 = ORIENTED_EDGE('',*,*,#5336,.F.);
#14255 = ORIENTED_EDGE('',*,*,#14224,.T.);
#14256 = ORIENTED_EDGE('',*,*,#8961,.T.);
#14257 = ORIENTED_EDGE('',*,*,#14258,.F.);
#14258 = EDGE_CURVE('',#5337,#8954,#14259,.T.);
#14259 = LINE('',#14260,#14261);
#14260 = CARTESIAN_POINT('',(-177.978293847,173.95525581127,69.51));
#14261 = VECTOR('',#14262,1.);
#14262 = DIRECTION('',(0.,0.,1.));
#14263 = PLANE('',#14264);
#14264 = AXIS2_PLACEMENT_3D('',#14265,#14266,#14267);
#14265 = CARTESIAN_POINT('',(-177.9831187328,173.89529428166,69.51));
#14266 = DIRECTION('',(0.996778219721,-8.020711121341E-02,0.));
#14267 = DIRECTION('',(8.020711121341E-02,0.996778219721,0.));
#14268 = ADVANCED_FACE('',(#14269),#14280,.F.);
#14269 = FACE_BOUND('',#14270,.T.);
#14270 = EDGE_LOOP('',(#14271,#14272,#14278,#14279));
#14271 = ORIENTED_EDGE('',*,*,#5352,.F.);
#14272 = ORIENTED_EDGE('',*,*,#14273,.T.);
#14273 = EDGE_CURVE('',#5345,#8946,#14274,.T.);
#14274 = LINE('',#14275,#14276);
#14275 = CARTESIAN_POINT('',(-177.9831187328,174.01521733739,69.51));
#14276 = VECTOR('',#14277,1.);
#14277 = DIRECTION('',(0.,0.,1.));
#14278 = ORIENTED_EDGE('',*,*,#8945,.T.);
#14279 = ORIENTED_EDGE('',*,*,#14239,.F.);
#14280 = PLANE('',#14281);
#14281 = AXIS2_PLACEMENT_3D('',#14282,#14283,#14284);
#14282 = CARTESIAN_POINT('',(-177.9831187328,174.01521733739,69.51));
#14283 = DIRECTION('',(0.980813417145,0.194948815712,0.));
#14284 = DIRECTION('',(-0.194948815712,0.980813417145,0.));
#14285 = ADVANCED_FACE('',(#14286),#14292,.F.);
#14286 = FACE_BOUND('',#14287,.T.);
#14287 = EDGE_LOOP('',(#14288,#14289,#14290,#14291));
#14288 = ORIENTED_EDGE('',*,*,#5344,.F.);
#14289 = ORIENTED_EDGE('',*,*,#14258,.T.);
#14290 = ORIENTED_EDGE('',*,*,#8953,.T.);
#14291 = ORIENTED_EDGE('',*,*,#14273,.F.);
#14292 = PLANE('',#14293);
#14293 = AXIS2_PLACEMENT_3D('',#14294,#14295,#14296);
#14294 = CARTESIAN_POINT('',(-177.978293847,173.95525581127,69.51));
#14295 = DIRECTION('',(0.996778219348,8.020711585657E-02,0.));
#14296 = DIRECTION('',(-8.020711585657E-02,0.996778219348,0.));
#14297 = ADVANCED_FACE('',(#14298),#14314,.F.);
#14298 = FACE_BOUND('',#14299,.F.);
#14299 = EDGE_LOOP('',(#14300,#14306,#14307,#14313));
#14300 = ORIENTED_EDGE('',*,*,#14301,.F.);
#14301 = EDGE_CURVE('',#5861,#9671,#14302,.T.);
#14302 = LINE('',#14303,#14304);
#14303 = CARTESIAN_POINT('',(-207.825,142.06,69.31));
#14304 = VECTOR('',#14305,1.);
#14305 = DIRECTION('',(0.,0.,1.));
#14306 = ORIENTED_EDGE('',*,*,#5858,.F.);
#14307 = ORIENTED_EDGE('',*,*,#14308,.T.);
#14308 = EDGE_CURVE('',#5859,#9655,#14309,.T.);
#14309 = LINE('',#14310,#14311);
#14310 = CARTESIAN_POINT('',(-192.225,142.06,69.31));
#14311 = VECTOR('',#14312,1.);
#14312 = DIRECTION('',(0.,0.,1.));
#14313 = ORIENTED_EDGE('',*,*,#9678,.T.);
#14314 = PLANE('',#14315);
#14315 = AXIS2_PLACEMENT_3D('',#14316,#14317,#14318);
#14316 = CARTESIAN_POINT('',(-192.225,142.06,69.31));
#14317 = DIRECTION('',(0.,-1.,0.));
#14318 = DIRECTION('',(0.,0.,1.));
#14319 = ADVANCED_FACE('',(#14320),#14331,.T.);
#14320 = FACE_BOUND('',#14321,.T.);
#14321 = EDGE_LOOP('',(#14322,#14328,#14329,#14330));
#14322 = ORIENTED_EDGE('',*,*,#14323,.F.);
#14323 = EDGE_CURVE('',#5869,#9653,#14324,.T.);
#14324 = LINE('',#14325,#14326);
#14325 = CARTESIAN_POINT('',(-192.225,157.66,69.31));
#14326 = VECTOR('',#14327,1.);
#14327 = DIRECTION('',(0.,0.,1.));
#14328 = ORIENTED_EDGE('',*,*,#5868,.F.);
#14329 = ORIENTED_EDGE('',*,*,#14308,.T.);
#14330 = ORIENTED_EDGE('',*,*,#9652,.F.);
#14331 = PLANE('',#14332);
#14332 = AXIS2_PLACEMENT_3D('',#14333,#14334,#14335);
#14333 = CARTESIAN_POINT('',(-192.225,157.66,69.31));
#14334 = DIRECTION('',(-1.,0.,0.));
#14335 = DIRECTION('',(0.,0.,1.));
#14336 = ADVANCED_FACE('',(#14337),#14348,.F.);
#14337 = FACE_BOUND('',#14338,.F.);
#14338 = EDGE_LOOP('',(#14339,#14345,#14346,#14347));
#14339 = ORIENTED_EDGE('',*,*,#14340,.F.);
#14340 = EDGE_CURVE('',#5877,#9663,#14341,.T.);
#14341 = LINE('',#14342,#14343);
#14342 = CARTESIAN_POINT('',(-207.825,157.66,69.31));
#14343 = VECTOR('',#14344,1.);
#14344 = DIRECTION('',(0.,0.,1.));
#14345 = ORIENTED_EDGE('',*,*,#5884,.F.);
#14346 = ORIENTED_EDGE('',*,*,#14301,.T.);
#14347 = ORIENTED_EDGE('',*,*,#9670,.F.);
#14348 = PLANE('',#14349);
#14349 = AXIS2_PLACEMENT_3D('',#14350,#14351,#14352);
#14350 = CARTESIAN_POINT('',(-207.825,157.66,69.31));
#14351 = DIRECTION('',(-1.,0.,0.));
#14352 = DIRECTION('',(0.,0.,1.));
#14353 = ADVANCED_FACE('',(#14354),#14360,.T.);
#14354 = FACE_BOUND('',#14355,.T.);
#14355 = EDGE_LOOP('',(#14356,#14357,#14358,#14359));
#14356 = ORIENTED_EDGE('',*,*,#14340,.F.);
#14357 = ORIENTED_EDGE('',*,*,#5876,.F.);
#14358 = ORIENTED_EDGE('',*,*,#14323,.T.);
#14359 = ORIENTED_EDGE('',*,*,#9662,.T.);
#14360 = PLANE('',#14361);
#14361 = AXIS2_PLACEMENT_3D('',#14362,#14363,#14364);
#14362 = CARTESIAN_POINT('',(-192.225,157.66,69.31));
#14363 = DIRECTION('',(0.,-1.,0.));
#14364 = DIRECTION('',(0.,0.,1.));
#14365 = ADVANCED_FACE('',(#14366),#14382,.F.);
#14366 = FACE_BOUND('',#14367,.F.);
#14367 = EDGE_LOOP('',(#14368,#14374,#14375,#14381));
#14368 = ORIENTED_EDGE('',*,*,#14369,.F.);
#14369 = EDGE_CURVE('',#5895,#9717,#14370,.T.);
#14370 = LINE('',#14371,#14372);
#14371 = CARTESIAN_POINT('',(-188.775,142.06,69.31));
#14372 = VECTOR('',#14373,1.);
#14373 = DIRECTION('',(0.,0.,1.));
#14374 = ORIENTED_EDGE('',*,*,#5892,.F.);
#14375 = ORIENTED_EDGE('',*,*,#14376,.T.);
#14376 = EDGE_CURVE('',#5893,#9701,#14377,.T.);
#14377 = LINE('',#14378,#14379);
#14378 = CARTESIAN_POINT('',(-173.175,142.06,69.31));
#14379 = VECTOR('',#14380,1.);
#14380 = DIRECTION('',(0.,0.,1.));
#14381 = ORIENTED_EDGE('',*,*,#9724,.T.);
#14382 = PLANE('',#14383);
#14383 = AXIS2_PLACEMENT_3D('',#14384,#14385,#14386);
#14384 = CARTESIAN_POINT('',(-173.175,142.06,69.31));
#14385 = DIRECTION('',(0.,-1.,0.));
#14386 = DIRECTION('',(0.,0.,1.));
#14387 = ADVANCED_FACE('',(#14388),#14399,.T.);
#14388 = FACE_BOUND('',#14389,.T.);
#14389 = EDGE_LOOP('',(#14390,#14396,#14397,#14398));
#14390 = ORIENTED_EDGE('',*,*,#14391,.F.);
#14391 = EDGE_CURVE('',#5903,#9699,#14392,.T.);
#14392 = LINE('',#14393,#14394);
#14393 = CARTESIAN_POINT('',(-173.175,157.66,69.31));
#14394 = VECTOR('',#14395,1.);
#14395 = DIRECTION('',(0.,0.,1.));
#14396 = ORIENTED_EDGE('',*,*,#5902,.F.);
#14397 = ORIENTED_EDGE('',*,*,#14376,.T.);
#14398 = ORIENTED_EDGE('',*,*,#9698,.F.);
#14399 = PLANE('',#14400);
#14400 = AXIS2_PLACEMENT_3D('',#14401,#14402,#14403);
#14401 = CARTESIAN_POINT('',(-173.175,157.66,69.31));
#14402 = DIRECTION('',(-1.,0.,0.));
#14403 = DIRECTION('',(0.,0.,1.));
#14404 = ADVANCED_FACE('',(#14405),#14416,.F.);
#14405 = FACE_BOUND('',#14406,.F.);
#14406 = EDGE_LOOP('',(#14407,#14413,#14414,#14415));
#14407 = ORIENTED_EDGE('',*,*,#14408,.F.);
#14408 = EDGE_CURVE('',#5911,#9709,#14409,.T.);
#14409 = LINE('',#14410,#14411);
#14410 = CARTESIAN_POINT('',(-188.775,157.66,69.31));
#14411 = VECTOR('',#14412,1.);
#14412 = DIRECTION('',(0.,0.,1.));
#14413 = ORIENTED_EDGE('',*,*,#5918,.F.);
#14414 = ORIENTED_EDGE('',*,*,#14369,.T.);
#14415 = ORIENTED_EDGE('',*,*,#9716,.F.);
#14416 = PLANE('',#14417);
#14417 = AXIS2_PLACEMENT_3D('',#14418,#14419,#14420);
#14418 = CARTESIAN_POINT('',(-188.775,157.66,69.31));
#14419 = DIRECTION('',(-1.,0.,0.));
#14420 = DIRECTION('',(0.,0.,1.));
#14421 = ADVANCED_FACE('',(#14422),#14428,.T.);
#14422 = FACE_BOUND('',#14423,.T.);
#14423 = EDGE_LOOP('',(#14424,#14425,#14426,#14427));
#14424 = ORIENTED_EDGE('',*,*,#14408,.F.);
#14425 = ORIENTED_EDGE('',*,*,#5910,.F.);
#14426 = ORIENTED_EDGE('',*,*,#14391,.T.);
#14427 = ORIENTED_EDGE('',*,*,#9708,.T.);
#14428 = PLANE('',#14429);
#14429 = AXIS2_PLACEMENT_3D('',#14430,#14431,#14432);
#14430 = CARTESIAN_POINT('',(-173.175,157.66,69.31));
#14431 = DIRECTION('',(0.,-1.,0.));
#14432 = DIRECTION('',(0.,0.,1.));
#14433 = ADVANCED_FACE('',(#14434),#14450,.F.);
#14434 = FACE_BOUND('',#14435,.F.);
#14435 = EDGE_LOOP('',(#14436,#14442,#14443,#14449));
#14436 = ORIENTED_EDGE('',*,*,#14437,.F.);
#14437 = EDGE_CURVE('',#5932,#9763,#14438,.T.);
#14438 = LINE('',#14439,#14440);
#14439 = CARTESIAN_POINT('',(-245.925,123.01,69.31));
#14440 = VECTOR('',#14441,1.);
#14441 = DIRECTION('',(0.,0.,1.));
#14442 = ORIENTED_EDGE('',*,*,#5929,.F.);
#14443 = ORIENTED_EDGE('',*,*,#14444,.T.);
#14444 = EDGE_CURVE('',#5930,#9747,#14445,.T.);
#14445 = LINE('',#14446,#14447);
#14446 = CARTESIAN_POINT('',(-230.325,123.01,69.31));
#14447 = VECTOR('',#14448,1.);
#14448 = DIRECTION('',(0.,0.,1.));
#14449 = ORIENTED_EDGE('',*,*,#9770,.T.);
#14450 = PLANE('',#14451);
#14451 = AXIS2_PLACEMENT_3D('',#14452,#14453,#14454);
#14452 = CARTESIAN_POINT('',(-230.325,123.01,69.31));
#14453 = DIRECTION('',(0.,-1.,0.));
#14454 = DIRECTION('',(0.,0.,1.));
#14455 = ADVANCED_FACE('',(#14456),#14467,.T.);
#14456 = FACE_BOUND('',#14457,.T.);
#14457 = EDGE_LOOP('',(#14458,#14464,#14465,#14466));
#14458 = ORIENTED_EDGE('',*,*,#14459,.F.);
#14459 = EDGE_CURVE('',#5940,#9745,#14460,.T.);
#14460 = LINE('',#14461,#14462);
#14461 = CARTESIAN_POINT('',(-230.325,138.61,69.31));
#14462 = VECTOR('',#14463,1.);
#14463 = DIRECTION('',(0.,0.,1.));
#14464 = ORIENTED_EDGE('',*,*,#5939,.F.);
#14465 = ORIENTED_EDGE('',*,*,#14444,.T.);
#14466 = ORIENTED_EDGE('',*,*,#9744,.F.);
#14467 = PLANE('',#14468);
#14468 = AXIS2_PLACEMENT_3D('',#14469,#14470,#14471);
#14469 = CARTESIAN_POINT('',(-230.325,138.61,69.31));
#14470 = DIRECTION('',(-1.,0.,0.));
#14471 = DIRECTION('',(0.,0.,1.));
#14472 = ADVANCED_FACE('',(#14473),#14484,.F.);
#14473 = FACE_BOUND('',#14474,.F.);
#14474 = EDGE_LOOP('',(#14475,#14481,#14482,#14483));
#14475 = ORIENTED_EDGE('',*,*,#14476,.F.);
#14476 = EDGE_CURVE('',#5948,#9755,#14477,.T.);
#14477 = LINE('',#14478,#14479);
#14478 = CARTESIAN_POINT('',(-245.925,138.61,69.31));
#14479 = VECTOR('',#14480,1.);
#14480 = DIRECTION('',(0.,0.,1.));
#14481 = ORIENTED_EDGE('',*,*,#5955,.F.);
#14482 = ORIENTED_EDGE('',*,*,#14437,.T.);
#14483 = ORIENTED_EDGE('',*,*,#9762,.F.);
#14484 = PLANE('',#14485);
#14485 = AXIS2_PLACEMENT_3D('',#14486,#14487,#14488);
#14486 = CARTESIAN_POINT('',(-245.925,138.61,69.31));
#14487 = DIRECTION('',(-1.,0.,0.));
#14488 = DIRECTION('',(0.,0.,1.));
#14489 = ADVANCED_FACE('',(#14490),#14496,.T.);
#14490 = FACE_BOUND('',#14491,.T.);
#14491 = EDGE_LOOP('',(#14492,#14493,#14494,#14495));
#14492 = ORIENTED_EDGE('',*,*,#14476,.F.);
#14493 = ORIENTED_EDGE('',*,*,#5947,.F.);
#14494 = ORIENTED_EDGE('',*,*,#14459,.T.);
#14495 = ORIENTED_EDGE('',*,*,#9754,.T.);
#14496 = PLANE('',#14497);
#14497 = AXIS2_PLACEMENT_3D('',#14498,#14499,#14500);
#14498 = CARTESIAN_POINT('',(-230.325,138.61,69.31));
#14499 = DIRECTION('',(0.,-1.,0.));
#14500 = DIRECTION('',(0.,0.,1.));
#14501 = ADVANCED_FACE('',(#14502),#14518,.F.);
#14502 = FACE_BOUND('',#14503,.F.);
#14503 = EDGE_LOOP('',(#14504,#14510,#14511,#14517));
#14504 = ORIENTED_EDGE('',*,*,#14505,.F.);
#14505 = EDGE_CURVE('',#5966,#9809,#14506,.T.);
#14506 = LINE('',#14507,#14508);
#14507 = CARTESIAN_POINT('',(-245.925,103.96,69.31));
#14508 = VECTOR('',#14509,1.);
#14509 = DIRECTION('',(0.,0.,1.));
#14510 = ORIENTED_EDGE('',*,*,#5963,.F.);
#14511 = ORIENTED_EDGE('',*,*,#14512,.T.);
#14512 = EDGE_CURVE('',#5964,#9793,#14513,.T.);
#14513 = LINE('',#14514,#14515);
#14514 = CARTESIAN_POINT('',(-230.325,103.96,69.31));
#14515 = VECTOR('',#14516,1.);
#14516 = DIRECTION('',(0.,0.,1.));
#14517 = ORIENTED_EDGE('',*,*,#9816,.T.);
#14518 = PLANE('',#14519);
#14519 = AXIS2_PLACEMENT_3D('',#14520,#14521,#14522);
#14520 = CARTESIAN_POINT('',(-230.325,103.96,69.31));
#14521 = DIRECTION('',(0.,-1.,0.));
#14522 = DIRECTION('',(0.,0.,1.));
#14523 = ADVANCED_FACE('',(#14524),#14535,.T.);
#14524 = FACE_BOUND('',#14525,.T.);
#14525 = EDGE_LOOP('',(#14526,#14532,#14533,#14534));
#14526 = ORIENTED_EDGE('',*,*,#14527,.F.);
#14527 = EDGE_CURVE('',#5974,#9791,#14528,.T.);
#14528 = LINE('',#14529,#14530);
#14529 = CARTESIAN_POINT('',(-230.325,119.56,69.31));
#14530 = VECTOR('',#14531,1.);
#14531 = DIRECTION('',(0.,0.,1.));
#14532 = ORIENTED_EDGE('',*,*,#5973,.F.);
#14533 = ORIENTED_EDGE('',*,*,#14512,.T.);
#14534 = ORIENTED_EDGE('',*,*,#9790,.F.);
#14535 = PLANE('',#14536);
#14536 = AXIS2_PLACEMENT_3D('',#14537,#14538,#14539);
#14537 = CARTESIAN_POINT('',(-230.325,119.56,69.31));
#14538 = DIRECTION('',(-1.,0.,0.));
#14539 = DIRECTION('',(0.,0.,1.));
#14540 = ADVANCED_FACE('',(#14541),#14552,.F.);
#14541 = FACE_BOUND('',#14542,.F.);
#14542 = EDGE_LOOP('',(#14543,#14549,#14550,#14551));
#14543 = ORIENTED_EDGE('',*,*,#14544,.F.);
#14544 = EDGE_CURVE('',#5982,#9801,#14545,.T.);
#14545 = LINE('',#14546,#14547);
#14546 = CARTESIAN_POINT('',(-245.925,119.56,69.31));
#14547 = VECTOR('',#14548,1.);
#14548 = DIRECTION('',(0.,0.,1.));
#14549 = ORIENTED_EDGE('',*,*,#5989,.F.);
#14550 = ORIENTED_EDGE('',*,*,#14505,.T.);
#14551 = ORIENTED_EDGE('',*,*,#9808,.F.);
#14552 = PLANE('',#14553);
#14553 = AXIS2_PLACEMENT_3D('',#14554,#14555,#14556);
#14554 = CARTESIAN_POINT('',(-245.925,119.56,69.31));
#14555 = DIRECTION('',(-1.,0.,0.));
#14556 = DIRECTION('',(0.,0.,1.));
#14557 = ADVANCED_FACE('',(#14558),#14564,.T.);
#14558 = FACE_BOUND('',#14559,.T.);
#14559 = EDGE_LOOP('',(#14560,#14561,#14562,#14563));
#14560 = ORIENTED_EDGE('',*,*,#14544,.F.);
#14561 = ORIENTED_EDGE('',*,*,#5981,.F.);
#14562 = ORIENTED_EDGE('',*,*,#14527,.T.);
#14563 = ORIENTED_EDGE('',*,*,#9800,.T.);
#14564 = PLANE('',#14565);
#14565 = AXIS2_PLACEMENT_3D('',#14566,#14567,#14568);
#14566 = CARTESIAN_POINT('',(-230.325,119.56,69.31));
#14567 = DIRECTION('',(0.,-1.,0.));
#14568 = DIRECTION('',(0.,0.,1.));
#14569 = ADVANCED_FACE('',(#14570),#14586,.F.);
#14570 = FACE_BOUND('',#14571,.F.);
#14571 = EDGE_LOOP('',(#14572,#14578,#14579,#14585));
#14572 = ORIENTED_EDGE('',*,*,#14573,.F.);
#14573 = EDGE_CURVE('',#6000,#9855,#14574,.T.);
#14574 = LINE('',#14575,#14576);
#14575 = CARTESIAN_POINT('',(-226.875,123.01,69.31));
#14576 = VECTOR('',#14577,1.);
#14577 = DIRECTION('',(0.,0.,1.));
#14578 = ORIENTED_EDGE('',*,*,#5997,.F.);
#14579 = ORIENTED_EDGE('',*,*,#14580,.T.);
#14580 = EDGE_CURVE('',#5998,#9839,#14581,.T.);
#14581 = LINE('',#14582,#14583);
#14582 = CARTESIAN_POINT('',(-211.275,123.01,69.31));
#14583 = VECTOR('',#14584,1.);
#14584 = DIRECTION('',(0.,0.,1.));
#14585 = ORIENTED_EDGE('',*,*,#9862,.T.);
#14586 = PLANE('',#14587);
#14587 = AXIS2_PLACEMENT_3D('',#14588,#14589,#14590);
#14588 = CARTESIAN_POINT('',(-211.275,123.01,69.31));
#14589 = DIRECTION('',(0.,-1.,0.));
#14590 = DIRECTION('',(0.,0.,1.));
#14591 = ADVANCED_FACE('',(#14592),#14603,.T.);
#14592 = FACE_BOUND('',#14593,.T.);
#14593 = EDGE_LOOP('',(#14594,#14600,#14601,#14602));
#14594 = ORIENTED_EDGE('',*,*,#14595,.F.);
#14595 = EDGE_CURVE('',#6008,#9837,#14596,.T.);
#14596 = LINE('',#14597,#14598);
#14597 = CARTESIAN_POINT('',(-211.275,138.61,69.31));
#14598 = VECTOR('',#14599,1.);
#14599 = DIRECTION('',(0.,0.,1.));
#14600 = ORIENTED_EDGE('',*,*,#6007,.F.);
#14601 = ORIENTED_EDGE('',*,*,#14580,.T.);
#14602 = ORIENTED_EDGE('',*,*,#9836,.F.);
#14603 = PLANE('',#14604);
#14604 = AXIS2_PLACEMENT_3D('',#14605,#14606,#14607);
#14605 = CARTESIAN_POINT('',(-211.275,138.61,69.31));
#14606 = DIRECTION('',(-1.,0.,0.));
#14607 = DIRECTION('',(0.,0.,1.));
#14608 = ADVANCED_FACE('',(#14609),#14620,.F.);
#14609 = FACE_BOUND('',#14610,.F.);
#14610 = EDGE_LOOP('',(#14611,#14617,#14618,#14619));
#14611 = ORIENTED_EDGE('',*,*,#14612,.F.);
#14612 = EDGE_CURVE('',#6016,#9847,#14613,.T.);
#14613 = LINE('',#14614,#14615);
#14614 = CARTESIAN_POINT('',(-226.875,138.61,69.31));
#14615 = VECTOR('',#14616,1.);
#14616 = DIRECTION('',(0.,0.,1.));
#14617 = ORIENTED_EDGE('',*,*,#6023,.F.);
#14618 = ORIENTED_EDGE('',*,*,#14573,.T.);
#14619 = ORIENTED_EDGE('',*,*,#9854,.F.);
#14620 = PLANE('',#14621);
#14621 = AXIS2_PLACEMENT_3D('',#14622,#14623,#14624);
#14622 = CARTESIAN_POINT('',(-226.875,138.61,69.31));
#14623 = DIRECTION('',(-1.,0.,0.));
#14624 = DIRECTION('',(0.,0.,1.));
#14625 = ADVANCED_FACE('',(#14626),#14632,.T.);
#14626 = FACE_BOUND('',#14627,.T.);
#14627 = EDGE_LOOP('',(#14628,#14629,#14630,#14631));
#14628 = ORIENTED_EDGE('',*,*,#14612,.F.);
#14629 = ORIENTED_EDGE('',*,*,#6015,.F.);
#14630 = ORIENTED_EDGE('',*,*,#14595,.T.);
#14631 = ORIENTED_EDGE('',*,*,#9846,.T.);
#14632 = PLANE('',#14633);
#14633 = AXIS2_PLACEMENT_3D('',#14634,#14635,#14636);
#14634 = CARTESIAN_POINT('',(-211.275,138.61,69.31));
#14635 = DIRECTION('',(0.,-1.,0.));
#14636 = DIRECTION('',(0.,0.,1.));
#14637 = ADVANCED_FACE('',(#14638),#14654,.F.);
#14638 = FACE_BOUND('',#14639,.F.);
#14639 = EDGE_LOOP('',(#14640,#14646,#14647,#14653));
#14640 = ORIENTED_EDGE('',*,*,#14641,.F.);
#14641 = EDGE_CURVE('',#6034,#9901,#14642,.T.);
#14642 = LINE('',#14643,#14644);
#14643 = CARTESIAN_POINT('',(-226.875,103.96,69.31));
#14644 = VECTOR('',#14645,1.);
#14645 = DIRECTION('',(0.,0.,1.));
#14646 = ORIENTED_EDGE('',*,*,#6031,.F.);
#14647 = ORIENTED_EDGE('',*,*,#14648,.T.);
#14648 = EDGE_CURVE('',#6032,#9885,#14649,.T.);
#14649 = LINE('',#14650,#14651);
#14650 = CARTESIAN_POINT('',(-211.275,103.96,69.31));
#14651 = VECTOR('',#14652,1.);
#14652 = DIRECTION('',(0.,0.,1.));
#14653 = ORIENTED_EDGE('',*,*,#9908,.T.);
#14654 = PLANE('',#14655);
#14655 = AXIS2_PLACEMENT_3D('',#14656,#14657,#14658);
#14656 = CARTESIAN_POINT('',(-211.275,103.96,69.31));
#14657 = DIRECTION('',(0.,-1.,0.));
#14658 = DIRECTION('',(0.,0.,1.));
#14659 = ADVANCED_FACE('',(#14660),#14671,.T.);
#14660 = FACE_BOUND('',#14661,.T.);
#14661 = EDGE_LOOP('',(#14662,#14668,#14669,#14670));
#14662 = ORIENTED_EDGE('',*,*,#14663,.F.);
#14663 = EDGE_CURVE('',#6042,#9883,#14664,.T.);
#14664 = LINE('',#14665,#14666);
#14665 = CARTESIAN_POINT('',(-211.275,119.56,69.31));
#14666 = VECTOR('',#14667,1.);
#14667 = DIRECTION('',(0.,0.,1.));
#14668 = ORIENTED_EDGE('',*,*,#6041,.F.);
#14669 = ORIENTED_EDGE('',*,*,#14648,.T.);
#14670 = ORIENTED_EDGE('',*,*,#9882,.F.);
#14671 = PLANE('',#14672);
#14672 = AXIS2_PLACEMENT_3D('',#14673,#14674,#14675);
#14673 = CARTESIAN_POINT('',(-211.275,119.56,69.31));
#14674 = DIRECTION('',(-1.,0.,0.));
#14675 = DIRECTION('',(0.,0.,1.));
#14676 = ADVANCED_FACE('',(#14677),#14688,.F.);
#14677 = FACE_BOUND('',#14678,.F.);
#14678 = EDGE_LOOP('',(#14679,#14685,#14686,#14687));
#14679 = ORIENTED_EDGE('',*,*,#14680,.F.);
#14680 = EDGE_CURVE('',#6050,#9893,#14681,.T.);
#14681 = LINE('',#14682,#14683);
#14682 = CARTESIAN_POINT('',(-226.875,119.56,69.31));
#14683 = VECTOR('',#14684,1.);
#14684 = DIRECTION('',(0.,0.,1.));
#14685 = ORIENTED_EDGE('',*,*,#6057,.F.);
#14686 = ORIENTED_EDGE('',*,*,#14641,.T.);
#14687 = ORIENTED_EDGE('',*,*,#9900,.F.);
#14688 = PLANE('',#14689);
#14689 = AXIS2_PLACEMENT_3D('',#14690,#14691,#14692);
#14690 = CARTESIAN_POINT('',(-226.875,119.56,69.31));
#14691 = DIRECTION('',(-1.,0.,0.));
#14692 = DIRECTION('',(0.,0.,1.));
#14693 = ADVANCED_FACE('',(#14694),#14700,.T.);
#14694 = FACE_BOUND('',#14695,.T.);
#14695 = EDGE_LOOP('',(#14696,#14697,#14698,#14699));
#14696 = ORIENTED_EDGE('',*,*,#14680,.F.);
#14697 = ORIENTED_EDGE('',*,*,#6049,.F.);
#14698 = ORIENTED_EDGE('',*,*,#14663,.T.);
#14699 = ORIENTED_EDGE('',*,*,#9892,.T.);
#14700 = PLANE('',#14701);
#14701 = AXIS2_PLACEMENT_3D('',#14702,#14703,#14704);
#14702 = CARTESIAN_POINT('',(-211.275,119.56,69.31));
#14703 = DIRECTION('',(0.,-1.,0.));
#14704 = DIRECTION('',(0.,0.,1.));
#14705 = ADVANCED_FACE('',(#14706),#14722,.F.);
#14706 = FACE_BOUND('',#14707,.F.);
#14707 = EDGE_LOOP('',(#14708,#14714,#14715,#14721));
#14708 = ORIENTED_EDGE('',*,*,#14709,.F.);
#14709 = EDGE_CURVE('',#6071,#9947,#14710,.T.);
#14710 = LINE('',#14711,#14712);
#14711 = CARTESIAN_POINT('',(-245.925,84.91,69.31));
#14712 = VECTOR('',#14713,1.);
#14713 = DIRECTION('',(0.,0.,1.));
#14714 = ORIENTED_EDGE('',*,*,#6068,.F.);
#14715 = ORIENTED_EDGE('',*,*,#14716,.T.);
#14716 = EDGE_CURVE('',#6069,#9931,#14717,.T.);
#14717 = LINE('',#14718,#14719);
#14718 = CARTESIAN_POINT('',(-230.325,84.91,69.31));
#14719 = VECTOR('',#14720,1.);
#14720 = DIRECTION('',(0.,0.,1.));
#14721 = ORIENTED_EDGE('',*,*,#9954,.T.);
#14722 = PLANE('',#14723);
#14723 = AXIS2_PLACEMENT_3D('',#14724,#14725,#14726);
#14724 = CARTESIAN_POINT('',(-230.325,84.91,69.31));
#14725 = DIRECTION('',(0.,-1.,0.));
#14726 = DIRECTION('',(0.,0.,1.));
#14727 = ADVANCED_FACE('',(#14728),#14739,.T.);
#14728 = FACE_BOUND('',#14729,.T.);
#14729 = EDGE_LOOP('',(#14730,#14736,#14737,#14738));
#14730 = ORIENTED_EDGE('',*,*,#14731,.F.);
#14731 = EDGE_CURVE('',#6079,#9929,#14732,.T.);
#14732 = LINE('',#14733,#14734);
#14733 = CARTESIAN_POINT('',(-230.325,100.51,69.31));
#14734 = VECTOR('',#14735,1.);
#14735 = DIRECTION('',(0.,0.,1.));
#14736 = ORIENTED_EDGE('',*,*,#6078,.F.);
#14737 = ORIENTED_EDGE('',*,*,#14716,.T.);
#14738 = ORIENTED_EDGE('',*,*,#9928,.F.);
#14739 = PLANE('',#14740);
#14740 = AXIS2_PLACEMENT_3D('',#14741,#14742,#14743);
#14741 = CARTESIAN_POINT('',(-230.325,100.51,69.31));
#14742 = DIRECTION('',(-1.,0.,0.));
#14743 = DIRECTION('',(0.,0.,1.));
#14744 = ADVANCED_FACE('',(#14745),#14756,.F.);
#14745 = FACE_BOUND('',#14746,.F.);
#14746 = EDGE_LOOP('',(#14747,#14753,#14754,#14755));
#14747 = ORIENTED_EDGE('',*,*,#14748,.F.);
#14748 = EDGE_CURVE('',#6087,#9939,#14749,.T.);
#14749 = LINE('',#14750,#14751);
#14750 = CARTESIAN_POINT('',(-245.925,100.51,69.31));
#14751 = VECTOR('',#14752,1.);
#14752 = DIRECTION('',(0.,0.,1.));
#14753 = ORIENTED_EDGE('',*,*,#6094,.F.);
#14754 = ORIENTED_EDGE('',*,*,#14709,.T.);
#14755 = ORIENTED_EDGE('',*,*,#9946,.F.);
#14756 = PLANE('',#14757);
#14757 = AXIS2_PLACEMENT_3D('',#14758,#14759,#14760);
#14758 = CARTESIAN_POINT('',(-245.925,100.51,69.31));
#14759 = DIRECTION('',(-1.,0.,0.));
#14760 = DIRECTION('',(0.,0.,1.));
#14761 = ADVANCED_FACE('',(#14762),#14768,.T.);
#14762 = FACE_BOUND('',#14763,.T.);
#14763 = EDGE_LOOP('',(#14764,#14765,#14766,#14767));
#14764 = ORIENTED_EDGE('',*,*,#14748,.F.);
#14765 = ORIENTED_EDGE('',*,*,#6086,.F.);
#14766 = ORIENTED_EDGE('',*,*,#14731,.T.);
#14767 = ORIENTED_EDGE('',*,*,#9938,.T.);
#14768 = PLANE('',#14769);
#14769 = AXIS2_PLACEMENT_3D('',#14770,#14771,#14772);
#14770 = CARTESIAN_POINT('',(-230.325,100.51,69.31));
#14771 = DIRECTION('',(0.,-1.,0.));
#14772 = DIRECTION('',(0.,0.,1.));
#14773 = ADVANCED_FACE('',(#14774),#14790,.F.);
#14774 = FACE_BOUND('',#14775,.F.);
#14775 = EDGE_LOOP('',(#14776,#14782,#14783,#14789));
#14776 = ORIENTED_EDGE('',*,*,#14777,.F.);
#14777 = EDGE_CURVE('',#6105,#9993,#14778,.T.);
#14778 = LINE('',#14779,#14780);
#14779 = CARTESIAN_POINT('',(-226.875,84.91,69.31));
#14780 = VECTOR('',#14781,1.);
#14781 = DIRECTION('',(0.,0.,1.));
#14782 = ORIENTED_EDGE('',*,*,#6102,.F.);
#14783 = ORIENTED_EDGE('',*,*,#14784,.T.);
#14784 = EDGE_CURVE('',#6103,#9977,#14785,.T.);
#14785 = LINE('',#14786,#14787);
#14786 = CARTESIAN_POINT('',(-211.275,84.91,69.31));
#14787 = VECTOR('',#14788,1.);
#14788 = DIRECTION('',(0.,0.,1.));
#14789 = ORIENTED_EDGE('',*,*,#10000,.T.);
#14790 = PLANE('',#14791);
#14791 = AXIS2_PLACEMENT_3D('',#14792,#14793,#14794);
#14792 = CARTESIAN_POINT('',(-211.275,84.91,69.31));
#14793 = DIRECTION('',(0.,-1.,0.));
#14794 = DIRECTION('',(0.,0.,1.));
#14795 = ADVANCED_FACE('',(#14796),#14807,.T.);
#14796 = FACE_BOUND('',#14797,.T.);
#14797 = EDGE_LOOP('',(#14798,#14804,#14805,#14806));
#14798 = ORIENTED_EDGE('',*,*,#14799,.F.);
#14799 = EDGE_CURVE('',#6113,#9975,#14800,.T.);
#14800 = LINE('',#14801,#14802);
#14801 = CARTESIAN_POINT('',(-211.275,100.51,69.31));
#14802 = VECTOR('',#14803,1.);
#14803 = DIRECTION('',(0.,0.,1.));
#14804 = ORIENTED_EDGE('',*,*,#6112,.F.);
#14805 = ORIENTED_EDGE('',*,*,#14784,.T.);
#14806 = ORIENTED_EDGE('',*,*,#9974,.F.);
#14807 = PLANE('',#14808);
#14808 = AXIS2_PLACEMENT_3D('',#14809,#14810,#14811);
#14809 = CARTESIAN_POINT('',(-211.275,100.51,69.31));
#14810 = DIRECTION('',(-1.,0.,0.));
#14811 = DIRECTION('',(0.,0.,1.));
#14812 = ADVANCED_FACE('',(#14813),#14824,.F.);
#14813 = FACE_BOUND('',#14814,.F.);
#14814 = EDGE_LOOP('',(#14815,#14821,#14822,#14823));
#14815 = ORIENTED_EDGE('',*,*,#14816,.F.);
#14816 = EDGE_CURVE('',#6121,#9985,#14817,.T.);
#14817 = LINE('',#14818,#14819);
#14818 = CARTESIAN_POINT('',(-226.875,100.51,69.31));
#14819 = VECTOR('',#14820,1.);
#14820 = DIRECTION('',(0.,0.,1.));
#14821 = ORIENTED_EDGE('',*,*,#6128,.F.);
#14822 = ORIENTED_EDGE('',*,*,#14777,.T.);
#14823 = ORIENTED_EDGE('',*,*,#9992,.F.);
#14824 = PLANE('',#14825);
#14825 = AXIS2_PLACEMENT_3D('',#14826,#14827,#14828);
#14826 = CARTESIAN_POINT('',(-226.875,100.51,69.31));
#14827 = DIRECTION('',(-1.,0.,0.));
#14828 = DIRECTION('',(0.,0.,1.));
#14829 = ADVANCED_FACE('',(#14830),#14836,.T.);
#14830 = FACE_BOUND('',#14831,.T.);
#14831 = EDGE_LOOP('',(#14832,#14833,#14834,#14835));
#14832 = ORIENTED_EDGE('',*,*,#14816,.F.);
#14833 = ORIENTED_EDGE('',*,*,#6120,.F.);
#14834 = ORIENTED_EDGE('',*,*,#14799,.T.);
#14835 = ORIENTED_EDGE('',*,*,#9984,.T.);
#14836 = PLANE('',#14837);
#14837 = AXIS2_PLACEMENT_3D('',#14838,#14839,#14840);
#14838 = CARTESIAN_POINT('',(-211.275,100.51,69.31));
#14839 = DIRECTION('',(0.,-1.,0.));
#14840 = DIRECTION('',(0.,0.,1.));
#14841 = ADVANCED_FACE('',(#14842),#14858,.F.);
#14842 = FACE_BOUND('',#14843,.F.);
#14843 = EDGE_LOOP('',(#14844,#14850,#14851,#14857));
#14844 = ORIENTED_EDGE('',*,*,#14845,.F.);
#14845 = EDGE_CURVE('',#6139,#10039,#14846,.T.);
#14846 = LINE('',#14847,#14848);
#14847 = CARTESIAN_POINT('',(-207.825,123.01,69.31));
#14848 = VECTOR('',#14849,1.);
#14849 = DIRECTION('',(0.,0.,1.));
#14850 = ORIENTED_EDGE('',*,*,#6136,.F.);
#14851 = ORIENTED_EDGE('',*,*,#14852,.T.);
#14852 = EDGE_CURVE('',#6137,#10023,#14853,.T.);
#14853 = LINE('',#14854,#14855);
#14854 = CARTESIAN_POINT('',(-192.225,123.01,69.31));
#14855 = VECTOR('',#14856,1.);
#14856 = DIRECTION('',(0.,0.,1.));
#14857 = ORIENTED_EDGE('',*,*,#10046,.T.);
#14858 = PLANE('',#14859);
#14859 = AXIS2_PLACEMENT_3D('',#14860,#14861,#14862);
#14860 = CARTESIAN_POINT('',(-192.225,123.01,69.31));
#14861 = DIRECTION('',(0.,-1.,0.));
#14862 = DIRECTION('',(0.,0.,1.));
#14863 = ADVANCED_FACE('',(#14864),#14875,.T.);
#14864 = FACE_BOUND('',#14865,.T.);
#14865 = EDGE_LOOP('',(#14866,#14872,#14873,#14874));
#14866 = ORIENTED_EDGE('',*,*,#14867,.F.);
#14867 = EDGE_CURVE('',#6147,#10021,#14868,.T.);
#14868 = LINE('',#14869,#14870);
#14869 = CARTESIAN_POINT('',(-192.225,138.61,69.31));
#14870 = VECTOR('',#14871,1.);
#14871 = DIRECTION('',(0.,0.,1.));
#14872 = ORIENTED_EDGE('',*,*,#6146,.F.);
#14873 = ORIENTED_EDGE('',*,*,#14852,.T.);
#14874 = ORIENTED_EDGE('',*,*,#10020,.F.);
#14875 = PLANE('',#14876);
#14876 = AXIS2_PLACEMENT_3D('',#14877,#14878,#14879);
#14877 = CARTESIAN_POINT('',(-192.225,138.61,69.31));
#14878 = DIRECTION('',(-1.,0.,0.));
#14879 = DIRECTION('',(0.,0.,1.));
#14880 = ADVANCED_FACE('',(#14881),#14892,.F.);
#14881 = FACE_BOUND('',#14882,.F.);
#14882 = EDGE_LOOP('',(#14883,#14889,#14890,#14891));
#14883 = ORIENTED_EDGE('',*,*,#14884,.F.);
#14884 = EDGE_CURVE('',#6155,#10031,#14885,.T.);
#14885 = LINE('',#14886,#14887);
#14886 = CARTESIAN_POINT('',(-207.825,138.61,69.31));
#14887 = VECTOR('',#14888,1.);
#14888 = DIRECTION('',(0.,0.,1.));
#14889 = ORIENTED_EDGE('',*,*,#6162,.F.);
#14890 = ORIENTED_EDGE('',*,*,#14845,.T.);
#14891 = ORIENTED_EDGE('',*,*,#10038,.F.);
#14892 = PLANE('',#14893);
#14893 = AXIS2_PLACEMENT_3D('',#14894,#14895,#14896);
#14894 = CARTESIAN_POINT('',(-207.825,138.61,69.31));
#14895 = DIRECTION('',(-1.,0.,0.));
#14896 = DIRECTION('',(0.,0.,1.));
#14897 = ADVANCED_FACE('',(#14898),#14904,.T.);
#14898 = FACE_BOUND('',#14899,.T.);
#14899 = EDGE_LOOP('',(#14900,#14901,#14902,#14903));
#14900 = ORIENTED_EDGE('',*,*,#14884,.F.);
#14901 = ORIENTED_EDGE('',*,*,#6154,.F.);
#14902 = ORIENTED_EDGE('',*,*,#14867,.T.);
#14903 = ORIENTED_EDGE('',*,*,#10030,.T.);
#14904 = PLANE('',#14905);
#14905 = AXIS2_PLACEMENT_3D('',#14906,#14907,#14908);
#14906 = CARTESIAN_POINT('',(-192.225,138.61,69.31));
#14907 = DIRECTION('',(0.,-1.,0.));
#14908 = DIRECTION('',(0.,0.,1.));
#14909 = ADVANCED_FACE('',(#14910),#14926,.F.);
#14910 = FACE_BOUND('',#14911,.F.);
#14911 = EDGE_LOOP('',(#14912,#14918,#14919,#14925));
#14912 = ORIENTED_EDGE('',*,*,#14913,.F.);
#14913 = EDGE_CURVE('',#6173,#10085,#14914,.T.);
#14914 = LINE('',#14915,#14916);
#14915 = CARTESIAN_POINT('',(-207.825,103.96,69.31));
#14916 = VECTOR('',#14917,1.);
#14917 = DIRECTION('',(0.,0.,1.));
#14918 = ORIENTED_EDGE('',*,*,#6170,.F.);
#14919 = ORIENTED_EDGE('',*,*,#14920,.T.);
#14920 = EDGE_CURVE('',#6171,#10069,#14921,.T.);
#14921 = LINE('',#14922,#14923);
#14922 = CARTESIAN_POINT('',(-192.225,103.96,69.31));
#14923 = VECTOR('',#14924,1.);
#14924 = DIRECTION('',(0.,0.,1.));
#14925 = ORIENTED_EDGE('',*,*,#10092,.T.);
#14926 = PLANE('',#14927);
#14927 = AXIS2_PLACEMENT_3D('',#14928,#14929,#14930);
#14928 = CARTESIAN_POINT('',(-192.225,103.96,69.31));
#14929 = DIRECTION('',(0.,-1.,0.));
#14930 = DIRECTION('',(0.,0.,1.));
#14931 = ADVANCED_FACE('',(#14932),#14943,.T.);
#14932 = FACE_BOUND('',#14933,.T.);
#14933 = EDGE_LOOP('',(#14934,#14940,#14941,#14942));
#14934 = ORIENTED_EDGE('',*,*,#14935,.F.);
#14935 = EDGE_CURVE('',#6181,#10067,#14936,.T.);
#14936 = LINE('',#14937,#14938);
#14937 = CARTESIAN_POINT('',(-192.225,119.56,69.31));
#14938 = VECTOR('',#14939,1.);
#14939 = DIRECTION('',(0.,0.,1.));
#14940 = ORIENTED_EDGE('',*,*,#6180,.F.);
#14941 = ORIENTED_EDGE('',*,*,#14920,.T.);
#14942 = ORIENTED_EDGE('',*,*,#10066,.F.);
#14943 = PLANE('',#14944);
#14944 = AXIS2_PLACEMENT_3D('',#14945,#14946,#14947);
#14945 = CARTESIAN_POINT('',(-192.225,119.56,69.31));
#14946 = DIRECTION('',(-1.,0.,0.));
#14947 = DIRECTION('',(0.,0.,1.));
#14948 = ADVANCED_FACE('',(#14949),#14960,.F.);
#14949 = FACE_BOUND('',#14950,.F.);
#14950 = EDGE_LOOP('',(#14951,#14957,#14958,#14959));
#14951 = ORIENTED_EDGE('',*,*,#14952,.F.);
#14952 = EDGE_CURVE('',#6189,#10077,#14953,.T.);
#14953 = LINE('',#14954,#14955);
#14954 = CARTESIAN_POINT('',(-207.825,119.56,69.31));
#14955 = VECTOR('',#14956,1.);
#14956 = DIRECTION('',(0.,0.,1.));
#14957 = ORIENTED_EDGE('',*,*,#6196,.F.);
#14958 = ORIENTED_EDGE('',*,*,#14913,.T.);
#14959 = ORIENTED_EDGE('',*,*,#10084,.F.);
#14960 = PLANE('',#14961);
#14961 = AXIS2_PLACEMENT_3D('',#14962,#14963,#14964);
#14962 = CARTESIAN_POINT('',(-207.825,119.56,69.31));
#14963 = DIRECTION('',(-1.,0.,0.));
#14964 = DIRECTION('',(0.,0.,1.));
#14965 = ADVANCED_FACE('',(#14966),#14972,.T.);
#14966 = FACE_BOUND('',#14967,.T.);
#14967 = EDGE_LOOP('',(#14968,#14969,#14970,#14971));
#14968 = ORIENTED_EDGE('',*,*,#14952,.F.);
#14969 = ORIENTED_EDGE('',*,*,#6188,.F.);
#14970 = ORIENTED_EDGE('',*,*,#14935,.T.);
#14971 = ORIENTED_EDGE('',*,*,#10076,.T.);
#14972 = PLANE('',#14973);
#14973 = AXIS2_PLACEMENT_3D('',#14974,#14975,#14976);
#14974 = CARTESIAN_POINT('',(-192.225,119.56,69.31));
#14975 = DIRECTION('',(0.,-1.,0.));
#14976 = DIRECTION('',(0.,0.,1.));
#14977 = ADVANCED_FACE('',(#14978),#14994,.F.);
#14978 = FACE_BOUND('',#14979,.F.);
#14979 = EDGE_LOOP('',(#14980,#14986,#14987,#14993));
#14980 = ORIENTED_EDGE('',*,*,#14981,.F.);
#14981 = EDGE_CURVE('',#6207,#10131,#14982,.T.);
#14982 = LINE('',#14983,#14984);
#14983 = CARTESIAN_POINT('',(-188.775,123.01,69.31));
#14984 = VECTOR('',#14985,1.);
#14985 = DIRECTION('',(0.,0.,1.));
#14986 = ORIENTED_EDGE('',*,*,#6204,.F.);
#14987 = ORIENTED_EDGE('',*,*,#14988,.T.);
#14988 = EDGE_CURVE('',#6205,#10115,#14989,.T.);
#14989 = LINE('',#14990,#14991);
#14990 = CARTESIAN_POINT('',(-173.175,123.01,69.31));
#14991 = VECTOR('',#14992,1.);
#14992 = DIRECTION('',(0.,0.,1.));
#14993 = ORIENTED_EDGE('',*,*,#10138,.T.);
#14994 = PLANE('',#14995);
#14995 = AXIS2_PLACEMENT_3D('',#14996,#14997,#14998);
#14996 = CARTESIAN_POINT('',(-173.175,123.01,69.31));
#14997 = DIRECTION('',(0.,-1.,0.));
#14998 = DIRECTION('',(0.,0.,1.));
#14999 = ADVANCED_FACE('',(#15000),#15011,.T.);
#15000 = FACE_BOUND('',#15001,.T.);
#15001 = EDGE_LOOP('',(#15002,#15008,#15009,#15010));
#15002 = ORIENTED_EDGE('',*,*,#15003,.F.);
#15003 = EDGE_CURVE('',#6215,#10113,#15004,.T.);
#15004 = LINE('',#15005,#15006);
#15005 = CARTESIAN_POINT('',(-173.175,138.61,69.31));
#15006 = VECTOR('',#15007,1.);
#15007 = DIRECTION('',(0.,0.,1.));
#15008 = ORIENTED_EDGE('',*,*,#6214,.F.);
#15009 = ORIENTED_EDGE('',*,*,#14988,.T.);
#15010 = ORIENTED_EDGE('',*,*,#10112,.F.);
#15011 = PLANE('',#15012);
#15012 = AXIS2_PLACEMENT_3D('',#15013,#15014,#15015);
#15013 = CARTESIAN_POINT('',(-173.175,138.61,69.31));
#15014 = DIRECTION('',(-1.,0.,0.));
#15015 = DIRECTION('',(0.,0.,1.));
#15016 = ADVANCED_FACE('',(#15017),#15028,.F.);
#15017 = FACE_BOUND('',#15018,.F.);
#15018 = EDGE_LOOP('',(#15019,#15025,#15026,#15027));
#15019 = ORIENTED_EDGE('',*,*,#15020,.F.);
#15020 = EDGE_CURVE('',#6223,#10123,#15021,.T.);
#15021 = LINE('',#15022,#15023);
#15022 = CARTESIAN_POINT('',(-188.775,138.61,69.31));
#15023 = VECTOR('',#15024,1.);
#15024 = DIRECTION('',(0.,0.,1.));
#15025 = ORIENTED_EDGE('',*,*,#6230,.F.);
#15026 = ORIENTED_EDGE('',*,*,#14981,.T.);
#15027 = ORIENTED_EDGE('',*,*,#10130,.F.);
#15028 = PLANE('',#15029);
#15029 = AXIS2_PLACEMENT_3D('',#15030,#15031,#15032);
#15030 = CARTESIAN_POINT('',(-188.775,138.61,69.31));
#15031 = DIRECTION('',(-1.,0.,0.));
#15032 = DIRECTION('',(0.,0.,1.));
#15033 = ADVANCED_FACE('',(#15034),#15040,.T.);
#15034 = FACE_BOUND('',#15035,.T.);
#15035 = EDGE_LOOP('',(#15036,#15037,#15038,#15039));
#15036 = ORIENTED_EDGE('',*,*,#15020,.F.);
#15037 = ORIENTED_EDGE('',*,*,#6222,.F.);
#15038 = ORIENTED_EDGE('',*,*,#15003,.T.);
#15039 = ORIENTED_EDGE('',*,*,#10122,.T.);
#15040 = PLANE('',#15041);
#15041 = AXIS2_PLACEMENT_3D('',#15042,#15043,#15044);
#15042 = CARTESIAN_POINT('',(-173.175,138.61,69.31));
#15043 = DIRECTION('',(0.,-1.,0.));
#15044 = DIRECTION('',(0.,0.,1.));
#15045 = ADVANCED_FACE('',(#15046),#15062,.F.);
#15046 = FACE_BOUND('',#15047,.F.);
#15047 = EDGE_LOOP('',(#15048,#15054,#15055,#15061));
#15048 = ORIENTED_EDGE('',*,*,#15049,.F.);
#15049 = EDGE_CURVE('',#6241,#10177,#15050,.T.);
#15050 = LINE('',#15051,#15052);
#15051 = CARTESIAN_POINT('',(-188.775,103.96,69.31));
#15052 = VECTOR('',#15053,1.);
#15053 = DIRECTION('',(0.,0.,1.));
#15054 = ORIENTED_EDGE('',*,*,#6238,.F.);
#15055 = ORIENTED_EDGE('',*,*,#15056,.T.);
#15056 = EDGE_CURVE('',#6239,#10161,#15057,.T.);
#15057 = LINE('',#15058,#15059);
#15058 = CARTESIAN_POINT('',(-173.175,103.96,69.31));
#15059 = VECTOR('',#15060,1.);
#15060 = DIRECTION('',(0.,0.,1.));
#15061 = ORIENTED_EDGE('',*,*,#10184,.T.);
#15062 = PLANE('',#15063);
#15063 = AXIS2_PLACEMENT_3D('',#15064,#15065,#15066);
#15064 = CARTESIAN_POINT('',(-173.175,103.96,69.31));
#15065 = DIRECTION('',(0.,-1.,0.));
#15066 = DIRECTION('',(0.,0.,1.));
#15067 = ADVANCED_FACE('',(#15068),#15079,.T.);
#15068 = FACE_BOUND('',#15069,.T.);
#15069 = EDGE_LOOP('',(#15070,#15076,#15077,#15078));
#15070 = ORIENTED_EDGE('',*,*,#15071,.F.);
#15071 = EDGE_CURVE('',#6249,#10159,#15072,.T.);
#15072 = LINE('',#15073,#15074);
#15073 = CARTESIAN_POINT('',(-173.175,119.56,69.31));
#15074 = VECTOR('',#15075,1.);
#15075 = DIRECTION('',(0.,0.,1.));
#15076 = ORIENTED_EDGE('',*,*,#6248,.F.);
#15077 = ORIENTED_EDGE('',*,*,#15056,.T.);
#15078 = ORIENTED_EDGE('',*,*,#10158,.F.);
#15079 = PLANE('',#15080);
#15080 = AXIS2_PLACEMENT_3D('',#15081,#15082,#15083);
#15081 = CARTESIAN_POINT('',(-173.175,119.56,69.31));
#15082 = DIRECTION('',(-1.,0.,0.));
#15083 = DIRECTION('',(0.,0.,1.));
#15084 = ADVANCED_FACE('',(#15085),#15096,.F.);
#15085 = FACE_BOUND('',#15086,.F.);
#15086 = EDGE_LOOP('',(#15087,#15093,#15094,#15095));
#15087 = ORIENTED_EDGE('',*,*,#15088,.F.);
#15088 = EDGE_CURVE('',#6257,#10169,#15089,.T.);
#15089 = LINE('',#15090,#15091);
#15090 = CARTESIAN_POINT('',(-188.775,119.56,69.31));
#15091 = VECTOR('',#15092,1.);
#15092 = DIRECTION('',(0.,0.,1.));
#15093 = ORIENTED_EDGE('',*,*,#6264,.F.);
#15094 = ORIENTED_EDGE('',*,*,#15049,.T.);
#15095 = ORIENTED_EDGE('',*,*,#10176,.F.);
#15096 = PLANE('',#15097);
#15097 = AXIS2_PLACEMENT_3D('',#15098,#15099,#15100);
#15098 = CARTESIAN_POINT('',(-188.775,119.56,69.31));
#15099 = DIRECTION('',(-1.,0.,0.));
#15100 = DIRECTION('',(0.,0.,1.));
#15101 = ADVANCED_FACE('',(#15102),#15108,.T.);
#15102 = FACE_BOUND('',#15103,.T.);
#15103 = EDGE_LOOP('',(#15104,#15105,#15106,#15107));
#15104 = ORIENTED_EDGE('',*,*,#15088,.F.);
#15105 = ORIENTED_EDGE('',*,*,#6256,.F.);
#15106 = ORIENTED_EDGE('',*,*,#15071,.T.);
#15107 = ORIENTED_EDGE('',*,*,#10168,.T.);
#15108 = PLANE('',#15109);
#15109 = AXIS2_PLACEMENT_3D('',#15110,#15111,#15112);
#15110 = CARTESIAN_POINT('',(-173.175,119.56,69.31));
#15111 = DIRECTION('',(0.,-1.,0.));
#15112 = DIRECTION('',(0.,0.,1.));
#15113 = ADVANCED_FACE('',(#15114),#15130,.F.);
#15114 = FACE_BOUND('',#15115,.F.);
#15115 = EDGE_LOOP('',(#15116,#15122,#15123,#15129));
#15116 = ORIENTED_EDGE('',*,*,#15117,.F.);
#15117 = EDGE_CURVE('',#6275,#10223,#15118,.T.);
#15118 = LINE('',#15119,#15120);
#15119 = CARTESIAN_POINT('',(-207.825,84.91,69.31));
#15120 = VECTOR('',#15121,1.);
#15121 = DIRECTION('',(0.,0.,1.));
#15122 = ORIENTED_EDGE('',*,*,#6272,.F.);
#15123 = ORIENTED_EDGE('',*,*,#15124,.T.);
#15124 = EDGE_CURVE('',#6273,#10207,#15125,.T.);
#15125 = LINE('',#15126,#15127);
#15126 = CARTESIAN_POINT('',(-192.225,84.91,69.31));
#15127 = VECTOR('',#15128,1.);
#15128 = DIRECTION('',(0.,0.,1.));
#15129 = ORIENTED_EDGE('',*,*,#10230,.T.);
#15130 = PLANE('',#15131);
#15131 = AXIS2_PLACEMENT_3D('',#15132,#15133,#15134);
#15132 = CARTESIAN_POINT('',(-192.225,84.91,69.31));
#15133 = DIRECTION('',(0.,-1.,0.));
#15134 = DIRECTION('',(0.,0.,1.));
#15135 = ADVANCED_FACE('',(#15136),#15147,.T.);
#15136 = FACE_BOUND('',#15137,.T.);
#15137 = EDGE_LOOP('',(#15138,#15144,#15145,#15146));
#15138 = ORIENTED_EDGE('',*,*,#15139,.F.);
#15139 = EDGE_CURVE('',#6283,#10205,#15140,.T.);
#15140 = LINE('',#15141,#15142);
#15141 = CARTESIAN_POINT('',(-192.225,100.51,69.31));
#15142 = VECTOR('',#15143,1.);
#15143 = DIRECTION('',(0.,0.,1.));
#15144 = ORIENTED_EDGE('',*,*,#6282,.F.);
#15145 = ORIENTED_EDGE('',*,*,#15124,.T.);
#15146 = ORIENTED_EDGE('',*,*,#10204,.F.);
#15147 = PLANE('',#15148);
#15148 = AXIS2_PLACEMENT_3D('',#15149,#15150,#15151);
#15149 = CARTESIAN_POINT('',(-192.225,100.51,69.31));
#15150 = DIRECTION('',(-1.,0.,0.));
#15151 = DIRECTION('',(0.,0.,1.));
#15152 = ADVANCED_FACE('',(#15153),#15164,.F.);
#15153 = FACE_BOUND('',#15154,.F.);
#15154 = EDGE_LOOP('',(#15155,#15161,#15162,#15163));
#15155 = ORIENTED_EDGE('',*,*,#15156,.F.);
#15156 = EDGE_CURVE('',#6291,#10215,#15157,.T.);
#15157 = LINE('',#15158,#15159);
#15158 = CARTESIAN_POINT('',(-207.825,100.51,69.31));
#15159 = VECTOR('',#15160,1.);
#15160 = DIRECTION('',(0.,0.,1.));
#15161 = ORIENTED_EDGE('',*,*,#6298,.F.);
#15162 = ORIENTED_EDGE('',*,*,#15117,.T.);
#15163 = ORIENTED_EDGE('',*,*,#10222,.F.);
#15164 = PLANE('',#15165);
#15165 = AXIS2_PLACEMENT_3D('',#15166,#15167,#15168);
#15166 = CARTESIAN_POINT('',(-207.825,100.51,69.31));
#15167 = DIRECTION('',(-1.,0.,0.));
#15168 = DIRECTION('',(0.,0.,1.));
#15169 = ADVANCED_FACE('',(#15170),#15176,.T.);
#15170 = FACE_BOUND('',#15171,.T.);
#15171 = EDGE_LOOP('',(#15172,#15173,#15174,#15175));
#15172 = ORIENTED_EDGE('',*,*,#15156,.F.);
#15173 = ORIENTED_EDGE('',*,*,#6290,.F.);
#15174 = ORIENTED_EDGE('',*,*,#15139,.T.);
#15175 = ORIENTED_EDGE('',*,*,#10214,.T.);
#15176 = PLANE('',#15177);
#15177 = AXIS2_PLACEMENT_3D('',#15178,#15179,#15180);
#15178 = CARTESIAN_POINT('',(-192.225,100.51,69.31));
#15179 = DIRECTION('',(0.,-1.,0.));
#15180 = DIRECTION('',(0.,0.,1.));
#15181 = ADVANCED_FACE('',(#15182),#15198,.F.);
#15182 = FACE_BOUND('',#15183,.F.);
#15183 = EDGE_LOOP('',(#15184,#15190,#15191,#15197));
#15184 = ORIENTED_EDGE('',*,*,#15185,.F.);
#15185 = EDGE_CURVE('',#6312,#10269,#15186,.T.);
#15186 = LINE('',#15187,#15188);
#15187 = CARTESIAN_POINT('',(-188.775,84.91,69.31));
#15188 = VECTOR('',#15189,1.);
#15189 = DIRECTION('',(0.,0.,1.));
#15190 = ORIENTED_EDGE('',*,*,#6309,.F.);
#15191 = ORIENTED_EDGE('',*,*,#15192,.T.);
#15192 = EDGE_CURVE('',#6310,#10253,#15193,.T.);
#15193 = LINE('',#15194,#15195);
#15194 = CARTESIAN_POINT('',(-173.175,84.91,69.31));
#15195 = VECTOR('',#15196,1.);
#15196 = DIRECTION('',(0.,0.,1.));
#15197 = ORIENTED_EDGE('',*,*,#10276,.T.);
#15198 = PLANE('',#15199);
#15199 = AXIS2_PLACEMENT_3D('',#15200,#15201,#15202);
#15200 = CARTESIAN_POINT('',(-173.175,84.91,69.31));
#15201 = DIRECTION('',(0.,-1.,0.));
#15202 = DIRECTION('',(0.,0.,1.));
#15203 = ADVANCED_FACE('',(#15204),#15215,.T.);
#15204 = FACE_BOUND('',#15205,.T.);
#15205 = EDGE_LOOP('',(#15206,#15212,#15213,#15214));
#15206 = ORIENTED_EDGE('',*,*,#15207,.F.);
#15207 = EDGE_CURVE('',#6320,#10251,#15208,.T.);
#15208 = LINE('',#15209,#15210);
#15209 = CARTESIAN_POINT('',(-173.175,100.51,69.31));
#15210 = VECTOR('',#15211,1.);
#15211 = DIRECTION('',(0.,0.,1.));
#15212 = ORIENTED_EDGE('',*,*,#6319,.F.);
#15213 = ORIENTED_EDGE('',*,*,#15192,.T.);
#15214 = ORIENTED_EDGE('',*,*,#10250,.F.);
#15215 = PLANE('',#15216);
#15216 = AXIS2_PLACEMENT_3D('',#15217,#15218,#15219);
#15217 = CARTESIAN_POINT('',(-173.175,100.51,69.31));
#15218 = DIRECTION('',(-1.,0.,0.));
#15219 = DIRECTION('',(0.,0.,1.));
#15220 = ADVANCED_FACE('',(#15221),#15232,.F.);
#15221 = FACE_BOUND('',#15222,.F.);
#15222 = EDGE_LOOP('',(#15223,#15229,#15230,#15231));
#15223 = ORIENTED_EDGE('',*,*,#15224,.F.);
#15224 = EDGE_CURVE('',#6328,#10261,#15225,.T.);
#15225 = LINE('',#15226,#15227);
#15226 = CARTESIAN_POINT('',(-188.775,100.51,69.31));
#15227 = VECTOR('',#15228,1.);
#15228 = DIRECTION('',(0.,0.,1.));
#15229 = ORIENTED_EDGE('',*,*,#6335,.F.);
#15230 = ORIENTED_EDGE('',*,*,#15185,.T.);
#15231 = ORIENTED_EDGE('',*,*,#10268,.F.);
#15232 = PLANE('',#15233);
#15233 = AXIS2_PLACEMENT_3D('',#15234,#15235,#15236);
#15234 = CARTESIAN_POINT('',(-188.775,100.51,69.31));
#15235 = DIRECTION('',(-1.,0.,0.));
#15236 = DIRECTION('',(0.,0.,1.));
#15237 = ADVANCED_FACE('',(#15238),#15244,.T.);
#15238 = FACE_BOUND('',#15239,.T.);
#15239 = EDGE_LOOP('',(#15240,#15241,#15242,#15243));
#15240 = ORIENTED_EDGE('',*,*,#15224,.F.);
#15241 = ORIENTED_EDGE('',*,*,#6327,.F.);
#15242 = ORIENTED_EDGE('',*,*,#15207,.T.);
#15243 = ORIENTED_EDGE('',*,*,#10260,.T.);
#15244 = PLANE('',#15245);
#15245 = AXIS2_PLACEMENT_3D('',#15246,#15247,#15248);
#15246 = CARTESIAN_POINT('',(-173.175,100.51,69.31));
#15247 = DIRECTION('',(0.,-1.,0.));
#15248 = DIRECTION('',(0.,0.,1.));
#15249 = ADVANCED_FACE('',(#15250),#15261,.T.);
#15250 = FACE_BOUND('',#15251,.T.);
#15251 = EDGE_LOOP('',(#15252,#15253,#15254,#15255));
#15252 = ORIENTED_EDGE('',*,*,#10322,.F.);
#15253 = ORIENTED_EDGE('',*,*,#6375,.T.);
#15254 = ORIENTED_EDGE('',*,*,#6443,.T.);
#15255 = ORIENTED_EDGE('',*,*,#15256,.F.);
#15256 = EDGE_CURVE('',#10323,#6444,#15257,.T.);
#15257 = LINE('',#15258,#15259);
#15258 = CARTESIAN_POINT('',(-166.1874999999,72.304999999999,69.21));
#15259 = VECTOR('',#15260,1.);
#15260 = DIRECTION('',(0.,0.,1.));
#15261 = CYLINDRICAL_SURFACE('',#15262,4.);
#15262 = AXIS2_PLACEMENT_3D('',#15263,#15264,#15265);
#15263 = CARTESIAN_POINT('',(-166.1875,76.304999999999,69.21));
#15264 = DIRECTION('',(0.,0.,-1.));
#15265 = DIRECTION('',(0.,1.,0.));
#15266 = ADVANCED_FACE('',(#15267),#15278,.T.);
#15267 = FACE_BOUND('',#15268,.T.);
#15268 = EDGE_LOOP('',(#15269,#15270,#15276,#15277));
#15269 = ORIENTED_EDGE('',*,*,#10304,.F.);
#15270 = ORIENTED_EDGE('',*,*,#15271,.T.);
#15271 = EDGE_CURVE('',#10298,#6523,#15272,.T.);
#15272 = LINE('',#15273,#15274);
#15273 = CARTESIAN_POINT('',(-166.1875,184.91499999999,69.21));
#15274 = VECTOR('',#15275,1.);
#15275 = DIRECTION('',(0.,0.,1.));
#15276 = ORIENTED_EDGE('',*,*,#6530,.T.);
#15277 = ORIENTED_EDGE('',*,*,#6644,.F.);
#15278 = CYLINDRICAL_SURFACE('',#15279,4.);
#15279 = AXIS2_PLACEMENT_3D('',#15280,#15281,#15282);
#15280 = CARTESIAN_POINT('',(-166.1875,180.91499999999,69.21));
#15281 = DIRECTION('',(0.,0.,-1.));
#15282 = DIRECTION('',(-1.,1.802E-14,0.));
#15283 = ADVANCED_FACE('',(#15284),#15295,.T.);
#15284 = FACE_BOUND('',#15285,.T.);
#15285 = EDGE_LOOP('',(#15286,#15287,#15293,#15294));
#15286 = ORIENTED_EDGE('',*,*,#10352,.F.);
#15287 = ORIENTED_EDGE('',*,*,#15288,.T.);
#15288 = EDGE_CURVE('',#10346,#6514,#15289,.T.);
#15289 = LINE('',#15290,#15291);
#15290 = CARTESIAN_POINT('',(-249.45,184.915,69.21));
#15291 = VECTOR('',#15292,1.);
#15292 = DIRECTION('',(0.,0.,1.));
#15293 = ORIENTED_EDGE('',*,*,#6522,.T.);
#15294 = ORIENTED_EDGE('',*,*,#15271,.F.);
#15295 = PLANE('',#15296);
#15296 = AXIS2_PLACEMENT_3D('',#15297,#15298,#15299);
#15297 = CARTESIAN_POINT('',(-249.45,184.915,69.21));
#15298 = DIRECTION('',(2.075E-14,1.,0.));
#15299 = DIRECTION('',(1.,-2.075E-14,0.));
#15300 = ADVANCED_FACE('',(#15301),#15311,.F.);
#15301 = FACE_BOUND('',#15302,.F.);
#15302 = EDGE_LOOP('',(#15303,#15309,#15310));
#15303 = ORIENTED_EDGE('',*,*,#15304,.F.);
#15304 = EDGE_CURVE('',#10346,#6505,#15305,.T.);
#15305 = LINE('',#15306,#15307);
#15306 = CARTESIAN_POINT('',(-249.4500004074,184.915,69.21));
#15307 = VECTOR('',#15308,1.);
#15308 = DIRECTION('',(0.,0.,1.));
#15309 = ORIENTED_EDGE('',*,*,#15288,.T.);
#15310 = ORIENTED_EDGE('',*,*,#6513,.T.);
#15311 = CYLINDRICAL_SURFACE('',#15312,1.5);
#15312 = AXIS2_PLACEMENT_3D('',#15313,#15314,#15315);
#15313 = CARTESIAN_POINT('',(-249.45,186.415,69.21));
#15314 = DIRECTION('',(0.,0.,-1.));
#15315 = DIRECTION('',(1.,-2.075E-14,0.));
#15316 = ADVANCED_FACE('',(#15317),#15328,.T.);
#15317 = FACE_BOUND('',#15318,.F.);
#15318 = EDGE_LOOP('',(#15319,#15325,#15326,#15327));
#15319 = ORIENTED_EDGE('',*,*,#15320,.F.);
#15320 = EDGE_CURVE('',#10422,#6496,#15321,.T.);
#15321 = LINE('',#15322,#15323);
#15322 = CARTESIAN_POINT('',(-253.4499999999,180.91499850584,69.21));
#15323 = VECTOR('',#15324,1.);
#15324 = DIRECTION('',(0.,0.,1.));
#15325 = ORIENTED_EDGE('',*,*,#10428,.F.);
#15326 = ORIENTED_EDGE('',*,*,#15304,.T.);
#15327 = ORIENTED_EDGE('',*,*,#6504,.T.);
#15328 = CYLINDRICAL_SURFACE('',#15329,3.99999850585);
#15329 = AXIS2_PLACEMENT_3D('',#15330,#15331,#15332);
#15330 = CARTESIAN_POINT('',(-249.4500014941,180.91500149415,69.21));
#15331 = DIRECTION('',(0.,0.,-1.));
#15332 = DIRECTION('',(2.7165462397E-07,1.,0.));
#15333 = ADVANCED_FACE('',(#15334),#15344,.F.);
#15334 = FACE_BOUND('',#15335,.F.);
#15335 = EDGE_LOOP('',(#15336,#15342,#15343));
#15336 = ORIENTED_EDGE('',*,*,#15337,.F.);
#15337 = EDGE_CURVE('',#10422,#6488,#15338,.T.);
#15338 = LINE('',#15339,#15340);
#15339 = CARTESIAN_POINT('',(-253.4499999999,180.91499738523,69.21));
#15340 = VECTOR('',#15341,1.);
#15341 = DIRECTION('',(0.,0.,1.));
#15342 = ORIENTED_EDGE('',*,*,#15320,.T.);
#15343 = ORIENTED_EDGE('',*,*,#6495,.T.);
#15344 = CYLINDRICAL_SURFACE('',#15345,1.5);
#15345 = AXIS2_PLACEMENT_3D('',#15346,#15347,#15348);
#15346 = CARTESIAN_POINT('',(-254.9499999999,180.91499738523,69.21));
#15347 = DIRECTION('',(0.,0.,-1.));
#15348 = DIRECTION('',(-7.4707556862E-07,1.,0.));
#15349 = ADVANCED_FACE('',(#15350),#15361,.T.);
#15350 = FACE_BOUND('',#15351,.T.);
#15351 = EDGE_LOOP('',(#15352,#15353,#15359,#15360));
#15352 = ORIENTED_EDGE('',*,*,#10500,.F.);
#15353 = ORIENTED_EDGE('',*,*,#15354,.T.);
#15354 = EDGE_CURVE('',#10447,#6479,#15355,.T.);
#15355 = LINE('',#15356,#15357);
#15356 = CARTESIAN_POINT('',(-253.45,76.305000000001,69.21));
#15357 = VECTOR('',#15358,1.);
#15358 = DIRECTION('',(0.,0.,1.));
#15359 = ORIENTED_EDGE('',*,*,#6487,.T.);
#15360 = ORIENTED_EDGE('',*,*,#15337,.F.);
#15361 = PLANE('',#15362);
#15362 = AXIS2_PLACEMENT_3D('',#15363,#15364,#15365);
#15363 = CARTESIAN_POINT('',(-253.45,76.305000000001,69.21));
#15364 = DIRECTION('',(-1.,4.8769E-13,0.));
#15365 = DIRECTION('',(4.8769E-13,1.,0.));
#15366 = ADVANCED_FACE('',(#15367),#15377,.F.);
#15367 = FACE_BOUND('',#15368,.F.);
#15368 = EDGE_LOOP('',(#15369,#15375,#15376));
#15369 = ORIENTED_EDGE('',*,*,#15370,.F.);
#15370 = EDGE_CURVE('',#10447,#6470,#15371,.T.);
#15371 = LINE('',#15372,#15373);
#15372 = CARTESIAN_POINT('',(-253.45,76.304999592506,69.21));
#15373 = VECTOR('',#15374,1.);
#15374 = DIRECTION('',(0.,0.,1.));
#15375 = ORIENTED_EDGE('',*,*,#15354,.T.);
#15376 = ORIENTED_EDGE('',*,*,#6478,.T.);
#15377 = CYLINDRICAL_SURFACE('',#15378,1.5);
#15378 = AXIS2_PLACEMENT_3D('',#15379,#15380,#15381);
#15379 = CARTESIAN_POINT('',(-254.95,76.305000000002,69.21));
#15380 = DIRECTION('',(0.,0.,-1.));
#15381 = DIRECTION('',(4.8769E-13,1.,0.));
#15382 = ADVANCED_FACE('',(#15383),#15394,.T.);
#15383 = FACE_BOUND('',#15384,.F.);
#15384 = EDGE_LOOP('',(#15385,#15391,#15392,#15393));
#15385 = ORIENTED_EDGE('',*,*,#15386,.F.);
#15386 = EDGE_CURVE('',#10370,#6461,#15387,.T.);
#15387 = LINE('',#15388,#15389);
#15388 = CARTESIAN_POINT('',(-249.4499985058,72.304999999951,69.21));
#15389 = VECTOR('',#15390,1.);
#15390 = DIRECTION('',(0.,0.,1.));
#15391 = ORIENTED_EDGE('',*,*,#10446,.F.);
#15392 = ORIENTED_EDGE('',*,*,#15370,.T.);
#15393 = ORIENTED_EDGE('',*,*,#6469,.T.);
#15394 = CYLINDRICAL_SURFACE('',#15395,3.9999985059);
#15395 = AXIS2_PLACEMENT_3D('',#15396,#15397,#15398);
#15396 = CARTESIAN_POINT('',(-249.4500014941,76.30499850585,69.21));
#15397 = DIRECTION('',(-0.,-0.,-1.));
#15398 = DIRECTION('',(-1.,2.7166401928E-07,0.));
#15399 = ADVANCED_FACE('',(#15400),#15410,.F.);
#15400 = FACE_BOUND('',#15401,.F.);
#15401 = EDGE_LOOP('',(#15402,#15408,#15409));
#15402 = ORIENTED_EDGE('',*,*,#15403,.F.);
#15403 = EDGE_CURVE('',#10370,#6453,#15404,.T.);
#15404 = LINE('',#15405,#15406);
#15405 = CARTESIAN_POINT('',(-249.4499973853,72.304999999951,69.21));
#15406 = VECTOR('',#15407,1.);
#15407 = DIRECTION('',(0.,0.,1.));
#15408 = ORIENTED_EDGE('',*,*,#15386,.T.);
#15409 = ORIENTED_EDGE('',*,*,#6460,.T.);
#15410 = CYLINDRICAL_SURFACE('',#15411,1.5);
#15411 = AXIS2_PLACEMENT_3D('',#15412,#15413,#15414);
#15412 = CARTESIAN_POINT('',(-249.4499973853,70.804999999951,69.21));
#15413 = DIRECTION('',(0.,0.,-1.));
#15414 = DIRECTION('',(-1.,-7.4705057245E-07,0.));
#15415 = ADVANCED_FACE('',(#15416),#15422,.T.);
#15416 = FACE_BOUND('',#15417,.T.);
#15417 = EDGE_LOOP('',(#15418,#15419,#15420,#15421));
#15418 = ORIENTED_EDGE('',*,*,#10369,.F.);
#15419 = ORIENTED_EDGE('',*,*,#15256,.T.);
#15420 = ORIENTED_EDGE('',*,*,#6452,.T.);
#15421 = ORIENTED_EDGE('',*,*,#15403,.F.);
#15422 = PLANE('',#15423);
#15423 = AXIS2_PLACEMENT_3D('',#15424,#15425,#15426);
#15424 = CARTESIAN_POINT('',(-166.1874999999,72.304999999999,69.21));
#15425 = DIRECTION('',(5.7786E-13,-1.,0.));
#15426 = DIRECTION('',(-1.,-5.7786E-13,0.));
#15427 = ( GEOMETRIC_REPRESENTATION_CONTEXT(3) 
GLOBAL_UNCERTAINTY_ASSIGNED_CONTEXT((#15431)) 
GLOBAL_UNIT_ASSIGNED_CONTEXT((#15428,#15429,#15430)) 
REPRESENTATION_CONTEXT('Context #1',
  '3D Context with UNIT and UNCERTAINTY') );
#15428 = ( LENGTH_UNIT() NAMED_UNIT(*) SI_UNIT(.MILLI.,.METRE.) );
#15429 = ( NAMED_UNIT(*) PLANE_ANGLE_UNIT() SI_UNIT($,.RADIAN.) );
#15430 = ( NAMED_UNIT(*) SI_UNIT($,.STERADIAN.) SOLID_ANGLE_UNIT() );
#15431 = UNCERTAINTY_MEASURE_WITH_UNIT(LENGTH_MEASURE(2.E-05),#15428,
  'distance_accuracy_value','confusion accuracy');
#15432 = PRODUCT_RELATED_PRODUCT_CATEGORY('part',$,(#7));
ENDSEC;
END-ISO-10303-21;
