ISO-10303-21;
HEADER;
FILE_DESCRIPTION(('FreeCAD Model'),'2;1');
FILE_NAME('Open CASCADE Shape Model','2026-09-25T18:28:57',('Author'),(
    ''),'Open CASCADE STEP processor 7.8','FreeCAD','Unknown');
FILE_SCHEMA(('AUTOMOTIVE_DESIGN { 1 0 10303 214 1 1 1 1 }'));
ENDSEC;
DATA;
#1 = APPLICATION_PROTOCOL_DEFINITION('international standard',
  'automotive_design',2000,#2);
#2 = APPLICATION_CONTEXT(
  'core data for automotive mechanical design processes');
#3 = SHAPE_DEFINITION_REPRESENTATION(#4,#10);
#4 = PRODUCT_DEFINITION_SHAPE('','',#5);
#5 = PRODUCT_DEFINITION('design','',#6,#9);
#6 = PRODUCT_DEFINITION_FORMATION('','',#7);
#7 = PRODUCT('Plate_Right','Plate_Right','',(#8));
#8 = PRODUCT_CONTEXT('',#2,'mechanical');
#9 = PRODUCT_DEFINITION_CONTEXT('part definition',#2,'design');
#10 = ADVANCED_BREP_SHAPE_REPRESENTATION('',(#11,#15),#15650);
#11 = AXIS2_PLACEMENT_3D('',#12,#13,#14);
#12 = CARTESIAN_POINT('',(0.,0.,0.));
#13 = DIRECTION('',(0.,0.,1.));
#14 = DIRECTION('',(1.,0.,-0.));
#15 = MANIFOLD_SOLID_BREP('',#16);
#16 = CLOSED_SHELL('',(#17,#1783,#1847,#1872,#1896,#1922,#1979,#2004,
    #2029,#2055,#2081,#2106,#2131,#2157,#2182,#2207,#2233,#2258,#2283,
    #2309,#2334,#2359,#2385,#2411,#2436,#2461,#2487,#2512,#2537,#2563,
    #2580,#2611,#2635,#2659,#2676,#2707,#2731,#2755,#2772,#2803,#2827,
    #2851,#2868,#2899,#2923,#2947,#2964,#2995,#3019,#3043,#3060,#3091,
    #3115,#3139,#3156,#3187,#3211,#3235,#3252,#3283,#3307,#3331,#3348,
    #3379,#3403,#3427,#3444,#3475,#3499,#3523,#3540,#3571,#3595,#3619,
    #3636,#3667,#3691,#3715,#3732,#3763,#3787,#3811,#3828,#3853,#3884,
    #3908,#3932,#3949,#3980,#4004,#4028,#4045,#4076,#4100,#4124,#4141,
    #4166,#4197,#4221,#4245,#4262,#4287,#4326,#4350,#4390,#4414,#4438,
    #4455,#4487,#4511,#4535,#4560,#4585,#4609,#4633,#4651,#4682,#4706,
    #4730,#4747,#4778,#4802,#4826,#4843,#4874,#4898,#4922,#4939,#4998,
    #5029,#5053,#5077,#5094,#5125,#5149,#5173,#5190,#5221,#5245,#5269,
    #5293,#5317,#5341,#5365,#5389,#5413,#5437,#5461,#5485,#5509,#5533,
    #5557,#5581,#5605,#5629,#5653,#5677,#5701,#5725,#5749,#5773,#5797,
    #5821,#5845,#5869,#5893,#5917,#5941,#5965,#5989,#6013,#6037,#6061,
    #6085,#6109,#6133,#6150,#6175,#6206,#6230,#6254,#6271,#6302,#6326,
    #6350,#6367,#6398,#6422,#6446,#6463,#6494,#6518,#6542,#6559,#6590,
    #6614,#6638,#6655,#6686,#6710,#6734,#6751,#6776,#6807,#6831,#6855,
    #6872,#6897,#6922,#8638,#8661,#8685,#9291,#9308,#9325,#9348,#9365,
    #9382,#9399,#9416,#9433,#9450,#9467,#9484,#9501,#9518,#9535,#9552,
    #9569,#9586,#9603,#9620,#9637,#9654,#9671,#9688,#9705,#9722,#9739,
    #9756,#9768,#9814,#9860,#9906,#9952,#9998,#10044,#10090,#10136,
    #10182,#10305,#10351,#10397,#10443,#10489,#10535,#10581,#10627,
    #10661,#10678,#10690,#10736,#10782,#10799,#10816,#10862,#11168,
    #11214,#11260,#11306,#11352,#11398,#11444,#11490,#11514,#11537,
    #11561,#11584,#11599,#11623,#11638,#11661,#11685,#11708,#11723,
    #11747,#11762,#11785,#11800,#11824,#11839,#11862,#11886,#11909,
    #11924,#11948,#11963,#11986,#12010,#12033,#12048,#12072,#12087,
    #12110,#12125,#12149,#12164,#12187,#12211,#12234,#12258,#12281,
    #12296,#12320,#12335,#12358,#12376,#12401,#12423,#12440,#12457,
    #12469,#12491,#12508,#12525,#12537,#12559,#12576,#12593,#12605,
    #12627,#12644,#12661,#12673,#12695,#12712,#12729,#12741,#12763,
    #12780,#12797,#12809,#12831,#12848,#12865,#12877,#12899,#12916,
    #12933,#12945,#12967,#12984,#13001,#13013,#13035,#13052,#13069,
    #13081,#13103,#13120,#13137,#13149,#13174,#13196,#13213,#13230,
    #13242,#13264,#13281,#13298,#13310,#13332,#13349,#13366,#13378,
    #13400,#13417,#13434,#13446,#13468,#13485,#13502,#13514,#13536,
    #13553,#13570,#13582,#13604,#13621,#13638,#13650,#13667,#13684,
    #13701,#13718,#13735,#13752,#13769,#13786,#13803,#13820,#13832,
    #13854,#13871,#13888,#13900,#13922,#13939,#13956,#13973,#13990,
    #14007,#14024,#14041,#14058,#14075,#14092,#14109,#14126,#14143,
    #14160,#14177,#14194,#14211,#14228,#14245,#14262,#14279,#14296,
    #14313,#14330,#14347,#14364,#14381,#14398,#14415,#14432,#14444,
    #14466,#14483,#14500,#14512,#14534,#14551,#14568,#14580,#14602,
    #14619,#14636,#14648,#14670,#14687,#14704,#14716,#14738,#14755,
    #14772,#14784,#14806,#14823,#14840,#14852,#14874,#14891,#14908,
    #14920,#14937,#14954,#14971,#14988,#15005,#15021,#15038,#15054,
    #15071,#15088,#15105,#15121,#15138,#15154,#15171,#15187,#15204,
    #15220,#15237,#15254,#15271,#15287,#15304,#15320,#15337,#15354,
    #15371,#15387,#15404,#15420,#15437,#15453,#15470,#15486,#15503,
    #15520,#15537,#15554,#15571,#15587,#15604,#15620,#15632,#15641));
#17 = ADVANCED_FACE('',(#18,#262,#296,#330,#364,#398,#432,#466,#500,#534
    ,#568,#602,#636,#670,#704,#715,#749,#783,#817,#828,#862,#873,#923,
    #993,#1027,#1061,#1095,#1106,#1140,#1174,#1496,#1507,#1541,#1575,
    #1609,#1643,#1677,#1711,#1722,#1756,#1767),#1778,.F.);
#18 = FACE_BOUND('',#19,.F.);
#19 = EDGE_LOOP('',(#20,#30,#38,#47,#55,#64,#72,#81,#89,#97,#106,#114,
    #123,#131,#139,#148,#156,#164,#173,#181,#190,#198,#206,#215,#223,
    #231,#240,#248,#256));
#20 = ORIENTED_EDGE('',*,*,#21,.T.);
#21 = EDGE_CURVE('',#22,#24,#26,.T.);
#22 = VERTEX_POINT('',#23);
#23 = CARTESIAN_POINT('',(358.8875,111.995676,51.5));
#24 = VERTEX_POINT('',#25);
#25 = CARTESIAN_POINT('',(362.3875,111.995676,51.5));
#26 = LINE('',#27,#28);
#27 = CARTESIAN_POINT('',(315.48132902303,111.995676,51.5));
#28 = VECTOR('',#29,1.);
#29 = DIRECTION('',(1.,0.,0.));
#30 = ORIENTED_EDGE('',*,*,#31,.T.);
#31 = EDGE_CURVE('',#24,#32,#34,.T.);
#32 = VERTEX_POINT('',#33);
#33 = CARTESIAN_POINT('',(362.3875,98.692824244835,51.5));
#34 = LINE('',#35,#36);
#35 = CARTESIAN_POINT('',(362.3875,111.995676,51.5));
#36 = VECTOR('',#37,1.);
#37 = DIRECTION('',(-0.,-1.,-0.));
#38 = ORIENTED_EDGE('',*,*,#39,.T.);
#39 = EDGE_CURVE('',#32,#40,#42,.T.);
#40 = VERTEX_POINT('',#41);
#41 = CARTESIAN_POINT('',(361.43340617667,95.854129665364,51.5));
#42 = CIRCLE('',#43,4.7);
#43 = AXIS2_PLACEMENT_3D('',#44,#45,#46);
#44 = CARTESIAN_POINT('',(357.6875,98.692824244835,51.5));
#45 = DIRECTION('',(0.,0.,-1.));
#46 = DIRECTION('',(1.,0.,0.));
#47 = ORIENTED_EDGE('',*,*,#48,.T.);
#48 = EDGE_CURVE('',#40,#49,#51,.T.);
#49 = VERTEX_POINT('',#50);
#50 = CARTESIAN_POINT('',(345.5813755483,74.935986560728,51.5));
#51 = LINE('',#52,#53);
#52 = CARTESIAN_POINT('',(361.43340617667,95.854129665365,51.5));
#53 = VECTOR('',#54,1.);
#54 = DIRECTION('',(-0.6039775701,-0.797001314187,0.));
#55 = ORIENTED_EDGE('',*,*,#56,.T.);
#56 = EDGE_CURVE('',#49,#57,#59,.T.);
#57 = VERTEX_POINT('',#58);
#58 = CARTESIAN_POINT('',(342.94863742156,73.208407136796,51.5));
#59 = CIRCLE('',#60,4.699994067197);
#60 = AXIS2_PLACEMENT_3D('',#61,#62,#63);
#61 = CARTESIAN_POINT('',(341.83547268547,77.774675690221,51.5));
#62 = DIRECTION('',(0.,-0.,-1.));
#63 = DIRECTION('',(0.797001571389,-0.6039772307,0.));
#64 = ORIENTED_EDGE('',*,*,#65,.T.);
#65 = EDGE_CURVE('',#57,#66,#68,.T.);
#66 = VERTEX_POINT('',#67);
#67 = CARTESIAN_POINT('',(243.61921100635,48.993770496997,51.5));
#68 = LINE('',#69,#70);
#69 = CARTESIAN_POINT('',(342.94863658195,73.208406932116,51.5));
#70 = VECTOR('',#71,1.);
#71 = DIRECTION('',(-0.971547471262,-0.236844909348,0.));
#72 = ORIENTED_EDGE('',*,*,#73,.T.);
#73 = EDGE_CURVE('',#66,#74,#76,.T.);
#74 = VERTEX_POINT('',#75);
#75 = CARTESIAN_POINT('',(241.36610533443,49.000376867744,51.5));
#76 = CIRCLE('',#77,4.700347382859);
#77 = AXIS2_PLACEMENT_3D('',#78,#79,#80);
#78 = CARTESIAN_POINT('',(242.5060383818,53.560400789509,51.5));
#79 = DIRECTION('',(0.,-0.,-1.));
#80 = DIRECTION('',(0.236830232959,-0.971551048971,0.));
#81 = ORIENTED_EDGE('',*,*,#82,.T.);
#82 = EDGE_CURVE('',#74,#83,#85,.T.);
#83 = VERTEX_POINT('',#84);
#84 = CARTESIAN_POINT('',(229.28732500495,52.020072194008,51.5));
#85 = LINE('',#86,#87);
#86 = CARTESIAN_POINT('',(241.36611703223,49.000373943394,51.5));
#87 = VECTOR('',#88,1.);
#88 = DIRECTION('',(-0.970142495538,0.242535643466,0.));
#89 = ORIENTED_EDGE('',*,*,#90,.T.);
#90 = EDGE_CURVE('',#83,#91,#93,.T.);
#91 = VERTEX_POINT('',#92);
#92 = CARTESIAN_POINT('',(220.93057445057,44.052018536596,51.5));
#93 = LINE('',#94,#95);
#94 = CARTESIAN_POINT('',(228.96854659917,51.716121103738,51.5));
#95 = VECTOR('',#96,1.);
#96 = DIRECTION('',(-0.723738013172,-0.690074842528,0.));
#97 = ORIENTED_EDGE('',*,*,#98,.T.);
#98 = EDGE_CURVE('',#91,#99,#101,.T.);
#99 = VERTEX_POINT('',#100);
#100 = CARTESIAN_POINT('',(214.34062363907,44.153451975115,51.5));
#101 = CIRCLE('',#102,4.699925802067);
#102 = AXIS2_PLACEMENT_3D('',#103,#104,#105);
#103 = CARTESIAN_POINT('',(217.68717352366,47.453437795531,51.5));
#104 = DIRECTION('',(0.,-0.,-1.));
#105 = DIRECTION('',(0.690093091711,-0.723720612372,0.));
#106 = ORIENTED_EDGE('',*,*,#107,.T.);
#107 = EDGE_CURVE('',#99,#108,#110,.T.);
#108 = VERTEX_POINT('',#109);
#109 = CARTESIAN_POINT('',(181.61628839315,77.33869398717,51.5));
#110 = LINE('',#111,#112);
#111 = CARTESIAN_POINT('',(214.34061647875,44.153459236409,51.5));
#112 = VECTOR('',#113,1.);
#113 = DIRECTION('',(-0.702144803716,0.712034180791,0.));
#114 = ORIENTED_EDGE('',*,*,#115,.T.);
#115 = EDGE_CURVE('',#108,#116,#118,.T.);
#116 = VERTEX_POINT('',#117);
#117 = CARTESIAN_POINT('',(181.64006862977,83.962849174661,51.5));
#118 = CIRCLE('',#119,4.699981858872);
#119 = AXIS2_PLACEMENT_3D('',#120,#121,#122);
#120 = CARTESIAN_POINT('',(184.96279795095,80.638800539042,51.5));
#121 = DIRECTION('',(-0.,0.,-1.));
#122 = DIRECTION('',(-0.712027239893,-0.702151842304,0.));
#123 = ORIENTED_EDGE('',*,*,#124,.T.);
#124 = EDGE_CURVE('',#116,#125,#127,.T.);
#125 = VERTEX_POINT('',#126);
#126 = CARTESIAN_POINT('',(192.3,94.618680442925,51.5));
#127 = LINE('',#128,#129);
#128 = CARTESIAN_POINT('',(181.64007210298,83.962852646507,51.5));
#129 = VECTOR('',#130,1.);
#130 = DIRECTION('',(0.70724278059,0.706970755621,0.));
#131 = ORIENTED_EDGE('',*,*,#132,.T.);
#132 = EDGE_CURVE('',#125,#133,#135,.T.);
#133 = VERTEX_POINT('',#134);
#134 = CARTESIAN_POINT('',(192.3,163.5,51.5));
#135 = LINE('',#136,#137);
#136 = CARTESIAN_POINT('',(192.3,94.95014143756,51.5));
#137 = VECTOR('',#138,1.);
#138 = DIRECTION('',(-1.0861E-13,1.,0.));
#139 = ORIENTED_EDGE('',*,*,#140,.T.);
#140 = EDGE_CURVE('',#133,#141,#143,.T.);
#141 = VERTEX_POINT('',#142);
#142 = CARTESIAN_POINT('',(197.0000020171,168.19999999999,51.5));
#143 = CIRCLE('',#144,4.69999850585);
#144 = AXIS2_PLACEMENT_3D('',#145,#146,#147);
#145 = CARTESIAN_POINT('',(196.99999850585,163.50000149415,51.5));
#146 = DIRECTION('',(-0.,0.,-1.));
#147 = DIRECTION('',(-1.,-2.7166378997E-07,0.));
#148 = ORIENTED_EDGE('',*,*,#149,.T.);
#149 = EDGE_CURVE('',#141,#150,#152,.T.);
#150 = VERTEX_POINT('',#151);
#151 = CARTESIAN_POINT('',(232.53006461373,168.2,51.5));
#152 = LINE('',#153,#154);
#153 = CARTESIAN_POINT('',(197.00000261476,168.19999999999,51.5));
#154 = VECTOR('',#155,1.);
#155 = DIRECTION('',(1.,3.413E-14,0.));
#156 = ORIENTED_EDGE('',*,*,#157,.T.);
#157 = EDGE_CURVE('',#150,#158,#160,.T.);
#158 = VERTEX_POINT('',#159);
#159 = CARTESIAN_POINT('',(251.26013522039,174.92361463084,51.5));
#160 = LINE('',#161,#162);
#161 = CARTESIAN_POINT('',(232.66111648292,168.24704425752,51.5));
#162 = VECTOR('',#163,1.);
#163 = DIRECTION('',(0.941194678092,0.337864733187,0.));
#164 = ORIENTED_EDGE('',*,*,#165,.T.);
#165 = EDGE_CURVE('',#158,#166,#168,.T.);
#166 = VERTEX_POINT('',#167);
#167 = CARTESIAN_POINT('',(252.84810080538,175.19999999999,51.5));
#168 = CIRCLE('',#169,4.699993937506);
#169 = AXIS2_PLACEMENT_3D('',#170,#171,#172);
#170 = CARTESIAN_POINT('',(252.84809940342,170.50000606249,51.5));
#171 = DIRECTION('',(0.,0.,-1.));
#172 = DIRECTION('',(-0.33786509416,0.941194548512,0.));
#173 = ORIENTED_EDGE('',*,*,#174,.T.);
#174 = EDGE_CURVE('',#166,#175,#177,.T.);
#175 = VERTEX_POINT('',#176);
#176 = CARTESIAN_POINT('',(274.83333546195,175.20000000055,51.5));
#177 = LINE('',#178,#179);
#178 = CARTESIAN_POINT('',(252.84810104403,175.19999999999,51.5));
#179 = VECTOR('',#180,1.);
#180 = DIRECTION('',(1.,2.553108E-11,0.));
#181 = ORIENTED_EDGE('',*,*,#182,.T.);
#182 = EDGE_CURVE('',#175,#183,#185,.T.);
#183 = VERTEX_POINT('',#184);
#184 = CARTESIAN_POINT('',(277.6533249311,174.26000605241,51.5));
#185 = CIRCLE('',#186,4.699826507497);
#186 = AXIS2_PLACEMENT_3D('',#187,#188,#189);
#187 = CARTESIAN_POINT('',(274.83339083111,170.50017349333,51.5));
#188 = DIRECTION('',(0.,0.,-1.));
#189 = DIRECTION('',(-1.006744072212E-05,0.999999999949,0.));
#190 = ORIENTED_EDGE('',*,*,#191,.T.);
#191 = EDGE_CURVE('',#183,#192,#194,.T.);
#192 = VERTEX_POINT('',#193);
#193 = CARTESIAN_POINT('',(282.40000030807,170.69999999999,51.5));
#194 = LINE('',#195,#196);
#195 = CARTESIAN_POINT('',(277.65333147415,174.26000114507,51.5));
#196 = VECTOR('',#197,1.);
#197 = DIRECTION('',(0.80000003886,-0.599999948186,0.));
#198 = ORIENTED_EDGE('',*,*,#199,.T.);
#199 = EDGE_CURVE('',#192,#200,#202,.T.);
#200 = VERTEX_POINT('',#201);
#201 = CARTESIAN_POINT('',(295.09427971865,170.7,51.5));
#202 = LINE('',#203,#204);
#203 = CARTESIAN_POINT('',(282.66666694595,170.69999999999,51.5));
#204 = VECTOR('',#205,1.);
#205 = DIRECTION('',(1.,3.3347E-13,0.));
#206 = ORIENTED_EDGE('',*,*,#207,.T.);
#207 = EDGE_CURVE('',#200,#208,#210,.T.);
#208 = VERTEX_POINT('',#209);
#209 = CARTESIAN_POINT('',(296.92566702812,170.32853386337,51.5));
#210 = CIRCLE('',#211,4.699734140011);
#211 = AXIS2_PLACEMENT_3D('',#212,#213,#214);
#212 = CARTESIAN_POINT('',(295.09438412091,166.00026586098,51.5));
#213 = DIRECTION('',(0.,0.,-1.));
#214 = DIRECTION('',(-1.898314809308E-05,0.99999999982,0.));
#215 = ORIENTED_EDGE('',*,*,#216,.T.);
#216 = EDGE_CURVE('',#208,#217,#219,.T.);
#217 = VERTEX_POINT('',#218);
#218 = CARTESIAN_POINT('',(309.02304056286,165.2104136443,51.5));
#219 = LINE('',#220,#221);
#220 = CARTESIAN_POINT('',(296.92568036398,170.32852822112,51.5));
#221 = VECTOR('',#222,1.);
#222 = DIRECTION('',(0.920967233406,-0.389640032584,0.));
#223 = ORIENTED_EDGE('',*,*,#224,.F.);
#224 = EDGE_CURVE('',#225,#217,#227,.T.);
#225 = VERTEX_POINT('',#226);
#226 = CARTESIAN_POINT('',(357.59831085667,166.13236407203,51.5));
#227 = LINE('',#228,#229);
#228 = CARTESIAN_POINT('',(357.59831085667,166.13236407203,51.5));
#229 = VECTOR('',#230,1.);
#230 = DIRECTION('',(-0.999819931654,-1.897641347271E-02,-0.));
#231 = ORIENTED_EDGE('',*,*,#232,.F.);
#232 = EDGE_CURVE('',#233,#225,#235,.T.);
#233 = VERTEX_POINT('',#234);
#234 = CARTESIAN_POINT('',(362.3875,161.43321039326,51.5));
#235 = CIRCLE('',#236,4.7);
#236 = AXIS2_PLACEMENT_3D('',#237,#238,#239);
#237 = CARTESIAN_POINT('',(357.6875,161.43321039326,51.5));
#238 = DIRECTION('',(-0.,0.,1.));
#239 = DIRECTION('',(1.,-1.55E-14,0.));
#240 = ORIENTED_EDGE('',*,*,#241,.F.);
#241 = EDGE_CURVE('',#242,#233,#244,.T.);
#242 = VERTEX_POINT('',#243);
#243 = CARTESIAN_POINT('',(362.3875,132.395676,51.5));
#244 = LINE('',#245,#246);
#245 = CARTESIAN_POINT('',(362.3875,132.395676,51.5));
#246 = VECTOR('',#247,1.);
#247 = DIRECTION('',(0.,1.,0.));
#248 = ORIENTED_EDGE('',*,*,#249,.F.);
#249 = EDGE_CURVE('',#250,#242,#252,.T.);
#250 = VERTEX_POINT('',#251);
#251 = CARTESIAN_POINT('',(358.8875,132.395676,51.5));
#252 = LINE('',#253,#254);
#253 = CARTESIAN_POINT('',(315.48132902303,132.395676,51.5));
#254 = VECTOR('',#255,1.);
#255 = DIRECTION('',(1.,0.,0.));
#256 = ORIENTED_EDGE('',*,*,#257,.T.);
#257 = EDGE_CURVE('',#250,#22,#258,.T.);
#258 = LINE('',#259,#260);
#259 = CARTESIAN_POINT('',(358.8875,110.48621599858,51.5));
#260 = VECTOR('',#261,1.);
#261 = DIRECTION('',(0.,-1.,0.));
#262 = FACE_BOUND('',#263,.F.);
#263 = EDGE_LOOP('',(#264,#274,#282,#290));
#264 = ORIENTED_EDGE('',*,*,#265,.T.);
#265 = EDGE_CURVE('',#266,#268,#270,.T.);
#266 = VERTEX_POINT('',#267);
#267 = CARTESIAN_POINT('',(216.55,152.055676,51.5));
#268 = VERTEX_POINT('',#269);
#269 = CARTESIAN_POINT('',(202.55,152.055676,51.5));
#270 = LINE('',#271,#272);
#271 = CARTESIAN_POINT('',(237.31257902303,152.055676,51.5));
#272 = VECTOR('',#273,1.);
#273 = DIRECTION('',(-1.,1.E-15,0.));
#274 = ORIENTED_EDGE('',*,*,#275,.T.);
#275 = EDGE_CURVE('',#268,#276,#278,.T.);
#276 = VERTEX_POINT('',#277);
#277 = CARTESIAN_POINT('',(202.55,138.055676,51.5));
#278 = LINE('',#279,#280);
#279 = CARTESIAN_POINT('',(202.55,123.51621599858,51.5));
#280 = VECTOR('',#281,1.);
#281 = DIRECTION('',(-1.E-15,-1.,-0.));
#282 = ORIENTED_EDGE('',*,*,#283,.T.);
#283 = EDGE_CURVE('',#276,#284,#286,.T.);
#284 = VERTEX_POINT('',#285);
#285 = CARTESIAN_POINT('',(216.55,138.055676,51.5));
#286 = LINE('',#287,#288);
#287 = CARTESIAN_POINT('',(244.31257902303,138.055676,51.5));
#288 = VECTOR('',#289,1.);
#289 = DIRECTION('',(1.,-1.E-15,0.));
#290 = ORIENTED_EDGE('',*,*,#291,.T.);
#291 = EDGE_CURVE('',#284,#266,#292,.T.);
#292 = LINE('',#293,#294);
#293 = CARTESIAN_POINT('',(216.55,130.51621599858,51.5));
#294 = VECTOR('',#295,1.);
#295 = DIRECTION('',(1.E-15,1.,0.));
#296 = FACE_BOUND('',#297,.F.);
#297 = EDGE_LOOP('',(#298,#308,#316,#324));
#298 = ORIENTED_EDGE('',*,*,#299,.T.);
#299 = EDGE_CURVE('',#300,#302,#304,.T.);
#300 = VERTEX_POINT('',#301);
#301 = CARTESIAN_POINT('',(235.6,156.818176,51.5));
#302 = VERTEX_POINT('',#303);
#303 = CARTESIAN_POINT('',(221.6,156.818176,51.5));
#304 = LINE('',#305,#306);
#305 = CARTESIAN_POINT('',(246.83757902303,156.818176,51.5));
#306 = VECTOR('',#307,1.);
#307 = DIRECTION('',(-1.,1.E-15,0.));
#308 = ORIENTED_EDGE('',*,*,#309,.T.);
#309 = EDGE_CURVE('',#302,#310,#312,.T.);
#310 = VERTEX_POINT('',#311);
#311 = CARTESIAN_POINT('',(221.6,142.818176,51.5));
#312 = LINE('',#313,#314);
#313 = CARTESIAN_POINT('',(221.6,125.89746599858,51.5));
#314 = VECTOR('',#315,1.);
#315 = DIRECTION('',(-1.E-15,-1.,0.));
#316 = ORIENTED_EDGE('',*,*,#317,.T.);
#317 = EDGE_CURVE('',#310,#318,#320,.T.);
#318 = VERTEX_POINT('',#319);
#319 = CARTESIAN_POINT('',(235.6,142.818176,51.5));
#320 = LINE('',#321,#322);
#321 = CARTESIAN_POINT('',(253.83757902303,142.818176,51.5));
#322 = VECTOR('',#323,1.);
#323 = DIRECTION('',(1.,-1.E-15,0.));
#324 = ORIENTED_EDGE('',*,*,#325,.T.);
#325 = EDGE_CURVE('',#318,#300,#326,.T.);
#326 = LINE('',#327,#328);
#327 = CARTESIAN_POINT('',(235.6,132.89746599858,51.5));
#328 = VECTOR('',#329,1.);
#329 = DIRECTION('',(1.E-15,1.,0.));
#330 = FACE_BOUND('',#331,.F.);
#331 = EDGE_LOOP('',(#332,#342,#350,#358));
#332 = ORIENTED_EDGE('',*,*,#333,.T.);
#333 = EDGE_CURVE('',#334,#336,#338,.T.);
#334 = VERTEX_POINT('',#335);
#335 = CARTESIAN_POINT('',(254.65,161.580676,51.5));
#336 = VERTEX_POINT('',#337);
#337 = CARTESIAN_POINT('',(240.65,161.580676,51.5));
#338 = LINE('',#339,#340);
#339 = CARTESIAN_POINT('',(256.36257902303,161.580676,51.5));
#340 = VECTOR('',#341,1.);
#341 = DIRECTION('',(-1.,1.E-15,0.));
#342 = ORIENTED_EDGE('',*,*,#343,.T.);
#343 = EDGE_CURVE('',#336,#344,#346,.T.);
#344 = VERTEX_POINT('',#345);
#345 = CARTESIAN_POINT('',(240.65,147.580676,51.5));
#346 = LINE('',#347,#348);
#347 = CARTESIAN_POINT('',(240.65,128.27871599858,51.5));
#348 = VECTOR('',#349,1.);
#349 = DIRECTION('',(-1.E-15,-1.,0.));
#350 = ORIENTED_EDGE('',*,*,#351,.T.);
#351 = EDGE_CURVE('',#344,#352,#354,.T.);
#352 = VERTEX_POINT('',#353);
#353 = CARTESIAN_POINT('',(254.65,147.580676,51.5));
#354 = LINE('',#355,#356);
#355 = CARTESIAN_POINT('',(263.36257902303,147.580676,51.5));
#356 = VECTOR('',#357,1.);
#357 = DIRECTION('',(1.,-1.E-15,0.));
#358 = ORIENTED_EDGE('',*,*,#359,.T.);
#359 = EDGE_CURVE('',#352,#334,#360,.T.);
#360 = LINE('',#361,#362);
#361 = CARTESIAN_POINT('',(254.65,135.27871599858,51.5));
#362 = VECTOR('',#363,1.);
#363 = DIRECTION('',(1.E-15,1.,0.));
#364 = FACE_BOUND('',#365,.F.);
#365 = EDGE_LOOP('',(#366,#376,#384,#392));
#366 = ORIENTED_EDGE('',*,*,#367,.T.);
#367 = EDGE_CURVE('',#368,#370,#372,.T.);
#368 = VERTEX_POINT('',#369);
#369 = CARTESIAN_POINT('',(273.7,166.343176,51.5));
#370 = VERTEX_POINT('',#371);
#371 = CARTESIAN_POINT('',(259.7,166.343176,51.5));
#372 = LINE('',#373,#374);
#373 = CARTESIAN_POINT('',(265.88757902303,166.343176,51.5));
#374 = VECTOR('',#375,1.);
#375 = DIRECTION('',(-1.,1.E-15,0.));
#376 = ORIENTED_EDGE('',*,*,#377,.T.);
#377 = EDGE_CURVE('',#370,#378,#380,.T.);
#378 = VERTEX_POINT('',#379);
#379 = CARTESIAN_POINT('',(259.7,152.343176,51.5));
#380 = LINE('',#381,#382);
#381 = CARTESIAN_POINT('',(259.7,130.65996599858,51.5));
#382 = VECTOR('',#383,1.);
#383 = DIRECTION('',(-1.E-15,-1.,0.));
#384 = ORIENTED_EDGE('',*,*,#385,.T.);
#385 = EDGE_CURVE('',#378,#386,#388,.T.);
#386 = VERTEX_POINT('',#387);
#387 = CARTESIAN_POINT('',(273.7,152.343176,51.5));
#388 = LINE('',#389,#390);
#389 = CARTESIAN_POINT('',(272.88757902303,152.343176,51.5));
#390 = VECTOR('',#391,1.);
#391 = DIRECTION('',(1.,-1.E-15,0.));
#392 = ORIENTED_EDGE('',*,*,#393,.T.);
#393 = EDGE_CURVE('',#386,#368,#394,.T.);
#394 = LINE('',#395,#396);
#395 = CARTESIAN_POINT('',(273.7,137.65996599858,51.5));
#396 = VECTOR('',#397,1.);
#397 = DIRECTION('',(1.E-15,1.,0.));
#398 = FACE_BOUND('',#399,.F.);
#399 = EDGE_LOOP('',(#400,#410,#418,#426));
#400 = ORIENTED_EDGE('',*,*,#401,.T.);
#401 = EDGE_CURVE('',#402,#404,#406,.T.);
#402 = VERTEX_POINT('',#403);
#403 = CARTESIAN_POINT('',(273.7,147.293176,51.5));
#404 = VERTEX_POINT('',#405);
#405 = CARTESIAN_POINT('',(259.7,147.293176,51.5));
#406 = LINE('',#407,#408);
#407 = CARTESIAN_POINT('',(265.88757902303,147.293176,51.5));
#408 = VECTOR('',#409,1.);
#409 = DIRECTION('',(-1.,1.E-15,0.));
#410 = ORIENTED_EDGE('',*,*,#411,.T.);
#411 = EDGE_CURVE('',#404,#412,#414,.T.);
#412 = VERTEX_POINT('',#413);
#413 = CARTESIAN_POINT('',(259.7,133.293176,51.5));
#414 = LINE('',#415,#416);
#415 = CARTESIAN_POINT('',(259.7,121.13496599858,51.5));
#416 = VECTOR('',#417,1.);
#417 = DIRECTION('',(-1.E-15,-1.,0.));
#418 = ORIENTED_EDGE('',*,*,#419,.T.);
#419 = EDGE_CURVE('',#412,#420,#422,.T.);
#420 = VERTEX_POINT('',#421);
#421 = CARTESIAN_POINT('',(273.7,133.293176,51.5));
#422 = LINE('',#423,#424);
#423 = CARTESIAN_POINT('',(272.88757902303,133.293176,51.5));
#424 = VECTOR('',#425,1.);
#425 = DIRECTION('',(1.,-1.E-15,0.));
#426 = ORIENTED_EDGE('',*,*,#427,.T.);
#427 = EDGE_CURVE('',#420,#402,#428,.T.);
#428 = LINE('',#429,#430);
#429 = CARTESIAN_POINT('',(273.7,128.13496599858,51.5));
#430 = VECTOR('',#431,1.);
#431 = DIRECTION('',(1.E-15,1.,0.));
#432 = FACE_BOUND('',#433,.F.);
#433 = EDGE_LOOP('',(#434,#444,#452,#460));
#434 = ORIENTED_EDGE('',*,*,#435,.T.);
#435 = EDGE_CURVE('',#436,#438,#440,.T.);
#436 = VERTEX_POINT('',#437);
#437 = CARTESIAN_POINT('',(216.55,133.005676,51.5));
#438 = VERTEX_POINT('',#439);
#439 = CARTESIAN_POINT('',(202.55,133.005676,51.5));
#440 = LINE('',#441,#442);
#441 = CARTESIAN_POINT('',(237.31257902303,133.005676,51.5));
#442 = VECTOR('',#443,1.);
#443 = DIRECTION('',(-1.,1.E-15,0.));
#444 = ORIENTED_EDGE('',*,*,#445,.T.);
#445 = EDGE_CURVE('',#438,#446,#448,.T.);
#446 = VERTEX_POINT('',#447);
#447 = CARTESIAN_POINT('',(202.55,119.005676,51.5));
#448 = LINE('',#449,#450);
#449 = CARTESIAN_POINT('',(202.55,113.99121599858,51.5));
#450 = VECTOR('',#451,1.);
#451 = DIRECTION('',(-1.E-15,-1.,-0.));
#452 = ORIENTED_EDGE('',*,*,#453,.T.);
#453 = EDGE_CURVE('',#446,#454,#456,.T.);
#454 = VERTEX_POINT('',#455);
#455 = CARTESIAN_POINT('',(216.55,119.005676,51.5));
#456 = LINE('',#457,#458);
#457 = CARTESIAN_POINT('',(244.31257902303,119.005676,51.5));
#458 = VECTOR('',#459,1.);
#459 = DIRECTION('',(1.,-1.E-15,0.));
#460 = ORIENTED_EDGE('',*,*,#461,.T.);
#461 = EDGE_CURVE('',#454,#436,#462,.T.);
#462 = LINE('',#463,#464);
#463 = CARTESIAN_POINT('',(216.55,120.99121599858,51.5));
#464 = VECTOR('',#465,1.);
#465 = DIRECTION('',(1.E-15,1.,0.));
#466 = FACE_BOUND('',#467,.F.);
#467 = EDGE_LOOP('',(#468,#478,#486,#494));
#468 = ORIENTED_EDGE('',*,*,#469,.T.);
#469 = EDGE_CURVE('',#470,#472,#474,.T.);
#470 = VERTEX_POINT('',#471);
#471 = CARTESIAN_POINT('',(235.6,137.768176,51.5));
#472 = VERTEX_POINT('',#473);
#473 = CARTESIAN_POINT('',(221.6,137.768176,51.5));
#474 = LINE('',#475,#476);
#475 = CARTESIAN_POINT('',(246.83757902303,137.768176,51.5));
#476 = VECTOR('',#477,1.);
#477 = DIRECTION('',(-1.,1.E-15,0.));
#478 = ORIENTED_EDGE('',*,*,#479,.T.);
#479 = EDGE_CURVE('',#472,#480,#482,.T.);
#480 = VERTEX_POINT('',#481);
#481 = CARTESIAN_POINT('',(221.6,123.768176,51.5));
#482 = LINE('',#483,#484);
#483 = CARTESIAN_POINT('',(221.6,116.37246599858,51.5));
#484 = VECTOR('',#485,1.);
#485 = DIRECTION('',(-1.E-15,-1.,0.));
#486 = ORIENTED_EDGE('',*,*,#487,.T.);
#487 = EDGE_CURVE('',#480,#488,#490,.T.);
#488 = VERTEX_POINT('',#489);
#489 = CARTESIAN_POINT('',(235.6,123.768176,51.5));
#490 = LINE('',#491,#492);
#491 = CARTESIAN_POINT('',(253.83757902303,123.768176,51.5));
#492 = VECTOR('',#493,1.);
#493 = DIRECTION('',(1.,-1.E-15,0.));
#494 = ORIENTED_EDGE('',*,*,#495,.T.);
#495 = EDGE_CURVE('',#488,#470,#496,.T.);
#496 = LINE('',#497,#498);
#497 = CARTESIAN_POINT('',(235.6,123.37246599858,51.5));
#498 = VECTOR('',#499,1.);
#499 = DIRECTION('',(1.E-15,1.,0.));
#500 = FACE_BOUND('',#501,.F.);
#501 = EDGE_LOOP('',(#502,#512,#520,#528));
#502 = ORIENTED_EDGE('',*,*,#503,.T.);
#503 = EDGE_CURVE('',#504,#506,#508,.T.);
#504 = VERTEX_POINT('',#505);
#505 = CARTESIAN_POINT('',(254.65,142.530676,51.5));
#506 = VERTEX_POINT('',#507);
#507 = CARTESIAN_POINT('',(240.65,142.530676,51.5));
#508 = LINE('',#509,#510);
#509 = CARTESIAN_POINT('',(256.36257902303,142.530676,51.5));
#510 = VECTOR('',#511,1.);
#511 = DIRECTION('',(-1.,1.E-15,0.));
#512 = ORIENTED_EDGE('',*,*,#513,.T.);
#513 = EDGE_CURVE('',#506,#514,#516,.T.);
#514 = VERTEX_POINT('',#515);
#515 = CARTESIAN_POINT('',(240.65,128.530676,51.5));
#516 = LINE('',#517,#518);
#517 = CARTESIAN_POINT('',(240.65,118.75371599858,51.5));
#518 = VECTOR('',#519,1.);
#519 = DIRECTION('',(-1.E-15,-1.,0.));
#520 = ORIENTED_EDGE('',*,*,#521,.T.);
#521 = EDGE_CURVE('',#514,#522,#524,.T.);
#522 = VERTEX_POINT('',#523);
#523 = CARTESIAN_POINT('',(254.65,128.530676,51.5));
#524 = LINE('',#525,#526);
#525 = CARTESIAN_POINT('',(263.36257902303,128.530676,51.5));
#526 = VECTOR('',#527,1.);
#527 = DIRECTION('',(1.,-1.E-15,0.));
#528 = ORIENTED_EDGE('',*,*,#529,.T.);
#529 = EDGE_CURVE('',#522,#504,#530,.T.);
#530 = LINE('',#531,#532);
#531 = CARTESIAN_POINT('',(254.65,125.75371599858,51.5));
#532 = VECTOR('',#533,1.);
#533 = DIRECTION('',(1.E-15,1.,0.));
#534 = FACE_BOUND('',#535,.F.);
#535 = EDGE_LOOP('',(#536,#546,#554,#562));
#536 = ORIENTED_EDGE('',*,*,#537,.T.);
#537 = EDGE_CURVE('',#538,#540,#542,.T.);
#538 = VERTEX_POINT('',#539);
#539 = CARTESIAN_POINT('',(254.65,123.480676,51.5));
#540 = VERTEX_POINT('',#541);
#541 = CARTESIAN_POINT('',(240.65,123.480676,51.5));
#542 = LINE('',#543,#544);
#543 = CARTESIAN_POINT('',(256.36257902303,123.480676,51.5));
#544 = VECTOR('',#545,1.);
#545 = DIRECTION('',(-1.,1.E-15,0.));
#546 = ORIENTED_EDGE('',*,*,#547,.T.);
#547 = EDGE_CURVE('',#540,#548,#550,.T.);
#548 = VERTEX_POINT('',#549);
#549 = CARTESIAN_POINT('',(240.65,109.480676,51.5));
#550 = LINE('',#551,#552);
#551 = CARTESIAN_POINT('',(240.65,109.22871599858,51.5));
#552 = VECTOR('',#553,1.);
#553 = DIRECTION('',(-1.E-15,-1.,0.));
#554 = ORIENTED_EDGE('',*,*,#555,.T.);
#555 = EDGE_CURVE('',#548,#556,#558,.T.);
#556 = VERTEX_POINT('',#557);
#557 = CARTESIAN_POINT('',(254.65,109.480676,51.5));
#558 = LINE('',#559,#560);
#559 = CARTESIAN_POINT('',(263.36257902303,109.480676,51.5));
#560 = VECTOR('',#561,1.);
#561 = DIRECTION('',(1.,-1.E-15,0.));
#562 = ORIENTED_EDGE('',*,*,#563,.T.);
#563 = EDGE_CURVE('',#556,#538,#564,.T.);
#564 = LINE('',#565,#566);
#565 = CARTESIAN_POINT('',(254.65,116.22871599858,51.5));
#566 = VECTOR('',#567,1.);
#567 = DIRECTION('',(1.E-15,1.,0.));
#568 = FACE_BOUND('',#569,.F.);
#569 = EDGE_LOOP('',(#570,#580,#588,#596));
#570 = ORIENTED_EDGE('',*,*,#571,.T.);
#571 = EDGE_CURVE('',#572,#574,#576,.T.);
#572 = VERTEX_POINT('',#573);
#573 = CARTESIAN_POINT('',(273.7,128.243176,51.5));
#574 = VERTEX_POINT('',#575);
#575 = CARTESIAN_POINT('',(259.7,128.243176,51.5));
#576 = LINE('',#577,#578);
#577 = CARTESIAN_POINT('',(265.88757902303,128.243176,51.5));
#578 = VECTOR('',#579,1.);
#579 = DIRECTION('',(-1.,1.E-15,0.));
#580 = ORIENTED_EDGE('',*,*,#581,.T.);
#581 = EDGE_CURVE('',#574,#582,#584,.T.);
#582 = VERTEX_POINT('',#583);
#583 = CARTESIAN_POINT('',(259.7,114.243176,51.5));
#584 = LINE('',#585,#586);
#585 = CARTESIAN_POINT('',(259.7,111.60996599858,51.5));
#586 = VECTOR('',#587,1.);
#587 = DIRECTION('',(-1.E-15,-1.,0.));
#588 = ORIENTED_EDGE('',*,*,#589,.T.);
#589 = EDGE_CURVE('',#582,#590,#592,.T.);
#590 = VERTEX_POINT('',#591);
#591 = CARTESIAN_POINT('',(273.7,114.243176,51.5));
#592 = LINE('',#593,#594);
#593 = CARTESIAN_POINT('',(272.88757902303,114.243176,51.5));
#594 = VECTOR('',#595,1.);
#595 = DIRECTION('',(1.,-1.E-15,0.));
#596 = ORIENTED_EDGE('',*,*,#597,.T.);
#597 = EDGE_CURVE('',#590,#572,#598,.T.);
#598 = LINE('',#599,#600);
#599 = CARTESIAN_POINT('',(273.7,118.60996599858,51.5));
#600 = VECTOR('',#601,1.);
#601 = DIRECTION('',(1.E-15,1.,0.));
#602 = FACE_BOUND('',#603,.F.);
#603 = EDGE_LOOP('',(#604,#614,#622,#630));
#604 = ORIENTED_EDGE('',*,*,#605,.T.);
#605 = EDGE_CURVE('',#606,#608,#610,.T.);
#606 = VERTEX_POINT('',#607);
#607 = CARTESIAN_POINT('',(292.75,161.580676,51.5));
#608 = VERTEX_POINT('',#609);
#609 = CARTESIAN_POINT('',(278.75,161.580676,51.5));
#610 = LINE('',#611,#612);
#611 = CARTESIAN_POINT('',(275.41257902303,161.580676,51.5));
#612 = VECTOR('',#613,1.);
#613 = DIRECTION('',(-1.,1.E-15,0.));
#614 = ORIENTED_EDGE('',*,*,#615,.T.);
#615 = EDGE_CURVE('',#608,#616,#618,.T.);
#616 = VERTEX_POINT('',#617);
#617 = CARTESIAN_POINT('',(278.75,147.580676,51.5));
#618 = LINE('',#619,#620);
#619 = CARTESIAN_POINT('',(278.75,128.27871599858,51.5));
#620 = VECTOR('',#621,1.);
#621 = DIRECTION('',(-1.E-15,-1.,0.));
#622 = ORIENTED_EDGE('',*,*,#623,.T.);
#623 = EDGE_CURVE('',#616,#624,#626,.T.);
#624 = VERTEX_POINT('',#625);
#625 = CARTESIAN_POINT('',(292.75,147.580676,51.5));
#626 = LINE('',#627,#628);
#627 = CARTESIAN_POINT('',(282.41257902303,147.580676,51.5));
#628 = VECTOR('',#629,1.);
#629 = DIRECTION('',(1.,-1.E-15,0.));
#630 = ORIENTED_EDGE('',*,*,#631,.T.);
#631 = EDGE_CURVE('',#624,#606,#632,.T.);
#632 = LINE('',#633,#634);
#633 = CARTESIAN_POINT('',(292.75,135.27871599858,51.5));
#634 = VECTOR('',#635,1.);
#635 = DIRECTION('',(1.E-15,1.,0.));
#636 = FACE_BOUND('',#637,.F.);
#637 = EDGE_LOOP('',(#638,#648,#656,#664));
#638 = ORIENTED_EDGE('',*,*,#639,.T.);
#639 = EDGE_CURVE('',#640,#642,#644,.T.);
#640 = VERTEX_POINT('',#641);
#641 = CARTESIAN_POINT('',(311.8,156.818176,51.5));
#642 = VERTEX_POINT('',#643);
#643 = CARTESIAN_POINT('',(297.8,156.818176,51.5));
#644 = LINE('',#645,#646);
#645 = CARTESIAN_POINT('',(284.93757902303,156.818176,51.5));
#646 = VECTOR('',#647,1.);
#647 = DIRECTION('',(-1.,1.E-15,0.));
#648 = ORIENTED_EDGE('',*,*,#649,.T.);
#649 = EDGE_CURVE('',#642,#650,#652,.T.);
#650 = VERTEX_POINT('',#651);
#651 = CARTESIAN_POINT('',(297.8,142.818176,51.5));
#652 = LINE('',#653,#654);
#653 = CARTESIAN_POINT('',(297.8,125.89746599858,51.5));
#654 = VECTOR('',#655,1.);
#655 = DIRECTION('',(-1.E-15,-1.,0.));
#656 = ORIENTED_EDGE('',*,*,#657,.T.);
#657 = EDGE_CURVE('',#650,#658,#660,.T.);
#658 = VERTEX_POINT('',#659);
#659 = CARTESIAN_POINT('',(311.8,142.818176,51.5));
#660 = LINE('',#661,#662);
#661 = CARTESIAN_POINT('',(291.93757902303,142.818176,51.5));
#662 = VECTOR('',#663,1.);
#663 = DIRECTION('',(1.,-1.E-15,0.));
#664 = ORIENTED_EDGE('',*,*,#665,.T.);
#665 = EDGE_CURVE('',#658,#640,#666,.T.);
#666 = LINE('',#667,#668);
#667 = CARTESIAN_POINT('',(311.8,132.89746599858,51.5));
#668 = VECTOR('',#669,1.);
#669 = DIRECTION('',(1.E-15,1.,0.));
#670 = FACE_BOUND('',#671,.F.);
#671 = EDGE_LOOP('',(#672,#682,#690,#698));
#672 = ORIENTED_EDGE('',*,*,#673,.T.);
#673 = EDGE_CURVE('',#674,#676,#678,.T.);
#674 = VERTEX_POINT('',#675);
#675 = CARTESIAN_POINT('',(330.85,156.818176,51.5));
#676 = VERTEX_POINT('',#677);
#677 = CARTESIAN_POINT('',(316.85,156.818176,51.5));
#678 = LINE('',#679,#680);
#679 = CARTESIAN_POINT('',(294.46257902303,156.818176,51.5));
#680 = VECTOR('',#681,1.);
#681 = DIRECTION('',(-1.,1.E-15,0.));
#682 = ORIENTED_EDGE('',*,*,#683,.T.);
#683 = EDGE_CURVE('',#676,#684,#686,.T.);
#684 = VERTEX_POINT('',#685);
#685 = CARTESIAN_POINT('',(316.85,142.818176,51.5));
#686 = LINE('',#687,#688);
#687 = CARTESIAN_POINT('',(316.85,125.89746599858,51.5));
#688 = VECTOR('',#689,1.);
#689 = DIRECTION('',(-1.E-15,-1.,0.));
#690 = ORIENTED_EDGE('',*,*,#691,.T.);
#691 = EDGE_CURVE('',#684,#692,#694,.T.);
#692 = VERTEX_POINT('',#693);
#693 = CARTESIAN_POINT('',(330.85,142.818176,51.5));
#694 = LINE('',#695,#696);
#695 = CARTESIAN_POINT('',(301.46257902303,142.818176,51.5));
#696 = VECTOR('',#697,1.);
#697 = DIRECTION('',(1.,-1.E-15,0.));
#698 = ORIENTED_EDGE('',*,*,#699,.T.);
#699 = EDGE_CURVE('',#692,#674,#700,.T.);
#700 = LINE('',#701,#702);
#701 = CARTESIAN_POINT('',(330.85,132.89746599858,51.5));
#702 = VECTOR('',#703,1.);
#703 = DIRECTION('',(1.E-15,1.,0.));
#704 = FACE_BOUND('',#705,.F.);
#705 = EDGE_LOOP('',(#706));
#706 = ORIENTED_EDGE('',*,*,#707,.F.);
#707 = EDGE_CURVE('',#708,#708,#710,.T.);
#708 = VERTEX_POINT('',#709);
#709 = CARTESIAN_POINT('',(340.00000505149,147.00000219047,51.5));
#710 = CIRCLE('',#711,1.);
#711 = AXIS2_PLACEMENT_3D('',#712,#713,#714);
#712 = CARTESIAN_POINT('',(339.00000505149,147.00000219047,51.5));
#713 = DIRECTION('',(0.,0.,-1.));
#714 = DIRECTION('',(-1.,6.E-17,0.));
#715 = FACE_BOUND('',#716,.F.);
#716 = EDGE_LOOP('',(#717,#727,#735,#743));
#717 = ORIENTED_EDGE('',*,*,#718,.T.);
#718 = EDGE_CURVE('',#719,#721,#723,.T.);
#719 = VERTEX_POINT('',#720);
#720 = CARTESIAN_POINT('',(292.75,142.530676,51.5));
#721 = VERTEX_POINT('',#722);
#722 = CARTESIAN_POINT('',(278.75,142.530676,51.5));
#723 = LINE('',#724,#725);
#724 = CARTESIAN_POINT('',(275.41257902303,142.530676,51.5));
#725 = VECTOR('',#726,1.);
#726 = DIRECTION('',(-1.,1.E-15,0.));
#727 = ORIENTED_EDGE('',*,*,#728,.T.);
#728 = EDGE_CURVE('',#721,#729,#731,.T.);
#729 = VERTEX_POINT('',#730);
#730 = CARTESIAN_POINT('',(278.75,128.530676,51.5));
#731 = LINE('',#732,#733);
#732 = CARTESIAN_POINT('',(278.75,118.75371599858,51.5));
#733 = VECTOR('',#734,1.);
#734 = DIRECTION('',(-1.E-15,-1.,0.));
#735 = ORIENTED_EDGE('',*,*,#736,.T.);
#736 = EDGE_CURVE('',#729,#737,#739,.T.);
#737 = VERTEX_POINT('',#738);
#738 = CARTESIAN_POINT('',(292.75,128.530676,51.5));
#739 = LINE('',#740,#741);
#740 = CARTESIAN_POINT('',(282.41257902303,128.530676,51.5));
#741 = VECTOR('',#742,1.);
#742 = DIRECTION('',(1.,-1.E-15,0.));
#743 = ORIENTED_EDGE('',*,*,#744,.T.);
#744 = EDGE_CURVE('',#737,#719,#745,.T.);
#745 = LINE('',#746,#747);
#746 = CARTESIAN_POINT('',(292.75,125.75371599858,51.5));
#747 = VECTOR('',#748,1.);
#748 = DIRECTION('',(1.E-15,1.,0.));
#749 = FACE_BOUND('',#750,.F.);
#750 = EDGE_LOOP('',(#751,#761,#769,#777));
#751 = ORIENTED_EDGE('',*,*,#752,.T.);
#752 = EDGE_CURVE('',#753,#755,#757,.T.);
#753 = VERTEX_POINT('',#754);
#754 = CARTESIAN_POINT('',(311.8,137.768176,51.5));
#755 = VERTEX_POINT('',#756);
#756 = CARTESIAN_POINT('',(297.8,137.768176,51.5));
#757 = LINE('',#758,#759);
#758 = CARTESIAN_POINT('',(284.93757902303,137.768176,51.5));
#759 = VECTOR('',#760,1.);
#760 = DIRECTION('',(-1.,1.E-15,0.));
#761 = ORIENTED_EDGE('',*,*,#762,.T.);
#762 = EDGE_CURVE('',#755,#763,#765,.T.);
#763 = VERTEX_POINT('',#764);
#764 = CARTESIAN_POINT('',(297.8,123.768176,51.5));
#765 = LINE('',#766,#767);
#766 = CARTESIAN_POINT('',(297.8,116.37246599858,51.5));
#767 = VECTOR('',#768,1.);
#768 = DIRECTION('',(-1.E-15,-1.,0.));
#769 = ORIENTED_EDGE('',*,*,#770,.T.);
#770 = EDGE_CURVE('',#763,#771,#773,.T.);
#771 = VERTEX_POINT('',#772);
#772 = CARTESIAN_POINT('',(311.8,123.768176,51.5));
#773 = LINE('',#774,#775);
#774 = CARTESIAN_POINT('',(291.93757902303,123.768176,51.5));
#775 = VECTOR('',#776,1.);
#776 = DIRECTION('',(1.,-1.E-15,0.));
#777 = ORIENTED_EDGE('',*,*,#778,.T.);
#778 = EDGE_CURVE('',#771,#753,#779,.T.);
#779 = LINE('',#780,#781);
#780 = CARTESIAN_POINT('',(311.8,123.37246599858,51.5));
#781 = VECTOR('',#782,1.);
#782 = DIRECTION('',(1.E-15,1.,0.));
#783 = FACE_BOUND('',#784,.F.);
#784 = EDGE_LOOP('',(#785,#795,#803,#811));
#785 = ORIENTED_EDGE('',*,*,#786,.T.);
#786 = EDGE_CURVE('',#787,#789,#791,.T.);
#787 = VERTEX_POINT('',#788);
#788 = CARTESIAN_POINT('',(292.75,123.480676,51.5));
#789 = VERTEX_POINT('',#790);
#790 = CARTESIAN_POINT('',(278.75,123.480676,51.5));
#791 = LINE('',#792,#793);
#792 = CARTESIAN_POINT('',(275.41257902303,123.480676,51.5));
#793 = VECTOR('',#794,1.);
#794 = DIRECTION('',(-1.,1.E-15,0.));
#795 = ORIENTED_EDGE('',*,*,#796,.T.);
#796 = EDGE_CURVE('',#789,#797,#799,.T.);
#797 = VERTEX_POINT('',#798);
#798 = CARTESIAN_POINT('',(278.75,109.480676,51.5));
#799 = LINE('',#800,#801);
#800 = CARTESIAN_POINT('',(278.75,109.22871599858,51.5));
#801 = VECTOR('',#802,1.);
#802 = DIRECTION('',(-1.E-15,-1.,0.));
#803 = ORIENTED_EDGE('',*,*,#804,.T.);
#804 = EDGE_CURVE('',#797,#805,#807,.T.);
#805 = VERTEX_POINT('',#806);
#806 = CARTESIAN_POINT('',(292.75,109.480676,51.5));
#807 = LINE('',#808,#809);
#808 = CARTESIAN_POINT('',(282.41257902303,109.480676,51.5));
#809 = VECTOR('',#810,1.);
#810 = DIRECTION('',(1.,-1.E-15,0.));
#811 = ORIENTED_EDGE('',*,*,#812,.T.);
#812 = EDGE_CURVE('',#805,#787,#813,.T.);
#813 = LINE('',#814,#815);
#814 = CARTESIAN_POINT('',(292.75,116.22871599858,51.5));
#815 = VECTOR('',#816,1.);
#816 = DIRECTION('',(1.E-15,1.,0.));
#817 = FACE_BOUND('',#818,.F.);
#818 = EDGE_LOOP('',(#819));
#819 = ORIENTED_EDGE('',*,*,#820,.T.);
#820 = EDGE_CURVE('',#821,#821,#823,.T.);
#821 = VERTEX_POINT('',#822);
#822 = CARTESIAN_POINT('',(315.95,121.,51.5));
#823 = CIRCLE('',#824,1.1);
#824 = AXIS2_PLACEMENT_3D('',#825,#826,#827);
#825 = CARTESIAN_POINT('',(314.85,121.,51.5));
#826 = DIRECTION('',(0.,0.,1.));
#827 = DIRECTION('',(1.,0.,0.));
#828 = FACE_BOUND('',#829,.F.);
#829 = EDGE_LOOP('',(#830,#840,#848,#856));
#830 = ORIENTED_EDGE('',*,*,#831,.T.);
#831 = EDGE_CURVE('',#832,#834,#836,.T.);
#832 = VERTEX_POINT('',#833);
#833 = CARTESIAN_POINT('',(330.85,137.768176,51.5));
#834 = VERTEX_POINT('',#835);
#835 = CARTESIAN_POINT('',(316.85,137.768176,51.5));
#836 = LINE('',#837,#838);
#837 = CARTESIAN_POINT('',(294.46257902303,137.768176,51.5));
#838 = VECTOR('',#839,1.);
#839 = DIRECTION('',(-1.,1.E-15,0.));
#840 = ORIENTED_EDGE('',*,*,#841,.T.);
#841 = EDGE_CURVE('',#834,#842,#844,.T.);
#842 = VERTEX_POINT('',#843);
#843 = CARTESIAN_POINT('',(316.85,123.768176,51.5));
#844 = LINE('',#845,#846);
#845 = CARTESIAN_POINT('',(316.85,116.37246599858,51.5));
#846 = VECTOR('',#847,1.);
#847 = DIRECTION('',(-1.E-15,-1.,0.));
#848 = ORIENTED_EDGE('',*,*,#849,.T.);
#849 = EDGE_CURVE('',#842,#850,#852,.T.);
#850 = VERTEX_POINT('',#851);
#851 = CARTESIAN_POINT('',(330.85,123.768176,51.5));
#852 = LINE('',#853,#854);
#853 = CARTESIAN_POINT('',(301.46257902303,123.768176,51.5));
#854 = VECTOR('',#855,1.);
#855 = DIRECTION('',(1.,-1.E-15,0.));
#856 = ORIENTED_EDGE('',*,*,#857,.T.);
#857 = EDGE_CURVE('',#850,#832,#858,.T.);
#858 = LINE('',#859,#860);
#859 = CARTESIAN_POINT('',(330.85,123.37246599858,51.5));
#860 = VECTOR('',#861,1.);
#861 = DIRECTION('',(1.E-15,1.,0.));
#862 = FACE_BOUND('',#863,.F.);
#863 = EDGE_LOOP('',(#864));
#864 = ORIENTED_EDGE('',*,*,#865,.T.);
#865 = EDGE_CURVE('',#866,#866,#868,.T.);
#866 = VERTEX_POINT('',#867);
#867 = CARTESIAN_POINT('',(358.2875,138.0057,51.5));
#868 = CIRCLE('',#869,1.1);
#869 = AXIS2_PLACEMENT_3D('',#870,#871,#872);
#870 = CARTESIAN_POINT('',(357.1875,138.0057,51.5));
#871 = DIRECTION('',(0.,0.,1.));
#872 = DIRECTION('',(1.,0.,0.));
#873 = FACE_BOUND('',#874,.F.);
#874 = EDGE_LOOP('',(#875,#885,#893,#901,#909,#917));
#875 = ORIENTED_EDGE('',*,*,#876,.T.);
#876 = EDGE_CURVE('',#877,#879,#881,.T.);
#877 = VERTEX_POINT('',#878);
#878 = CARTESIAN_POINT('',(334.85,145.,51.5));
#879 = VERTEX_POINT('',#880);
#880 = CARTESIAN_POINT('',(349.97,145.,51.5));
#881 = LINE('',#882,#883);
#882 = CARTESIAN_POINT('',(334.85,145.,51.5));
#883 = VECTOR('',#884,1.);
#884 = DIRECTION('',(1.,0.,0.));
#885 = ORIENTED_EDGE('',*,*,#886,.F.);
#886 = EDGE_CURVE('',#887,#879,#889,.T.);
#887 = VERTEX_POINT('',#888);
#888 = CARTESIAN_POINT('',(349.97,100.00000149011,51.5));
#889 = LINE('',#890,#891);
#890 = CARTESIAN_POINT('',(349.97,100.,51.5));
#891 = VECTOR('',#892,1.);
#892 = DIRECTION('',(0.,1.,0.));
#893 = ORIENTED_EDGE('',*,*,#894,.T.);
#894 = EDGE_CURVE('',#887,#895,#897,.T.);
#895 = VERTEX_POINT('',#896);
#896 = CARTESIAN_POINT('',(349.9727927406,100.00000149011,51.5));
#897 = LINE('',#898,#899);
#898 = CARTESIAN_POINT('',(303.46257910498,100.00000149011,51.5));
#899 = VECTOR('',#900,1.);
#900 = DIRECTION('',(1.,0.,0.));
#901 = ORIENTED_EDGE('',*,*,#902,.F.);
#902 = EDGE_CURVE('',#903,#895,#905,.T.);
#903 = VERTEX_POINT('',#904);
#904 = CARTESIAN_POINT('',(349.9727927406,145.00000216066,51.5));
#905 = LINE('',#906,#907);
#906 = CARTESIAN_POINT('',(349.9727927406,104.48837874364,51.5));
#907 = VECTOR('',#908,1.);
#908 = DIRECTION('',(0.,-1.,0.));
#909 = ORIENTED_EDGE('',*,*,#910,.F.);
#910 = EDGE_CURVE('',#911,#903,#913,.T.);
#911 = VERTEX_POINT('',#912);
#912 = CARTESIAN_POINT('',(334.85000016391,145.00000216066,51.5));
#913 = LINE('',#914,#915);
#914 = CARTESIAN_POINT('',(303.46257910498,145.00000216066,51.5));
#915 = VECTOR('',#916,1.);
#916 = DIRECTION('',(1.,0.,0.));
#917 = ORIENTED_EDGE('',*,*,#918,.T.);
#918 = EDGE_CURVE('',#911,#877,#919,.T.);
#919 = LINE('',#920,#921);
#920 = CARTESIAN_POINT('',(334.85000016391,104.48837874364,51.5));
#921 = VECTOR('',#922,1.);
#922 = DIRECTION('',(0.,-1.,0.));
#923 = FACE_BOUND('',#924,.F.);
#924 = EDGE_LOOP('',(#925,#936,#944,#953,#961,#970,#978,#987));
#925 = ORIENTED_EDGE('',*,*,#926,.T.);
#926 = EDGE_CURVE('',#927,#929,#931,.T.);
#927 = VERTEX_POINT('',#928);
#928 = CARTESIAN_POINT('',(337.5,141.68,51.5));
#929 = VERTEX_POINT('',#930);
#930 = CARTESIAN_POINT('',(336.5,140.68,51.5));
#931 = CIRCLE('',#932,1.);
#932 = AXIS2_PLACEMENT_3D('',#933,#934,#935);
#933 = CARTESIAN_POINT('',(337.5,140.68,51.5));
#934 = DIRECTION('',(0.,0.,1.));
#935 = DIRECTION('',(-1.,0.,0.));
#936 = ORIENTED_EDGE('',*,*,#937,.T.);
#937 = EDGE_CURVE('',#929,#938,#940,.T.);
#938 = VERTEX_POINT('',#939);
#939 = CARTESIAN_POINT('',(336.5,103.88,51.5));
#940 = LINE('',#941,#942);
#941 = CARTESIAN_POINT('',(336.5,105.92837799858,51.5));
#942 = VECTOR('',#943,1.);
#943 = DIRECTION('',(0.,-1.,0.));
#944 = ORIENTED_EDGE('',*,*,#945,.T.);
#945 = EDGE_CURVE('',#938,#946,#948,.T.);
#946 = VERTEX_POINT('',#947);
#947 = CARTESIAN_POINT('',(337.5,102.88,51.5));
#948 = CIRCLE('',#949,1.);
#949 = AXIS2_PLACEMENT_3D('',#950,#951,#952);
#950 = CARTESIAN_POINT('',(337.5,103.88,51.5));
#951 = DIRECTION('',(0.,0.,1.));
#952 = DIRECTION('',(-1.,0.,0.));
#953 = ORIENTED_EDGE('',*,*,#954,.T.);
#954 = EDGE_CURVE('',#946,#955,#957,.T.);
#955 = VERTEX_POINT('',#956);
#956 = CARTESIAN_POINT('',(348.3,102.88,51.5));
#957 = LINE('',#958,#959);
#958 = CARTESIAN_POINT('',(304.28757902303,102.88,51.5));
#959 = VECTOR('',#960,1.);
#960 = DIRECTION('',(1.,0.,0.));
#961 = ORIENTED_EDGE('',*,*,#962,.T.);
#962 = EDGE_CURVE('',#955,#963,#965,.T.);
#963 = VERTEX_POINT('',#964);
#964 = CARTESIAN_POINT('',(349.3,103.88,51.5));
#965 = CIRCLE('',#966,1.);
#966 = AXIS2_PLACEMENT_3D('',#967,#968,#969);
#967 = CARTESIAN_POINT('',(348.3,103.88,51.5));
#968 = DIRECTION('',(0.,0.,1.));
#969 = DIRECTION('',(1.,0.,0.));
#970 = ORIENTED_EDGE('',*,*,#971,.F.);
#971 = EDGE_CURVE('',#972,#963,#974,.T.);
#972 = VERTEX_POINT('',#973);
#973 = CARTESIAN_POINT('',(349.3,140.68,51.5));
#974 = LINE('',#975,#976);
#975 = CARTESIAN_POINT('',(349.3,105.92837799858,51.5));
#976 = VECTOR('',#977,1.);
#977 = DIRECTION('',(0.,-1.,0.));
#978 = ORIENTED_EDGE('',*,*,#979,.T.);
#979 = EDGE_CURVE('',#972,#980,#982,.T.);
#980 = VERTEX_POINT('',#981);
#981 = CARTESIAN_POINT('',(348.3,141.68,51.5));
#982 = CIRCLE('',#983,1.);
#983 = AXIS2_PLACEMENT_3D('',#984,#985,#986);
#984 = CARTESIAN_POINT('',(348.3,140.68,51.5));
#985 = DIRECTION('',(0.,0.,1.));
#986 = DIRECTION('',(1.,0.,0.));
#987 = ORIENTED_EDGE('',*,*,#988,.F.);
#988 = EDGE_CURVE('',#927,#980,#989,.T.);
#989 = LINE('',#990,#991);
#990 = CARTESIAN_POINT('',(304.28757902303,141.68,51.5));
#991 = VECTOR('',#992,1.);
#992 = DIRECTION('',(1.,0.,0.));
#993 = FACE_BOUND('',#994,.F.);
#994 = EDGE_LOOP('',(#995,#1005,#1013,#1021));
#995 = ORIENTED_EDGE('',*,*,#996,.F.);
#996 = EDGE_CURVE('',#997,#999,#1001,.T.);
#997 = VERTEX_POINT('',#998);
#998 = CARTESIAN_POINT('',(203.01579384709,113.30042019047,51.5));
#999 = VERTEX_POINT('',#1000);
#1000 = CARTESIAN_POINT('',(216.01579384709,113.30042019047,51.5));
#1001 = LINE('',#1002,#1003);
#1002 = CARTESIAN_POINT('',(237.54547594658,113.30042019047,51.5));
#1003 = VECTOR('',#1004,1.);
#1004 = DIRECTION('',(1.,0.,0.));
#1005 = ORIENTED_EDGE('',*,*,#1006,.T.);
#1006 = EDGE_CURVE('',#997,#1007,#1009,.T.);
#1007 = VERTEX_POINT('',#1008);
#1008 = CARTESIAN_POINT('',(203.01579384709,100.60042019047,51.5));
#1009 = LINE('',#1010,#1011);
#1010 = CARTESIAN_POINT('',(203.01579384709,104.78858809381,51.5));
#1011 = VECTOR('',#1012,1.);
#1012 = DIRECTION('',(0.,-1.,0.));
#1013 = ORIENTED_EDGE('',*,*,#1014,.T.);
#1014 = EDGE_CURVE('',#1007,#1015,#1017,.T.);
#1015 = VERTEX_POINT('',#1016);
#1016 = CARTESIAN_POINT('',(216.01579384709,100.60042019047,51.5));
#1017 = LINE('',#1018,#1019);
#1018 = CARTESIAN_POINT('',(237.54547594658,100.60042019047,51.5));
#1019 = VECTOR('',#1020,1.);
#1020 = DIRECTION('',(1.,0.,0.));
#1021 = ORIENTED_EDGE('',*,*,#1022,.F.);
#1022 = EDGE_CURVE('',#999,#1015,#1023,.T.);
#1023 = LINE('',#1024,#1025);
#1024 = CARTESIAN_POINT('',(216.01579384709,104.78858809381,51.5));
#1025 = VECTOR('',#1026,1.);
#1026 = DIRECTION('',(0.,-1.,0.));
#1027 = FACE_BOUND('',#1028,.F.);
#1028 = EDGE_LOOP('',(#1029,#1039,#1047,#1055));
#1029 = ORIENTED_EDGE('',*,*,#1030,.T.);
#1030 = EDGE_CURVE('',#1031,#1033,#1035,.T.);
#1031 = VERTEX_POINT('',#1032);
#1032 = CARTESIAN_POINT('',(235.6,118.718176,51.5));
#1033 = VERTEX_POINT('',#1034);
#1034 = CARTESIAN_POINT('',(221.6,118.718176,51.5));
#1035 = LINE('',#1036,#1037);
#1036 = CARTESIAN_POINT('',(246.83757902303,118.718176,51.5));
#1037 = VECTOR('',#1038,1.);
#1038 = DIRECTION('',(-1.,1.E-15,0.));
#1039 = ORIENTED_EDGE('',*,*,#1040,.T.);
#1040 = EDGE_CURVE('',#1033,#1041,#1043,.T.);
#1041 = VERTEX_POINT('',#1042);
#1042 = CARTESIAN_POINT('',(221.6,104.718176,51.5));
#1043 = LINE('',#1044,#1045);
#1044 = CARTESIAN_POINT('',(221.6,106.84746599858,51.5));
#1045 = VECTOR('',#1046,1.);
#1046 = DIRECTION('',(-1.E-15,-1.,0.));
#1047 = ORIENTED_EDGE('',*,*,#1048,.T.);
#1048 = EDGE_CURVE('',#1041,#1049,#1051,.T.);
#1049 = VERTEX_POINT('',#1050);
#1050 = CARTESIAN_POINT('',(235.6,104.718176,51.5));
#1051 = LINE('',#1052,#1053);
#1052 = CARTESIAN_POINT('',(253.83757902303,104.718176,51.5));
#1053 = VECTOR('',#1054,1.);
#1054 = DIRECTION('',(1.,-1.E-15,0.));
#1055 = ORIENTED_EDGE('',*,*,#1056,.T.);
#1056 = EDGE_CURVE('',#1049,#1031,#1057,.T.);
#1057 = LINE('',#1058,#1059);
#1058 = CARTESIAN_POINT('',(235.6,113.84746599858,51.5));
#1059 = VECTOR('',#1060,1.);
#1060 = DIRECTION('',(1.E-15,1.,0.));
#1061 = FACE_BOUND('',#1062,.F.);
#1062 = EDGE_LOOP('',(#1063,#1073,#1081,#1089));
#1063 = ORIENTED_EDGE('',*,*,#1064,.T.);
#1064 = EDGE_CURVE('',#1065,#1067,#1069,.T.);
#1065 = VERTEX_POINT('',#1066);
#1066 = CARTESIAN_POINT('',(235.6,99.668176,51.5));
#1067 = VERTEX_POINT('',#1068);
#1068 = CARTESIAN_POINT('',(221.6,99.668176,51.5));
#1069 = LINE('',#1070,#1071);
#1070 = CARTESIAN_POINT('',(246.83757902303,99.668176,51.5));
#1071 = VECTOR('',#1072,1.);
#1072 = DIRECTION('',(-1.,1.E-15,0.));
#1073 = ORIENTED_EDGE('',*,*,#1074,.T.);
#1074 = EDGE_CURVE('',#1067,#1075,#1077,.T.);
#1075 = VERTEX_POINT('',#1076);
#1076 = CARTESIAN_POINT('',(221.6,85.668176,51.5));
#1077 = LINE('',#1078,#1079);
#1078 = CARTESIAN_POINT('',(221.6,97.322465998584,51.5));
#1079 = VECTOR('',#1080,1.);
#1080 = DIRECTION('',(-1.E-15,-1.,0.));
#1081 = ORIENTED_EDGE('',*,*,#1082,.T.);
#1082 = EDGE_CURVE('',#1075,#1083,#1085,.T.);
#1083 = VERTEX_POINT('',#1084);
#1084 = CARTESIAN_POINT('',(235.6,85.668176,51.5));
#1085 = LINE('',#1086,#1087);
#1086 = CARTESIAN_POINT('',(253.83757902303,85.668176,51.5));
#1087 = VECTOR('',#1088,1.);
#1088 = DIRECTION('',(1.,-1.E-15,0.));
#1089 = ORIENTED_EDGE('',*,*,#1090,.T.);
#1090 = EDGE_CURVE('',#1083,#1065,#1091,.T.);
#1091 = LINE('',#1092,#1093);
#1092 = CARTESIAN_POINT('',(235.6,104.32246599858,51.5));
#1093 = VECTOR('',#1094,1.);
#1094 = DIRECTION('',(1.E-15,1.,0.));
#1095 = FACE_BOUND('',#1096,.F.);
#1096 = EDGE_LOOP('',(#1097));
#1097 = ORIENTED_EDGE('',*,*,#1098,.T.);
#1098 = EDGE_CURVE('',#1099,#1099,#1101,.T.);
#1099 = VERTEX_POINT('',#1100);
#1100 = CARTESIAN_POINT('',(259.6,111.5,51.5));
#1101 = CIRCLE('',#1102,1.1);
#1102 = AXIS2_PLACEMENT_3D('',#1103,#1104,#1105);
#1103 = CARTESIAN_POINT('',(258.5,111.5,51.5));
#1104 = DIRECTION('',(0.,0.,1.));
#1105 = DIRECTION('',(1.,0.,0.));
#1106 = FACE_BOUND('',#1107,.F.);
#1107 = EDGE_LOOP('',(#1108,#1118,#1126,#1134));
#1108 = ORIENTED_EDGE('',*,*,#1109,.T.);
#1109 = EDGE_CURVE('',#1110,#1112,#1114,.T.);
#1110 = VERTEX_POINT('',#1111);
#1111 = CARTESIAN_POINT('',(273.7,109.193176,51.5));
#1112 = VERTEX_POINT('',#1113);
#1113 = CARTESIAN_POINT('',(259.7,109.193176,51.5));
#1114 = LINE('',#1115,#1116);
#1115 = CARTESIAN_POINT('',(265.88757902303,109.193176,51.5));
#1116 = VECTOR('',#1117,1.);
#1117 = DIRECTION('',(-1.,1.E-15,0.));
#1118 = ORIENTED_EDGE('',*,*,#1119,.T.);
#1119 = EDGE_CURVE('',#1112,#1120,#1122,.T.);
#1120 = VERTEX_POINT('',#1121);
#1121 = CARTESIAN_POINT('',(259.7,95.193176,51.5));
#1122 = LINE('',#1123,#1124);
#1123 = CARTESIAN_POINT('',(259.7,102.08496599858,51.5));
#1124 = VECTOR('',#1125,1.);
#1125 = DIRECTION('',(-1.E-15,-1.,0.));
#1126 = ORIENTED_EDGE('',*,*,#1127,.T.);
#1127 = EDGE_CURVE('',#1120,#1128,#1130,.T.);
#1128 = VERTEX_POINT('',#1129);
#1129 = CARTESIAN_POINT('',(273.7,95.193176,51.5));
#1130 = LINE('',#1131,#1132);
#1131 = CARTESIAN_POINT('',(272.88757902303,95.193176,51.5));
#1132 = VECTOR('',#1133,1.);
#1133 = DIRECTION('',(1.,-1.E-15,0.));
#1134 = ORIENTED_EDGE('',*,*,#1135,.T.);
#1135 = EDGE_CURVE('',#1128,#1110,#1136,.T.);
#1136 = LINE('',#1137,#1138);
#1137 = CARTESIAN_POINT('',(273.7,109.08496599858,51.5));
#1138 = VECTOR('',#1139,1.);
#1139 = DIRECTION('',(1.E-15,1.,0.));
#1140 = FACE_BOUND('',#1141,.F.);
#1141 = EDGE_LOOP('',(#1142,#1152,#1160,#1168));
#1142 = ORIENTED_EDGE('',*,*,#1143,.T.);
#1143 = EDGE_CURVE('',#1144,#1146,#1148,.T.);
#1144 = VERTEX_POINT('',#1145);
#1145 = CARTESIAN_POINT('',(254.65,104.430676,51.5));
#1146 = VERTEX_POINT('',#1147);
#1147 = CARTESIAN_POINT('',(240.65,104.430676,51.5));
#1148 = LINE('',#1149,#1150);
#1149 = CARTESIAN_POINT('',(256.36257902303,104.430676,51.5));
#1150 = VECTOR('',#1151,1.);
#1151 = DIRECTION('',(-1.,1.E-15,0.));
#1152 = ORIENTED_EDGE('',*,*,#1153,.T.);
#1153 = EDGE_CURVE('',#1146,#1154,#1156,.T.);
#1154 = VERTEX_POINT('',#1155);
#1155 = CARTESIAN_POINT('',(240.65,90.430676,51.5));
#1156 = LINE('',#1157,#1158);
#1157 = CARTESIAN_POINT('',(240.65,99.703715998584,51.5));
#1158 = VECTOR('',#1159,1.);
#1159 = DIRECTION('',(-1.E-15,-1.,0.));
#1160 = ORIENTED_EDGE('',*,*,#1161,.T.);
#1161 = EDGE_CURVE('',#1154,#1162,#1164,.T.);
#1162 = VERTEX_POINT('',#1163);
#1163 = CARTESIAN_POINT('',(254.65,90.430676,51.5));
#1164 = LINE('',#1165,#1166);
#1165 = CARTESIAN_POINT('',(263.36257902303,90.430676,51.5));
#1166 = VECTOR('',#1167,1.);
#1167 = DIRECTION('',(1.,-1.E-15,0.));
#1168 = ORIENTED_EDGE('',*,*,#1169,.T.);
#1169 = EDGE_CURVE('',#1162,#1144,#1170,.T.);
#1170 = LINE('',#1171,#1172);
#1171 = CARTESIAN_POINT('',(254.65,106.70371599858,51.5));
#1172 = VECTOR('',#1173,1.);
#1173 = DIRECTION('',(1.E-15,1.,0.));
#1174 = FACE_BOUND('',#1175,.F.);
#1175 = EDGE_LOOP('',(#1176,#1186,#1194,#1202,#1210,#1218,#1226,#1234,
    #1242,#1250,#1258,#1266,#1274,#1282,#1290,#1298,#1306,#1314,#1322,
    #1330,#1338,#1346,#1354,#1362,#1370,#1378,#1386,#1394,#1402,#1410,
    #1418,#1426,#1434,#1442,#1450,#1458,#1466,#1474,#1482,#1490));
#1176 = ORIENTED_EDGE('',*,*,#1177,.T.);
#1177 = EDGE_CURVE('',#1178,#1180,#1182,.T.);
#1178 = VERTEX_POINT('',#1179);
#1179 = CARTESIAN_POINT('',(213.60170630983,65.603689704729,51.5));
#1180 = VERTEX_POINT('',#1181);
#1181 = CARTESIAN_POINT('',(211.3177514066,63.319734801496,51.5));
#1182 = LINE('',#1183,#1184);
#1183 = CARTESIAN_POINT('',(239.063335817,91.065319211895,51.5));
#1184 = VECTOR('',#1185,1.);
#1185 = DIRECTION('',(-0.707106781187,-0.707106781187,0.));
#1186 = ORIENTED_EDGE('',*,*,#1187,.T.);
#1187 = EDGE_CURVE('',#1180,#1188,#1190,.T.);
#1188 = VERTEX_POINT('',#1189);
#1189 = CARTESIAN_POINT('',(216.09072217961,58.546764028487,51.5));
#1190 = LINE('',#1191,#1192);
#1191 = CARTESIAN_POINT('',(215.09284776755,59.544638440549,51.5));
#1192 = VECTOR('',#1193,1.);
#1193 = DIRECTION('',(0.707106781187,-0.707106781187,-0.));
#1194 = ORIENTED_EDGE('',*,*,#1195,.T.);
#1195 = EDGE_CURVE('',#1188,#1196,#1198,.T.);
#1196 = VERTEX_POINT('',#1197);
#1197 = CARTESIAN_POINT('',(218.37467708284,60.83071893172,51.5));
#1198 = LINE('',#1199,#1200);
#1199 = CARTESIAN_POINT('',(242.69432913839,85.15037098727,51.5));
#1200 = VECTOR('',#1201,1.);
#1201 = DIRECTION('',(0.707106781187,0.707106781187,0.));
#1202 = ORIENTED_EDGE('',*,*,#1203,.T.);
#1203 = EDGE_CURVE('',#1196,#1204,#1206,.T.);
#1204 = VERTEX_POINT('',#1205);
#1205 = CARTESIAN_POINT('',(218.95804017732,60.247355837241,51.5));
#1206 = LINE('',#1207,#1208);
#1207 = CARTESIAN_POINT('',(219.76328805729,59.442107957277,51.5));
#1208 = VECTOR('',#1209,1.);
#1209 = DIRECTION('',(0.707106781187,-0.707106781187,-0.));
#1210 = ORIENTED_EDGE('',*,*,#1211,.T.);
#1211 = EDGE_CURVE('',#1204,#1212,#1214,.T.);
#1212 = VERTEX_POINT('',#1213);
#1213 = CARTESIAN_POINT('',(220.92733256293,62.216648222845,51.5));
#1214 = LINE('',#1215,#1216);
#1215 = CARTESIAN_POINT('',(244.41966968449,85.708985344407,51.5));
#1216 = VECTOR('',#1217,1.);
#1217 = DIRECTION('',(0.707106781187,0.707106781187,0.));
#1218 = ORIENTED_EDGE('',*,*,#1219,.T.);
#1219 = EDGE_CURVE('',#1212,#1220,#1222,.T.);
#1220 = VERTEX_POINT('',#1221);
#1221 = CARTESIAN_POINT('',(220.34396946845,62.800011317324,51.5));
#1222 = LINE('',#1223,#1224);
#1223 = CARTESIAN_POINT('',(222.02426199013,61.119718795642,51.5));
#1224 = VECTOR('',#1225,1.);
#1225 = DIRECTION('',(-0.707106781187,0.707106781187,0.));
#1226 = ORIENTED_EDGE('',*,*,#1227,.T.);
#1227 = EDGE_CURVE('',#1220,#1228,#1230,.T.);
#1228 = VERTEX_POINT('',#1229);
#1229 = CARTESIAN_POINT('',(224.7881355882,67.244177437082,51.5));
#1230 = LINE('',#1231,#1232);
#1231 = CARTESIAN_POINT('',(244.82095278281,87.276994631688,51.5));
#1232 = VECTOR('',#1233,1.);
#1233 = DIRECTION('',(0.707106781187,0.707106781187,0.));
#1234 = ORIENTED_EDGE('',*,*,#1235,.T.);
#1235 = EDGE_CURVE('',#1228,#1236,#1238,.T.);
#1236 = VERTEX_POINT('',#1237);
#1237 = CARTESIAN_POINT('',(223.56837639066,68.463936634628,51.5));
#1238 = LINE('',#1239,#1240);
#1239 = CARTESIAN_POINT('',(226.17674656265,65.855566462639,51.5));
#1240 = VECTOR('',#1241,1.);
#1241 = DIRECTION('',(-0.707106781187,0.707106781187,0.));
#1242 = ORIENTED_EDGE('',*,*,#1243,.T.);
#1243 = EDGE_CURVE('',#1236,#1244,#1246,.T.);
#1244 = VERTEX_POINT('',#1245);
#1245 = CARTESIAN_POINT('',(224.41690452808,69.312464772052,51.5));
#1246 = LINE('',#1247,#1248);
#1247 = CARTESIAN_POINT('',(245.82327664514,90.718836889114,51.5));
#1248 = VECTOR('',#1249,1.);
#1249 = DIRECTION('',(0.707106781187,0.707106781187,0.));
#1250 = ORIENTED_EDGE('',*,*,#1251,.T.);
#1251 = EDGE_CURVE('',#1244,#1252,#1254,.T.);
#1252 = VERTEX_POINT('',#1253);
#1253 = CARTESIAN_POINT('',(222.08345215017,71.645917149968,51.5));
#1254 = LINE('',#1255,#1256);
#1255 = CARTESIAN_POINT('',(226.4153951013,67.313974198836,51.5));
#1256 = VECTOR('',#1257,1.);
#1257 = DIRECTION('',(-0.707106781187,0.707106781187,0.));
#1258 = ORIENTED_EDGE('',*,*,#1259,.T.);
#1259 = EDGE_CURVE('',#1252,#1260,#1262,.T.);
#1260 = VERTEX_POINT('',#1261);
#1261 = CARTESIAN_POINT('',(221.23492401274,70.797389012544,51.5));
#1262 = LINE('',#1263,#1264);
#1263 = CARTESIAN_POINT('',(243.91408833594,93.476553335741,51.5));
#1264 = VECTOR('',#1265,1.);
#1265 = DIRECTION('',(-0.707106781187,-0.707106781187,0.));
#1266 = ORIENTED_EDGE('',*,*,#1267,.T.);
#1267 = EDGE_CURVE('',#1260,#1268,#1270,.T.);
#1268 = VERTEX_POINT('',#1269);
#1269 = CARTESIAN_POINT('',(220.0151648152,72.017148210091,51.5));
#1270 = LINE('',#1271,#1272);
#1271 = CARTESIAN_POINT('',(224.40014077492,67.63217225037,51.5));
#1272 = VECTOR('',#1273,1.);
#1273 = DIRECTION('',(-0.707106781187,0.707106781187,0.));
#1274 = ORIENTED_EDGE('',*,*,#1275,.T.);
#1275 = EDGE_CURVE('',#1268,#1276,#1278,.T.);
#1276 = VERTEX_POINT('',#1277);
#1277 = CARTESIAN_POINT('',(216.85439750329,68.856380898187,51.5));
#1278 = LINE('',#1279,#1280);
#1279 = CARTESIAN_POINT('',(242.27006506968,94.272048464576,51.5));
#1280 = VECTOR('',#1281,1.);
#1281 = DIRECTION('',(-0.707106781187,-0.707106781187,0.));
#1282 = ORIENTED_EDGE('',*,*,#1283,.T.);
#1283 = EDGE_CURVE('',#1276,#1284,#1286,.T.);
#1284 = VERTEX_POINT('',#1285);
#1285 = CARTESIAN_POINT('',(215.77605966198,69.934718739496,51.5));
#1286 = LINE('',#1287,#1288);
#1287 = CARTESIAN_POINT('',(220.62949386424,65.08128453724,51.5));
#1288 = VECTOR('',#1289,1.);
#1289 = DIRECTION('',(-0.707106781187,0.707106781187,0.));
#1290 = ORIENTED_EDGE('',*,*,#1291,.T.);
#1291 = EDGE_CURVE('',#1284,#1292,#1294,.T.);
#1292 = VERTEX_POINT('',#1293);
#1293 = CARTESIAN_POINT('',(219.09946153356,73.258120611073,51.5));
#1294 = LINE('',#1295,#1296);
#1295 = CARTESIAN_POINT('',(239.61134357242,93.770002649934,51.5));
#1296 = VECTOR('',#1297,1.);
#1297 = DIRECTION('',(0.707106781187,0.707106781187,0.));
#1298 = ORIENTED_EDGE('',*,*,#1299,.T.);
#1299 = EDGE_CURVE('',#1292,#1300,#1302,.T.);
#1300 = VERTEX_POINT('',#1301);
#1301 = CARTESIAN_POINT('',(219.09445054062,73.263131604012,51.5));
#1302 = LINE('',#1303,#1304);
#1303 = CARTESIAN_POINT('',(223.41372681516,68.943855329471,51.5));
#1304 = VECTOR('',#1305,1.);
#1305 = DIRECTION('',(-0.707106781187,0.707106781187,0.));
#1306 = ORIENTED_EDGE('',*,*,#1307,.T.);
#1307 = EDGE_CURVE('',#1300,#1308,#1310,.T.);
#1308 = VERTEX_POINT('',#1309);
#1309 = CARTESIAN_POINT('',(219.44949493661,73.618176,51.5));
#1310 = LINE('',#1311,#1312);
#1311 = CARTESIAN_POINT('',(241.44555571326,95.614236776655,51.5));
#1312 = VECTOR('',#1313,1.);
#1313 = DIRECTION('',(0.707106781187,0.707106781187,0.));
#1314 = ORIENTED_EDGE('',*,*,#1315,.T.);
#1315 = EDGE_CURVE('',#1308,#1316,#1318,.T.);
#1316 = VERTEX_POINT('',#1317);
#1317 = CARTESIAN_POINT('',(209.55,83.517670936612,51.5));
#1318 = LINE('',#1319,#1320);
#1319 = CARTESIAN_POINT('',(223.76626571468,69.301405221928,51.5));
#1320 = VECTOR('',#1321,1.);
#1321 = DIRECTION('',(-0.707106781187,0.707106781187,0.));
#1322 = ORIENTED_EDGE('',*,*,#1323,.F.);
#1323 = EDGE_CURVE('',#1324,#1316,#1326,.T.);
#1324 = VERTEX_POINT('',#1325);
#1325 = CARTESIAN_POINT('',(205.87155373243,79.839224669047,51.5));
#1326 = LINE('',#1327,#1328);
#1327 = CARTESIAN_POINT('',(231.54606077665,105.51373171326,51.5));
#1328 = VECTOR('',#1329,1.);
#1329 = DIRECTION('',(0.707106781187,0.707106781187,0.));
#1330 = ORIENTED_EDGE('',*,*,#1331,.T.);
#1331 = EDGE_CURVE('',#1324,#1332,#1334,.T.);
#1332 = VERTEX_POINT('',#1333);
#1333 = CARTESIAN_POINT('',(204.79822688406,80.912551517418,51.5));
#1334 = LINE('',#1335,#1336);
#1335 = CARTESIAN_POINT('',(215.14057747528,70.5702009262,51.5));
#1336 = VECTOR('',#1337,1.);
#1337 = DIRECTION('',(-0.707106781187,0.707106781187,0.));
#1338 = ORIENTED_EDGE('',*,*,#1339,.T.);
#1339 = EDGE_CURVE('',#1332,#1340,#1342,.T.);
#1340 = VERTEX_POINT('',#1341);
#1341 = CARTESIAN_POINT('',(207.95899419596,84.073318829321,51.5));
#1342 = LINE('',#1343,#1344);
#1343 = CARTESIAN_POINT('',(228.6335107945,104.74783542785,51.5));
#1344 = VECTOR('',#1345,1.);
#1345 = DIRECTION('',(0.707106781187,0.707106781187,0.));
#1346 = ORIENTED_EDGE('',*,*,#1347,.T.);
#1347 = EDGE_CURVE('',#1340,#1348,#1350,.T.);
#1348 = VERTEX_POINT('',#1349);
#1349 = CARTESIAN_POINT('',(206.73923499842,85.293078026868,51.5));
#1350 = LINE('',#1351,#1352);
#1351 = CARTESIAN_POINT('',(217.76217586653,74.270137158759,51.5));
#1352 = VECTOR('',#1353,1.);
#1353 = DIRECTION('',(-0.707106781187,0.707106781187,0.));
#1354 = ORIENTED_EDGE('',*,*,#1355,.T.);
#1355 = EDGE_CURVE('',#1348,#1356,#1358,.T.);
#1356 = VERTEX_POINT('',#1357);
#1357 = CARTESIAN_POINT('',(207.58776313584,86.141606164292,51.5));
#1358 = LINE('',#1359,#1360);
#1359 = CARTESIAN_POINT('',(228.9941352529,107.54797828135,51.5));
#1360 = VECTOR('',#1361,1.);
#1361 = DIRECTION('',(0.707106781187,0.707106781187,0.));
#1362 = ORIENTED_EDGE('',*,*,#1363,.T.);
#1363 = EDGE_CURVE('',#1356,#1364,#1366,.T.);
#1364 = VERTEX_POINT('',#1365);
#1365 = CARTESIAN_POINT('',(205.25431075793,88.475058542208,51.5));
#1366 = LINE('',#1367,#1368);
#1367 = CARTESIAN_POINT('',(218.00082440518,75.728544894956,51.5));
#1368 = VECTOR('',#1369,1.);
#1369 = DIRECTION('',(-0.707106781187,0.707106781187,0.));
#1370 = ORIENTED_EDGE('',*,*,#1371,.T.);
#1371 = EDGE_CURVE('',#1364,#1372,#1374,.T.);
#1372 = VERTEX_POINT('',#1373);
#1373 = CARTESIAN_POINT('',(204.4057826205,87.626530404784,51.5));
#1374 = LINE('',#1375,#1376);
#1375 = CARTESIAN_POINT('',(227.0849469437,110.30569472798,51.5));
#1376 = VECTOR('',#1377,1.);
#1377 = DIRECTION('',(-0.707106781187,-0.707106781187,0.));
#1378 = ORIENTED_EDGE('',*,*,#1379,.T.);
#1379 = EDGE_CURVE('',#1372,#1380,#1382,.T.);
#1380 = VERTEX_POINT('',#1381);
#1381 = CARTESIAN_POINT('',(203.18602342296,88.846289602331,51.5));
#1382 = LINE('',#1383,#1384);
#1383 = CARTESIAN_POINT('',(215.9855700788,76.04674294649,51.5));
#1384 = VECTOR('',#1385,1.);
#1385 = DIRECTION('',(-0.707106781187,0.707106781187,0.));
#1386 = ORIENTED_EDGE('',*,*,#1387,.T.);
#1387 = EDGE_CURVE('',#1380,#1388,#1390,.T.);
#1388 = VERTEX_POINT('',#1389);
#1389 = CARTESIAN_POINT('',(198.7418573032,84.402123482573,51.5));
#1390 = LINE('',#1391,#1392);
#1391 = CARTESIAN_POINT('',(225.44092367744,111.10118985681,51.5));
#1392 = VECTOR('',#1393,1.);
#1393 = DIRECTION('',(-0.707106781187,-0.707106781187,0.));
#1394 = ORIENTED_EDGE('',*,*,#1395,.T.);
#1395 = EDGE_CURVE('',#1388,#1396,#1398,.T.);
#1396 = VERTEX_POINT('',#1397);
#1397 = CARTESIAN_POINT('',(198.15849420872,84.985486577052,51.5));
#1398 = LINE('',#1399,#1400);
#1399 = CARTESIAN_POINT('',(210.93152436027,72.212456425506,51.5));
#1400 = VECTOR('',#1401,1.);
#1401 = DIRECTION('',(-0.707106781187,0.707106781187,0.));
#1402 = ORIENTED_EDGE('',*,*,#1403,.T.);
#1403 = EDGE_CURVE('',#1396,#1404,#1406,.T.);
#1404 = VERTEX_POINT('',#1405);
#1405 = CARTESIAN_POINT('',(196.18920182311,83.016194191447,51.5));
#1406 = LINE('',#1407,#1408);
#1407 = CARTESIAN_POINT('',(222.63547752308,109.46246989141,51.5));
#1408 = VECTOR('',#1409,1.);
#1409 = DIRECTION('',(-0.707106781187,-0.707106781187,0.));
#1410 = ORIENTED_EDGE('',*,*,#1411,.T.);
#1411 = EDGE_CURVE('',#1404,#1412,#1414,.T.);
#1412 = VERTEX_POINT('',#1413);
#1413 = CARTESIAN_POINT('',(196.77256491759,82.432831096969,51.5));
#1414 = LINE('',#1415,#1416);
#1415 = CARTESIAN_POINT('',(208.67055042742,70.534845587141,51.5));
#1416 = VECTOR('',#1417,1.);
#1417 = DIRECTION('',(0.707106781187,-0.707106781187,-0.));
#1418 = ORIENTED_EDGE('',*,*,#1419,.T.);
#1419 = EDGE_CURVE('',#1412,#1420,#1422,.T.);
#1420 = VERTEX_POINT('',#1421);
#1421 = CARTESIAN_POINT('',(194.48861001436,80.148876193736,51.5));
#1422 = LINE('',#1423,#1424);
#1423 = CARTESIAN_POINT('',(222.23419442476,107.89446060413,51.5));
#1424 = VECTOR('',#1425,1.);
#1425 = DIRECTION('',(-0.707106781187,-0.707106781187,0.));
#1426 = ORIENTED_EDGE('',*,*,#1427,.T.);
#1427 = EDGE_CURVE('',#1420,#1428,#1430,.T.);
#1428 = VERTEX_POINT('',#1429);
#1429 = CARTESIAN_POINT('',(199.26158078737,75.375905420727,51.5));
#1430 = LINE('',#1431,#1432);
#1431 = CARTESIAN_POINT('',(206.67827707143,67.959209136669,51.5));
#1432 = VECTOR('',#1433,1.);
#1433 = DIRECTION('',(0.707106781187,-0.707106781187,-0.));
#1434 = ORIENTED_EDGE('',*,*,#1435,.T.);
#1435 = EDGE_CURVE('',#1428,#1436,#1438,.T.);
#1436 = VERTEX_POINT('',#1437);
#1437 = CARTESIAN_POINT('',(201.5455356906,77.659860323959,51.5));
#1438 = LINE('',#1439,#1440);
#1439 = CARTESIAN_POINT('',(225.86518774615,101.97951237951,51.5));
#1440 = VECTOR('',#1441,1.);
#1441 = DIRECTION('',(0.707106781187,0.707106781187,0.));
#1442 = ORIENTED_EDGE('',*,*,#1443,.T.);
#1443 = EDGE_CURVE('',#1436,#1444,#1446,.T.);
#1444 = VERTEX_POINT('',#1445);
#1445 = CARTESIAN_POINT('',(202.61886253897,76.586533475589,51.5));
#1446 = LINE('',#1447,#1448);
#1447 = CARTESIAN_POINT('',(211.34871736117,67.856678653397,51.5));
#1448 = VECTOR('',#1449,1.);
#1449 = DIRECTION('',(0.707106781187,-0.707106781187,0.));
#1450 = ORIENTED_EDGE('',*,*,#1451,.F.);
#1451 = EDGE_CURVE('',#1452,#1444,#1454,.T.);
#1452 = VERTEX_POINT('',#1453);
#1453 = CARTESIAN_POINT('',(199.65050506338,73.618176,51.5));
#1454 = LINE('',#1455,#1456);
#1455 = CARTESIAN_POINT('',(231.54606077665,105.51373171326,51.5));
#1456 = VECTOR('',#1457,1.);
#1457 = DIRECTION('',(0.707106781187,0.707106781187,0.));
#1458 = ORIENTED_EDGE('',*,*,#1459,.F.);
#1459 = EDGE_CURVE('',#1460,#1452,#1462,.T.);
#1460 = VERTEX_POINT('',#1461);
#1461 = CARTESIAN_POINT('',(209.55,63.718681063388,51.5));
#1462 = LINE('',#1463,#1464);
#1463 = CARTESIAN_POINT('',(209.55,63.718681063388,51.5));
#1464 = VECTOR('',#1465,1.);
#1465 = DIRECTION('',(-0.707106781187,0.707106781187,0.));
#1466 = ORIENTED_EDGE('',*,*,#1467,.T.);
#1467 = EDGE_CURVE('',#1460,#1468,#1470,.T.);
#1468 = VERTEX_POINT('',#1469);
#1469 = CARTESIAN_POINT('',(209.19495560401,63.363636667401,51.5));
#1470 = LINE('',#1471,#1472);
#1471 = CARTESIAN_POINT('',(209.55,63.718681063388,51.5));
#1472 = VECTOR('',#1473,1.);
#1473 = DIRECTION('',(-0.707106781187,-0.707106781187,0.));
#1474 = ORIENTED_EDGE('',*,*,#1475,.T.);
#1475 = EDGE_CURVE('',#1468,#1476,#1478,.T.);
#1476 = VERTEX_POINT('',#1477);
#1477 = CARTESIAN_POINT('',(209.19996659695,63.358625674461,51.5));
#1478 = LINE('',#1479,#1480);
#1479 = CARTESIAN_POINT('',(208.56448441024,63.994107861165,51.5));
#1480 = VECTOR('',#1481,1.);
#1481 = DIRECTION('',(0.707106781187,-0.707106781187,0.));
#1482 = ORIENTED_EDGE('',*,*,#1483,.T.);
#1483 = EDGE_CURVE('',#1476,#1484,#1486,.T.);
#1484 = VERTEX_POINT('',#1485);
#1485 = CARTESIAN_POINT('',(212.52336846852,66.682027546038,51.5));
#1486 = LINE('',#1487,#1488);
#1487 = CARTESIAN_POINT('',(236.3232970399,90.481956117417,51.5));
#1488 = VECTOR('',#1489,1.);
#1489 = DIRECTION('',(0.707106781187,0.707106781187,0.));
#1490 = ORIENTED_EDGE('',*,*,#1491,.T.);
#1491 = EDGE_CURVE('',#1484,#1178,#1492,.T.);
#1492 = LINE('',#1493,#1494);
#1493 = CARTESIAN_POINT('',(216.83763375013,62.367762264436,51.5));
#1494 = VECTOR('',#1495,1.);
#1495 = DIRECTION('',(0.707106781187,-0.707106781187,-0.));
#1496 = FACE_BOUND('',#1497,.F.);
#1497 = EDGE_LOOP('',(#1498));
#1498 = ORIENTED_EDGE('',*,*,#1499,.F.);
#1499 = EDGE_CURVE('',#1500,#1500,#1502,.T.);
#1500 = VERTEX_POINT('',#1501);
#1501 = CARTESIAN_POINT('',(228.34999856203,76.000001132489,51.5));
#1502 = CIRCLE('',#1503,1.);
#1503 = AXIS2_PLACEMENT_3D('',#1504,#1505,#1506);
#1504 = CARTESIAN_POINT('',(227.34999856203,76.000001132489,51.5));
#1505 = DIRECTION('',(0.,0.,-1.));
#1506 = DIRECTION('',(-1.,6.E-17,0.));
#1507 = FACE_BOUND('',#1508,.F.);
#1508 = EDGE_LOOP('',(#1509,#1519,#1527,#1535));
#1509 = ORIENTED_EDGE('',*,*,#1510,.T.);
#1510 = EDGE_CURVE('',#1511,#1513,#1515,.T.);
#1511 = VERTEX_POINT('',#1512);
#1512 = CARTESIAN_POINT('',(273.7,66.618176,51.5));
#1513 = VERTEX_POINT('',#1514);
#1514 = CARTESIAN_POINT('',(273.7,80.618176,51.5));
#1515 = LINE('',#1516,#1517);
#1516 = CARTESIAN_POINT('',(273.7,87.797465998584,51.5));
#1517 = VECTOR('',#1518,1.);
#1518 = DIRECTION('',(1.E-15,1.,0.));
#1519 = ORIENTED_EDGE('',*,*,#1520,.T.);
#1520 = EDGE_CURVE('',#1513,#1521,#1523,.T.);
#1521 = VERTEX_POINT('',#1522);
#1522 = CARTESIAN_POINT('',(259.7,80.618176,51.5));
#1523 = LINE('',#1524,#1525);
#1524 = CARTESIAN_POINT('',(272.88757902303,80.618176,51.5));
#1525 = VECTOR('',#1526,1.);
#1526 = DIRECTION('',(-1.,1.E-15,0.));
#1527 = ORIENTED_EDGE('',*,*,#1528,.T.);
#1528 = EDGE_CURVE('',#1521,#1529,#1531,.T.);
#1529 = VERTEX_POINT('',#1530);
#1530 = CARTESIAN_POINT('',(259.7,66.618176,51.5));
#1531 = LINE('',#1532,#1533);
#1532 = CARTESIAN_POINT('',(259.7,94.797465998584,51.5));
#1533 = VECTOR('',#1534,1.);
#1534 = DIRECTION('',(-1.E-15,-1.,0.));
#1535 = ORIENTED_EDGE('',*,*,#1536,.T.);
#1536 = EDGE_CURVE('',#1529,#1511,#1537,.T.);
#1537 = LINE('',#1538,#1539);
#1538 = CARTESIAN_POINT('',(265.88757902303,66.618176,51.5));
#1539 = VECTOR('',#1540,1.);
#1540 = DIRECTION('',(1.,-1.E-15,0.));
#1541 = FACE_BOUND('',#1542,.F.);
#1542 = EDGE_LOOP('',(#1543,#1553,#1561,#1569));
#1543 = ORIENTED_EDGE('',*,*,#1544,.T.);
#1544 = EDGE_CURVE('',#1545,#1547,#1549,.T.);
#1545 = VERTEX_POINT('',#1546);
#1546 = CARTESIAN_POINT('',(251.85858850342,64.668606657151,51.5));
#1547 = VERTEX_POINT('',#1548);
#1548 = CARTESIAN_POINT('',(247.07030649686,77.824303348154,51.5));
#1549 = LINE('',#1550,#1551);
#1550 = CARTESIAN_POINT('',(245.92085084884,80.982406785763,51.5));
#1551 = VECTOR('',#1552,1.);
#1552 = DIRECTION('',(-0.342020143326,0.939692620786,0.));
#1553 = ORIENTED_EDGE('',*,*,#1554,.T.);
#1554 = EDGE_CURVE('',#1547,#1555,#1557,.T.);
#1555 = VERTEX_POINT('',#1556);
#1556 = CARTESIAN_POINT('',(233.91460980586,73.036021341595,51.5));
#1557 = LINE('',#1558,#1559);
#1558 = CARTESIAN_POINT('',(263.11632892277,83.66457788955,51.5));
#1559 = VECTOR('',#1560,1.);
#1560 = DIRECTION('',(-0.939692620786,-0.342020143326,0.));
#1561 = ORIENTED_EDGE('',*,*,#1562,.T.);
#1562 = EDGE_CURVE('',#1555,#1563,#1565,.T.);
#1563 = VERTEX_POINT('',#1564);
#1564 = CARTESIAN_POINT('',(238.70289181242,59.880324650592,51.5));
#1565 = LINE('',#1566,#1567);
#1566 = CARTESIAN_POINT('',(230.37101315456,82.771973124705,51.5));
#1567 = VECTOR('',#1568,1.);
#1568 = DIRECTION('',(0.342020143326,-0.939692620786,-0.));
#1569 = ORIENTED_EDGE('',*,*,#1570,.T.);
#1570 = EDGE_CURVE('',#1563,#1545,#1571,.T.);
#1571 = LINE('',#1572,#1573);
#1572 = CARTESIAN_POINT('',(261.32676258382,68.114740195268,51.5));
#1573 = VECTOR('',#1574,1.);
#1574 = DIRECTION('',(0.939692620786,0.342020143326,0.));
#1575 = FACE_BOUND('',#1576,.F.);
#1576 = EDGE_LOOP('',(#1577,#1587,#1595,#1603));
#1577 = ORIENTED_EDGE('',*,*,#1578,.T.);
#1578 = EDGE_CURVE('',#1579,#1581,#1583,.T.);
#1579 = VERTEX_POINT('',#1580);
#1580 = CARTESIAN_POINT('',(311.8,118.718176,51.5));
#1581 = VERTEX_POINT('',#1582);
#1582 = CARTESIAN_POINT('',(297.8,118.718176,51.5));
#1583 = LINE('',#1584,#1585);
#1584 = CARTESIAN_POINT('',(284.93757902303,118.718176,51.5));
#1585 = VECTOR('',#1586,1.);
#1586 = DIRECTION('',(-1.,1.E-15,0.));
#1587 = ORIENTED_EDGE('',*,*,#1588,.T.);
#1588 = EDGE_CURVE('',#1581,#1589,#1591,.T.);
#1589 = VERTEX_POINT('',#1590);
#1590 = CARTESIAN_POINT('',(297.8,104.718176,51.5));
#1591 = LINE('',#1592,#1593);
#1592 = CARTESIAN_POINT('',(297.8,106.84746599858,51.5));
#1593 = VECTOR('',#1594,1.);
#1594 = DIRECTION('',(-1.E-15,-1.,0.));
#1595 = ORIENTED_EDGE('',*,*,#1596,.T.);
#1596 = EDGE_CURVE('',#1589,#1597,#1599,.T.);
#1597 = VERTEX_POINT('',#1598);
#1598 = CARTESIAN_POINT('',(311.8,104.718176,51.5));
#1599 = LINE('',#1600,#1601);
#1600 = CARTESIAN_POINT('',(291.93757902303,104.718176,51.5));
#1601 = VECTOR('',#1602,1.);
#1602 = DIRECTION('',(1.,-1.E-15,0.));
#1603 = ORIENTED_EDGE('',*,*,#1604,.T.);
#1604 = EDGE_CURVE('',#1597,#1579,#1605,.T.);
#1605 = LINE('',#1606,#1607);
#1606 = CARTESIAN_POINT('',(311.8,113.84746599858,51.5));
#1607 = VECTOR('',#1608,1.);
#1608 = DIRECTION('',(1.E-15,1.,0.));
#1609 = FACE_BOUND('',#1610,.F.);
#1610 = EDGE_LOOP('',(#1611,#1621,#1629,#1637));
#1611 = ORIENTED_EDGE('',*,*,#1612,.T.);
#1612 = EDGE_CURVE('',#1613,#1615,#1617,.T.);
#1613 = VERTEX_POINT('',#1614);
#1614 = CARTESIAN_POINT('',(292.75,104.430676,51.5));
#1615 = VERTEX_POINT('',#1616);
#1616 = CARTESIAN_POINT('',(278.75,104.430676,51.5));
#1617 = LINE('',#1618,#1619);
#1618 = CARTESIAN_POINT('',(275.41257902303,104.430676,51.5));
#1619 = VECTOR('',#1620,1.);
#1620 = DIRECTION('',(-1.,1.E-15,0.));
#1621 = ORIENTED_EDGE('',*,*,#1622,.T.);
#1622 = EDGE_CURVE('',#1615,#1623,#1625,.T.);
#1623 = VERTEX_POINT('',#1624);
#1624 = CARTESIAN_POINT('',(278.75,90.430676,51.5));
#1625 = LINE('',#1626,#1627);
#1626 = CARTESIAN_POINT('',(278.75,99.703715998584,51.5));
#1627 = VECTOR('',#1628,1.);
#1628 = DIRECTION('',(-1.E-15,-1.,0.));
#1629 = ORIENTED_EDGE('',*,*,#1630,.T.);
#1630 = EDGE_CURVE('',#1623,#1631,#1633,.T.);
#1631 = VERTEX_POINT('',#1632);
#1632 = CARTESIAN_POINT('',(292.75,90.430676,51.5));
#1633 = LINE('',#1634,#1635);
#1634 = CARTESIAN_POINT('',(282.41257902303,90.430676,51.5));
#1635 = VECTOR('',#1636,1.);
#1636 = DIRECTION('',(1.,-1.E-15,0.));
#1637 = ORIENTED_EDGE('',*,*,#1638,.T.);
#1638 = EDGE_CURVE('',#1631,#1613,#1639,.T.);
#1639 = LINE('',#1640,#1641);
#1640 = CARTESIAN_POINT('',(292.75,106.70371599858,51.5));
#1641 = VECTOR('',#1642,1.);
#1642 = DIRECTION('',(1.E-15,1.,0.));
#1643 = FACE_BOUND('',#1644,.F.);
#1644 = EDGE_LOOP('',(#1645,#1655,#1663,#1671));
#1645 = ORIENTED_EDGE('',*,*,#1646,.T.);
#1646 = EDGE_CURVE('',#1647,#1649,#1651,.T.);
#1647 = VERTEX_POINT('',#1648);
#1648 = CARTESIAN_POINT('',(311.8,99.668176,51.5));
#1649 = VERTEX_POINT('',#1650);
#1650 = CARTESIAN_POINT('',(297.8,99.668176,51.5));
#1651 = LINE('',#1652,#1653);
#1652 = CARTESIAN_POINT('',(284.93757902303,99.668176,51.5));
#1653 = VECTOR('',#1654,1.);
#1654 = DIRECTION('',(-1.,1.E-15,0.));
#1655 = ORIENTED_EDGE('',*,*,#1656,.T.);
#1656 = EDGE_CURVE('',#1649,#1657,#1659,.T.);
#1657 = VERTEX_POINT('',#1658);
#1658 = CARTESIAN_POINT('',(297.8,85.668176,51.5));
#1659 = LINE('',#1660,#1661);
#1660 = CARTESIAN_POINT('',(297.8,97.322465998584,51.5));
#1661 = VECTOR('',#1662,1.);
#1662 = DIRECTION('',(-1.E-15,-1.,0.));
#1663 = ORIENTED_EDGE('',*,*,#1664,.T.);
#1664 = EDGE_CURVE('',#1657,#1665,#1667,.T.);
#1665 = VERTEX_POINT('',#1666);
#1666 = CARTESIAN_POINT('',(311.8,85.668176,51.5));
#1667 = LINE('',#1668,#1669);
#1668 = CARTESIAN_POINT('',(291.93757902303,85.668176,51.5));
#1669 = VECTOR('',#1670,1.);
#1670 = DIRECTION('',(1.,-1.E-15,0.));
#1671 = ORIENTED_EDGE('',*,*,#1672,.T.);
#1672 = EDGE_CURVE('',#1665,#1647,#1673,.T.);
#1673 = LINE('',#1674,#1675);
#1674 = CARTESIAN_POINT('',(311.8,104.32246599858,51.5));
#1675 = VECTOR('',#1676,1.);
#1676 = DIRECTION('',(1.E-15,1.,0.));
#1677 = FACE_BOUND('',#1678,.F.);
#1678 = EDGE_LOOP('',(#1679,#1689,#1697,#1705));
#1679 = ORIENTED_EDGE('',*,*,#1680,.T.);
#1680 = EDGE_CURVE('',#1681,#1683,#1685,.T.);
#1681 = VERTEX_POINT('',#1682);
#1682 = CARTESIAN_POINT('',(330.85,118.718176,51.5));
#1683 = VERTEX_POINT('',#1684);
#1684 = CARTESIAN_POINT('',(316.85,118.718176,51.5));
#1685 = LINE('',#1686,#1687);
#1686 = CARTESIAN_POINT('',(294.46257902303,118.718176,51.5));
#1687 = VECTOR('',#1688,1.);
#1688 = DIRECTION('',(-1.,1.E-15,0.));
#1689 = ORIENTED_EDGE('',*,*,#1690,.T.);
#1690 = EDGE_CURVE('',#1683,#1691,#1693,.T.);
#1691 = VERTEX_POINT('',#1692);
#1692 = CARTESIAN_POINT('',(316.85,104.718176,51.5));
#1693 = LINE('',#1694,#1695);
#1694 = CARTESIAN_POINT('',(316.85,106.84746599858,51.5));
#1695 = VECTOR('',#1696,1.);
#1696 = DIRECTION('',(-1.E-15,-1.,0.));
#1697 = ORIENTED_EDGE('',*,*,#1698,.T.);
#1698 = EDGE_CURVE('',#1691,#1699,#1701,.T.);
#1699 = VERTEX_POINT('',#1700);
#1700 = CARTESIAN_POINT('',(330.85,104.718176,51.5));
#1701 = LINE('',#1702,#1703);
#1702 = CARTESIAN_POINT('',(301.46257902303,104.718176,51.5));
#1703 = VECTOR('',#1704,1.);
#1704 = DIRECTION('',(1.,-1.E-15,0.));
#1705 = ORIENTED_EDGE('',*,*,#1706,.T.);
#1706 = EDGE_CURVE('',#1699,#1681,#1707,.T.);
#1707 = LINE('',#1708,#1709);
#1708 = CARTESIAN_POINT('',(330.85,113.84746599858,51.5));
#1709 = VECTOR('',#1710,1.);
#1710 = DIRECTION('',(1.E-15,1.,0.));
#1711 = FACE_BOUND('',#1712,.F.);
#1712 = EDGE_LOOP('',(#1713));
#1713 = ORIENTED_EDGE('',*,*,#1714,.T.);
#1714 = EDGE_CURVE('',#1715,#1715,#1717,.T.);
#1715 = VERTEX_POINT('',#1716);
#1716 = CARTESIAN_POINT('',(354.1,106.,51.5));
#1717 = CIRCLE('',#1718,1.1);
#1718 = AXIS2_PLACEMENT_3D('',#1719,#1720,#1721);
#1719 = CARTESIAN_POINT('',(353.,106.,51.5));
#1720 = DIRECTION('',(0.,0.,1.));
#1721 = DIRECTION('',(1.,0.,0.));
#1722 = FACE_BOUND('',#1723,.F.);
#1723 = EDGE_LOOP('',(#1724,#1734,#1742,#1750));
#1724 = ORIENTED_EDGE('',*,*,#1725,.T.);
#1725 = EDGE_CURVE('',#1726,#1728,#1730,.T.);
#1726 = VERTEX_POINT('',#1727);
#1727 = CARTESIAN_POINT('',(330.85,99.668176,51.5));
#1728 = VERTEX_POINT('',#1729);
#1729 = CARTESIAN_POINT('',(316.85,99.668176,51.5));
#1730 = LINE('',#1731,#1732);
#1731 = CARTESIAN_POINT('',(294.46257902303,99.668176,51.5));
#1732 = VECTOR('',#1733,1.);
#1733 = DIRECTION('',(-1.,1.E-15,0.));
#1734 = ORIENTED_EDGE('',*,*,#1735,.T.);
#1735 = EDGE_CURVE('',#1728,#1736,#1738,.T.);
#1736 = VERTEX_POINT('',#1737);
#1737 = CARTESIAN_POINT('',(316.85,85.668176,51.5));
#1738 = LINE('',#1739,#1740);
#1739 = CARTESIAN_POINT('',(316.85,97.322465998584,51.5));
#1740 = VECTOR('',#1741,1.);
#1741 = DIRECTION('',(-1.E-15,-1.,0.));
#1742 = ORIENTED_EDGE('',*,*,#1743,.T.);
#1743 = EDGE_CURVE('',#1736,#1744,#1746,.T.);
#1744 = VERTEX_POINT('',#1745);
#1745 = CARTESIAN_POINT('',(330.85,85.668176,51.5));
#1746 = LINE('',#1747,#1748);
#1747 = CARTESIAN_POINT('',(301.46257902303,85.668176,51.5));
#1748 = VECTOR('',#1749,1.);
#1749 = DIRECTION('',(1.,-1.E-15,0.));
#1750 = ORIENTED_EDGE('',*,*,#1751,.T.);
#1751 = EDGE_CURVE('',#1744,#1726,#1752,.T.);
#1752 = LINE('',#1753,#1754);
#1753 = CARTESIAN_POINT('',(330.85,104.32246599858,51.5));
#1754 = VECTOR('',#1755,1.);
#1755 = DIRECTION('',(1.E-15,1.,0.));
#1756 = FACE_BOUND('',#1757,.F.);
#1757 = EDGE_LOOP('',(#1758));
#1758 = ORIENTED_EDGE('',*,*,#1759,.T.);
#1759 = EDGE_CURVE('',#1760,#1760,#1762,.T.);
#1760 = VERTEX_POINT('',#1761);
#1761 = CARTESIAN_POINT('',(338.45,96.,51.5));
#1762 = CIRCLE('',#1763,1.1);
#1763 = AXIS2_PLACEMENT_3D('',#1764,#1765,#1766);
#1764 = CARTESIAN_POINT('',(337.35,96.,51.5));
#1765 = DIRECTION('',(0.,0.,1.));
#1766 = DIRECTION('',(1.,0.,0.));
#1767 = FACE_BOUND('',#1768,.F.);
#1768 = EDGE_LOOP('',(#1769));
#1769 = ORIENTED_EDGE('',*,*,#1770,.F.);
#1770 = EDGE_CURVE('',#1771,#1771,#1773,.T.);
#1771 = VERTEX_POINT('',#1772);
#1772 = CARTESIAN_POINT('',(305.95,77.,51.5));
#1773 = CIRCLE('',#1774,1.1);
#1774 = AXIS2_PLACEMENT_3D('',#1775,#1776,#1777);
#1775 = CARTESIAN_POINT('',(304.85,77.,51.5));
#1776 = DIRECTION('',(0.,0.,-1.));
#1777 = DIRECTION('',(-1.,6.E-17,0.));
#1778 = PLANE('',#1779);
#1779 = AXIS2_PLACEMENT_3D('',#1780,#1781,#1782);
#1780 = CARTESIAN_POINT('',(272.07515804606,108.97675599716,51.5));
#1781 = DIRECTION('',(0.,0.,-1.));
#1782 = DIRECTION('',(1.,-1.E-15,0.));
#1783 = ADVANCED_FACE('',(#1784),#1842,.T.);
#1784 = FACE_BOUND('',#1785,.T.);
#1785 = EDGE_LOOP('',(#1786,#1787,#1796,#1804,#1812,#1820,#1828,#1836));
#1786 = ORIENTED_EDGE('',*,*,#21,.T.);
#1787 = ORIENTED_EDGE('',*,*,#1788,.T.);
#1788 = EDGE_CURVE('',#24,#1789,#1791,.T.);
#1789 = VERTEX_POINT('',#1790);
#1790 = CARTESIAN_POINT('',(363.1875,111.995676,50.7));
#1791 = CIRCLE('',#1792,0.8);
#1792 = AXIS2_PLACEMENT_3D('',#1793,#1794,#1795);
#1793 = CARTESIAN_POINT('',(362.3875,111.995676,50.7));
#1794 = DIRECTION('',(0.,1.,0.));
#1795 = DIRECTION('',(0.,0.,-1.));
#1796 = ORIENTED_EDGE('',*,*,#1797,.T.);
#1797 = EDGE_CURVE('',#1789,#1798,#1800,.T.);
#1798 = VERTEX_POINT('',#1799);
#1799 = CARTESIAN_POINT('',(363.1875,111.995676,50.3));
#1800 = LINE('',#1801,#1802);
#1801 = CARTESIAN_POINT('',(363.1875,111.995676,-80.));
#1802 = VECTOR('',#1803,1.);
#1803 = DIRECTION('',(0.,0.,-1.));
#1804 = ORIENTED_EDGE('',*,*,#1805,.F.);
#1805 = EDGE_CURVE('',#1806,#1798,#1808,.T.);
#1806 = VERTEX_POINT('',#1807);
#1807 = CARTESIAN_POINT('',(361.6875,111.995676,50.3));
#1808 = LINE('',#1809,#1810);
#1809 = CARTESIAN_POINT('',(179.44375,111.995676,50.3));
#1810 = VECTOR('',#1811,1.);
#1811 = DIRECTION('',(1.,0.,0.));
#1812 = ORIENTED_EDGE('',*,*,#1813,.T.);
#1813 = EDGE_CURVE('',#1806,#1814,#1816,.T.);
#1814 = VERTEX_POINT('',#1815);
#1815 = CARTESIAN_POINT('',(361.6875,111.995676,49.81));
#1816 = LINE('',#1817,#1818);
#1817 = CARTESIAN_POINT('',(361.6875,111.995676,-25.4));
#1818 = VECTOR('',#1819,1.);
#1819 = DIRECTION('',(0.,0.,-1.));
#1820 = ORIENTED_EDGE('',*,*,#1821,.T.);
#1821 = EDGE_CURVE('',#1814,#1822,#1824,.T.);
#1822 = VERTEX_POINT('',#1823);
#1823 = CARTESIAN_POINT('',(361.3875,111.995676,49.51));
#1824 = LINE('',#1825,#1826);
#1825 = CARTESIAN_POINT('',(323.535,111.995676,11.657500000002));
#1826 = VECTOR('',#1827,1.);
#1827 = DIRECTION('',(-0.707106781187,0.,-0.707106781187));
#1828 = ORIENTED_EDGE('',*,*,#1829,.F.);
#1829 = EDGE_CURVE('',#1830,#1822,#1832,.T.);
#1830 = VERTEX_POINT('',#1831);
#1831 = CARTESIAN_POINT('',(358.8875,111.995676,49.51));
#1832 = LINE('',#1833,#1834);
#1833 = CARTESIAN_POINT('',(315.48132902303,111.995676,49.51));
#1834 = VECTOR('',#1835,1.);
#1835 = DIRECTION('',(1.,0.,0.));
#1836 = ORIENTED_EDGE('',*,*,#1837,.T.);
#1837 = EDGE_CURVE('',#1830,#22,#1838,.T.);
#1838 = LINE('',#1839,#1840);
#1839 = CARTESIAN_POINT('',(358.8875,111.995676,-100.));
#1840 = VECTOR('',#1841,1.);
#1841 = DIRECTION('',(0.,0.,1.));
#1842 = PLANE('',#1843);
#1843 = AXIS2_PLACEMENT_3D('',#1844,#1845,#1846);
#1844 = CARTESIAN_POINT('',(358.8875,111.995676,-100.));
#1845 = DIRECTION('',(0.,1.,0.));
#1846 = DIRECTION('',(0.,0.,1.));
#1847 = ADVANCED_FACE('',(#1848),#1867,.T.);
#1848 = FACE_BOUND('',#1849,.F.);
#1849 = EDGE_LOOP('',(#1850,#1851,#1859,#1866));
#1850 = ORIENTED_EDGE('',*,*,#1788,.T.);
#1851 = ORIENTED_EDGE('',*,*,#1852,.T.);
#1852 = EDGE_CURVE('',#1789,#1853,#1855,.T.);
#1853 = VERTEX_POINT('',#1854);
#1854 = CARTESIAN_POINT('',(363.1875,98.692824244835,50.7));
#1855 = LINE('',#1856,#1857);
#1856 = CARTESIAN_POINT('',(363.1875,111.995676,50.7));
#1857 = VECTOR('',#1858,1.);
#1858 = DIRECTION('',(-0.,-1.,-0.));
#1859 = ORIENTED_EDGE('',*,*,#1860,.F.);
#1860 = EDGE_CURVE('',#32,#1853,#1861,.T.);
#1861 = CIRCLE('',#1862,0.8);
#1862 = AXIS2_PLACEMENT_3D('',#1863,#1864,#1865);
#1863 = CARTESIAN_POINT('',(362.3875,98.692824244835,50.7));
#1864 = DIRECTION('',(0.,1.,0.));
#1865 = DIRECTION('',(0.,0.,1.));
#1866 = ORIENTED_EDGE('',*,*,#31,.F.);
#1867 = CYLINDRICAL_SURFACE('',#1868,0.8);
#1868 = AXIS2_PLACEMENT_3D('',#1869,#1870,#1871);
#1869 = CARTESIAN_POINT('',(362.3875,111.995676,50.7));
#1870 = DIRECTION('',(-0.,-1.,-0.));
#1871 = DIRECTION('',(0.,0.,1.));
#1872 = ADVANCED_FACE('',(#1873),#1891,.T.);
#1873 = FACE_BOUND('',#1874,.T.);
#1874 = EDGE_LOOP('',(#1875,#1876,#1884,#1890));
#1875 = ORIENTED_EDGE('',*,*,#1837,.F.);
#1876 = ORIENTED_EDGE('',*,*,#1877,.F.);
#1877 = EDGE_CURVE('',#1878,#1830,#1880,.T.);
#1878 = VERTEX_POINT('',#1879);
#1879 = CARTESIAN_POINT('',(358.8875,132.395676,49.51));
#1880 = LINE('',#1881,#1882);
#1881 = CARTESIAN_POINT('',(358.8875,110.48621599858,49.51));
#1882 = VECTOR('',#1883,1.);
#1883 = DIRECTION('',(0.,-1.,0.));
#1884 = ORIENTED_EDGE('',*,*,#1885,.T.);
#1885 = EDGE_CURVE('',#1878,#250,#1886,.T.);
#1886 = LINE('',#1887,#1888);
#1887 = CARTESIAN_POINT('',(358.8875,132.395676,-100.));
#1888 = VECTOR('',#1889,1.);
#1889 = DIRECTION('',(0.,0.,1.));
#1890 = ORIENTED_EDGE('',*,*,#257,.T.);
#1891 = PLANE('',#1892);
#1892 = AXIS2_PLACEMENT_3D('',#1893,#1894,#1895);
#1893 = CARTESIAN_POINT('',(358.8875,111.995676,-100.));
#1894 = DIRECTION('',(1.,0.,0.));
#1895 = DIRECTION('',(0.,0.,1.));
#1896 = ADVANCED_FACE('',(#1897),#1917,.T.);
#1897 = FACE_BOUND('',#1898,.T.);
#1898 = EDGE_LOOP('',(#1899,#1900,#1901,#1910));
#1899 = ORIENTED_EDGE('',*,*,#1860,.F.);
#1900 = ORIENTED_EDGE('',*,*,#39,.T.);
#1901 = ORIENTED_EDGE('',*,*,#1902,.T.);
#1902 = EDGE_CURVE('',#40,#1903,#1905,.T.);
#1903 = VERTEX_POINT('',#1904);
#1904 = CARTESIAN_POINT('',(362.07100722802,95.370947609284,50.7));
#1905 = CIRCLE('',#1906,0.8);
#1906 = AXIS2_PLACEMENT_3D('',#1907,#1908,#1909);
#1907 = CARTESIAN_POINT('',(361.43340617667,95.854129665364,50.7));
#1908 = DIRECTION('',(0.6039775701,0.797001314187,0.));
#1909 = DIRECTION('',(0.797001314187,-0.6039775701,0.));
#1910 = ORIENTED_EDGE('',*,*,#1911,.F.);
#1911 = EDGE_CURVE('',#1853,#1903,#1912,.T.);
#1912 = CIRCLE('',#1913,5.5);
#1913 = AXIS2_PLACEMENT_3D('',#1914,#1915,#1916);
#1914 = CARTESIAN_POINT('',(357.6875,98.692824244835,50.7));
#1915 = DIRECTION('',(0.,0.,-1.));
#1916 = DIRECTION('',(1.,0.,0.));
#1917 = TOROIDAL_SURFACE('',#1918,4.7,0.8);
#1918 = AXIS2_PLACEMENT_3D('',#1919,#1920,#1921);
#1919 = CARTESIAN_POINT('',(357.6875,98.692824244835,50.7));
#1920 = DIRECTION('',(0.,0.,-1.));
#1921 = DIRECTION('',(1.,0.,0.));
#1922 = ADVANCED_FACE('',(#1923),#1974,.F.);
#1923 = FACE_BOUND('',#1924,.F.);
#1924 = EDGE_LOOP('',(#1925,#1926,#1935,#1943,#1951,#1959,#1967,#1973));
#1925 = ORIENTED_EDGE('',*,*,#249,.T.);
#1926 = ORIENTED_EDGE('',*,*,#1927,.T.);
#1927 = EDGE_CURVE('',#242,#1928,#1930,.T.);
#1928 = VERTEX_POINT('',#1929);
#1929 = CARTESIAN_POINT('',(363.1875,132.395676,50.7));
#1930 = CIRCLE('',#1931,0.8);
#1931 = AXIS2_PLACEMENT_3D('',#1932,#1933,#1934);
#1932 = CARTESIAN_POINT('',(362.3875,132.395676,50.7));
#1933 = DIRECTION('',(0.,1.,0.));
#1934 = DIRECTION('',(0.,0.,1.));
#1935 = ORIENTED_EDGE('',*,*,#1936,.T.);
#1936 = EDGE_CURVE('',#1928,#1937,#1939,.T.);
#1937 = VERTEX_POINT('',#1938);
#1938 = CARTESIAN_POINT('',(363.1875,132.395676,50.3));
#1939 = LINE('',#1940,#1941);
#1940 = CARTESIAN_POINT('',(363.1875,132.395676,-80.));
#1941 = VECTOR('',#1942,1.);
#1942 = DIRECTION('',(0.,0.,-1.));
#1943 = ORIENTED_EDGE('',*,*,#1944,.F.);
#1944 = EDGE_CURVE('',#1945,#1937,#1947,.T.);
#1945 = VERTEX_POINT('',#1946);
#1946 = CARTESIAN_POINT('',(361.6875,132.395676,50.3));
#1947 = LINE('',#1948,#1949);
#1948 = CARTESIAN_POINT('',(179.44375,132.395676,50.3));
#1949 = VECTOR('',#1950,1.);
#1950 = DIRECTION('',(1.,0.,0.));
#1951 = ORIENTED_EDGE('',*,*,#1952,.T.);
#1952 = EDGE_CURVE('',#1945,#1953,#1955,.T.);
#1953 = VERTEX_POINT('',#1954);
#1954 = CARTESIAN_POINT('',(361.6875,132.395676,49.81));
#1955 = LINE('',#1956,#1957);
#1956 = CARTESIAN_POINT('',(361.6875,132.395676,-25.4));
#1957 = VECTOR('',#1958,1.);
#1958 = DIRECTION('',(0.,0.,-1.));
#1959 = ORIENTED_EDGE('',*,*,#1960,.T.);
#1960 = EDGE_CURVE('',#1953,#1961,#1963,.T.);
#1961 = VERTEX_POINT('',#1962);
#1962 = CARTESIAN_POINT('',(361.3875,132.395676,49.51));
#1963 = LINE('',#1964,#1965);
#1964 = CARTESIAN_POINT('',(323.535,132.395676,11.657500000002));
#1965 = VECTOR('',#1966,1.);
#1966 = DIRECTION('',(-0.707106781187,0.,-0.707106781187));
#1967 = ORIENTED_EDGE('',*,*,#1968,.F.);
#1968 = EDGE_CURVE('',#1878,#1961,#1969,.T.);
#1969 = LINE('',#1970,#1971);
#1970 = CARTESIAN_POINT('',(315.48132902303,132.395676,49.51));
#1971 = VECTOR('',#1972,1.);
#1972 = DIRECTION('',(1.,0.,0.));
#1973 = ORIENTED_EDGE('',*,*,#1885,.T.);
#1974 = PLANE('',#1975);
#1975 = AXIS2_PLACEMENT_3D('',#1976,#1977,#1978);
#1976 = CARTESIAN_POINT('',(358.8875,132.395676,-100.));
#1977 = DIRECTION('',(0.,1.,0.));
#1978 = DIRECTION('',(0.,0.,1.));
#1979 = ADVANCED_FACE('',(#1980),#1999,.T.);
#1980 = FACE_BOUND('',#1981,.F.);
#1981 = EDGE_LOOP('',(#1982,#1983,#1991,#1998));
#1982 = ORIENTED_EDGE('',*,*,#1902,.T.);
#1983 = ORIENTED_EDGE('',*,*,#1984,.T.);
#1984 = EDGE_CURVE('',#1903,#1985,#1987,.T.);
#1985 = VERTEX_POINT('',#1986);
#1986 = CARTESIAN_POINT('',(346.21897659965,74.452804504648,50.7));
#1987 = LINE('',#1988,#1989);
#1988 = CARTESIAN_POINT('',(362.07100722802,95.370947609285,50.7));
#1989 = VECTOR('',#1990,1.);
#1990 = DIRECTION('',(-0.6039775701,-0.797001314187,0.));
#1991 = ORIENTED_EDGE('',*,*,#1992,.F.);
#1992 = EDGE_CURVE('',#49,#1985,#1993,.T.);
#1993 = CIRCLE('',#1994,0.8);
#1994 = AXIS2_PLACEMENT_3D('',#1995,#1996,#1997);
#1995 = CARTESIAN_POINT('',(345.5813755483,74.935986560728,50.7));
#1996 = DIRECTION('',(0.6039775701,0.797001314187,-0.));
#1997 = DIRECTION('',(0.,0.,1.));
#1998 = ORIENTED_EDGE('',*,*,#48,.F.);
#1999 = CYLINDRICAL_SURFACE('',#2000,0.8);
#2000 = AXIS2_PLACEMENT_3D('',#2001,#2002,#2003);
#2001 = CARTESIAN_POINT('',(361.43340617667,95.854129665365,50.7));
#2002 = DIRECTION('',(-0.6039775701,-0.797001314187,0.));
#2003 = DIRECTION('',(0.,0.,1.));
#2004 = ADVANCED_FACE('',(#2005),#2024,.T.);
#2005 = FACE_BOUND('',#2006,.T.);
#2006 = EDGE_LOOP('',(#2007,#2008,#2016,#2023));
#2007 = ORIENTED_EDGE('',*,*,#1927,.T.);
#2008 = ORIENTED_EDGE('',*,*,#2009,.T.);
#2009 = EDGE_CURVE('',#1928,#2010,#2012,.T.);
#2010 = VERTEX_POINT('',#2011);
#2011 = CARTESIAN_POINT('',(363.1875,161.43321039326,50.7));
#2012 = LINE('',#2013,#2014);
#2013 = CARTESIAN_POINT('',(363.1875,132.395676,50.7));
#2014 = VECTOR('',#2015,1.);
#2015 = DIRECTION('',(0.,1.,0.));
#2016 = ORIENTED_EDGE('',*,*,#2017,.F.);
#2017 = EDGE_CURVE('',#233,#2010,#2018,.T.);
#2018 = CIRCLE('',#2019,0.8);
#2019 = AXIS2_PLACEMENT_3D('',#2020,#2021,#2022);
#2020 = CARTESIAN_POINT('',(362.3875,161.43321039326,50.7));
#2021 = DIRECTION('',(0.,1.,0.));
#2022 = DIRECTION('',(0.,0.,1.));
#2023 = ORIENTED_EDGE('',*,*,#241,.F.);
#2024 = CYLINDRICAL_SURFACE('',#2025,0.8);
#2025 = AXIS2_PLACEMENT_3D('',#2026,#2027,#2028);
#2026 = CARTESIAN_POINT('',(362.3875,132.395676,50.7));
#2027 = DIRECTION('',(0.,1.,0.));
#2028 = DIRECTION('',(0.,0.,1.));
#2029 = ADVANCED_FACE('',(#2030),#2050,.T.);
#2030 = FACE_BOUND('',#2031,.T.);
#2031 = EDGE_LOOP('',(#2032,#2033,#2034,#2043));
#2032 = ORIENTED_EDGE('',*,*,#1992,.F.);
#2033 = ORIENTED_EDGE('',*,*,#56,.T.);
#2034 = ORIENTED_EDGE('',*,*,#2035,.T.);
#2035 = EDGE_CURVE('',#57,#2036,#2038,.T.);
#2036 = VERTEX_POINT('',#2037);
#2037 = CARTESIAN_POINT('',(343.13811250943,72.431168955106,50.7));
#2038 = CIRCLE('',#2039,0.8);
#2039 = AXIS2_PLACEMENT_3D('',#2040,#2041,#2042);
#2040 = CARTESIAN_POINT('',(342.94863742156,73.208407136796,50.7));
#2041 = DIRECTION('',(0.971547727112,0.236843859839,0.));
#2042 = DIRECTION('',(0.236843859839,-0.971547727112,0.));
#2043 = ORIENTED_EDGE('',*,*,#2044,.F.);
#2044 = EDGE_CURVE('',#1985,#2036,#2045,.T.);
#2045 = CIRCLE('',#2046,5.499994067197);
#2046 = AXIS2_PLACEMENT_3D('',#2047,#2048,#2049);
#2047 = CARTESIAN_POINT('',(341.83547268547,77.774675690221,50.7));
#2048 = DIRECTION('',(0.,-0.,-1.));
#2049 = DIRECTION('',(0.797001571389,-0.6039772307,0.));
#2050 = TOROIDAL_SURFACE('',#2051,4.699994067197,0.8);
#2051 = AXIS2_PLACEMENT_3D('',#2052,#2053,#2054);
#2052 = CARTESIAN_POINT('',(341.83547268547,77.774675690221,50.7));
#2053 = DIRECTION('',(0.,0.,-1.));
#2054 = DIRECTION('',(0.797001571389,-0.6039772307,0.));
#2055 = ADVANCED_FACE('',(#2056),#2076,.T.);
#2056 = FACE_BOUND('',#2057,.F.);
#2057 = EDGE_LOOP('',(#2058,#2059,#2060,#2069));
#2058 = ORIENTED_EDGE('',*,*,#2017,.F.);
#2059 = ORIENTED_EDGE('',*,*,#232,.T.);
#2060 = ORIENTED_EDGE('',*,*,#2061,.T.);
#2061 = EDGE_CURVE('',#225,#2062,#2064,.T.);
#2062 = VERTEX_POINT('',#2063);
#2063 = CARTESIAN_POINT('',(357.5831297259,166.93222001736,50.7));
#2064 = CIRCLE('',#2065,0.8);
#2065 = AXIS2_PLACEMENT_3D('',#2066,#2067,#2068);
#2066 = CARTESIAN_POINT('',(357.59831085667,166.13236407203,50.7));
#2067 = DIRECTION('',(-0.999819931654,-1.897641347272E-02,-0.));
#2068 = DIRECTION('',(-1.897641347272E-02,0.999819931654,0.));
#2069 = ORIENTED_EDGE('',*,*,#2070,.F.);
#2070 = EDGE_CURVE('',#2010,#2062,#2071,.T.);
#2071 = CIRCLE('',#2072,5.5);
#2072 = AXIS2_PLACEMENT_3D('',#2073,#2074,#2075);
#2073 = CARTESIAN_POINT('',(357.6875,161.43321039326,50.7));
#2074 = DIRECTION('',(-0.,0.,1.));
#2075 = DIRECTION('',(1.,-1.55E-14,0.));
#2076 = TOROIDAL_SURFACE('',#2077,4.7,0.8);
#2077 = AXIS2_PLACEMENT_3D('',#2078,#2079,#2080);
#2078 = CARTESIAN_POINT('',(357.6875,161.43321039326,50.7));
#2079 = DIRECTION('',(0.,0.,-1.));
#2080 = DIRECTION('',(1.,-1.55E-14,0.));
#2081 = ADVANCED_FACE('',(#2082),#2101,.T.);
#2082 = FACE_BOUND('',#2083,.F.);
#2083 = EDGE_LOOP('',(#2084,#2085,#2093,#2100));
#2084 = ORIENTED_EDGE('',*,*,#2035,.T.);
#2085 = ORIENTED_EDGE('',*,*,#2086,.T.);
#2086 = EDGE_CURVE('',#2036,#2087,#2089,.T.);
#2087 = VERTEX_POINT('',#2088);
#2088 = CARTESIAN_POINT('',(243.80868693383,48.216532519987,50.7));
#2089 = LINE('',#2090,#2091);
#2090 = CARTESIAN_POINT('',(343.13811250943,72.431168955106,50.7));
#2091 = VECTOR('',#2092,1.);
#2092 = DIRECTION('',(-0.971547471262,-0.236844909348,0.));
#2093 = ORIENTED_EDGE('',*,*,#2094,.F.);
#2094 = EDGE_CURVE('',#66,#2087,#2095,.T.);
#2095 = CIRCLE('',#2096,0.8);
#2096 = AXIS2_PLACEMENT_3D('',#2097,#2098,#2099);
#2097 = CARTESIAN_POINT('',(243.61921100635,48.993770496997,50.7));
#2098 = DIRECTION('',(0.971547471262,0.236844909348,-0.));
#2099 = DIRECTION('',(0.,0.,1.));
#2100 = ORIENTED_EDGE('',*,*,#65,.F.);
#2101 = CYLINDRICAL_SURFACE('',#2102,0.8);
#2102 = AXIS2_PLACEMENT_3D('',#2103,#2104,#2105);
#2103 = CARTESIAN_POINT('',(342.94863658195,73.208406932116,50.7));
#2104 = DIRECTION('',(-0.971547471262,-0.236844909348,0.));
#2105 = DIRECTION('',(0.,0.,1.));
#2106 = ADVANCED_FACE('',(#2107),#2126,.T.);
#2107 = FACE_BOUND('',#2108,.T.);
#2108 = EDGE_LOOP('',(#2109,#2110,#2118,#2125));
#2109 = ORIENTED_EDGE('',*,*,#2061,.T.);
#2110 = ORIENTED_EDGE('',*,*,#2111,.T.);
#2111 = EDGE_CURVE('',#2062,#2112,#2114,.T.);
#2112 = VERTEX_POINT('',#2113);
#2113 = CARTESIAN_POINT('',(309.17801586569,166.01349913,50.7));
#2114 = LINE('',#2115,#2116);
#2115 = CARTESIAN_POINT('',(357.5831297259,166.93222001736,50.7));
#2116 = VECTOR('',#2117,1.);
#2117 = DIRECTION('',(-0.999819931654,-1.897641347271E-02,-0.));
#2118 = ORIENTED_EDGE('',*,*,#2119,.F.);
#2119 = EDGE_CURVE('',#217,#2112,#2120,.T.);
#2120 = ELLIPSE('',#2121,0.817901975686,0.8);
#2121 = AXIS2_PLACEMENT_3D('',#2122,#2123,#2124);
#2122 = CARTESIAN_POINT('',(309.02304056286,165.2104136443,50.7));
#2123 = DIRECTION('',(-0.981884760734,0.189479066491,0.));
#2124 = DIRECTION('',(-0.189479066491,-0.981884760734,0.));
#2125 = ORIENTED_EDGE('',*,*,#224,.F.);
#2126 = CYLINDRICAL_SURFACE('',#2127,0.8);
#2127 = AXIS2_PLACEMENT_3D('',#2128,#2129,#2130);
#2128 = CARTESIAN_POINT('',(357.59831085667,166.13236407203,50.7));
#2129 = DIRECTION('',(-0.999819931654,-1.897641347271E-02,-0.));
#2130 = DIRECTION('',(0.,0.,1.));
#2131 = ADVANCED_FACE('',(#2132),#2152,.T.);
#2132 = FACE_BOUND('',#2133,.T.);
#2133 = EDGE_LOOP('',(#2134,#2135,#2136,#2145));
#2134 = ORIENTED_EDGE('',*,*,#2094,.F.);
#2135 = ORIENTED_EDGE('',*,*,#73,.T.);
#2136 = ORIENTED_EDGE('',*,*,#2137,.T.);
#2137 = EDGE_CURVE('',#74,#2138,#2140,.T.);
#2138 = VERTEX_POINT('',#2139);
#2139 = CARTESIAN_POINT('',(241.17208851746,48.224259946958,50.7));
#2140 = CIRCLE('',#2141,0.8);
#2141 = AXIS2_PLACEMENT_3D('',#2142,#2143,#2144);
#2142 = CARTESIAN_POINT('',(241.36610533443,49.000376867744,50.7));
#2143 = DIRECTION('',(0.970146150983,-0.242521021217,0.));
#2144 = DIRECTION('',(-0.242521021217,-0.970146150983,0.));
#2145 = ORIENTED_EDGE('',*,*,#2146,.F.);
#2146 = EDGE_CURVE('',#2087,#2138,#2147,.T.);
#2147 = CIRCLE('',#2148,5.500347382859);
#2148 = AXIS2_PLACEMENT_3D('',#2149,#2150,#2151);
#2149 = CARTESIAN_POINT('',(242.5060383818,53.560400789509,50.7));
#2150 = DIRECTION('',(0.,-0.,-1.));
#2151 = DIRECTION('',(0.236830232959,-0.971551048971,0.));
#2152 = TOROIDAL_SURFACE('',#2153,4.700347382859,0.8);
#2153 = AXIS2_PLACEMENT_3D('',#2154,#2155,#2156);
#2154 = CARTESIAN_POINT('',(242.5060383818,53.560400789509,50.7));
#2155 = DIRECTION('',(0.,0.,-1.));
#2156 = DIRECTION('',(0.236830232959,-0.971551048971,0.));
#2157 = ADVANCED_FACE('',(#2158),#2177,.T.);
#2158 = FACE_BOUND('',#2159,.F.);
#2159 = EDGE_LOOP('',(#2160,#2169,#2175,#2176));
#2160 = ORIENTED_EDGE('',*,*,#2161,.T.);
#2161 = EDGE_CURVE('',#208,#2162,#2164,.T.);
#2162 = VERTEX_POINT('',#2163);
#2163 = CARTESIAN_POINT('',(297.23739239005,171.06530200786,50.7));
#2164 = CIRCLE('',#2165,0.8);
#2165 = AXIS2_PLACEMENT_3D('',#2166,#2167,#2168);
#2166 = CARTESIAN_POINT('',(296.92566702812,170.32853386337,50.7));
#2167 = DIRECTION('',(-0.920960180608,0.389656702411,0.));
#2168 = DIRECTION('',(0.389656702411,0.920960180608,0.));
#2169 = ORIENTED_EDGE('',*,*,#2170,.T.);
#2170 = EDGE_CURVE('',#2162,#2112,#2171,.T.);
#2171 = LINE('',#2172,#2173);
#2172 = CARTESIAN_POINT('',(297.23739239004,171.06530200785,50.7));
#2173 = VECTOR('',#2174,1.);
#2174 = DIRECTION('',(0.920967233406,-0.389640032584,0.));
#2175 = ORIENTED_EDGE('',*,*,#2119,.F.);
#2176 = ORIENTED_EDGE('',*,*,#216,.F.);
#2177 = CYLINDRICAL_SURFACE('',#2178,0.8);
#2178 = AXIS2_PLACEMENT_3D('',#2179,#2180,#2181);
#2179 = CARTESIAN_POINT('',(296.92568036398,170.32852822112,50.7));
#2180 = DIRECTION('',(0.920967233406,-0.389640032584,0.));
#2181 = DIRECTION('',(0.,0.,1.));
#2182 = ADVANCED_FACE('',(#2183),#2202,.T.);
#2183 = FACE_BOUND('',#2184,.F.);
#2184 = EDGE_LOOP('',(#2185,#2186,#2194,#2201));
#2185 = ORIENTED_EDGE('',*,*,#2137,.T.);
#2186 = ORIENTED_EDGE('',*,*,#2187,.T.);
#2187 = EDGE_CURVE('',#2138,#2188,#2190,.T.);
#2188 = VERTEX_POINT('',#2189);
#2189 = CARTESIAN_POINT('',(229.52060647319,51.137130693201,50.7));
#2190 = LINE('',#2191,#2192);
#2191 = CARTESIAN_POINT('',(241.17208851746,48.224259946964,50.7));
#2192 = VECTOR('',#2193,1.);
#2193 = DIRECTION('',(-0.970142495538,0.242535643466,0.));
#2194 = ORIENTED_EDGE('',*,*,#2195,.F.);
#2195 = EDGE_CURVE('',#83,#2188,#2196,.T.);
#2196 = ELLIPSE('',#2197,0.913239255218,0.8);
#2197 = AXIS2_PLACEMENT_3D('',#2198,#2199,#2200);
#2198 = CARTESIAN_POINT('',(229.28732500495,52.020072194008,50.7));
#2199 = DIRECTION('',(0.966823858877,0.25544397802,0.));
#2200 = DIRECTION('',(0.25544397802,-0.966823858877,0.));
#2201 = ORIENTED_EDGE('',*,*,#82,.F.);
#2202 = CYLINDRICAL_SURFACE('',#2203,0.8);
#2203 = AXIS2_PLACEMENT_3D('',#2204,#2205,#2206);
#2204 = CARTESIAN_POINT('',(241.36611703223,49.000373943394,50.7));
#2205 = DIRECTION('',(-0.970142495538,0.242535643466,0.));
#2206 = DIRECTION('',(0.,0.,1.));
#2207 = ADVANCED_FACE('',(#2208),#2228,.T.);
#2208 = FACE_BOUND('',#2209,.T.);
#2209 = EDGE_LOOP('',(#2210,#2219,#2220,#2221));
#2210 = ORIENTED_EDGE('',*,*,#2211,.F.);
#2211 = EDGE_CURVE('',#200,#2212,#2214,.T.);
#2212 = VERTEX_POINT('',#2213);
#2213 = CARTESIAN_POINT('',(295.09427971865,171.5,50.7));
#2214 = CIRCLE('',#2215,0.8);
#2215 = AXIS2_PLACEMENT_3D('',#2216,#2217,#2218);
#2216 = CARTESIAN_POINT('',(295.09427971865,170.7,50.7));
#2217 = DIRECTION('',(-1.,-3.3347E-13,0.));
#2218 = DIRECTION('',(0.,0.,1.));
#2219 = ORIENTED_EDGE('',*,*,#207,.T.);
#2220 = ORIENTED_EDGE('',*,*,#2161,.T.);
#2221 = ORIENTED_EDGE('',*,*,#2222,.F.);
#2222 = EDGE_CURVE('',#2212,#2162,#2223,.T.);
#2223 = CIRCLE('',#2224,5.499734140011);
#2224 = AXIS2_PLACEMENT_3D('',#2225,#2226,#2227);
#2225 = CARTESIAN_POINT('',(295.09438412091,166.00026586098,50.7));
#2226 = DIRECTION('',(0.,0.,-1.));
#2227 = DIRECTION('',(-1.898314809308E-05,0.99999999982,0.));
#2228 = TOROIDAL_SURFACE('',#2229,4.699734140011,0.8);
#2229 = AXIS2_PLACEMENT_3D('',#2230,#2231,#2232);
#2230 = CARTESIAN_POINT('',(295.09438412091,166.00026586098,50.7));
#2231 = DIRECTION('',(0.,0.,-1.));
#2232 = DIRECTION('',(-1.898314809308E-05,0.99999999982,0.));
#2233 = ADVANCED_FACE('',(#2234),#2253,.T.);
#2234 = FACE_BOUND('',#2235,.F.);
#2235 = EDGE_LOOP('',(#2236,#2237,#2245,#2252));
#2236 = ORIENTED_EDGE('',*,*,#2195,.T.);
#2237 = ORIENTED_EDGE('',*,*,#2238,.T.);
#2238 = EDGE_CURVE('',#2188,#2239,#2241,.T.);
#2239 = VERTEX_POINT('',#2240);
#2240 = CARTESIAN_POINT('',(221.48263432459,43.473028126058,50.7));
#2241 = LINE('',#2242,#2243);
#2242 = CARTESIAN_POINT('',(229.52060647319,51.137130693201,50.7));
#2243 = VECTOR('',#2244,1.);
#2244 = DIRECTION('',(-0.723738013172,-0.690074842528,0.));
#2245 = ORIENTED_EDGE('',*,*,#2246,.F.);
#2246 = EDGE_CURVE('',#91,#2239,#2247,.T.);
#2247 = CIRCLE('',#2248,0.8);
#2248 = AXIS2_PLACEMENT_3D('',#2249,#2250,#2251);
#2249 = CARTESIAN_POINT('',(220.93057445057,44.052018536596,50.7));
#2250 = DIRECTION('',(0.723738013172,0.690074842528,-0.));
#2251 = DIRECTION('',(0.,0.,1.));
#2252 = ORIENTED_EDGE('',*,*,#90,.F.);
#2253 = CYLINDRICAL_SURFACE('',#2254,0.8);
#2254 = AXIS2_PLACEMENT_3D('',#2255,#2256,#2257);
#2255 = CARTESIAN_POINT('',(228.96854659917,51.716121103738,50.7));
#2256 = DIRECTION('',(-0.723738013172,-0.690074842528,0.));
#2257 = DIRECTION('',(0.,0.,1.));
#2258 = ADVANCED_FACE('',(#2259),#2278,.T.);
#2259 = FACE_BOUND('',#2260,.F.);
#2260 = EDGE_LOOP('',(#2261,#2270,#2276,#2277));
#2261 = ORIENTED_EDGE('',*,*,#2262,.T.);
#2262 = EDGE_CURVE('',#192,#2263,#2265,.T.);
#2263 = VERTEX_POINT('',#2264);
#2264 = CARTESIAN_POINT('',(282.66666694595,171.49999999999,50.7));
#2265 = ELLIPSE('',#2266,0.843274033609,0.8);
#2266 = AXIS2_PLACEMENT_3D('',#2267,#2268,#2269);
#2267 = CARTESIAN_POINT('',(282.40000030807,170.69999999999,50.7));
#2268 = DIRECTION('',(-0.948683308291,0.316227735295,0.));
#2269 = DIRECTION('',(-0.316227735295,-0.948683308291,0.));
#2270 = ORIENTED_EDGE('',*,*,#2271,.T.);
#2271 = EDGE_CURVE('',#2263,#2212,#2272,.T.);
#2272 = LINE('',#2273,#2274);
#2273 = CARTESIAN_POINT('',(282.66666694595,171.49999999999,50.7));
#2274 = VECTOR('',#2275,1.);
#2275 = DIRECTION('',(1.,3.3347E-13,0.));
#2276 = ORIENTED_EDGE('',*,*,#2211,.F.);
#2277 = ORIENTED_EDGE('',*,*,#199,.F.);
#2278 = CYLINDRICAL_SURFACE('',#2279,0.8);
#2279 = AXIS2_PLACEMENT_3D('',#2280,#2281,#2282);
#2280 = CARTESIAN_POINT('',(282.66666694595,170.69999999999,50.7));
#2281 = DIRECTION('',(1.,3.3347E-13,0.));
#2282 = DIRECTION('',(0.,0.,1.));
#2283 = ADVANCED_FACE('',(#2284),#2304,.T.);
#2284 = FACE_BOUND('',#2285,.T.);
#2285 = EDGE_LOOP('',(#2286,#2287,#2288,#2297));
#2286 = ORIENTED_EDGE('',*,*,#2246,.F.);
#2287 = ORIENTED_EDGE('',*,*,#98,.T.);
#2288 = ORIENTED_EDGE('',*,*,#2289,.T.);
#2289 = EDGE_CURVE('',#99,#2290,#2292,.T.);
#2290 = VERTEX_POINT('',#2291);
#2291 = CARTESIAN_POINT('',(213.7709891341,43.591743393424,50.7));
#2292 = CIRCLE('',#2293,0.8);
#2293 = AXIS2_PLACEMENT_3D('',#2294,#2295,#2296);
#2294 = CARTESIAN_POINT('',(214.34062363907,44.153451975115,50.7));
#2295 = DIRECTION('',(0.702135727114,-0.712043131215,0.));
#2296 = DIRECTION('',(-0.712043131215,-0.702135727114,0.));
#2297 = ORIENTED_EDGE('',*,*,#2298,.F.);
#2298 = EDGE_CURVE('',#2239,#2290,#2299,.T.);
#2299 = CIRCLE('',#2300,5.499925802067);
#2300 = AXIS2_PLACEMENT_3D('',#2301,#2302,#2303);
#2301 = CARTESIAN_POINT('',(217.68717352366,47.453437795531,50.7));
#2302 = DIRECTION('',(0.,-0.,-1.));
#2303 = DIRECTION('',(0.690093091711,-0.723720612372,0.));
#2304 = TOROIDAL_SURFACE('',#2305,4.699925802067,0.8);
#2305 = AXIS2_PLACEMENT_3D('',#2306,#2307,#2308);
#2306 = CARTESIAN_POINT('',(217.68717352366,47.453437795531,50.7));
#2307 = DIRECTION('',(0.,0.,-1.));
#2308 = DIRECTION('',(0.690093091711,-0.723720612372,0.));
#2309 = ADVANCED_FACE('',(#2310),#2329,.T.);
#2310 = FACE_BOUND('',#2311,.F.);
#2311 = EDGE_LOOP('',(#2312,#2321,#2327,#2328));
#2312 = ORIENTED_EDGE('',*,*,#2313,.T.);
#2313 = EDGE_CURVE('',#183,#2314,#2316,.T.);
#2314 = VERTEX_POINT('',#2315);
#2315 = CARTESIAN_POINT('',(278.1333314327,174.90000117616,50.7));
#2316 = CIRCLE('',#2317,0.8);
#2317 = AXIS2_PLACEMENT_3D('',#2318,#2319,#2320);
#2318 = CARTESIAN_POINT('',(277.6533249311,174.26000605241,50.7));
#2319 = DIRECTION('',(-0.799993904685,0.600008127,0.));
#2320 = DIRECTION('',(0.600008127,0.799993904685,0.));
#2321 = ORIENTED_EDGE('',*,*,#2322,.T.);
#2322 = EDGE_CURVE('',#2314,#2263,#2323,.T.);
#2323 = LINE('',#2324,#2325);
#2324 = CARTESIAN_POINT('',(278.1333314327,174.90000117616,50.7));
#2325 = VECTOR('',#2326,1.);
#2326 = DIRECTION('',(0.80000003886,-0.599999948186,0.));
#2327 = ORIENTED_EDGE('',*,*,#2262,.F.);
#2328 = ORIENTED_EDGE('',*,*,#191,.F.);
#2329 = CYLINDRICAL_SURFACE('',#2330,0.8);
#2330 = AXIS2_PLACEMENT_3D('',#2331,#2332,#2333);
#2331 = CARTESIAN_POINT('',(277.65333147415,174.26000114507,50.7));
#2332 = DIRECTION('',(0.80000003886,-0.599999948186,0.));
#2333 = DIRECTION('',(0.,0.,1.));
#2334 = ADVANCED_FACE('',(#2335),#2354,.T.);
#2335 = FACE_BOUND('',#2336,.F.);
#2336 = EDGE_LOOP('',(#2337,#2338,#2346,#2353));
#2337 = ORIENTED_EDGE('',*,*,#2289,.T.);
#2338 = ORIENTED_EDGE('',*,*,#2339,.T.);
#2339 = EDGE_CURVE('',#2290,#2340,#2342,.T.);
#2340 = VERTEX_POINT('',#2341);
#2341 = CARTESIAN_POINT('',(181.04666104851,76.776978144197,50.7));
#2342 = LINE('',#2343,#2344);
#2343 = CARTESIAN_POINT('',(213.77098913411,43.591743393436,50.7));
#2344 = VECTOR('',#2345,1.);
#2345 = DIRECTION('',(-0.702144803716,0.712034180791,0.));
#2346 = ORIENTED_EDGE('',*,*,#2347,.F.);
#2347 = EDGE_CURVE('',#108,#2340,#2348,.T.);
#2348 = CIRCLE('',#2349,0.8);
#2349 = AXIS2_PLACEMENT_3D('',#2350,#2351,#2352);
#2350 = CARTESIAN_POINT('',(181.61628839315,77.33869398717,50.7));
#2351 = DIRECTION('',(0.702144803716,-0.712034180791,0.));
#2352 = DIRECTION('',(0.,0.,1.));
#2353 = ORIENTED_EDGE('',*,*,#107,.F.);
#2354 = CYLINDRICAL_SURFACE('',#2355,0.8);
#2355 = AXIS2_PLACEMENT_3D('',#2356,#2357,#2358);
#2356 = CARTESIAN_POINT('',(214.34061647875,44.153459236409,50.7));
#2357 = DIRECTION('',(-0.702144803716,0.712034180791,0.));
#2358 = DIRECTION('',(0.,0.,1.));
#2359 = ADVANCED_FACE('',(#2360),#2380,.T.);
#2360 = FACE_BOUND('',#2361,.T.);
#2361 = EDGE_LOOP('',(#2362,#2371,#2372,#2373));
#2362 = ORIENTED_EDGE('',*,*,#2363,.F.);
#2363 = EDGE_CURVE('',#175,#2364,#2366,.T.);
#2364 = VERTEX_POINT('',#2365);
#2365 = CARTESIAN_POINT('',(274.83333546193,176.00000000055,50.7));
#2366 = CIRCLE('',#2367,0.8);
#2367 = AXIS2_PLACEMENT_3D('',#2368,#2369,#2370);
#2368 = CARTESIAN_POINT('',(274.83333546195,175.20000000055,50.7));
#2369 = DIRECTION('',(-1.,-2.553108E-11,0.));
#2370 = DIRECTION('',(0.,0.,1.));
#2371 = ORIENTED_EDGE('',*,*,#182,.T.);
#2372 = ORIENTED_EDGE('',*,*,#2313,.T.);
#2373 = ORIENTED_EDGE('',*,*,#2374,.F.);
#2374 = EDGE_CURVE('',#2364,#2314,#2375,.T.);
#2375 = CIRCLE('',#2376,5.499826507497);
#2376 = AXIS2_PLACEMENT_3D('',#2377,#2378,#2379);
#2377 = CARTESIAN_POINT('',(274.83339083111,170.50017349333,50.7));
#2378 = DIRECTION('',(0.,0.,-1.));
#2379 = DIRECTION('',(-1.006744072212E-05,0.999999999949,0.));
#2380 = TOROIDAL_SURFACE('',#2381,4.699826507497,0.8);
#2381 = AXIS2_PLACEMENT_3D('',#2382,#2383,#2384);
#2382 = CARTESIAN_POINT('',(274.83339083111,170.50017349333,50.7));
#2383 = DIRECTION('',(0.,0.,-1.));
#2384 = DIRECTION('',(-1.006744072212E-05,0.999999999949,0.));
#2385 = ADVANCED_FACE('',(#2386),#2406,.T.);
#2386 = FACE_BOUND('',#2387,.T.);
#2387 = EDGE_LOOP('',(#2388,#2389,#2390,#2399));
#2388 = ORIENTED_EDGE('',*,*,#2347,.F.);
#2389 = ORIENTED_EDGE('',*,*,#115,.T.);
#2390 = ORIENTED_EDGE('',*,*,#2391,.T.);
#2391 = EDGE_CURVE('',#116,#2392,#2394,.T.);
#2392 = VERTEX_POINT('',#2393);
#2393 = CARTESIAN_POINT('',(181.07449549848,84.528646870981,50.7));
#2394 = CIRCLE('',#2395,0.8);
#2395 = AXIS2_PLACEMENT_3D('',#2396,#2397,#2398);
#2396 = CARTESIAN_POINT('',(181.64006862977,83.962849174661,50.7));
#2397 = DIRECTION('',(-0.7072471204,-0.706966414115,-0.));
#2398 = DIRECTION('',(-0.706966414115,0.7072471204,0.));
#2399 = ORIENTED_EDGE('',*,*,#2400,.F.);
#2400 = EDGE_CURVE('',#2340,#2392,#2401,.T.);
#2401 = CIRCLE('',#2402,5.499981858872);
#2402 = AXIS2_PLACEMENT_3D('',#2403,#2404,#2405);
#2403 = CARTESIAN_POINT('',(184.96279795095,80.638800539042,50.7));
#2404 = DIRECTION('',(-0.,0.,-1.));
#2405 = DIRECTION('',(-0.712027239893,-0.702151842304,0.));
#2406 = TOROIDAL_SURFACE('',#2407,4.699981858872,0.8);
#2407 = AXIS2_PLACEMENT_3D('',#2408,#2409,#2410);
#2408 = CARTESIAN_POINT('',(184.96279795095,80.638800539042,50.7));
#2409 = DIRECTION('',(0.,0.,-1.));
#2410 = DIRECTION('',(-0.712027239893,-0.702151842304,0.));
#2411 = ADVANCED_FACE('',(#2412),#2431,.T.);
#2412 = FACE_BOUND('',#2413,.F.);
#2413 = EDGE_LOOP('',(#2414,#2423,#2429,#2430));
#2414 = ORIENTED_EDGE('',*,*,#2415,.T.);
#2415 = EDGE_CURVE('',#166,#2416,#2418,.T.);
#2416 = VERTEX_POINT('',#2417);
#2417 = CARTESIAN_POINT('',(252.84810104401,175.99999999999,50.7));
#2418 = CIRCLE('',#2419,0.8);
#2419 = AXIS2_PLACEMENT_3D('',#2420,#2421,#2422);
#2420 = CARTESIAN_POINT('',(252.84810080538,175.19999999999,50.7));
#2421 = DIRECTION('',(-1.,2.9829036707E-07,0.));
#2422 = DIRECTION('',(2.9829036707E-07,1.,0.));
#2423 = ORIENTED_EDGE('',*,*,#2424,.T.);
#2424 = EDGE_CURVE('',#2416,#2364,#2425,.T.);
#2425 = LINE('',#2426,#2427);
#2426 = CARTESIAN_POINT('',(252.84810104401,175.99999999999,50.7));
#2427 = VECTOR('',#2428,1.);
#2428 = DIRECTION('',(1.,2.553108E-11,0.));
#2429 = ORIENTED_EDGE('',*,*,#2363,.F.);
#2430 = ORIENTED_EDGE('',*,*,#174,.F.);
#2431 = CYLINDRICAL_SURFACE('',#2432,0.8);
#2432 = AXIS2_PLACEMENT_3D('',#2433,#2434,#2435);
#2433 = CARTESIAN_POINT('',(252.84810104403,175.19999999999,50.7));
#2434 = DIRECTION('',(1.,2.553108E-11,0.));
#2435 = DIRECTION('',(0.,0.,1.));
#2436 = ADVANCED_FACE('',(#2437),#2456,.T.);
#2437 = FACE_BOUND('',#2438,.F.);
#2438 = EDGE_LOOP('',(#2439,#2440,#2448,#2455));
#2439 = ORIENTED_EDGE('',*,*,#2391,.T.);
#2440 = ORIENTED_EDGE('',*,*,#2441,.T.);
#2441 = EDGE_CURVE('',#2392,#2442,#2444,.T.);
#2442 = VERTEX_POINT('',#2443);
#2443 = CARTESIAN_POINT('',(191.5,94.95014143756,50.7));
#2444 = LINE('',#2445,#2446);
#2445 = CARTESIAN_POINT('',(181.07449549849,84.528646870978,50.7));
#2446 = VECTOR('',#2447,1.);
#2447 = DIRECTION('',(0.70724278059,0.706970755621,0.));
#2448 = ORIENTED_EDGE('',*,*,#2449,.F.);
#2449 = EDGE_CURVE('',#125,#2442,#2450,.T.);
#2450 = ELLIPSE('',#2451,0.865948261136,0.8);
#2451 = AXIS2_PLACEMENT_3D('',#2452,#2453,#2454);
#2452 = CARTESIAN_POINT('',(192.3,94.618680442925,50.7));
#2453 = DIRECTION('',(-0.382772285033,-0.923842723525,0.));
#2454 = DIRECTION('',(0.923842723525,-0.382772285033,0.));
#2455 = ORIENTED_EDGE('',*,*,#124,.F.);
#2456 = CYLINDRICAL_SURFACE('',#2457,0.8);
#2457 = AXIS2_PLACEMENT_3D('',#2458,#2459,#2460);
#2458 = CARTESIAN_POINT('',(181.64007210298,83.962852646507,50.7));
#2459 = DIRECTION('',(0.70724278059,0.706970755621,0.));
#2460 = DIRECTION('',(0.,0.,1.));
#2461 = ADVANCED_FACE('',(#2462),#2482,.T.);
#2462 = FACE_BOUND('',#2463,.T.);
#2463 = EDGE_LOOP('',(#2464,#2473,#2474,#2475));
#2464 = ORIENTED_EDGE('',*,*,#2465,.F.);
#2465 = EDGE_CURVE('',#158,#2466,#2468,.T.);
#2466 = VERTEX_POINT('',#2467);
#2467 = CARTESIAN_POINT('',(250.98984343384,175.67657037331,50.7));
#2468 = CIRCLE('',#2469,0.8);
#2469 = AXIS2_PLACEMENT_3D('',#2470,#2471,#2472);
#2470 = CARTESIAN_POINT('',(251.26013522039,174.92361463084,50.7));
#2471 = DIRECTION('',(-0.941194678092,-0.337864733187,0.));
#2472 = DIRECTION('',(0.,0.,1.));
#2473 = ORIENTED_EDGE('',*,*,#165,.T.);
#2474 = ORIENTED_EDGE('',*,*,#2415,.T.);
#2475 = ORIENTED_EDGE('',*,*,#2476,.F.);
#2476 = EDGE_CURVE('',#2466,#2416,#2477,.T.);
#2477 = CIRCLE('',#2478,5.499993937506);
#2478 = AXIS2_PLACEMENT_3D('',#2479,#2480,#2481);
#2479 = CARTESIAN_POINT('',(252.84809940342,170.50000606249,50.7));
#2480 = DIRECTION('',(0.,0.,-1.));
#2481 = DIRECTION('',(-0.33786509416,0.941194548512,0.));
#2482 = TOROIDAL_SURFACE('',#2483,4.699993937506,0.8);
#2483 = AXIS2_PLACEMENT_3D('',#2484,#2485,#2486);
#2484 = CARTESIAN_POINT('',(252.84809940342,170.50000606249,50.7));
#2485 = DIRECTION('',(0.,0.,-1.));
#2486 = DIRECTION('',(-0.33786509416,0.941194548512,0.));
#2487 = ADVANCED_FACE('',(#2488),#2507,.T.);
#2488 = FACE_BOUND('',#2489,.F.);
#2489 = EDGE_LOOP('',(#2490,#2491,#2499,#2506));
#2490 = ORIENTED_EDGE('',*,*,#2449,.T.);
#2491 = ORIENTED_EDGE('',*,*,#2492,.T.);
#2492 = EDGE_CURVE('',#2442,#2493,#2495,.T.);
#2493 = VERTEX_POINT('',#2494);
#2494 = CARTESIAN_POINT('',(191.5,163.5,50.7));
#2495 = LINE('',#2496,#2497);
#2496 = CARTESIAN_POINT('',(191.5,94.95014143756,50.7));
#2497 = VECTOR('',#2498,1.);
#2498 = DIRECTION('',(-1.0861E-13,1.,0.));
#2499 = ORIENTED_EDGE('',*,*,#2500,.F.);
#2500 = EDGE_CURVE('',#133,#2493,#2501,.T.);
#2501 = CIRCLE('',#2502,0.8);
#2502 = AXIS2_PLACEMENT_3D('',#2503,#2504,#2505);
#2503 = CARTESIAN_POINT('',(192.3,163.5,50.7));
#2504 = DIRECTION('',(1.0861E-13,-1.,0.));
#2505 = DIRECTION('',(0.,0.,1.));
#2506 = ORIENTED_EDGE('',*,*,#132,.F.);
#2507 = CYLINDRICAL_SURFACE('',#2508,0.8);
#2508 = AXIS2_PLACEMENT_3D('',#2509,#2510,#2511);
#2509 = CARTESIAN_POINT('',(192.3,94.95014143756,50.7));
#2510 = DIRECTION('',(-1.0861E-13,1.,0.));
#2511 = DIRECTION('',(0.,0.,1.));
#2512 = ADVANCED_FACE('',(#2513),#2532,.T.);
#2513 = FACE_BOUND('',#2514,.F.);
#2514 = EDGE_LOOP('',(#2515,#2524,#2530,#2531));
#2515 = ORIENTED_EDGE('',*,*,#2516,.T.);
#2516 = EDGE_CURVE('',#150,#2517,#2519,.T.);
#2517 = VERTEX_POINT('',#2518);
#2518 = CARTESIAN_POINT('',(232.39082469637,169.,50.7));
#2519 = ELLIPSE('',#2520,0.812026942032,0.8);
#2520 = AXIS2_PLACEMENT_3D('',#2521,#2522,#2523);
#2521 = CARTESIAN_POINT('',(232.53006461372,168.19999999999,50.7));
#2522 = DIRECTION('',(-0.985188986462,-0.171472041319,0.));
#2523 = DIRECTION('',(0.171472041319,-0.985188986462,0.));
#2524 = ORIENTED_EDGE('',*,*,#2525,.T.);
#2525 = EDGE_CURVE('',#2517,#2466,#2526,.T.);
#2526 = LINE('',#2527,#2528);
#2527 = CARTESIAN_POINT('',(232.39082469637,169.,50.7));
#2528 = VECTOR('',#2529,1.);
#2529 = DIRECTION('',(0.941194678092,0.337864733187,0.));
#2530 = ORIENTED_EDGE('',*,*,#2465,.F.);
#2531 = ORIENTED_EDGE('',*,*,#157,.F.);
#2532 = CYLINDRICAL_SURFACE('',#2533,0.8);
#2533 = AXIS2_PLACEMENT_3D('',#2534,#2535,#2536);
#2534 = CARTESIAN_POINT('',(232.66111648292,168.24704425752,50.7));
#2535 = DIRECTION('',(0.941194678092,0.337864733187,0.));
#2536 = DIRECTION('',(0.,0.,1.));
#2537 = ADVANCED_FACE('',(#2538),#2558,.T.);
#2538 = FACE_BOUND('',#2539,.T.);
#2539 = EDGE_LOOP('',(#2540,#2541,#2542,#2551));
#2540 = ORIENTED_EDGE('',*,*,#2500,.F.);
#2541 = ORIENTED_EDGE('',*,*,#140,.T.);
#2542 = ORIENTED_EDGE('',*,*,#2543,.T.);
#2543 = EDGE_CURVE('',#141,#2544,#2546,.T.);
#2544 = VERTEX_POINT('',#2545);
#2545 = CARTESIAN_POINT('',(197.00000261476,168.99999999999,50.7));
#2546 = CIRCLE('',#2547,0.8);
#2547 = AXIS2_PLACEMENT_3D('',#2548,#2549,#2550);
#2548 = CARTESIAN_POINT('',(197.0000020171,168.19999999999,50.7));
#2549 = DIRECTION('',(-1.,7.4707548069E-07,0.));
#2550 = DIRECTION('',(7.4707548069E-07,1.,0.));
#2551 = ORIENTED_EDGE('',*,*,#2552,.F.);
#2552 = EDGE_CURVE('',#2493,#2544,#2553,.T.);
#2553 = CIRCLE('',#2554,5.49999850585);
#2554 = AXIS2_PLACEMENT_3D('',#2555,#2556,#2557);
#2555 = CARTESIAN_POINT('',(196.99999850585,163.50000149415,50.7));
#2556 = DIRECTION('',(-0.,0.,-1.));
#2557 = DIRECTION('',(-1.,-2.7166378997E-07,0.));
#2558 = TOROIDAL_SURFACE('',#2559,4.69999850585,0.8);
#2559 = AXIS2_PLACEMENT_3D('',#2560,#2561,#2562);
#2560 = CARTESIAN_POINT('',(196.99999850585,163.50000149415,50.7));
#2561 = DIRECTION('',(0.,0.,-1.));
#2562 = DIRECTION('',(-1.,-2.7166378997E-07,0.));
#2563 = ADVANCED_FACE('',(#2564),#2575,.T.);
#2564 = FACE_BOUND('',#2565,.F.);
#2565 = EDGE_LOOP('',(#2566,#2567,#2573,#2574));
#2566 = ORIENTED_EDGE('',*,*,#2543,.T.);
#2567 = ORIENTED_EDGE('',*,*,#2568,.T.);
#2568 = EDGE_CURVE('',#2544,#2517,#2569,.T.);
#2569 = LINE('',#2570,#2571);
#2570 = CARTESIAN_POINT('',(197.00000261476,168.99999999999,50.7));
#2571 = VECTOR('',#2572,1.);
#2572 = DIRECTION('',(1.,3.413E-14,0.));
#2573 = ORIENTED_EDGE('',*,*,#2516,.F.);
#2574 = ORIENTED_EDGE('',*,*,#149,.F.);
#2575 = CYLINDRICAL_SURFACE('',#2576,0.8);
#2576 = AXIS2_PLACEMENT_3D('',#2577,#2578,#2579);
#2577 = CARTESIAN_POINT('',(197.00000261476,168.19999999999,50.7));
#2578 = DIRECTION('',(1.,3.413E-14,0.));
#2579 = DIRECTION('',(0.,0.,1.));
#2580 = ADVANCED_FACE('',(#2581),#2606,.T.);
#2581 = FACE_BOUND('',#2582,.T.);
#2582 = EDGE_LOOP('',(#2583,#2591,#2592,#2600));
#2583 = ORIENTED_EDGE('',*,*,#2584,.T.);
#2584 = EDGE_CURVE('',#2585,#266,#2587,.T.);
#2585 = VERTEX_POINT('',#2586);
#2586 = CARTESIAN_POINT('',(216.55,152.055676,50.));
#2587 = LINE('',#2588,#2589);
#2588 = CARTESIAN_POINT('',(216.55,152.055676,75.495));
#2589 = VECTOR('',#2590,1.);
#2590 = DIRECTION('',(1.1E-16,1.1E-16,1.));
#2591 = ORIENTED_EDGE('',*,*,#265,.T.);
#2592 = ORIENTED_EDGE('',*,*,#2593,.F.);
#2593 = EDGE_CURVE('',#2594,#268,#2596,.T.);
#2594 = VERTEX_POINT('',#2595);
#2595 = CARTESIAN_POINT('',(202.55,152.055676,50.));
#2596 = LINE('',#2597,#2598);
#2597 = CARTESIAN_POINT('',(202.55,152.055676,75.495));
#2598 = VECTOR('',#2599,1.);
#2599 = DIRECTION('',(1.1E-16,1.1E-16,1.));
#2600 = ORIENTED_EDGE('',*,*,#2601,.F.);
#2601 = EDGE_CURVE('',#2585,#2594,#2602,.T.);
#2602 = LINE('',#2603,#2604);
#2603 = CARTESIAN_POINT('',(209.95,152.055676,50.));
#2604 = VECTOR('',#2605,1.);
#2605 = DIRECTION('',(-1.,1.E-15,0.));
#2606 = PLANE('',#2607);
#2607 = AXIS2_PLACEMENT_3D('',#2608,#2609,#2610);
#2608 = CARTESIAN_POINT('',(202.55,152.055676,75.495));
#2609 = DIRECTION('',(-1.E-15,-1.,1.1E-16));
#2610 = DIRECTION('',(1.,-1.E-15,-1.1E-16));
#2611 = ADVANCED_FACE('',(#2612),#2630,.T.);
#2612 = FACE_BOUND('',#2613,.T.);
#2613 = EDGE_LOOP('',(#2614,#2622,#2623,#2624));
#2614 = ORIENTED_EDGE('',*,*,#2615,.T.);
#2615 = EDGE_CURVE('',#2616,#284,#2618,.T.);
#2616 = VERTEX_POINT('',#2617);
#2617 = CARTESIAN_POINT('',(216.55,138.055676,50.));
#2618 = LINE('',#2619,#2620);
#2619 = CARTESIAN_POINT('',(216.55,138.055676,75.495));
#2620 = VECTOR('',#2621,1.);
#2621 = DIRECTION('',(1.1E-16,1.1E-16,1.));
#2622 = ORIENTED_EDGE('',*,*,#291,.T.);
#2623 = ORIENTED_EDGE('',*,*,#2584,.F.);
#2624 = ORIENTED_EDGE('',*,*,#2625,.F.);
#2625 = EDGE_CURVE('',#2616,#2585,#2626,.T.);
#2626 = LINE('',#2627,#2628);
#2627 = CARTESIAN_POINT('',(216.55,152.455676,50.));
#2628 = VECTOR('',#2629,1.);
#2629 = DIRECTION('',(1.E-15,1.,0.));
#2630 = PLANE('',#2631);
#2631 = AXIS2_PLACEMENT_3D('',#2632,#2633,#2634);
#2632 = CARTESIAN_POINT('',(216.55,152.055676,75.495));
#2633 = DIRECTION('',(-1.,1.E-15,1.1E-16));
#2634 = DIRECTION('',(-1.E-15,-1.,1.1E-16));
#2635 = ADVANCED_FACE('',(#2636),#2654,.T.);
#2636 = FACE_BOUND('',#2637,.T.);
#2637 = EDGE_LOOP('',(#2638,#2639,#2640,#2648));
#2638 = ORIENTED_EDGE('',*,*,#2593,.T.);
#2639 = ORIENTED_EDGE('',*,*,#275,.T.);
#2640 = ORIENTED_EDGE('',*,*,#2641,.T.);
#2641 = EDGE_CURVE('',#276,#2642,#2644,.T.);
#2642 = VERTEX_POINT('',#2643);
#2643 = CARTESIAN_POINT('',(202.55,138.055676,50.));
#2644 = LINE('',#2645,#2646);
#2645 = CARTESIAN_POINT('',(202.55,138.055676,76.495));
#2646 = VECTOR('',#2647,1.);
#2647 = DIRECTION('',(-1.1E-16,-1.1E-16,-1.));
#2648 = ORIENTED_EDGE('',*,*,#2649,.F.);
#2649 = EDGE_CURVE('',#2594,#2642,#2650,.T.);
#2650 = LINE('',#2651,#2652);
#2651 = CARTESIAN_POINT('',(202.55,145.455676,50.));
#2652 = VECTOR('',#2653,1.);
#2653 = DIRECTION('',(-1.E-15,-1.,0.));
#2654 = PLANE('',#2655);
#2655 = AXIS2_PLACEMENT_3D('',#2656,#2657,#2658);
#2656 = CARTESIAN_POINT('',(202.55,138.055676,75.495));
#2657 = DIRECTION('',(1.,-1.E-15,-1.1E-16));
#2658 = DIRECTION('',(1.E-15,1.,-1.1E-16));
#2659 = ADVANCED_FACE('',(#2660),#2671,.T.);
#2660 = FACE_BOUND('',#2661,.T.);
#2661 = EDGE_LOOP('',(#2662,#2663,#2664,#2665));
#2662 = ORIENTED_EDGE('',*,*,#2641,.F.);
#2663 = ORIENTED_EDGE('',*,*,#283,.T.);
#2664 = ORIENTED_EDGE('',*,*,#2615,.F.);
#2665 = ORIENTED_EDGE('',*,*,#2666,.F.);
#2666 = EDGE_CURVE('',#2642,#2616,#2667,.T.);
#2667 = LINE('',#2668,#2669);
#2668 = CARTESIAN_POINT('',(216.95,138.055676,50.));
#2669 = VECTOR('',#2670,1.);
#2670 = DIRECTION('',(1.,-1.E-15,0.));
#2671 = PLANE('',#2672);
#2672 = AXIS2_PLACEMENT_3D('',#2673,#2674,#2675);
#2673 = CARTESIAN_POINT('',(216.55,138.055676,75.495));
#2674 = DIRECTION('',(1.E-15,1.,-1.1E-16));
#2675 = DIRECTION('',(-1.,1.E-15,1.1E-16));
#2676 = ADVANCED_FACE('',(#2677),#2702,.T.);
#2677 = FACE_BOUND('',#2678,.T.);
#2678 = EDGE_LOOP('',(#2679,#2687,#2688,#2696));
#2679 = ORIENTED_EDGE('',*,*,#2680,.T.);
#2680 = EDGE_CURVE('',#2681,#300,#2683,.T.);
#2681 = VERTEX_POINT('',#2682);
#2682 = CARTESIAN_POINT('',(235.6,156.818176,50.));
#2683 = LINE('',#2684,#2685);
#2684 = CARTESIAN_POINT('',(235.6,156.818176,75.495));
#2685 = VECTOR('',#2686,1.);
#2686 = DIRECTION('',(1.1E-16,1.1E-16,1.));
#2687 = ORIENTED_EDGE('',*,*,#299,.T.);
#2688 = ORIENTED_EDGE('',*,*,#2689,.F.);
#2689 = EDGE_CURVE('',#2690,#302,#2692,.T.);
#2690 = VERTEX_POINT('',#2691);
#2691 = CARTESIAN_POINT('',(221.6,156.818176,50.));
#2692 = LINE('',#2693,#2694);
#2693 = CARTESIAN_POINT('',(221.6,156.818176,75.495));
#2694 = VECTOR('',#2695,1.);
#2695 = DIRECTION('',(1.1E-16,1.1E-16,1.));
#2696 = ORIENTED_EDGE('',*,*,#2697,.F.);
#2697 = EDGE_CURVE('',#2681,#2690,#2698,.T.);
#2698 = LINE('',#2699,#2700);
#2699 = CARTESIAN_POINT('',(229.,156.818176,50.));
#2700 = VECTOR('',#2701,1.);
#2701 = DIRECTION('',(-1.,1.E-15,0.));
#2702 = PLANE('',#2703);
#2703 = AXIS2_PLACEMENT_3D('',#2704,#2705,#2706);
#2704 = CARTESIAN_POINT('',(221.6,156.818176,75.495));
#2705 = DIRECTION('',(-1.E-15,-1.,1.1E-16));
#2706 = DIRECTION('',(1.,-1.E-15,-1.1E-16));
#2707 = ADVANCED_FACE('',(#2708),#2726,.T.);
#2708 = FACE_BOUND('',#2709,.T.);
#2709 = EDGE_LOOP('',(#2710,#2718,#2719,#2720));
#2710 = ORIENTED_EDGE('',*,*,#2711,.T.);
#2711 = EDGE_CURVE('',#2712,#318,#2714,.T.);
#2712 = VERTEX_POINT('',#2713);
#2713 = CARTESIAN_POINT('',(235.6,142.818176,50.));
#2714 = LINE('',#2715,#2716);
#2715 = CARTESIAN_POINT('',(235.6,142.818176,75.495));
#2716 = VECTOR('',#2717,1.);
#2717 = DIRECTION('',(1.1E-16,1.1E-16,1.));
#2718 = ORIENTED_EDGE('',*,*,#325,.T.);
#2719 = ORIENTED_EDGE('',*,*,#2680,.F.);
#2720 = ORIENTED_EDGE('',*,*,#2721,.F.);
#2721 = EDGE_CURVE('',#2712,#2681,#2722,.T.);
#2722 = LINE('',#2723,#2724);
#2723 = CARTESIAN_POINT('',(235.6,157.218176,50.));
#2724 = VECTOR('',#2725,1.);
#2725 = DIRECTION('',(1.E-15,1.,0.));
#2726 = PLANE('',#2727);
#2727 = AXIS2_PLACEMENT_3D('',#2728,#2729,#2730);
#2728 = CARTESIAN_POINT('',(235.6,156.818176,75.495));
#2729 = DIRECTION('',(-1.,1.E-15,1.1E-16));
#2730 = DIRECTION('',(-1.E-15,-1.,1.1E-16));
#2731 = ADVANCED_FACE('',(#2732),#2750,.T.);
#2732 = FACE_BOUND('',#2733,.T.);
#2733 = EDGE_LOOP('',(#2734,#2735,#2736,#2744));
#2734 = ORIENTED_EDGE('',*,*,#2689,.T.);
#2735 = ORIENTED_EDGE('',*,*,#309,.T.);
#2736 = ORIENTED_EDGE('',*,*,#2737,.T.);
#2737 = EDGE_CURVE('',#310,#2738,#2740,.T.);
#2738 = VERTEX_POINT('',#2739);
#2739 = CARTESIAN_POINT('',(221.6,142.818176,50.));
#2740 = LINE('',#2741,#2742);
#2741 = CARTESIAN_POINT('',(221.6,142.818176,76.495));
#2742 = VECTOR('',#2743,1.);
#2743 = DIRECTION('',(-1.1E-16,-1.1E-16,-1.));
#2744 = ORIENTED_EDGE('',*,*,#2745,.F.);
#2745 = EDGE_CURVE('',#2690,#2738,#2746,.T.);
#2746 = LINE('',#2747,#2748);
#2747 = CARTESIAN_POINT('',(221.6,150.218176,50.));
#2748 = VECTOR('',#2749,1.);
#2749 = DIRECTION('',(-1.E-15,-1.,0.));
#2750 = PLANE('',#2751);
#2751 = AXIS2_PLACEMENT_3D('',#2752,#2753,#2754);
#2752 = CARTESIAN_POINT('',(221.6,142.818176,75.495));
#2753 = DIRECTION('',(1.,-1.E-15,-1.1E-16));
#2754 = DIRECTION('',(1.E-15,1.,-1.1E-16));
#2755 = ADVANCED_FACE('',(#2756),#2767,.T.);
#2756 = FACE_BOUND('',#2757,.T.);
#2757 = EDGE_LOOP('',(#2758,#2759,#2760,#2761));
#2758 = ORIENTED_EDGE('',*,*,#2737,.F.);
#2759 = ORIENTED_EDGE('',*,*,#317,.T.);
#2760 = ORIENTED_EDGE('',*,*,#2711,.F.);
#2761 = ORIENTED_EDGE('',*,*,#2762,.F.);
#2762 = EDGE_CURVE('',#2738,#2712,#2763,.T.);
#2763 = LINE('',#2764,#2765);
#2764 = CARTESIAN_POINT('',(236.,142.818176,50.));
#2765 = VECTOR('',#2766,1.);
#2766 = DIRECTION('',(1.,-1.E-15,0.));
#2767 = PLANE('',#2768);
#2768 = AXIS2_PLACEMENT_3D('',#2769,#2770,#2771);
#2769 = CARTESIAN_POINT('',(235.6,142.818176,75.495));
#2770 = DIRECTION('',(1.E-15,1.,-1.1E-16));
#2771 = DIRECTION('',(-1.,1.E-15,1.1E-16));
#2772 = ADVANCED_FACE('',(#2773),#2798,.T.);
#2773 = FACE_BOUND('',#2774,.T.);
#2774 = EDGE_LOOP('',(#2775,#2783,#2784,#2792));
#2775 = ORIENTED_EDGE('',*,*,#2776,.T.);
#2776 = EDGE_CURVE('',#2777,#334,#2779,.T.);
#2777 = VERTEX_POINT('',#2778);
#2778 = CARTESIAN_POINT('',(254.65,161.580676,50.));
#2779 = LINE('',#2780,#2781);
#2780 = CARTESIAN_POINT('',(254.65,161.580676,75.495));
#2781 = VECTOR('',#2782,1.);
#2782 = DIRECTION('',(1.1E-16,1.1E-16,1.));
#2783 = ORIENTED_EDGE('',*,*,#333,.T.);
#2784 = ORIENTED_EDGE('',*,*,#2785,.F.);
#2785 = EDGE_CURVE('',#2786,#336,#2788,.T.);
#2786 = VERTEX_POINT('',#2787);
#2787 = CARTESIAN_POINT('',(240.65,161.580676,50.));
#2788 = LINE('',#2789,#2790);
#2789 = CARTESIAN_POINT('',(240.65,161.580676,75.495));
#2790 = VECTOR('',#2791,1.);
#2791 = DIRECTION('',(1.1E-16,1.1E-16,1.));
#2792 = ORIENTED_EDGE('',*,*,#2793,.F.);
#2793 = EDGE_CURVE('',#2777,#2786,#2794,.T.);
#2794 = LINE('',#2795,#2796);
#2795 = CARTESIAN_POINT('',(248.05,161.580676,50.));
#2796 = VECTOR('',#2797,1.);
#2797 = DIRECTION('',(-1.,1.E-15,0.));
#2798 = PLANE('',#2799);
#2799 = AXIS2_PLACEMENT_3D('',#2800,#2801,#2802);
#2800 = CARTESIAN_POINT('',(240.65,161.580676,75.495));
#2801 = DIRECTION('',(-1.E-15,-1.,1.1E-16));
#2802 = DIRECTION('',(1.,-1.E-15,-1.1E-16));
#2803 = ADVANCED_FACE('',(#2804),#2822,.T.);
#2804 = FACE_BOUND('',#2805,.T.);
#2805 = EDGE_LOOP('',(#2806,#2814,#2815,#2816));
#2806 = ORIENTED_EDGE('',*,*,#2807,.T.);
#2807 = EDGE_CURVE('',#2808,#352,#2810,.T.);
#2808 = VERTEX_POINT('',#2809);
#2809 = CARTESIAN_POINT('',(254.65,147.580676,50.));
#2810 = LINE('',#2811,#2812);
#2811 = CARTESIAN_POINT('',(254.65,147.580676,75.495));
#2812 = VECTOR('',#2813,1.);
#2813 = DIRECTION('',(1.1E-16,1.1E-16,1.));
#2814 = ORIENTED_EDGE('',*,*,#359,.T.);
#2815 = ORIENTED_EDGE('',*,*,#2776,.F.);
#2816 = ORIENTED_EDGE('',*,*,#2817,.F.);
#2817 = EDGE_CURVE('',#2808,#2777,#2818,.T.);
#2818 = LINE('',#2819,#2820);
#2819 = CARTESIAN_POINT('',(254.65,161.980676,50.));
#2820 = VECTOR('',#2821,1.);
#2821 = DIRECTION('',(1.E-15,1.,0.));
#2822 = PLANE('',#2823);
#2823 = AXIS2_PLACEMENT_3D('',#2824,#2825,#2826);
#2824 = CARTESIAN_POINT('',(254.65,161.580676,75.495));
#2825 = DIRECTION('',(-1.,1.E-15,1.1E-16));
#2826 = DIRECTION('',(-1.E-15,-1.,1.1E-16));
#2827 = ADVANCED_FACE('',(#2828),#2846,.T.);
#2828 = FACE_BOUND('',#2829,.T.);
#2829 = EDGE_LOOP('',(#2830,#2831,#2832,#2840));
#2830 = ORIENTED_EDGE('',*,*,#2785,.T.);
#2831 = ORIENTED_EDGE('',*,*,#343,.T.);
#2832 = ORIENTED_EDGE('',*,*,#2833,.T.);
#2833 = EDGE_CURVE('',#344,#2834,#2836,.T.);
#2834 = VERTEX_POINT('',#2835);
#2835 = CARTESIAN_POINT('',(240.65,147.580676,50.));
#2836 = LINE('',#2837,#2838);
#2837 = CARTESIAN_POINT('',(240.65,147.580676,76.495));
#2838 = VECTOR('',#2839,1.);
#2839 = DIRECTION('',(-1.1E-16,-1.1E-16,-1.));
#2840 = ORIENTED_EDGE('',*,*,#2841,.F.);
#2841 = EDGE_CURVE('',#2786,#2834,#2842,.T.);
#2842 = LINE('',#2843,#2844);
#2843 = CARTESIAN_POINT('',(240.65,154.980676,50.));
#2844 = VECTOR('',#2845,1.);
#2845 = DIRECTION('',(-1.E-15,-1.,0.));
#2846 = PLANE('',#2847);
#2847 = AXIS2_PLACEMENT_3D('',#2848,#2849,#2850);
#2848 = CARTESIAN_POINT('',(240.65,147.580676,75.495));
#2849 = DIRECTION('',(1.,-1.E-15,-1.1E-16));
#2850 = DIRECTION('',(1.E-15,1.,-1.1E-16));
#2851 = ADVANCED_FACE('',(#2852),#2863,.T.);
#2852 = FACE_BOUND('',#2853,.T.);
#2853 = EDGE_LOOP('',(#2854,#2855,#2856,#2857));
#2854 = ORIENTED_EDGE('',*,*,#2833,.F.);
#2855 = ORIENTED_EDGE('',*,*,#351,.T.);
#2856 = ORIENTED_EDGE('',*,*,#2807,.F.);
#2857 = ORIENTED_EDGE('',*,*,#2858,.F.);
#2858 = EDGE_CURVE('',#2834,#2808,#2859,.T.);
#2859 = LINE('',#2860,#2861);
#2860 = CARTESIAN_POINT('',(255.05,147.580676,50.));
#2861 = VECTOR('',#2862,1.);
#2862 = DIRECTION('',(1.,-1.E-15,0.));
#2863 = PLANE('',#2864);
#2864 = AXIS2_PLACEMENT_3D('',#2865,#2866,#2867);
#2865 = CARTESIAN_POINT('',(254.65,147.580676,75.495));
#2866 = DIRECTION('',(1.E-15,1.,-1.1E-16));
#2867 = DIRECTION('',(-1.,1.E-15,1.1E-16));
#2868 = ADVANCED_FACE('',(#2869),#2894,.T.);
#2869 = FACE_BOUND('',#2870,.T.);
#2870 = EDGE_LOOP('',(#2871,#2879,#2880,#2888));
#2871 = ORIENTED_EDGE('',*,*,#2872,.T.);
#2872 = EDGE_CURVE('',#2873,#368,#2875,.T.);
#2873 = VERTEX_POINT('',#2874);
#2874 = CARTESIAN_POINT('',(273.7,166.343176,50.));
#2875 = LINE('',#2876,#2877);
#2876 = CARTESIAN_POINT('',(273.7,166.343176,75.495));
#2877 = VECTOR('',#2878,1.);
#2878 = DIRECTION('',(1.1E-16,-1.1E-31,1.));
#2879 = ORIENTED_EDGE('',*,*,#367,.T.);
#2880 = ORIENTED_EDGE('',*,*,#2881,.F.);
#2881 = EDGE_CURVE('',#2882,#370,#2884,.T.);
#2882 = VERTEX_POINT('',#2883);
#2883 = CARTESIAN_POINT('',(259.7,166.343176,50.));
#2884 = LINE('',#2885,#2886);
#2885 = CARTESIAN_POINT('',(259.7,166.343176,75.495));
#2886 = VECTOR('',#2887,1.);
#2887 = DIRECTION('',(1.1E-16,-1.1E-31,1.));
#2888 = ORIENTED_EDGE('',*,*,#2889,.F.);
#2889 = EDGE_CURVE('',#2873,#2882,#2890,.T.);
#2890 = LINE('',#2891,#2892);
#2891 = CARTESIAN_POINT('',(267.1,166.343176,50.));
#2892 = VECTOR('',#2893,1.);
#2893 = DIRECTION('',(-1.,1.E-15,0.));
#2894 = PLANE('',#2895);
#2895 = AXIS2_PLACEMENT_3D('',#2896,#2897,#2898);
#2896 = CARTESIAN_POINT('',(259.7,166.343176,75.495));
#2897 = DIRECTION('',(-1.E-15,-1.,0.));
#2898 = DIRECTION('',(1.,-1.E-15,-1.1E-16));
#2899 = ADVANCED_FACE('',(#2900),#2918,.T.);
#2900 = FACE_BOUND('',#2901,.T.);
#2901 = EDGE_LOOP('',(#2902,#2910,#2911,#2912));
#2902 = ORIENTED_EDGE('',*,*,#2903,.T.);
#2903 = EDGE_CURVE('',#2904,#386,#2906,.T.);
#2904 = VERTEX_POINT('',#2905);
#2905 = CARTESIAN_POINT('',(273.7,152.343176,50.));
#2906 = LINE('',#2907,#2908);
#2907 = CARTESIAN_POINT('',(273.7,152.343176,75.495));
#2908 = VECTOR('',#2909,1.);
#2909 = DIRECTION('',(1.1E-16,-1.1E-31,1.));
#2910 = ORIENTED_EDGE('',*,*,#393,.T.);
#2911 = ORIENTED_EDGE('',*,*,#2872,.F.);
#2912 = ORIENTED_EDGE('',*,*,#2913,.F.);
#2913 = EDGE_CURVE('',#2904,#2873,#2914,.T.);
#2914 = LINE('',#2915,#2916);
#2915 = CARTESIAN_POINT('',(273.7,166.743176,50.));
#2916 = VECTOR('',#2917,1.);
#2917 = DIRECTION('',(1.E-15,1.,0.));
#2918 = PLANE('',#2919);
#2919 = AXIS2_PLACEMENT_3D('',#2920,#2921,#2922);
#2920 = CARTESIAN_POINT('',(273.7,166.343176,75.495));
#2921 = DIRECTION('',(-1.,1.E-15,1.1E-16));
#2922 = DIRECTION('',(-1.E-15,-1.,0.));
#2923 = ADVANCED_FACE('',(#2924),#2942,.T.);
#2924 = FACE_BOUND('',#2925,.T.);
#2925 = EDGE_LOOP('',(#2926,#2927,#2928,#2936));
#2926 = ORIENTED_EDGE('',*,*,#2881,.T.);
#2927 = ORIENTED_EDGE('',*,*,#377,.T.);
#2928 = ORIENTED_EDGE('',*,*,#2929,.T.);
#2929 = EDGE_CURVE('',#378,#2930,#2932,.T.);
#2930 = VERTEX_POINT('',#2931);
#2931 = CARTESIAN_POINT('',(259.7,152.343176,50.));
#2932 = LINE('',#2933,#2934);
#2933 = CARTESIAN_POINT('',(259.7,152.343176,76.495));
#2934 = VECTOR('',#2935,1.);
#2935 = DIRECTION('',(-1.1E-16,1.1E-31,-1.));
#2936 = ORIENTED_EDGE('',*,*,#2937,.F.);
#2937 = EDGE_CURVE('',#2882,#2930,#2938,.T.);
#2938 = LINE('',#2939,#2940);
#2939 = CARTESIAN_POINT('',(259.7,159.743176,50.));
#2940 = VECTOR('',#2941,1.);
#2941 = DIRECTION('',(-1.E-15,-1.,0.));
#2942 = PLANE('',#2943);
#2943 = AXIS2_PLACEMENT_3D('',#2944,#2945,#2946);
#2944 = CARTESIAN_POINT('',(259.7,152.343176,75.495));
#2945 = DIRECTION('',(1.,-1.E-15,-1.1E-16));
#2946 = DIRECTION('',(1.E-15,1.,0.));
#2947 = ADVANCED_FACE('',(#2948),#2959,.T.);
#2948 = FACE_BOUND('',#2949,.T.);
#2949 = EDGE_LOOP('',(#2950,#2951,#2952,#2953));
#2950 = ORIENTED_EDGE('',*,*,#2929,.F.);
#2951 = ORIENTED_EDGE('',*,*,#385,.T.);
#2952 = ORIENTED_EDGE('',*,*,#2903,.F.);
#2953 = ORIENTED_EDGE('',*,*,#2954,.F.);
#2954 = EDGE_CURVE('',#2930,#2904,#2955,.T.);
#2955 = LINE('',#2956,#2957);
#2956 = CARTESIAN_POINT('',(274.1,152.343176,50.));
#2957 = VECTOR('',#2958,1.);
#2958 = DIRECTION('',(1.,-1.E-15,0.));
#2959 = PLANE('',#2960);
#2960 = AXIS2_PLACEMENT_3D('',#2961,#2962,#2963);
#2961 = CARTESIAN_POINT('',(273.7,152.343176,75.495));
#2962 = DIRECTION('',(1.E-15,1.,0.));
#2963 = DIRECTION('',(-1.,1.E-15,1.1E-16));
#2964 = ADVANCED_FACE('',(#2965),#2990,.T.);
#2965 = FACE_BOUND('',#2966,.T.);
#2966 = EDGE_LOOP('',(#2967,#2975,#2976,#2984));
#2967 = ORIENTED_EDGE('',*,*,#2968,.T.);
#2968 = EDGE_CURVE('',#2969,#402,#2971,.T.);
#2969 = VERTEX_POINT('',#2970);
#2970 = CARTESIAN_POINT('',(273.7,147.293176,50.));
#2971 = LINE('',#2972,#2973);
#2972 = CARTESIAN_POINT('',(273.7,147.293176,75.495));
#2973 = VECTOR('',#2974,1.);
#2974 = DIRECTION('',(0.,0.,1.));
#2975 = ORIENTED_EDGE('',*,*,#401,.T.);
#2976 = ORIENTED_EDGE('',*,*,#2977,.F.);
#2977 = EDGE_CURVE('',#2978,#404,#2980,.T.);
#2978 = VERTEX_POINT('',#2979);
#2979 = CARTESIAN_POINT('',(259.7,147.293176,50.));
#2980 = LINE('',#2981,#2982);
#2981 = CARTESIAN_POINT('',(259.7,147.293176,75.495));
#2982 = VECTOR('',#2983,1.);
#2983 = DIRECTION('',(0.,0.,1.));
#2984 = ORIENTED_EDGE('',*,*,#2985,.F.);
#2985 = EDGE_CURVE('',#2969,#2978,#2986,.T.);
#2986 = LINE('',#2987,#2988);
#2987 = CARTESIAN_POINT('',(267.1,147.293176,50.));
#2988 = VECTOR('',#2989,1.);
#2989 = DIRECTION('',(-1.,1.E-15,0.));
#2990 = PLANE('',#2991);
#2991 = AXIS2_PLACEMENT_3D('',#2992,#2993,#2994);
#2992 = CARTESIAN_POINT('',(259.7,147.293176,75.495));
#2993 = DIRECTION('',(-1.E-15,-1.,0.));
#2994 = DIRECTION('',(1.,-1.E-15,0.));
#2995 = ADVANCED_FACE('',(#2996),#3014,.T.);
#2996 = FACE_BOUND('',#2997,.T.);
#2997 = EDGE_LOOP('',(#2998,#3006,#3007,#3008));
#2998 = ORIENTED_EDGE('',*,*,#2999,.T.);
#2999 = EDGE_CURVE('',#3000,#420,#3002,.T.);
#3000 = VERTEX_POINT('',#3001);
#3001 = CARTESIAN_POINT('',(273.7,133.293176,50.));
#3002 = LINE('',#3003,#3004);
#3003 = CARTESIAN_POINT('',(273.7,133.293176,75.495));
#3004 = VECTOR('',#3005,1.);
#3005 = DIRECTION('',(0.,0.,1.));
#3006 = ORIENTED_EDGE('',*,*,#427,.T.);
#3007 = ORIENTED_EDGE('',*,*,#2968,.F.);
#3008 = ORIENTED_EDGE('',*,*,#3009,.F.);
#3009 = EDGE_CURVE('',#3000,#2969,#3010,.T.);
#3010 = LINE('',#3011,#3012);
#3011 = CARTESIAN_POINT('',(273.7,147.693176,50.));
#3012 = VECTOR('',#3013,1.);
#3013 = DIRECTION('',(1.E-15,1.,0.));
#3014 = PLANE('',#3015);
#3015 = AXIS2_PLACEMENT_3D('',#3016,#3017,#3018);
#3016 = CARTESIAN_POINT('',(273.7,147.293176,75.495));
#3017 = DIRECTION('',(-1.,1.E-15,0.));
#3018 = DIRECTION('',(-1.E-15,-1.,0.));
#3019 = ADVANCED_FACE('',(#3020),#3038,.T.);
#3020 = FACE_BOUND('',#3021,.T.);
#3021 = EDGE_LOOP('',(#3022,#3023,#3024,#3032));
#3022 = ORIENTED_EDGE('',*,*,#2977,.T.);
#3023 = ORIENTED_EDGE('',*,*,#411,.T.);
#3024 = ORIENTED_EDGE('',*,*,#3025,.T.);
#3025 = EDGE_CURVE('',#412,#3026,#3028,.T.);
#3026 = VERTEX_POINT('',#3027);
#3027 = CARTESIAN_POINT('',(259.7,133.293176,50.));
#3028 = LINE('',#3029,#3030);
#3029 = CARTESIAN_POINT('',(259.7,133.293176,76.495));
#3030 = VECTOR('',#3031,1.);
#3031 = DIRECTION('',(0.,0.,-1.));
#3032 = ORIENTED_EDGE('',*,*,#3033,.F.);
#3033 = EDGE_CURVE('',#2978,#3026,#3034,.T.);
#3034 = LINE('',#3035,#3036);
#3035 = CARTESIAN_POINT('',(259.7,140.693176,50.));
#3036 = VECTOR('',#3037,1.);
#3037 = DIRECTION('',(-1.E-15,-1.,0.));
#3038 = PLANE('',#3039);
#3039 = AXIS2_PLACEMENT_3D('',#3040,#3041,#3042);
#3040 = CARTESIAN_POINT('',(259.7,133.293176,75.495));
#3041 = DIRECTION('',(1.,-1.E-15,0.));
#3042 = DIRECTION('',(1.E-15,1.,0.));
#3043 = ADVANCED_FACE('',(#3044),#3055,.T.);
#3044 = FACE_BOUND('',#3045,.T.);
#3045 = EDGE_LOOP('',(#3046,#3047,#3048,#3049));
#3046 = ORIENTED_EDGE('',*,*,#3025,.F.);
#3047 = ORIENTED_EDGE('',*,*,#419,.T.);
#3048 = ORIENTED_EDGE('',*,*,#2999,.F.);
#3049 = ORIENTED_EDGE('',*,*,#3050,.F.);
#3050 = EDGE_CURVE('',#3026,#3000,#3051,.T.);
#3051 = LINE('',#3052,#3053);
#3052 = CARTESIAN_POINT('',(274.1,133.293176,50.));
#3053 = VECTOR('',#3054,1.);
#3054 = DIRECTION('',(1.,-1.E-15,0.));
#3055 = PLANE('',#3056);
#3056 = AXIS2_PLACEMENT_3D('',#3057,#3058,#3059);
#3057 = CARTESIAN_POINT('',(273.7,133.293176,75.495));
#3058 = DIRECTION('',(1.E-15,1.,0.));
#3059 = DIRECTION('',(-1.,1.E-15,0.));
#3060 = ADVANCED_FACE('',(#3061),#3086,.T.);
#3061 = FACE_BOUND('',#3062,.T.);
#3062 = EDGE_LOOP('',(#3063,#3071,#3072,#3080));
#3063 = ORIENTED_EDGE('',*,*,#3064,.T.);
#3064 = EDGE_CURVE('',#3065,#436,#3067,.T.);
#3065 = VERTEX_POINT('',#3066);
#3066 = CARTESIAN_POINT('',(216.55,133.005676,50.));
#3067 = LINE('',#3068,#3069);
#3068 = CARTESIAN_POINT('',(216.55,133.005676,75.495));
#3069 = VECTOR('',#3070,1.);
#3070 = DIRECTION('',(1.1E-31,1.1E-16,1.));
#3071 = ORIENTED_EDGE('',*,*,#435,.T.);
#3072 = ORIENTED_EDGE('',*,*,#3073,.F.);
#3073 = EDGE_CURVE('',#3074,#438,#3076,.T.);
#3074 = VERTEX_POINT('',#3075);
#3075 = CARTESIAN_POINT('',(202.55,133.005676,50.));
#3076 = LINE('',#3077,#3078);
#3077 = CARTESIAN_POINT('',(202.55,133.005676,75.495));
#3078 = VECTOR('',#3079,1.);
#3079 = DIRECTION('',(1.1E-31,1.1E-16,1.));
#3080 = ORIENTED_EDGE('',*,*,#3081,.F.);
#3081 = EDGE_CURVE('',#3065,#3074,#3082,.T.);
#3082 = LINE('',#3083,#3084);
#3083 = CARTESIAN_POINT('',(209.95,133.005676,50.));
#3084 = VECTOR('',#3085,1.);
#3085 = DIRECTION('',(-1.,1.E-15,0.));
#3086 = PLANE('',#3087);
#3087 = AXIS2_PLACEMENT_3D('',#3088,#3089,#3090);
#3088 = CARTESIAN_POINT('',(202.55,133.005676,75.495));
#3089 = DIRECTION('',(-1.E-15,-1.,1.1E-16));
#3090 = DIRECTION('',(1.,-1.E-15,0.));
#3091 = ADVANCED_FACE('',(#3092),#3110,.T.);
#3092 = FACE_BOUND('',#3093,.T.);
#3093 = EDGE_LOOP('',(#3094,#3102,#3103,#3104));
#3094 = ORIENTED_EDGE('',*,*,#3095,.T.);
#3095 = EDGE_CURVE('',#3096,#454,#3098,.T.);
#3096 = VERTEX_POINT('',#3097);
#3097 = CARTESIAN_POINT('',(216.55,119.005676,50.));
#3098 = LINE('',#3099,#3100);
#3099 = CARTESIAN_POINT('',(216.55,119.005676,75.495));
#3100 = VECTOR('',#3101,1.);
#3101 = DIRECTION('',(1.1E-31,1.1E-16,1.));
#3102 = ORIENTED_EDGE('',*,*,#461,.T.);
#3103 = ORIENTED_EDGE('',*,*,#3064,.F.);
#3104 = ORIENTED_EDGE('',*,*,#3105,.F.);
#3105 = EDGE_CURVE('',#3096,#3065,#3106,.T.);
#3106 = LINE('',#3107,#3108);
#3107 = CARTESIAN_POINT('',(216.55,133.405676,50.));
#3108 = VECTOR('',#3109,1.);
#3109 = DIRECTION('',(1.E-15,1.,0.));
#3110 = PLANE('',#3111);
#3111 = AXIS2_PLACEMENT_3D('',#3112,#3113,#3114);
#3112 = CARTESIAN_POINT('',(216.55,133.005676,75.495));
#3113 = DIRECTION('',(-1.,1.E-15,0.));
#3114 = DIRECTION('',(-1.E-15,-1.,1.1E-16));
#3115 = ADVANCED_FACE('',(#3116),#3134,.T.);
#3116 = FACE_BOUND('',#3117,.T.);
#3117 = EDGE_LOOP('',(#3118,#3119,#3120,#3128));
#3118 = ORIENTED_EDGE('',*,*,#3073,.T.);
#3119 = ORIENTED_EDGE('',*,*,#445,.T.);
#3120 = ORIENTED_EDGE('',*,*,#3121,.T.);
#3121 = EDGE_CURVE('',#446,#3122,#3124,.T.);
#3122 = VERTEX_POINT('',#3123);
#3123 = CARTESIAN_POINT('',(202.55,119.005676,50.));
#3124 = LINE('',#3125,#3126);
#3125 = CARTESIAN_POINT('',(202.55,119.005676,76.495));
#3126 = VECTOR('',#3127,1.);
#3127 = DIRECTION('',(-1.1E-31,-1.1E-16,-1.));
#3128 = ORIENTED_EDGE('',*,*,#3129,.F.);
#3129 = EDGE_CURVE('',#3074,#3122,#3130,.T.);
#3130 = LINE('',#3131,#3132);
#3131 = CARTESIAN_POINT('',(202.55,126.405676,50.));
#3132 = VECTOR('',#3133,1.);
#3133 = DIRECTION('',(-1.E-15,-1.,0.));
#3134 = PLANE('',#3135);
#3135 = AXIS2_PLACEMENT_3D('',#3136,#3137,#3138);
#3136 = CARTESIAN_POINT('',(202.55,119.005676,75.495));
#3137 = DIRECTION('',(1.,-1.E-15,0.));
#3138 = DIRECTION('',(1.E-15,1.,-1.1E-16));
#3139 = ADVANCED_FACE('',(#3140),#3151,.T.);
#3140 = FACE_BOUND('',#3141,.T.);
#3141 = EDGE_LOOP('',(#3142,#3143,#3144,#3145));
#3142 = ORIENTED_EDGE('',*,*,#3121,.F.);
#3143 = ORIENTED_EDGE('',*,*,#453,.T.);
#3144 = ORIENTED_EDGE('',*,*,#3095,.F.);
#3145 = ORIENTED_EDGE('',*,*,#3146,.F.);
#3146 = EDGE_CURVE('',#3122,#3096,#3147,.T.);
#3147 = LINE('',#3148,#3149);
#3148 = CARTESIAN_POINT('',(216.95,119.005676,50.));
#3149 = VECTOR('',#3150,1.);
#3150 = DIRECTION('',(1.,-1.E-15,0.));
#3151 = PLANE('',#3152);
#3152 = AXIS2_PLACEMENT_3D('',#3153,#3154,#3155);
#3153 = CARTESIAN_POINT('',(216.55,119.005676,75.495));
#3154 = DIRECTION('',(1.E-15,1.,-1.1E-16));
#3155 = DIRECTION('',(-1.,1.E-15,0.));
#3156 = ADVANCED_FACE('',(#3157),#3182,.T.);
#3157 = FACE_BOUND('',#3158,.T.);
#3158 = EDGE_LOOP('',(#3159,#3167,#3168,#3176));
#3159 = ORIENTED_EDGE('',*,*,#3160,.T.);
#3160 = EDGE_CURVE('',#3161,#470,#3163,.T.);
#3161 = VERTEX_POINT('',#3162);
#3162 = CARTESIAN_POINT('',(235.6,137.768176,50.));
#3163 = LINE('',#3164,#3165);
#3164 = CARTESIAN_POINT('',(235.6,137.768176,75.495));
#3165 = VECTOR('',#3166,1.);
#3166 = DIRECTION('',(1.1E-31,1.1E-16,1.));
#3167 = ORIENTED_EDGE('',*,*,#469,.T.);
#3168 = ORIENTED_EDGE('',*,*,#3169,.F.);
#3169 = EDGE_CURVE('',#3170,#472,#3172,.T.);
#3170 = VERTEX_POINT('',#3171);
#3171 = CARTESIAN_POINT('',(221.6,137.768176,50.));
#3172 = LINE('',#3173,#3174);
#3173 = CARTESIAN_POINT('',(221.6,137.768176,75.495));
#3174 = VECTOR('',#3175,1.);
#3175 = DIRECTION('',(1.1E-31,1.1E-16,1.));
#3176 = ORIENTED_EDGE('',*,*,#3177,.F.);
#3177 = EDGE_CURVE('',#3161,#3170,#3178,.T.);
#3178 = LINE('',#3179,#3180);
#3179 = CARTESIAN_POINT('',(229.,137.768176,50.));
#3180 = VECTOR('',#3181,1.);
#3181 = DIRECTION('',(-1.,1.E-15,0.));
#3182 = PLANE('',#3183);
#3183 = AXIS2_PLACEMENT_3D('',#3184,#3185,#3186);
#3184 = CARTESIAN_POINT('',(221.6,137.768176,75.495));
#3185 = DIRECTION('',(-1.E-15,-1.,1.1E-16));
#3186 = DIRECTION('',(1.,-1.E-15,-0.));
#3187 = ADVANCED_FACE('',(#3188),#3206,.T.);
#3188 = FACE_BOUND('',#3189,.T.);
#3189 = EDGE_LOOP('',(#3190,#3198,#3199,#3200));
#3190 = ORIENTED_EDGE('',*,*,#3191,.T.);
#3191 = EDGE_CURVE('',#3192,#488,#3194,.T.);
#3192 = VERTEX_POINT('',#3193);
#3193 = CARTESIAN_POINT('',(235.6,123.768176,50.));
#3194 = LINE('',#3195,#3196);
#3195 = CARTESIAN_POINT('',(235.6,123.768176,75.495));
#3196 = VECTOR('',#3197,1.);
#3197 = DIRECTION('',(1.1E-31,1.1E-16,1.));
#3198 = ORIENTED_EDGE('',*,*,#495,.T.);
#3199 = ORIENTED_EDGE('',*,*,#3160,.F.);
#3200 = ORIENTED_EDGE('',*,*,#3201,.F.);
#3201 = EDGE_CURVE('',#3192,#3161,#3202,.T.);
#3202 = LINE('',#3203,#3204);
#3203 = CARTESIAN_POINT('',(235.6,138.168176,50.));
#3204 = VECTOR('',#3205,1.);
#3205 = DIRECTION('',(1.E-15,1.,0.));
#3206 = PLANE('',#3207);
#3207 = AXIS2_PLACEMENT_3D('',#3208,#3209,#3210);
#3208 = CARTESIAN_POINT('',(235.6,137.768176,75.495));
#3209 = DIRECTION('',(-1.,1.E-15,0.));
#3210 = DIRECTION('',(-1.E-15,-1.,1.1E-16));
#3211 = ADVANCED_FACE('',(#3212),#3230,.T.);
#3212 = FACE_BOUND('',#3213,.T.);
#3213 = EDGE_LOOP('',(#3214,#3215,#3216,#3224));
#3214 = ORIENTED_EDGE('',*,*,#3169,.T.);
#3215 = ORIENTED_EDGE('',*,*,#479,.T.);
#3216 = ORIENTED_EDGE('',*,*,#3217,.T.);
#3217 = EDGE_CURVE('',#480,#3218,#3220,.T.);
#3218 = VERTEX_POINT('',#3219);
#3219 = CARTESIAN_POINT('',(221.6,123.768176,50.));
#3220 = LINE('',#3221,#3222);
#3221 = CARTESIAN_POINT('',(221.6,123.768176,76.495));
#3222 = VECTOR('',#3223,1.);
#3223 = DIRECTION('',(-1.1E-31,-1.1E-16,-1.));
#3224 = ORIENTED_EDGE('',*,*,#3225,.F.);
#3225 = EDGE_CURVE('',#3170,#3218,#3226,.T.);
#3226 = LINE('',#3227,#3228);
#3227 = CARTESIAN_POINT('',(221.6,131.168176,50.));
#3228 = VECTOR('',#3229,1.);
#3229 = DIRECTION('',(-1.E-15,-1.,0.));
#3230 = PLANE('',#3231);
#3231 = AXIS2_PLACEMENT_3D('',#3232,#3233,#3234);
#3232 = CARTESIAN_POINT('',(221.6,123.768176,75.495));
#3233 = DIRECTION('',(1.,-1.E-15,0.));
#3234 = DIRECTION('',(1.E-15,1.,-1.1E-16));
#3235 = ADVANCED_FACE('',(#3236),#3247,.T.);
#3236 = FACE_BOUND('',#3237,.T.);
#3237 = EDGE_LOOP('',(#3238,#3239,#3240,#3241));
#3238 = ORIENTED_EDGE('',*,*,#3217,.F.);
#3239 = ORIENTED_EDGE('',*,*,#487,.T.);
#3240 = ORIENTED_EDGE('',*,*,#3191,.F.);
#3241 = ORIENTED_EDGE('',*,*,#3242,.F.);
#3242 = EDGE_CURVE('',#3218,#3192,#3243,.T.);
#3243 = LINE('',#3244,#3245);
#3244 = CARTESIAN_POINT('',(236.,123.768176,50.));
#3245 = VECTOR('',#3246,1.);
#3246 = DIRECTION('',(1.,-1.E-15,0.));
#3247 = PLANE('',#3248);
#3248 = AXIS2_PLACEMENT_3D('',#3249,#3250,#3251);
#3249 = CARTESIAN_POINT('',(235.6,123.768176,75.495));
#3250 = DIRECTION('',(1.E-15,1.,-1.1E-16));
#3251 = DIRECTION('',(-1.,1.E-15,0.));
#3252 = ADVANCED_FACE('',(#3253),#3278,.T.);
#3253 = FACE_BOUND('',#3254,.T.);
#3254 = EDGE_LOOP('',(#3255,#3263,#3264,#3272));
#3255 = ORIENTED_EDGE('',*,*,#3256,.T.);
#3256 = EDGE_CURVE('',#3257,#504,#3259,.T.);
#3257 = VERTEX_POINT('',#3258);
#3258 = CARTESIAN_POINT('',(254.65,142.530676,50.));
#3259 = LINE('',#3260,#3261);
#3260 = CARTESIAN_POINT('',(254.65,142.530676,75.495));
#3261 = VECTOR('',#3262,1.);
#3262 = DIRECTION('',(1.1E-31,1.1E-16,1.));
#3263 = ORIENTED_EDGE('',*,*,#503,.T.);
#3264 = ORIENTED_EDGE('',*,*,#3265,.F.);
#3265 = EDGE_CURVE('',#3266,#506,#3268,.T.);
#3266 = VERTEX_POINT('',#3267);
#3267 = CARTESIAN_POINT('',(240.65,142.530676,50.));
#3268 = LINE('',#3269,#3270);
#3269 = CARTESIAN_POINT('',(240.65,142.530676,75.495));
#3270 = VECTOR('',#3271,1.);
#3271 = DIRECTION('',(1.1E-31,1.1E-16,1.));
#3272 = ORIENTED_EDGE('',*,*,#3273,.F.);
#3273 = EDGE_CURVE('',#3257,#3266,#3274,.T.);
#3274 = LINE('',#3275,#3276);
#3275 = CARTESIAN_POINT('',(248.05,142.530676,50.));
#3276 = VECTOR('',#3277,1.);
#3277 = DIRECTION('',(-1.,1.E-15,0.));
#3278 = PLANE('',#3279);
#3279 = AXIS2_PLACEMENT_3D('',#3280,#3281,#3282);
#3280 = CARTESIAN_POINT('',(240.65,142.530676,75.495));
#3281 = DIRECTION('',(-1.E-15,-1.,1.1E-16));
#3282 = DIRECTION('',(1.,-1.E-15,-0.));
#3283 = ADVANCED_FACE('',(#3284),#3302,.T.);
#3284 = FACE_BOUND('',#3285,.T.);
#3285 = EDGE_LOOP('',(#3286,#3294,#3295,#3296));
#3286 = ORIENTED_EDGE('',*,*,#3287,.T.);
#3287 = EDGE_CURVE('',#3288,#522,#3290,.T.);
#3288 = VERTEX_POINT('',#3289);
#3289 = CARTESIAN_POINT('',(254.65,128.530676,50.));
#3290 = LINE('',#3291,#3292);
#3291 = CARTESIAN_POINT('',(254.65,128.530676,75.495));
#3292 = VECTOR('',#3293,1.);
#3293 = DIRECTION('',(1.1E-31,1.1E-16,1.));
#3294 = ORIENTED_EDGE('',*,*,#529,.T.);
#3295 = ORIENTED_EDGE('',*,*,#3256,.F.);
#3296 = ORIENTED_EDGE('',*,*,#3297,.F.);
#3297 = EDGE_CURVE('',#3288,#3257,#3298,.T.);
#3298 = LINE('',#3299,#3300);
#3299 = CARTESIAN_POINT('',(254.65,142.930676,50.));
#3300 = VECTOR('',#3301,1.);
#3301 = DIRECTION('',(1.E-15,1.,0.));
#3302 = PLANE('',#3303);
#3303 = AXIS2_PLACEMENT_3D('',#3304,#3305,#3306);
#3304 = CARTESIAN_POINT('',(254.65,142.530676,75.495));
#3305 = DIRECTION('',(-1.,1.E-15,0.));
#3306 = DIRECTION('',(-1.E-15,-1.,1.1E-16));
#3307 = ADVANCED_FACE('',(#3308),#3326,.T.);
#3308 = FACE_BOUND('',#3309,.T.);
#3309 = EDGE_LOOP('',(#3310,#3311,#3312,#3320));
#3310 = ORIENTED_EDGE('',*,*,#3265,.T.);
#3311 = ORIENTED_EDGE('',*,*,#513,.T.);
#3312 = ORIENTED_EDGE('',*,*,#3313,.T.);
#3313 = EDGE_CURVE('',#514,#3314,#3316,.T.);
#3314 = VERTEX_POINT('',#3315);
#3315 = CARTESIAN_POINT('',(240.65,128.530676,50.));
#3316 = LINE('',#3317,#3318);
#3317 = CARTESIAN_POINT('',(240.65,128.530676,76.495));
#3318 = VECTOR('',#3319,1.);
#3319 = DIRECTION('',(-1.1E-31,-1.1E-16,-1.));
#3320 = ORIENTED_EDGE('',*,*,#3321,.F.);
#3321 = EDGE_CURVE('',#3266,#3314,#3322,.T.);
#3322 = LINE('',#3323,#3324);
#3323 = CARTESIAN_POINT('',(240.65,135.930676,50.));
#3324 = VECTOR('',#3325,1.);
#3325 = DIRECTION('',(-1.E-15,-1.,0.));
#3326 = PLANE('',#3327);
#3327 = AXIS2_PLACEMENT_3D('',#3328,#3329,#3330);
#3328 = CARTESIAN_POINT('',(240.65,128.530676,75.495));
#3329 = DIRECTION('',(1.,-1.E-15,0.));
#3330 = DIRECTION('',(1.E-15,1.,-1.1E-16));
#3331 = ADVANCED_FACE('',(#3332),#3343,.T.);
#3332 = FACE_BOUND('',#3333,.T.);
#3333 = EDGE_LOOP('',(#3334,#3335,#3336,#3337));
#3334 = ORIENTED_EDGE('',*,*,#3313,.F.);
#3335 = ORIENTED_EDGE('',*,*,#521,.T.);
#3336 = ORIENTED_EDGE('',*,*,#3287,.F.);
#3337 = ORIENTED_EDGE('',*,*,#3338,.F.);
#3338 = EDGE_CURVE('',#3314,#3288,#3339,.T.);
#3339 = LINE('',#3340,#3341);
#3340 = CARTESIAN_POINT('',(255.05,128.530676,50.));
#3341 = VECTOR('',#3342,1.);
#3342 = DIRECTION('',(1.,-1.E-15,0.));
#3343 = PLANE('',#3344);
#3344 = AXIS2_PLACEMENT_3D('',#3345,#3346,#3347);
#3345 = CARTESIAN_POINT('',(254.65,128.530676,75.495));
#3346 = DIRECTION('',(1.E-15,1.,-1.1E-16));
#3347 = DIRECTION('',(-1.,1.E-15,0.));
#3348 = ADVANCED_FACE('',(#3349),#3374,.T.);
#3349 = FACE_BOUND('',#3350,.T.);
#3350 = EDGE_LOOP('',(#3351,#3359,#3360,#3368));
#3351 = ORIENTED_EDGE('',*,*,#3352,.T.);
#3352 = EDGE_CURVE('',#3353,#538,#3355,.T.);
#3353 = VERTEX_POINT('',#3354);
#3354 = CARTESIAN_POINT('',(254.65,123.480676,50.));
#3355 = LINE('',#3356,#3357);
#3356 = CARTESIAN_POINT('',(254.65,123.480676,75.495));
#3357 = VECTOR('',#3358,1.);
#3358 = DIRECTION('',(1.1E-31,1.1E-16,1.));
#3359 = ORIENTED_EDGE('',*,*,#537,.T.);
#3360 = ORIENTED_EDGE('',*,*,#3361,.F.);
#3361 = EDGE_CURVE('',#3362,#540,#3364,.T.);
#3362 = VERTEX_POINT('',#3363);
#3363 = CARTESIAN_POINT('',(240.65,123.480676,50.));
#3364 = LINE('',#3365,#3366);
#3365 = CARTESIAN_POINT('',(240.65,123.480676,75.495));
#3366 = VECTOR('',#3367,1.);
#3367 = DIRECTION('',(1.1E-31,1.1E-16,1.));
#3368 = ORIENTED_EDGE('',*,*,#3369,.F.);
#3369 = EDGE_CURVE('',#3353,#3362,#3370,.T.);
#3370 = LINE('',#3371,#3372);
#3371 = CARTESIAN_POINT('',(248.05,123.480676,50.));
#3372 = VECTOR('',#3373,1.);
#3373 = DIRECTION('',(-1.,1.E-15,0.));
#3374 = PLANE('',#3375);
#3375 = AXIS2_PLACEMENT_3D('',#3376,#3377,#3378);
#3376 = CARTESIAN_POINT('',(240.65,123.480676,75.495));
#3377 = DIRECTION('',(-1.E-15,-1.,1.1E-16));
#3378 = DIRECTION('',(1.,-1.E-15,-0.));
#3379 = ADVANCED_FACE('',(#3380),#3398,.T.);
#3380 = FACE_BOUND('',#3381,.T.);
#3381 = EDGE_LOOP('',(#3382,#3390,#3391,#3392));
#3382 = ORIENTED_EDGE('',*,*,#3383,.T.);
#3383 = EDGE_CURVE('',#3384,#556,#3386,.T.);
#3384 = VERTEX_POINT('',#3385);
#3385 = CARTESIAN_POINT('',(254.65,109.480676,50.));
#3386 = LINE('',#3387,#3388);
#3387 = CARTESIAN_POINT('',(254.65,109.480676,75.495));
#3388 = VECTOR('',#3389,1.);
#3389 = DIRECTION('',(1.1E-31,1.1E-16,1.));
#3390 = ORIENTED_EDGE('',*,*,#563,.T.);
#3391 = ORIENTED_EDGE('',*,*,#3352,.F.);
#3392 = ORIENTED_EDGE('',*,*,#3393,.F.);
#3393 = EDGE_CURVE('',#3384,#3353,#3394,.T.);
#3394 = LINE('',#3395,#3396);
#3395 = CARTESIAN_POINT('',(254.65,123.880676,50.));
#3396 = VECTOR('',#3397,1.);
#3397 = DIRECTION('',(1.E-15,1.,0.));
#3398 = PLANE('',#3399);
#3399 = AXIS2_PLACEMENT_3D('',#3400,#3401,#3402);
#3400 = CARTESIAN_POINT('',(254.65,123.480676,75.495));
#3401 = DIRECTION('',(-1.,1.E-15,0.));
#3402 = DIRECTION('',(-1.E-15,-1.,1.1E-16));
#3403 = ADVANCED_FACE('',(#3404),#3422,.T.);
#3404 = FACE_BOUND('',#3405,.T.);
#3405 = EDGE_LOOP('',(#3406,#3407,#3408,#3416));
#3406 = ORIENTED_EDGE('',*,*,#3361,.T.);
#3407 = ORIENTED_EDGE('',*,*,#547,.T.);
#3408 = ORIENTED_EDGE('',*,*,#3409,.T.);
#3409 = EDGE_CURVE('',#548,#3410,#3412,.T.);
#3410 = VERTEX_POINT('',#3411);
#3411 = CARTESIAN_POINT('',(240.65,109.480676,50.));
#3412 = LINE('',#3413,#3414);
#3413 = CARTESIAN_POINT('',(240.65,109.480676,76.495));
#3414 = VECTOR('',#3415,1.);
#3415 = DIRECTION('',(-1.1E-31,-1.1E-16,-1.));
#3416 = ORIENTED_EDGE('',*,*,#3417,.F.);
#3417 = EDGE_CURVE('',#3362,#3410,#3418,.T.);
#3418 = LINE('',#3419,#3420);
#3419 = CARTESIAN_POINT('',(240.65,116.880676,50.));
#3420 = VECTOR('',#3421,1.);
#3421 = DIRECTION('',(-1.E-15,-1.,0.));
#3422 = PLANE('',#3423);
#3423 = AXIS2_PLACEMENT_3D('',#3424,#3425,#3426);
#3424 = CARTESIAN_POINT('',(240.65,109.480676,75.495));
#3425 = DIRECTION('',(1.,-1.E-15,0.));
#3426 = DIRECTION('',(1.E-15,1.,-1.1E-16));
#3427 = ADVANCED_FACE('',(#3428),#3439,.T.);
#3428 = FACE_BOUND('',#3429,.T.);
#3429 = EDGE_LOOP('',(#3430,#3431,#3432,#3433));
#3430 = ORIENTED_EDGE('',*,*,#3409,.F.);
#3431 = ORIENTED_EDGE('',*,*,#555,.T.);
#3432 = ORIENTED_EDGE('',*,*,#3383,.F.);
#3433 = ORIENTED_EDGE('',*,*,#3434,.F.);
#3434 = EDGE_CURVE('',#3410,#3384,#3435,.T.);
#3435 = LINE('',#3436,#3437);
#3436 = CARTESIAN_POINT('',(255.05,109.480676,50.));
#3437 = VECTOR('',#3438,1.);
#3438 = DIRECTION('',(1.,-1.E-15,0.));
#3439 = PLANE('',#3440);
#3440 = AXIS2_PLACEMENT_3D('',#3441,#3442,#3443);
#3441 = CARTESIAN_POINT('',(254.65,109.480676,75.495));
#3442 = DIRECTION('',(1.E-15,1.,-1.1E-16));
#3443 = DIRECTION('',(-1.,1.E-15,0.));
#3444 = ADVANCED_FACE('',(#3445),#3470,.T.);
#3445 = FACE_BOUND('',#3446,.T.);
#3446 = EDGE_LOOP('',(#3447,#3455,#3456,#3464));
#3447 = ORIENTED_EDGE('',*,*,#3448,.T.);
#3448 = EDGE_CURVE('',#3449,#572,#3451,.T.);
#3449 = VERTEX_POINT('',#3450);
#3450 = CARTESIAN_POINT('',(273.7,128.243176,50.));
#3451 = LINE('',#3452,#3453);
#3452 = CARTESIAN_POINT('',(273.7,128.243176,75.495));
#3453 = VECTOR('',#3454,1.);
#3454 = DIRECTION('',(0.,0.,1.));
#3455 = ORIENTED_EDGE('',*,*,#571,.T.);
#3456 = ORIENTED_EDGE('',*,*,#3457,.F.);
#3457 = EDGE_CURVE('',#3458,#574,#3460,.T.);
#3458 = VERTEX_POINT('',#3459);
#3459 = CARTESIAN_POINT('',(259.7,128.243176,50.));
#3460 = LINE('',#3461,#3462);
#3461 = CARTESIAN_POINT('',(259.7,128.243176,75.495));
#3462 = VECTOR('',#3463,1.);
#3463 = DIRECTION('',(0.,0.,1.));
#3464 = ORIENTED_EDGE('',*,*,#3465,.F.);
#3465 = EDGE_CURVE('',#3449,#3458,#3466,.T.);
#3466 = LINE('',#3467,#3468);
#3467 = CARTESIAN_POINT('',(267.1,128.243176,50.));
#3468 = VECTOR('',#3469,1.);
#3469 = DIRECTION('',(-1.,1.E-15,0.));
#3470 = PLANE('',#3471);
#3471 = AXIS2_PLACEMENT_3D('',#3472,#3473,#3474);
#3472 = CARTESIAN_POINT('',(259.7,128.243176,75.495));
#3473 = DIRECTION('',(-1.E-15,-1.,0.));
#3474 = DIRECTION('',(1.,-1.E-15,0.));
#3475 = ADVANCED_FACE('',(#3476),#3494,.T.);
#3476 = FACE_BOUND('',#3477,.T.);
#3477 = EDGE_LOOP('',(#3478,#3486,#3487,#3488));
#3478 = ORIENTED_EDGE('',*,*,#3479,.T.);
#3479 = EDGE_CURVE('',#3480,#590,#3482,.T.);
#3480 = VERTEX_POINT('',#3481);
#3481 = CARTESIAN_POINT('',(273.7,114.243176,50.));
#3482 = LINE('',#3483,#3484);
#3483 = CARTESIAN_POINT('',(273.7,114.243176,75.495));
#3484 = VECTOR('',#3485,1.);
#3485 = DIRECTION('',(0.,0.,1.));
#3486 = ORIENTED_EDGE('',*,*,#597,.T.);
#3487 = ORIENTED_EDGE('',*,*,#3448,.F.);
#3488 = ORIENTED_EDGE('',*,*,#3489,.F.);
#3489 = EDGE_CURVE('',#3480,#3449,#3490,.T.);
#3490 = LINE('',#3491,#3492);
#3491 = CARTESIAN_POINT('',(273.7,128.643176,50.));
#3492 = VECTOR('',#3493,1.);
#3493 = DIRECTION('',(1.E-15,1.,0.));
#3494 = PLANE('',#3495);
#3495 = AXIS2_PLACEMENT_3D('',#3496,#3497,#3498);
#3496 = CARTESIAN_POINT('',(273.7,128.243176,75.495));
#3497 = DIRECTION('',(-1.,1.E-15,0.));
#3498 = DIRECTION('',(-1.E-15,-1.,0.));
#3499 = ADVANCED_FACE('',(#3500),#3518,.T.);
#3500 = FACE_BOUND('',#3501,.T.);
#3501 = EDGE_LOOP('',(#3502,#3503,#3504,#3512));
#3502 = ORIENTED_EDGE('',*,*,#3457,.T.);
#3503 = ORIENTED_EDGE('',*,*,#581,.T.);
#3504 = ORIENTED_EDGE('',*,*,#3505,.T.);
#3505 = EDGE_CURVE('',#582,#3506,#3508,.T.);
#3506 = VERTEX_POINT('',#3507);
#3507 = CARTESIAN_POINT('',(259.7,114.243176,50.));
#3508 = LINE('',#3509,#3510);
#3509 = CARTESIAN_POINT('',(259.7,114.243176,76.495));
#3510 = VECTOR('',#3511,1.);
#3511 = DIRECTION('',(0.,0.,-1.));
#3512 = ORIENTED_EDGE('',*,*,#3513,.F.);
#3513 = EDGE_CURVE('',#3458,#3506,#3514,.T.);
#3514 = LINE('',#3515,#3516);
#3515 = CARTESIAN_POINT('',(259.7,121.643176,50.));
#3516 = VECTOR('',#3517,1.);
#3517 = DIRECTION('',(-1.E-15,-1.,0.));
#3518 = PLANE('',#3519);
#3519 = AXIS2_PLACEMENT_3D('',#3520,#3521,#3522);
#3520 = CARTESIAN_POINT('',(259.7,114.243176,75.495));
#3521 = DIRECTION('',(1.,-1.E-15,0.));
#3522 = DIRECTION('',(1.E-15,1.,0.));
#3523 = ADVANCED_FACE('',(#3524),#3535,.T.);
#3524 = FACE_BOUND('',#3525,.T.);
#3525 = EDGE_LOOP('',(#3526,#3527,#3528,#3529));
#3526 = ORIENTED_EDGE('',*,*,#3505,.F.);
#3527 = ORIENTED_EDGE('',*,*,#589,.T.);
#3528 = ORIENTED_EDGE('',*,*,#3479,.F.);
#3529 = ORIENTED_EDGE('',*,*,#3530,.F.);
#3530 = EDGE_CURVE('',#3506,#3480,#3531,.T.);
#3531 = LINE('',#3532,#3533);
#3532 = CARTESIAN_POINT('',(274.1,114.243176,50.));
#3533 = VECTOR('',#3534,1.);
#3534 = DIRECTION('',(1.,-1.E-15,0.));
#3535 = PLANE('',#3536);
#3536 = AXIS2_PLACEMENT_3D('',#3537,#3538,#3539);
#3537 = CARTESIAN_POINT('',(273.7,114.243176,75.495));
#3538 = DIRECTION('',(1.E-15,1.,0.));
#3539 = DIRECTION('',(-1.,1.E-15,0.));
#3540 = ADVANCED_FACE('',(#3541),#3566,.T.);
#3541 = FACE_BOUND('',#3542,.T.);
#3542 = EDGE_LOOP('',(#3543,#3551,#3552,#3560));
#3543 = ORIENTED_EDGE('',*,*,#3544,.T.);
#3544 = EDGE_CURVE('',#3545,#606,#3547,.T.);
#3545 = VERTEX_POINT('',#3546);
#3546 = CARTESIAN_POINT('',(292.75,161.580676,50.));
#3547 = LINE('',#3548,#3549);
#3548 = CARTESIAN_POINT('',(292.75,161.580676,75.495));
#3549 = VECTOR('',#3550,1.);
#3550 = DIRECTION('',(1.1E-16,-1.1E-31,1.));
#3551 = ORIENTED_EDGE('',*,*,#605,.T.);
#3552 = ORIENTED_EDGE('',*,*,#3553,.F.);
#3553 = EDGE_CURVE('',#3554,#608,#3556,.T.);
#3554 = VERTEX_POINT('',#3555);
#3555 = CARTESIAN_POINT('',(278.75,161.580676,50.));
#3556 = LINE('',#3557,#3558);
#3557 = CARTESIAN_POINT('',(278.75,161.580676,75.495));
#3558 = VECTOR('',#3559,1.);
#3559 = DIRECTION('',(1.1E-16,-1.1E-31,1.));
#3560 = ORIENTED_EDGE('',*,*,#3561,.F.);
#3561 = EDGE_CURVE('',#3545,#3554,#3562,.T.);
#3562 = LINE('',#3563,#3564);
#3563 = CARTESIAN_POINT('',(286.15,161.580676,50.));
#3564 = VECTOR('',#3565,1.);
#3565 = DIRECTION('',(-1.,1.E-15,0.));
#3566 = PLANE('',#3567);
#3567 = AXIS2_PLACEMENT_3D('',#3568,#3569,#3570);
#3568 = CARTESIAN_POINT('',(278.75,161.580676,75.495));
#3569 = DIRECTION('',(-1.E-15,-1.,0.));
#3570 = DIRECTION('',(1.,-1.E-15,-1.1E-16));
#3571 = ADVANCED_FACE('',(#3572),#3590,.T.);
#3572 = FACE_BOUND('',#3573,.T.);
#3573 = EDGE_LOOP('',(#3574,#3582,#3583,#3584));
#3574 = ORIENTED_EDGE('',*,*,#3575,.T.);
#3575 = EDGE_CURVE('',#3576,#624,#3578,.T.);
#3576 = VERTEX_POINT('',#3577);
#3577 = CARTESIAN_POINT('',(292.75,147.580676,50.));
#3578 = LINE('',#3579,#3580);
#3579 = CARTESIAN_POINT('',(292.75,147.580676,75.495));
#3580 = VECTOR('',#3581,1.);
#3581 = DIRECTION('',(1.1E-16,-1.1E-31,1.));
#3582 = ORIENTED_EDGE('',*,*,#631,.T.);
#3583 = ORIENTED_EDGE('',*,*,#3544,.F.);
#3584 = ORIENTED_EDGE('',*,*,#3585,.F.);
#3585 = EDGE_CURVE('',#3576,#3545,#3586,.T.);
#3586 = LINE('',#3587,#3588);
#3587 = CARTESIAN_POINT('',(292.75,161.980676,50.));
#3588 = VECTOR('',#3589,1.);
#3589 = DIRECTION('',(1.E-15,1.,0.));
#3590 = PLANE('',#3591);
#3591 = AXIS2_PLACEMENT_3D('',#3592,#3593,#3594);
#3592 = CARTESIAN_POINT('',(292.75,161.580676,75.495));
#3593 = DIRECTION('',(-1.,1.E-15,1.1E-16));
#3594 = DIRECTION('',(-1.E-15,-1.,0.));
#3595 = ADVANCED_FACE('',(#3596),#3614,.T.);
#3596 = FACE_BOUND('',#3597,.T.);
#3597 = EDGE_LOOP('',(#3598,#3599,#3600,#3608));
#3598 = ORIENTED_EDGE('',*,*,#3553,.T.);
#3599 = ORIENTED_EDGE('',*,*,#615,.T.);
#3600 = ORIENTED_EDGE('',*,*,#3601,.T.);
#3601 = EDGE_CURVE('',#616,#3602,#3604,.T.);
#3602 = VERTEX_POINT('',#3603);
#3603 = CARTESIAN_POINT('',(278.75,147.580676,50.));
#3604 = LINE('',#3605,#3606);
#3605 = CARTESIAN_POINT('',(278.75,147.580676,76.495));
#3606 = VECTOR('',#3607,1.);
#3607 = DIRECTION('',(-1.1E-16,1.1E-31,-1.));
#3608 = ORIENTED_EDGE('',*,*,#3609,.F.);
#3609 = EDGE_CURVE('',#3554,#3602,#3610,.T.);
#3610 = LINE('',#3611,#3612);
#3611 = CARTESIAN_POINT('',(278.75,154.980676,50.));
#3612 = VECTOR('',#3613,1.);
#3613 = DIRECTION('',(-1.E-15,-1.,0.));
#3614 = PLANE('',#3615);
#3615 = AXIS2_PLACEMENT_3D('',#3616,#3617,#3618);
#3616 = CARTESIAN_POINT('',(278.75,147.580676,75.495));
#3617 = DIRECTION('',(1.,-1.E-15,-1.1E-16));
#3618 = DIRECTION('',(1.E-15,1.,0.));
#3619 = ADVANCED_FACE('',(#3620),#3631,.T.);
#3620 = FACE_BOUND('',#3621,.T.);
#3621 = EDGE_LOOP('',(#3622,#3623,#3624,#3625));
#3622 = ORIENTED_EDGE('',*,*,#3601,.F.);
#3623 = ORIENTED_EDGE('',*,*,#623,.T.);
#3624 = ORIENTED_EDGE('',*,*,#3575,.F.);
#3625 = ORIENTED_EDGE('',*,*,#3626,.F.);
#3626 = EDGE_CURVE('',#3602,#3576,#3627,.T.);
#3627 = LINE('',#3628,#3629);
#3628 = CARTESIAN_POINT('',(293.15,147.580676,50.));
#3629 = VECTOR('',#3630,1.);
#3630 = DIRECTION('',(1.,-1.E-15,0.));
#3631 = PLANE('',#3632);
#3632 = AXIS2_PLACEMENT_3D('',#3633,#3634,#3635);
#3633 = CARTESIAN_POINT('',(292.75,147.580676,75.495));
#3634 = DIRECTION('',(1.E-15,1.,0.));
#3635 = DIRECTION('',(-1.,1.E-15,1.1E-16));
#3636 = ADVANCED_FACE('',(#3637),#3662,.T.);
#3637 = FACE_BOUND('',#3638,.T.);
#3638 = EDGE_LOOP('',(#3639,#3647,#3648,#3656));
#3639 = ORIENTED_EDGE('',*,*,#3640,.T.);
#3640 = EDGE_CURVE('',#3641,#640,#3643,.T.);
#3641 = VERTEX_POINT('',#3642);
#3642 = CARTESIAN_POINT('',(311.8,156.818176,50.));
#3643 = LINE('',#3644,#3645);
#3644 = CARTESIAN_POINT('',(311.8,156.818176,75.495));
#3645 = VECTOR('',#3646,1.);
#3646 = DIRECTION('',(1.1E-16,-1.1E-31,1.));
#3647 = ORIENTED_EDGE('',*,*,#639,.T.);
#3648 = ORIENTED_EDGE('',*,*,#3649,.F.);
#3649 = EDGE_CURVE('',#3650,#642,#3652,.T.);
#3650 = VERTEX_POINT('',#3651);
#3651 = CARTESIAN_POINT('',(297.8,156.818176,50.));
#3652 = LINE('',#3653,#3654);
#3653 = CARTESIAN_POINT('',(297.8,156.818176,75.495));
#3654 = VECTOR('',#3655,1.);
#3655 = DIRECTION('',(1.1E-16,-1.1E-31,1.));
#3656 = ORIENTED_EDGE('',*,*,#3657,.F.);
#3657 = EDGE_CURVE('',#3641,#3650,#3658,.T.);
#3658 = LINE('',#3659,#3660);
#3659 = CARTESIAN_POINT('',(305.2,156.818176,50.));
#3660 = VECTOR('',#3661,1.);
#3661 = DIRECTION('',(-1.,1.E-15,0.));
#3662 = PLANE('',#3663);
#3663 = AXIS2_PLACEMENT_3D('',#3664,#3665,#3666);
#3664 = CARTESIAN_POINT('',(297.8,156.818176,75.495));
#3665 = DIRECTION('',(-1.E-15,-1.,0.));
#3666 = DIRECTION('',(1.,-1.E-15,-1.1E-16));
#3667 = ADVANCED_FACE('',(#3668),#3686,.T.);
#3668 = FACE_BOUND('',#3669,.T.);
#3669 = EDGE_LOOP('',(#3670,#3678,#3679,#3680));
#3670 = ORIENTED_EDGE('',*,*,#3671,.T.);
#3671 = EDGE_CURVE('',#3672,#658,#3674,.T.);
#3672 = VERTEX_POINT('',#3673);
#3673 = CARTESIAN_POINT('',(311.8,142.818176,50.));
#3674 = LINE('',#3675,#3676);
#3675 = CARTESIAN_POINT('',(311.8,142.818176,75.495));
#3676 = VECTOR('',#3677,1.);
#3677 = DIRECTION('',(1.1E-16,-1.1E-31,1.));
#3678 = ORIENTED_EDGE('',*,*,#665,.T.);
#3679 = ORIENTED_EDGE('',*,*,#3640,.F.);
#3680 = ORIENTED_EDGE('',*,*,#3681,.F.);
#3681 = EDGE_CURVE('',#3672,#3641,#3682,.T.);
#3682 = LINE('',#3683,#3684);
#3683 = CARTESIAN_POINT('',(311.8,157.218176,50.));
#3684 = VECTOR('',#3685,1.);
#3685 = DIRECTION('',(1.E-15,1.,0.));
#3686 = PLANE('',#3687);
#3687 = AXIS2_PLACEMENT_3D('',#3688,#3689,#3690);
#3688 = CARTESIAN_POINT('',(311.8,156.818176,75.495));
#3689 = DIRECTION('',(-1.,1.E-15,1.1E-16));
#3690 = DIRECTION('',(-1.E-15,-1.,0.));
#3691 = ADVANCED_FACE('',(#3692),#3710,.T.);
#3692 = FACE_BOUND('',#3693,.T.);
#3693 = EDGE_LOOP('',(#3694,#3695,#3696,#3704));
#3694 = ORIENTED_EDGE('',*,*,#3649,.T.);
#3695 = ORIENTED_EDGE('',*,*,#649,.T.);
#3696 = ORIENTED_EDGE('',*,*,#3697,.T.);
#3697 = EDGE_CURVE('',#650,#3698,#3700,.T.);
#3698 = VERTEX_POINT('',#3699);
#3699 = CARTESIAN_POINT('',(297.8,142.818176,50.));
#3700 = LINE('',#3701,#3702);
#3701 = CARTESIAN_POINT('',(297.8,142.818176,76.495));
#3702 = VECTOR('',#3703,1.);
#3703 = DIRECTION('',(-1.1E-16,1.1E-31,-1.));
#3704 = ORIENTED_EDGE('',*,*,#3705,.F.);
#3705 = EDGE_CURVE('',#3650,#3698,#3706,.T.);
#3706 = LINE('',#3707,#3708);
#3707 = CARTESIAN_POINT('',(297.8,150.218176,50.));
#3708 = VECTOR('',#3709,1.);
#3709 = DIRECTION('',(-1.E-15,-1.,0.));
#3710 = PLANE('',#3711);
#3711 = AXIS2_PLACEMENT_3D('',#3712,#3713,#3714);
#3712 = CARTESIAN_POINT('',(297.8,142.818176,75.495));
#3713 = DIRECTION('',(1.,-1.E-15,-1.1E-16));
#3714 = DIRECTION('',(1.E-15,1.,0.));
#3715 = ADVANCED_FACE('',(#3716),#3727,.T.);
#3716 = FACE_BOUND('',#3717,.T.);
#3717 = EDGE_LOOP('',(#3718,#3719,#3720,#3721));
#3718 = ORIENTED_EDGE('',*,*,#3697,.F.);
#3719 = ORIENTED_EDGE('',*,*,#657,.T.);
#3720 = ORIENTED_EDGE('',*,*,#3671,.F.);
#3721 = ORIENTED_EDGE('',*,*,#3722,.F.);
#3722 = EDGE_CURVE('',#3698,#3672,#3723,.T.);
#3723 = LINE('',#3724,#3725);
#3724 = CARTESIAN_POINT('',(312.2,142.818176,50.));
#3725 = VECTOR('',#3726,1.);
#3726 = DIRECTION('',(1.,-1.E-15,0.));
#3727 = PLANE('',#3728);
#3728 = AXIS2_PLACEMENT_3D('',#3729,#3730,#3731);
#3729 = CARTESIAN_POINT('',(311.8,142.818176,75.495));
#3730 = DIRECTION('',(1.E-15,1.,0.));
#3731 = DIRECTION('',(-1.,1.E-15,1.1E-16));
#3732 = ADVANCED_FACE('',(#3733),#3758,.T.);
#3733 = FACE_BOUND('',#3734,.T.);
#3734 = EDGE_LOOP('',(#3735,#3743,#3744,#3752));
#3735 = ORIENTED_EDGE('',*,*,#3736,.T.);
#3736 = EDGE_CURVE('',#3737,#674,#3739,.T.);
#3737 = VERTEX_POINT('',#3738);
#3738 = CARTESIAN_POINT('',(330.85,156.818176,50.));
#3739 = LINE('',#3740,#3741);
#3740 = CARTESIAN_POINT('',(330.85,156.818176,75.495));
#3741 = VECTOR('',#3742,1.);
#3742 = DIRECTION('',(0.,0.,1.));
#3743 = ORIENTED_EDGE('',*,*,#673,.T.);
#3744 = ORIENTED_EDGE('',*,*,#3745,.F.);
#3745 = EDGE_CURVE('',#3746,#676,#3748,.T.);
#3746 = VERTEX_POINT('',#3747);
#3747 = CARTESIAN_POINT('',(316.85,156.818176,50.));
#3748 = LINE('',#3749,#3750);
#3749 = CARTESIAN_POINT('',(316.85,156.818176,75.495));
#3750 = VECTOR('',#3751,1.);
#3751 = DIRECTION('',(0.,0.,1.));
#3752 = ORIENTED_EDGE('',*,*,#3753,.F.);
#3753 = EDGE_CURVE('',#3737,#3746,#3754,.T.);
#3754 = LINE('',#3755,#3756);
#3755 = CARTESIAN_POINT('',(324.25,156.818176,50.));
#3756 = VECTOR('',#3757,1.);
#3757 = DIRECTION('',(-1.,1.E-15,0.));
#3758 = PLANE('',#3759);
#3759 = AXIS2_PLACEMENT_3D('',#3760,#3761,#3762);
#3760 = CARTESIAN_POINT('',(316.85,156.818176,75.495));
#3761 = DIRECTION('',(-1.E-15,-1.,0.));
#3762 = DIRECTION('',(1.,-1.E-15,0.));
#3763 = ADVANCED_FACE('',(#3764),#3782,.T.);
#3764 = FACE_BOUND('',#3765,.T.);
#3765 = EDGE_LOOP('',(#3766,#3774,#3775,#3776));
#3766 = ORIENTED_EDGE('',*,*,#3767,.T.);
#3767 = EDGE_CURVE('',#3768,#692,#3770,.T.);
#3768 = VERTEX_POINT('',#3769);
#3769 = CARTESIAN_POINT('',(330.85,142.818176,50.));
#3770 = LINE('',#3771,#3772);
#3771 = CARTESIAN_POINT('',(330.85,142.818176,75.495));
#3772 = VECTOR('',#3773,1.);
#3773 = DIRECTION('',(0.,0.,1.));
#3774 = ORIENTED_EDGE('',*,*,#699,.T.);
#3775 = ORIENTED_EDGE('',*,*,#3736,.F.);
#3776 = ORIENTED_EDGE('',*,*,#3777,.F.);
#3777 = EDGE_CURVE('',#3768,#3737,#3778,.T.);
#3778 = LINE('',#3779,#3780);
#3779 = CARTESIAN_POINT('',(330.85,157.218176,50.));
#3780 = VECTOR('',#3781,1.);
#3781 = DIRECTION('',(1.E-15,1.,0.));
#3782 = PLANE('',#3783);
#3783 = AXIS2_PLACEMENT_3D('',#3784,#3785,#3786);
#3784 = CARTESIAN_POINT('',(330.85,156.818176,75.495));
#3785 = DIRECTION('',(-1.,1.E-15,0.));
#3786 = DIRECTION('',(-1.E-15,-1.,0.));
#3787 = ADVANCED_FACE('',(#3788),#3806,.T.);
#3788 = FACE_BOUND('',#3789,.T.);
#3789 = EDGE_LOOP('',(#3790,#3791,#3792,#3800));
#3790 = ORIENTED_EDGE('',*,*,#3745,.T.);
#3791 = ORIENTED_EDGE('',*,*,#683,.T.);
#3792 = ORIENTED_EDGE('',*,*,#3793,.T.);
#3793 = EDGE_CURVE('',#684,#3794,#3796,.T.);
#3794 = VERTEX_POINT('',#3795);
#3795 = CARTESIAN_POINT('',(316.85,142.818176,50.));
#3796 = LINE('',#3797,#3798);
#3797 = CARTESIAN_POINT('',(316.85,142.818176,76.495));
#3798 = VECTOR('',#3799,1.);
#3799 = DIRECTION('',(0.,0.,-1.));
#3800 = ORIENTED_EDGE('',*,*,#3801,.F.);
#3801 = EDGE_CURVE('',#3746,#3794,#3802,.T.);
#3802 = LINE('',#3803,#3804);
#3803 = CARTESIAN_POINT('',(316.85,150.218176,50.));
#3804 = VECTOR('',#3805,1.);
#3805 = DIRECTION('',(-1.E-15,-1.,0.));
#3806 = PLANE('',#3807);
#3807 = AXIS2_PLACEMENT_3D('',#3808,#3809,#3810);
#3808 = CARTESIAN_POINT('',(316.85,142.818176,75.495));
#3809 = DIRECTION('',(1.,-1.E-15,0.));
#3810 = DIRECTION('',(1.E-15,1.,0.));
#3811 = ADVANCED_FACE('',(#3812),#3823,.T.);
#3812 = FACE_BOUND('',#3813,.T.);
#3813 = EDGE_LOOP('',(#3814,#3815,#3816,#3817));
#3814 = ORIENTED_EDGE('',*,*,#3793,.F.);
#3815 = ORIENTED_EDGE('',*,*,#691,.T.);
#3816 = ORIENTED_EDGE('',*,*,#3767,.F.);
#3817 = ORIENTED_EDGE('',*,*,#3818,.F.);
#3818 = EDGE_CURVE('',#3794,#3768,#3819,.T.);
#3819 = LINE('',#3820,#3821);
#3820 = CARTESIAN_POINT('',(331.25,142.818176,50.));
#3821 = VECTOR('',#3822,1.);
#3822 = DIRECTION('',(1.,-1.E-15,0.));
#3823 = PLANE('',#3824);
#3824 = AXIS2_PLACEMENT_3D('',#3825,#3826,#3827);
#3825 = CARTESIAN_POINT('',(330.85,142.818176,75.495));
#3826 = DIRECTION('',(1.E-15,1.,0.));
#3827 = DIRECTION('',(-1.,1.E-15,0.));
#3828 = ADVANCED_FACE('',(#3829),#3848,.F.);
#3829 = FACE_BOUND('',#3830,.F.);
#3830 = EDGE_LOOP('',(#3831,#3839,#3846,#3847));
#3831 = ORIENTED_EDGE('',*,*,#3832,.T.);
#3832 = EDGE_CURVE('',#708,#3833,#3835,.T.);
#3833 = VERTEX_POINT('',#3834);
#3834 = CARTESIAN_POINT('',(340.00000505149,147.00000219047,49.51));
#3835 = LINE('',#3836,#3837);
#3836 = CARTESIAN_POINT('',(340.00000505149,147.00000219047,51.5));
#3837 = VECTOR('',#3838,1.);
#3838 = DIRECTION('',(0.,0.,-1.));
#3839 = ORIENTED_EDGE('',*,*,#3840,.T.);
#3840 = EDGE_CURVE('',#3833,#3833,#3841,.T.);
#3841 = CIRCLE('',#3842,1.);
#3842 = AXIS2_PLACEMENT_3D('',#3843,#3844,#3845);
#3843 = CARTESIAN_POINT('',(339.00000505149,147.00000219047,49.51));
#3844 = DIRECTION('',(0.,0.,1.));
#3845 = DIRECTION('',(-1.,6.E-17,0.));
#3846 = ORIENTED_EDGE('',*,*,#3832,.F.);
#3847 = ORIENTED_EDGE('',*,*,#707,.T.);
#3848 = CYLINDRICAL_SURFACE('',#3849,1.);
#3849 = AXIS2_PLACEMENT_3D('',#3850,#3851,#3852);
#3850 = CARTESIAN_POINT('',(339.00000505149,147.00000219047,51.5));
#3851 = DIRECTION('',(0.,0.,-1.));
#3852 = DIRECTION('',(-1.,6.E-17,0.));
#3853 = ADVANCED_FACE('',(#3854),#3879,.T.);
#3854 = FACE_BOUND('',#3855,.T.);
#3855 = EDGE_LOOP('',(#3856,#3864,#3865,#3873));
#3856 = ORIENTED_EDGE('',*,*,#3857,.T.);
#3857 = EDGE_CURVE('',#3858,#719,#3860,.T.);
#3858 = VERTEX_POINT('',#3859);
#3859 = CARTESIAN_POINT('',(292.75,142.530676,50.));
#3860 = LINE('',#3861,#3862);
#3861 = CARTESIAN_POINT('',(292.75,142.530676,75.495));
#3862 = VECTOR('',#3863,1.);
#3863 = DIRECTION('',(0.,0.,1.));
#3864 = ORIENTED_EDGE('',*,*,#718,.T.);
#3865 = ORIENTED_EDGE('',*,*,#3866,.F.);
#3866 = EDGE_CURVE('',#3867,#721,#3869,.T.);
#3867 = VERTEX_POINT('',#3868);
#3868 = CARTESIAN_POINT('',(278.75,142.530676,50.));
#3869 = LINE('',#3870,#3871);
#3870 = CARTESIAN_POINT('',(278.75,142.530676,75.495));
#3871 = VECTOR('',#3872,1.);
#3872 = DIRECTION('',(0.,0.,1.));
#3873 = ORIENTED_EDGE('',*,*,#3874,.F.);
#3874 = EDGE_CURVE('',#3858,#3867,#3875,.T.);
#3875 = LINE('',#3876,#3877);
#3876 = CARTESIAN_POINT('',(286.15,142.530676,50.));
#3877 = VECTOR('',#3878,1.);
#3878 = DIRECTION('',(-1.,1.E-15,0.));
#3879 = PLANE('',#3880);
#3880 = AXIS2_PLACEMENT_3D('',#3881,#3882,#3883);
#3881 = CARTESIAN_POINT('',(278.75,142.530676,75.495));
#3882 = DIRECTION('',(-1.E-15,-1.,0.));
#3883 = DIRECTION('',(1.,-1.E-15,0.));
#3884 = ADVANCED_FACE('',(#3885),#3903,.T.);
#3885 = FACE_BOUND('',#3886,.T.);
#3886 = EDGE_LOOP('',(#3887,#3895,#3896,#3897));
#3887 = ORIENTED_EDGE('',*,*,#3888,.T.);
#3888 = EDGE_CURVE('',#3889,#737,#3891,.T.);
#3889 = VERTEX_POINT('',#3890);
#3890 = CARTESIAN_POINT('',(292.75,128.530676,50.));
#3891 = LINE('',#3892,#3893);
#3892 = CARTESIAN_POINT('',(292.75,128.530676,75.495));
#3893 = VECTOR('',#3894,1.);
#3894 = DIRECTION('',(0.,0.,1.));
#3895 = ORIENTED_EDGE('',*,*,#744,.T.);
#3896 = ORIENTED_EDGE('',*,*,#3857,.F.);
#3897 = ORIENTED_EDGE('',*,*,#3898,.F.);
#3898 = EDGE_CURVE('',#3889,#3858,#3899,.T.);
#3899 = LINE('',#3900,#3901);
#3900 = CARTESIAN_POINT('',(292.75,142.930676,50.));
#3901 = VECTOR('',#3902,1.);
#3902 = DIRECTION('',(1.E-15,1.,0.));
#3903 = PLANE('',#3904);
#3904 = AXIS2_PLACEMENT_3D('',#3905,#3906,#3907);
#3905 = CARTESIAN_POINT('',(292.75,142.530676,75.495));
#3906 = DIRECTION('',(-1.,1.E-15,0.));
#3907 = DIRECTION('',(-1.E-15,-1.,0.));
#3908 = ADVANCED_FACE('',(#3909),#3927,.T.);
#3909 = FACE_BOUND('',#3910,.T.);
#3910 = EDGE_LOOP('',(#3911,#3912,#3913,#3921));
#3911 = ORIENTED_EDGE('',*,*,#3866,.T.);
#3912 = ORIENTED_EDGE('',*,*,#728,.T.);
#3913 = ORIENTED_EDGE('',*,*,#3914,.T.);
#3914 = EDGE_CURVE('',#729,#3915,#3917,.T.);
#3915 = VERTEX_POINT('',#3916);
#3916 = CARTESIAN_POINT('',(278.75,128.530676,50.));
#3917 = LINE('',#3918,#3919);
#3918 = CARTESIAN_POINT('',(278.75,128.530676,76.495));
#3919 = VECTOR('',#3920,1.);
#3920 = DIRECTION('',(0.,0.,-1.));
#3921 = ORIENTED_EDGE('',*,*,#3922,.F.);
#3922 = EDGE_CURVE('',#3867,#3915,#3923,.T.);
#3923 = LINE('',#3924,#3925);
#3924 = CARTESIAN_POINT('',(278.75,135.930676,50.));
#3925 = VECTOR('',#3926,1.);
#3926 = DIRECTION('',(-1.E-15,-1.,0.));
#3927 = PLANE('',#3928);
#3928 = AXIS2_PLACEMENT_3D('',#3929,#3930,#3931);
#3929 = CARTESIAN_POINT('',(278.75,128.530676,75.495));
#3930 = DIRECTION('',(1.,-1.E-15,0.));
#3931 = DIRECTION('',(1.E-15,1.,0.));
#3932 = ADVANCED_FACE('',(#3933),#3944,.T.);
#3933 = FACE_BOUND('',#3934,.T.);
#3934 = EDGE_LOOP('',(#3935,#3936,#3937,#3938));
#3935 = ORIENTED_EDGE('',*,*,#3914,.F.);
#3936 = ORIENTED_EDGE('',*,*,#736,.T.);
#3937 = ORIENTED_EDGE('',*,*,#3888,.F.);
#3938 = ORIENTED_EDGE('',*,*,#3939,.F.);
#3939 = EDGE_CURVE('',#3915,#3889,#3940,.T.);
#3940 = LINE('',#3941,#3942);
#3941 = CARTESIAN_POINT('',(293.15,128.530676,50.));
#3942 = VECTOR('',#3943,1.);
#3943 = DIRECTION('',(1.,-1.E-15,0.));
#3944 = PLANE('',#3945);
#3945 = AXIS2_PLACEMENT_3D('',#3946,#3947,#3948);
#3946 = CARTESIAN_POINT('',(292.75,128.530676,75.495));
#3947 = DIRECTION('',(1.E-15,1.,0.));
#3948 = DIRECTION('',(-1.,1.E-15,0.));
#3949 = ADVANCED_FACE('',(#3950),#3975,.T.);
#3950 = FACE_BOUND('',#3951,.T.);
#3951 = EDGE_LOOP('',(#3952,#3960,#3961,#3969));
#3952 = ORIENTED_EDGE('',*,*,#3953,.T.);
#3953 = EDGE_CURVE('',#3954,#753,#3956,.T.);
#3954 = VERTEX_POINT('',#3955);
#3955 = CARTESIAN_POINT('',(311.8,137.768176,50.));
#3956 = LINE('',#3957,#3958);
#3957 = CARTESIAN_POINT('',(311.8,137.768176,75.495));
#3958 = VECTOR('',#3959,1.);
#3959 = DIRECTION('',(0.,0.,1.));
#3960 = ORIENTED_EDGE('',*,*,#752,.T.);
#3961 = ORIENTED_EDGE('',*,*,#3962,.F.);
#3962 = EDGE_CURVE('',#3963,#755,#3965,.T.);
#3963 = VERTEX_POINT('',#3964);
#3964 = CARTESIAN_POINT('',(297.8,137.768176,50.));
#3965 = LINE('',#3966,#3967);
#3966 = CARTESIAN_POINT('',(297.8,137.768176,75.495));
#3967 = VECTOR('',#3968,1.);
#3968 = DIRECTION('',(0.,0.,1.));
#3969 = ORIENTED_EDGE('',*,*,#3970,.F.);
#3970 = EDGE_CURVE('',#3954,#3963,#3971,.T.);
#3971 = LINE('',#3972,#3973);
#3972 = CARTESIAN_POINT('',(305.2,137.768176,50.));
#3973 = VECTOR('',#3974,1.);
#3974 = DIRECTION('',(-1.,1.E-15,0.));
#3975 = PLANE('',#3976);
#3976 = AXIS2_PLACEMENT_3D('',#3977,#3978,#3979);
#3977 = CARTESIAN_POINT('',(297.8,137.768176,75.495));
#3978 = DIRECTION('',(-1.E-15,-1.,0.));
#3979 = DIRECTION('',(1.,-1.E-15,0.));
#3980 = ADVANCED_FACE('',(#3981),#3999,.T.);
#3981 = FACE_BOUND('',#3982,.T.);
#3982 = EDGE_LOOP('',(#3983,#3991,#3992,#3993));
#3983 = ORIENTED_EDGE('',*,*,#3984,.T.);
#3984 = EDGE_CURVE('',#3985,#771,#3987,.T.);
#3985 = VERTEX_POINT('',#3986);
#3986 = CARTESIAN_POINT('',(311.8,123.768176,50.));
#3987 = LINE('',#3988,#3989);
#3988 = CARTESIAN_POINT('',(311.8,123.768176,75.495));
#3989 = VECTOR('',#3990,1.);
#3990 = DIRECTION('',(0.,0.,1.));
#3991 = ORIENTED_EDGE('',*,*,#778,.T.);
#3992 = ORIENTED_EDGE('',*,*,#3953,.F.);
#3993 = ORIENTED_EDGE('',*,*,#3994,.F.);
#3994 = EDGE_CURVE('',#3985,#3954,#3995,.T.);
#3995 = LINE('',#3996,#3997);
#3996 = CARTESIAN_POINT('',(311.8,138.168176,50.));
#3997 = VECTOR('',#3998,1.);
#3998 = DIRECTION('',(1.E-15,1.,0.));
#3999 = PLANE('',#4000);
#4000 = AXIS2_PLACEMENT_3D('',#4001,#4002,#4003);
#4001 = CARTESIAN_POINT('',(311.8,137.768176,75.495));
#4002 = DIRECTION('',(-1.,1.E-15,0.));
#4003 = DIRECTION('',(-1.E-15,-1.,0.));
#4004 = ADVANCED_FACE('',(#4005),#4023,.T.);
#4005 = FACE_BOUND('',#4006,.T.);
#4006 = EDGE_LOOP('',(#4007,#4008,#4009,#4017));
#4007 = ORIENTED_EDGE('',*,*,#3962,.T.);
#4008 = ORIENTED_EDGE('',*,*,#762,.T.);
#4009 = ORIENTED_EDGE('',*,*,#4010,.T.);
#4010 = EDGE_CURVE('',#763,#4011,#4013,.T.);
#4011 = VERTEX_POINT('',#4012);
#4012 = CARTESIAN_POINT('',(297.8,123.768176,50.));
#4013 = LINE('',#4014,#4015);
#4014 = CARTESIAN_POINT('',(297.8,123.768176,76.495));
#4015 = VECTOR('',#4016,1.);
#4016 = DIRECTION('',(0.,0.,-1.));
#4017 = ORIENTED_EDGE('',*,*,#4018,.F.);
#4018 = EDGE_CURVE('',#3963,#4011,#4019,.T.);
#4019 = LINE('',#4020,#4021);
#4020 = CARTESIAN_POINT('',(297.8,131.168176,50.));
#4021 = VECTOR('',#4022,1.);
#4022 = DIRECTION('',(-1.E-15,-1.,0.));
#4023 = PLANE('',#4024);
#4024 = AXIS2_PLACEMENT_3D('',#4025,#4026,#4027);
#4025 = CARTESIAN_POINT('',(297.8,123.768176,75.495));
#4026 = DIRECTION('',(1.,-1.E-15,0.));
#4027 = DIRECTION('',(1.E-15,1.,0.));
#4028 = ADVANCED_FACE('',(#4029),#4040,.T.);
#4029 = FACE_BOUND('',#4030,.T.);
#4030 = EDGE_LOOP('',(#4031,#4032,#4033,#4034));
#4031 = ORIENTED_EDGE('',*,*,#4010,.F.);
#4032 = ORIENTED_EDGE('',*,*,#770,.T.);
#4033 = ORIENTED_EDGE('',*,*,#3984,.F.);
#4034 = ORIENTED_EDGE('',*,*,#4035,.F.);
#4035 = EDGE_CURVE('',#4011,#3985,#4036,.T.);
#4036 = LINE('',#4037,#4038);
#4037 = CARTESIAN_POINT('',(312.2,123.768176,50.));
#4038 = VECTOR('',#4039,1.);
#4039 = DIRECTION('',(1.,-1.E-15,0.));
#4040 = PLANE('',#4041);
#4041 = AXIS2_PLACEMENT_3D('',#4042,#4043,#4044);
#4042 = CARTESIAN_POINT('',(311.8,123.768176,75.495));
#4043 = DIRECTION('',(1.E-15,1.,0.));
#4044 = DIRECTION('',(-1.,1.E-15,0.));
#4045 = ADVANCED_FACE('',(#4046),#4071,.T.);
#4046 = FACE_BOUND('',#4047,.T.);
#4047 = EDGE_LOOP('',(#4048,#4056,#4057,#4065));
#4048 = ORIENTED_EDGE('',*,*,#4049,.T.);
#4049 = EDGE_CURVE('',#4050,#787,#4052,.T.);
#4050 = VERTEX_POINT('',#4051);
#4051 = CARTESIAN_POINT('',(292.75,123.480676,50.));
#4052 = LINE('',#4053,#4054);
#4053 = CARTESIAN_POINT('',(292.75,123.480676,75.495));
#4054 = VECTOR('',#4055,1.);
#4055 = DIRECTION('',(0.,0.,1.));
#4056 = ORIENTED_EDGE('',*,*,#786,.T.);
#4057 = ORIENTED_EDGE('',*,*,#4058,.F.);
#4058 = EDGE_CURVE('',#4059,#789,#4061,.T.);
#4059 = VERTEX_POINT('',#4060);
#4060 = CARTESIAN_POINT('',(278.75,123.480676,50.));
#4061 = LINE('',#4062,#4063);
#4062 = CARTESIAN_POINT('',(278.75,123.480676,75.495));
#4063 = VECTOR('',#4064,1.);
#4064 = DIRECTION('',(0.,0.,1.));
#4065 = ORIENTED_EDGE('',*,*,#4066,.F.);
#4066 = EDGE_CURVE('',#4050,#4059,#4067,.T.);
#4067 = LINE('',#4068,#4069);
#4068 = CARTESIAN_POINT('',(286.15,123.480676,50.));
#4069 = VECTOR('',#4070,1.);
#4070 = DIRECTION('',(-1.,1.E-15,0.));
#4071 = PLANE('',#4072);
#4072 = AXIS2_PLACEMENT_3D('',#4073,#4074,#4075);
#4073 = CARTESIAN_POINT('',(278.75,123.480676,75.495));
#4074 = DIRECTION('',(-1.E-15,-1.,0.));
#4075 = DIRECTION('',(1.,-1.E-15,0.));
#4076 = ADVANCED_FACE('',(#4077),#4095,.T.);
#4077 = FACE_BOUND('',#4078,.T.);
#4078 = EDGE_LOOP('',(#4079,#4087,#4088,#4089));
#4079 = ORIENTED_EDGE('',*,*,#4080,.T.);
#4080 = EDGE_CURVE('',#4081,#805,#4083,.T.);
#4081 = VERTEX_POINT('',#4082);
#4082 = CARTESIAN_POINT('',(292.75,109.480676,50.));
#4083 = LINE('',#4084,#4085);
#4084 = CARTESIAN_POINT('',(292.75,109.480676,75.495));
#4085 = VECTOR('',#4086,1.);
#4086 = DIRECTION('',(0.,0.,1.));
#4087 = ORIENTED_EDGE('',*,*,#812,.T.);
#4088 = ORIENTED_EDGE('',*,*,#4049,.F.);
#4089 = ORIENTED_EDGE('',*,*,#4090,.F.);
#4090 = EDGE_CURVE('',#4081,#4050,#4091,.T.);
#4091 = LINE('',#4092,#4093);
#4092 = CARTESIAN_POINT('',(292.75,123.880676,50.));
#4093 = VECTOR('',#4094,1.);
#4094 = DIRECTION('',(1.E-15,1.,0.));
#4095 = PLANE('',#4096);
#4096 = AXIS2_PLACEMENT_3D('',#4097,#4098,#4099);
#4097 = CARTESIAN_POINT('',(292.75,123.480676,75.495));
#4098 = DIRECTION('',(-1.,1.E-15,0.));
#4099 = DIRECTION('',(-1.E-15,-1.,0.));
#4100 = ADVANCED_FACE('',(#4101),#4119,.T.);
#4101 = FACE_BOUND('',#4102,.T.);
#4102 = EDGE_LOOP('',(#4103,#4104,#4105,#4113));
#4103 = ORIENTED_EDGE('',*,*,#4058,.T.);
#4104 = ORIENTED_EDGE('',*,*,#796,.T.);
#4105 = ORIENTED_EDGE('',*,*,#4106,.T.);
#4106 = EDGE_CURVE('',#797,#4107,#4109,.T.);
#4107 = VERTEX_POINT('',#4108);
#4108 = CARTESIAN_POINT('',(278.75,109.480676,50.));
#4109 = LINE('',#4110,#4111);
#4110 = CARTESIAN_POINT('',(278.75,109.480676,76.495));
#4111 = VECTOR('',#4112,1.);
#4112 = DIRECTION('',(0.,0.,-1.));
#4113 = ORIENTED_EDGE('',*,*,#4114,.F.);
#4114 = EDGE_CURVE('',#4059,#4107,#4115,.T.);
#4115 = LINE('',#4116,#4117);
#4116 = CARTESIAN_POINT('',(278.75,116.880676,50.));
#4117 = VECTOR('',#4118,1.);
#4118 = DIRECTION('',(-1.E-15,-1.,0.));
#4119 = PLANE('',#4120);
#4120 = AXIS2_PLACEMENT_3D('',#4121,#4122,#4123);
#4121 = CARTESIAN_POINT('',(278.75,109.480676,75.495));
#4122 = DIRECTION('',(1.,-1.E-15,0.));
#4123 = DIRECTION('',(1.E-15,1.,0.));
#4124 = ADVANCED_FACE('',(#4125),#4136,.T.);
#4125 = FACE_BOUND('',#4126,.T.);
#4126 = EDGE_LOOP('',(#4127,#4128,#4129,#4130));
#4127 = ORIENTED_EDGE('',*,*,#4106,.F.);
#4128 = ORIENTED_EDGE('',*,*,#804,.T.);
#4129 = ORIENTED_EDGE('',*,*,#4080,.F.);
#4130 = ORIENTED_EDGE('',*,*,#4131,.F.);
#4131 = EDGE_CURVE('',#4107,#4081,#4132,.T.);
#4132 = LINE('',#4133,#4134);
#4133 = CARTESIAN_POINT('',(293.15,109.480676,50.));
#4134 = VECTOR('',#4135,1.);
#4135 = DIRECTION('',(1.,-1.E-15,0.));
#4136 = PLANE('',#4137);
#4137 = AXIS2_PLACEMENT_3D('',#4138,#4139,#4140);
#4138 = CARTESIAN_POINT('',(292.75,109.480676,75.495));
#4139 = DIRECTION('',(1.E-15,1.,0.));
#4140 = DIRECTION('',(-1.,1.E-15,0.));
#4141 = ADVANCED_FACE('',(#4142),#4161,.F.);
#4142 = FACE_BOUND('',#4143,.F.);
#4143 = EDGE_LOOP('',(#4144,#4145,#4153,#4160));
#4144 = ORIENTED_EDGE('',*,*,#820,.F.);
#4145 = ORIENTED_EDGE('',*,*,#4146,.F.);
#4146 = EDGE_CURVE('',#4147,#821,#4149,.T.);
#4147 = VERTEX_POINT('',#4148);
#4148 = CARTESIAN_POINT('',(315.95,121.,49.51));
#4149 = LINE('',#4150,#4151);
#4150 = CARTESIAN_POINT('',(315.95,121.,48.5));
#4151 = VECTOR('',#4152,1.);
#4152 = DIRECTION('',(0.,0.,1.));
#4153 = ORIENTED_EDGE('',*,*,#4154,.T.);
#4154 = EDGE_CURVE('',#4147,#4147,#4155,.T.);
#4155 = CIRCLE('',#4156,1.1);
#4156 = AXIS2_PLACEMENT_3D('',#4157,#4158,#4159);
#4157 = CARTESIAN_POINT('',(314.85,121.,49.51));
#4158 = DIRECTION('',(0.,0.,1.));
#4159 = DIRECTION('',(1.,0.,0.));
#4160 = ORIENTED_EDGE('',*,*,#4146,.T.);
#4161 = CYLINDRICAL_SURFACE('',#4162,1.1);
#4162 = AXIS2_PLACEMENT_3D('',#4163,#4164,#4165);
#4163 = CARTESIAN_POINT('',(314.85,121.,48.5));
#4164 = DIRECTION('',(0.,0.,1.));
#4165 = DIRECTION('',(1.,0.,0.));
#4166 = ADVANCED_FACE('',(#4167),#4192,.T.);
#4167 = FACE_BOUND('',#4168,.T.);
#4168 = EDGE_LOOP('',(#4169,#4177,#4178,#4186));
#4169 = ORIENTED_EDGE('',*,*,#4170,.T.);
#4170 = EDGE_CURVE('',#4171,#832,#4173,.T.);
#4171 = VERTEX_POINT('',#4172);
#4172 = CARTESIAN_POINT('',(330.85,137.768176,50.));
#4173 = LINE('',#4174,#4175);
#4174 = CARTESIAN_POINT('',(330.85,137.768176,75.495));
#4175 = VECTOR('',#4176,1.);
#4176 = DIRECTION('',(0.,0.,1.));
#4177 = ORIENTED_EDGE('',*,*,#831,.T.);
#4178 = ORIENTED_EDGE('',*,*,#4179,.F.);
#4179 = EDGE_CURVE('',#4180,#834,#4182,.T.);
#4180 = VERTEX_POINT('',#4181);
#4181 = CARTESIAN_POINT('',(316.85,137.768176,50.));
#4182 = LINE('',#4183,#4184);
#4183 = CARTESIAN_POINT('',(316.85,137.768176,75.495));
#4184 = VECTOR('',#4185,1.);
#4185 = DIRECTION('',(0.,0.,1.));
#4186 = ORIENTED_EDGE('',*,*,#4187,.F.);
#4187 = EDGE_CURVE('',#4171,#4180,#4188,.T.);
#4188 = LINE('',#4189,#4190);
#4189 = CARTESIAN_POINT('',(324.25,137.768176,50.));
#4190 = VECTOR('',#4191,1.);
#4191 = DIRECTION('',(-1.,1.E-15,0.));
#4192 = PLANE('',#4193);
#4193 = AXIS2_PLACEMENT_3D('',#4194,#4195,#4196);
#4194 = CARTESIAN_POINT('',(316.85,137.768176,75.495));
#4195 = DIRECTION('',(-1.E-15,-1.,0.));
#4196 = DIRECTION('',(1.,-1.E-15,0.));
#4197 = ADVANCED_FACE('',(#4198),#4216,.T.);
#4198 = FACE_BOUND('',#4199,.T.);
#4199 = EDGE_LOOP('',(#4200,#4208,#4209,#4210));
#4200 = ORIENTED_EDGE('',*,*,#4201,.T.);
#4201 = EDGE_CURVE('',#4202,#850,#4204,.T.);
#4202 = VERTEX_POINT('',#4203);
#4203 = CARTESIAN_POINT('',(330.85,123.768176,50.));
#4204 = LINE('',#4205,#4206);
#4205 = CARTESIAN_POINT('',(330.85,123.768176,75.495));
#4206 = VECTOR('',#4207,1.);
#4207 = DIRECTION('',(0.,0.,1.));
#4208 = ORIENTED_EDGE('',*,*,#857,.T.);
#4209 = ORIENTED_EDGE('',*,*,#4170,.F.);
#4210 = ORIENTED_EDGE('',*,*,#4211,.F.);
#4211 = EDGE_CURVE('',#4202,#4171,#4212,.T.);
#4212 = LINE('',#4213,#4214);
#4213 = CARTESIAN_POINT('',(330.85,138.168176,50.));
#4214 = VECTOR('',#4215,1.);
#4215 = DIRECTION('',(1.E-15,1.,0.));
#4216 = PLANE('',#4217);
#4217 = AXIS2_PLACEMENT_3D('',#4218,#4219,#4220);
#4218 = CARTESIAN_POINT('',(330.85,137.768176,75.495));
#4219 = DIRECTION('',(-1.,1.E-15,0.));
#4220 = DIRECTION('',(-1.E-15,-1.,0.));
#4221 = ADVANCED_FACE('',(#4222),#4240,.T.);
#4222 = FACE_BOUND('',#4223,.T.);
#4223 = EDGE_LOOP('',(#4224,#4225,#4226,#4234));
#4224 = ORIENTED_EDGE('',*,*,#4179,.T.);
#4225 = ORIENTED_EDGE('',*,*,#841,.T.);
#4226 = ORIENTED_EDGE('',*,*,#4227,.T.);
#4227 = EDGE_CURVE('',#842,#4228,#4230,.T.);
#4228 = VERTEX_POINT('',#4229);
#4229 = CARTESIAN_POINT('',(316.85,123.768176,50.));
#4230 = LINE('',#4231,#4232);
#4231 = CARTESIAN_POINT('',(316.85,123.768176,76.495));
#4232 = VECTOR('',#4233,1.);
#4233 = DIRECTION('',(0.,0.,-1.));
#4234 = ORIENTED_EDGE('',*,*,#4235,.F.);
#4235 = EDGE_CURVE('',#4180,#4228,#4236,.T.);
#4236 = LINE('',#4237,#4238);
#4237 = CARTESIAN_POINT('',(316.85,131.168176,50.));
#4238 = VECTOR('',#4239,1.);
#4239 = DIRECTION('',(-1.E-15,-1.,0.));
#4240 = PLANE('',#4241);
#4241 = AXIS2_PLACEMENT_3D('',#4242,#4243,#4244);
#4242 = CARTESIAN_POINT('',(316.85,123.768176,75.495));
#4243 = DIRECTION('',(1.,-1.E-15,0.));
#4244 = DIRECTION('',(1.E-15,1.,0.));
#4245 = ADVANCED_FACE('',(#4246),#4257,.T.);
#4246 = FACE_BOUND('',#4247,.T.);
#4247 = EDGE_LOOP('',(#4248,#4249,#4250,#4251));
#4248 = ORIENTED_EDGE('',*,*,#4227,.F.);
#4249 = ORIENTED_EDGE('',*,*,#849,.T.);
#4250 = ORIENTED_EDGE('',*,*,#4201,.F.);
#4251 = ORIENTED_EDGE('',*,*,#4252,.F.);
#4252 = EDGE_CURVE('',#4228,#4202,#4253,.T.);
#4253 = LINE('',#4254,#4255);
#4254 = CARTESIAN_POINT('',(331.25,123.768176,50.));
#4255 = VECTOR('',#4256,1.);
#4256 = DIRECTION('',(1.,-1.E-15,0.));
#4257 = PLANE('',#4258);
#4258 = AXIS2_PLACEMENT_3D('',#4259,#4260,#4261);
#4259 = CARTESIAN_POINT('',(330.85,123.768176,75.495));
#4260 = DIRECTION('',(1.E-15,1.,0.));
#4261 = DIRECTION('',(-1.,1.E-15,0.));
#4262 = ADVANCED_FACE('',(#4263),#4282,.F.);
#4263 = FACE_BOUND('',#4264,.F.);
#4264 = EDGE_LOOP('',(#4265,#4266,#4274,#4281));
#4265 = ORIENTED_EDGE('',*,*,#865,.F.);
#4266 = ORIENTED_EDGE('',*,*,#4267,.F.);
#4267 = EDGE_CURVE('',#4268,#866,#4270,.T.);
#4268 = VERTEX_POINT('',#4269);
#4269 = CARTESIAN_POINT('',(358.2875,138.0057,49.51));
#4270 = LINE('',#4271,#4272);
#4271 = CARTESIAN_POINT('',(358.2875,138.0057,48.5));
#4272 = VECTOR('',#4273,1.);
#4273 = DIRECTION('',(0.,0.,1.));
#4274 = ORIENTED_EDGE('',*,*,#4275,.T.);
#4275 = EDGE_CURVE('',#4268,#4268,#4276,.T.);
#4276 = CIRCLE('',#4277,1.1);
#4277 = AXIS2_PLACEMENT_3D('',#4278,#4279,#4280);
#4278 = CARTESIAN_POINT('',(357.1875,138.0057,49.51));
#4279 = DIRECTION('',(0.,0.,1.));
#4280 = DIRECTION('',(1.,0.,0.));
#4281 = ORIENTED_EDGE('',*,*,#4267,.T.);
#4282 = CYLINDRICAL_SURFACE('',#4283,1.1);
#4283 = AXIS2_PLACEMENT_3D('',#4284,#4285,#4286);
#4284 = CARTESIAN_POINT('',(357.1875,138.0057,48.5));
#4285 = DIRECTION('',(0.,0.,1.));
#4286 = DIRECTION('',(1.,0.,0.));
#4287 = ADVANCED_FACE('',(#4288),#4321,.T.);
#4288 = FACE_BOUND('',#4289,.T.);
#4289 = EDGE_LOOP('',(#4290,#4300,#4308,#4314,#4315));
#4290 = ORIENTED_EDGE('',*,*,#4291,.F.);
#4291 = EDGE_CURVE('',#4292,#4294,#4296,.T.);
#4292 = VERTEX_POINT('',#4293);
#4293 = CARTESIAN_POINT('',(334.85,145.,49.5));
#4294 = VERTEX_POINT('',#4295);
#4295 = CARTESIAN_POINT('',(349.97,145.,49.5));
#4296 = LINE('',#4297,#4298);
#4297 = CARTESIAN_POINT('',(334.85,145.,49.5));
#4298 = VECTOR('',#4299,1.);
#4299 = DIRECTION('',(1.,0.,0.));
#4300 = ORIENTED_EDGE('',*,*,#4301,.T.);
#4301 = EDGE_CURVE('',#4292,#4302,#4304,.T.);
#4302 = VERTEX_POINT('',#4303);
#4303 = CARTESIAN_POINT('',(334.85,145.,49.51));
#4304 = LINE('',#4305,#4306);
#4305 = CARTESIAN_POINT('',(334.85,145.,49.5));
#4306 = VECTOR('',#4307,1.);
#4307 = DIRECTION('',(0.,0.,1.));
#4308 = ORIENTED_EDGE('',*,*,#4309,.F.);
#4309 = EDGE_CURVE('',#877,#4302,#4310,.T.);
#4310 = LINE('',#4311,#4312);
#4311 = CARTESIAN_POINT('',(334.85,145.,51.5));
#4312 = VECTOR('',#4313,1.);
#4313 = DIRECTION('',(0.,0.,-1.));
#4314 = ORIENTED_EDGE('',*,*,#876,.T.);
#4315 = ORIENTED_EDGE('',*,*,#4316,.F.);
#4316 = EDGE_CURVE('',#4294,#879,#4317,.T.);
#4317 = LINE('',#4318,#4319);
#4318 = CARTESIAN_POINT('',(349.97,145.,49.5));
#4319 = VECTOR('',#4320,1.);
#4320 = DIRECTION('',(0.,0.,1.));
#4321 = PLANE('',#4322);
#4322 = AXIS2_PLACEMENT_3D('',#4323,#4324,#4325);
#4323 = CARTESIAN_POINT('',(334.85,145.,49.5));
#4324 = DIRECTION('',(0.,1.,0.));
#4325 = DIRECTION('',(0.,0.,1.));
#4326 = ADVANCED_FACE('',(#4327),#4345,.T.);
#4327 = FACE_BOUND('',#4328,.T.);
#4328 = EDGE_LOOP('',(#4329,#4330,#4338,#4344));
#4329 = ORIENTED_EDGE('',*,*,#4309,.T.);
#4330 = ORIENTED_EDGE('',*,*,#4331,.F.);
#4331 = EDGE_CURVE('',#4332,#4302,#4334,.T.);
#4332 = VERTEX_POINT('',#4333);
#4333 = CARTESIAN_POINT('',(334.85000016391,145.00000216066,49.51));
#4334 = LINE('',#4335,#4336);
#4335 = CARTESIAN_POINT('',(334.85000016391,104.48837874364,49.51));
#4336 = VECTOR('',#4337,1.);
#4337 = DIRECTION('',(0.,-1.,0.));
#4338 = ORIENTED_EDGE('',*,*,#4339,.T.);
#4339 = EDGE_CURVE('',#4332,#911,#4340,.T.);
#4340 = LINE('',#4341,#4342);
#4341 = CARTESIAN_POINT('',(334.85000016391,145.00000216066,44.5));
#4342 = VECTOR('',#4343,1.);
#4343 = DIRECTION('',(0.,0.,1.));
#4344 = ORIENTED_EDGE('',*,*,#918,.T.);
#4345 = PLANE('',#4346);
#4346 = AXIS2_PLACEMENT_3D('',#4347,#4348,#4349);
#4347 = CARTESIAN_POINT('',(334.85000016391,100.00000149011,44.5));
#4348 = DIRECTION('',(1.,0.,0.));
#4349 = DIRECTION('',(0.,0.,1.));
#4350 = ADVANCED_FACE('',(#4351),#4385,.T.);
#4351 = FACE_BOUND('',#4352,.T.);
#4352 = EDGE_LOOP('',(#4353,#4363,#4369,#4370,#4371,#4379));
#4353 = ORIENTED_EDGE('',*,*,#4354,.F.);
#4354 = EDGE_CURVE('',#4355,#4357,#4359,.T.);
#4355 = VERTEX_POINT('',#4356);
#4356 = CARTESIAN_POINT('',(349.97,100.,49.5));
#4357 = VERTEX_POINT('',#4358);
#4358 = CARTESIAN_POINT('',(349.97,100.,49.51));
#4359 = LINE('',#4360,#4361);
#4360 = CARTESIAN_POINT('',(349.97,100.,49.5));
#4361 = VECTOR('',#4362,1.);
#4362 = DIRECTION('',(0.,0.,1.));
#4363 = ORIENTED_EDGE('',*,*,#4364,.T.);
#4364 = EDGE_CURVE('',#4355,#4294,#4365,.T.);
#4365 = LINE('',#4366,#4367);
#4366 = CARTESIAN_POINT('',(349.97,100.,49.5));
#4367 = VECTOR('',#4368,1.);
#4368 = DIRECTION('',(0.,1.,0.));
#4369 = ORIENTED_EDGE('',*,*,#4316,.T.);
#4370 = ORIENTED_EDGE('',*,*,#886,.F.);
#4371 = ORIENTED_EDGE('',*,*,#4372,.T.);
#4372 = EDGE_CURVE('',#887,#4373,#4375,.T.);
#4373 = VERTEX_POINT('',#4374);
#4374 = CARTESIAN_POINT('',(349.97,100.00000149011,49.51));
#4375 = LINE('',#4376,#4377);
#4376 = CARTESIAN_POINT('',(349.97,100.00000149011,47.));
#4377 = VECTOR('',#4378,1.);
#4378 = DIRECTION('',(0.,0.,-1.));
#4379 = ORIENTED_EDGE('',*,*,#4380,.T.);
#4380 = EDGE_CURVE('',#4373,#4357,#4381,.T.);
#4381 = LINE('',#4382,#4383);
#4382 = CARTESIAN_POINT('',(349.97,104.48837799858,49.51));
#4383 = VECTOR('',#4384,1.);
#4384 = DIRECTION('',(0.,-1.,0.));
#4385 = PLANE('',#4386);
#4386 = AXIS2_PLACEMENT_3D('',#4387,#4388,#4389);
#4387 = CARTESIAN_POINT('',(349.97,100.,49.5));
#4388 = DIRECTION('',(1.,0.,0.));
#4389 = DIRECTION('',(0.,0.,1.));
#4390 = ADVANCED_FACE('',(#4391),#4409,.F.);
#4391 = FACE_BOUND('',#4392,.F.);
#4392 = EDGE_LOOP('',(#4393,#4401,#4407,#4408));
#4393 = ORIENTED_EDGE('',*,*,#4394,.F.);
#4394 = EDGE_CURVE('',#4395,#903,#4397,.T.);
#4395 = VERTEX_POINT('',#4396);
#4396 = CARTESIAN_POINT('',(349.9727927406,145.00000216066,49.51));
#4397 = LINE('',#4398,#4399);
#4398 = CARTESIAN_POINT('',(349.9727927406,145.00000216066,44.5));
#4399 = VECTOR('',#4400,1.);
#4400 = DIRECTION('',(0.,0.,1.));
#4401 = ORIENTED_EDGE('',*,*,#4402,.F.);
#4402 = EDGE_CURVE('',#4332,#4395,#4403,.T.);
#4403 = LINE('',#4404,#4405);
#4404 = CARTESIAN_POINT('',(303.46257910498,145.00000216066,49.51));
#4405 = VECTOR('',#4406,1.);
#4406 = DIRECTION('',(1.,0.,0.));
#4407 = ORIENTED_EDGE('',*,*,#4339,.T.);
#4408 = ORIENTED_EDGE('',*,*,#910,.T.);
#4409 = PLANE('',#4410);
#4410 = AXIS2_PLACEMENT_3D('',#4411,#4412,#4413);
#4411 = CARTESIAN_POINT('',(334.85000016391,145.00000216066,44.5));
#4412 = DIRECTION('',(0.,1.,0.));
#4413 = DIRECTION('',(0.,0.,1.));
#4414 = ADVANCED_FACE('',(#4415),#4433,.T.);
#4415 = FACE_BOUND('',#4416,.T.);
#4416 = EDGE_LOOP('',(#4417,#4425,#4431,#4432));
#4417 = ORIENTED_EDGE('',*,*,#4418,.F.);
#4418 = EDGE_CURVE('',#4419,#895,#4421,.T.);
#4419 = VERTEX_POINT('',#4420);
#4420 = CARTESIAN_POINT('',(349.9727927406,100.00000149011,49.51));
#4421 = LINE('',#4422,#4423);
#4422 = CARTESIAN_POINT('',(349.9727927406,100.00000149011,44.5));
#4423 = VECTOR('',#4424,1.);
#4424 = DIRECTION('',(0.,0.,1.));
#4425 = ORIENTED_EDGE('',*,*,#4426,.F.);
#4426 = EDGE_CURVE('',#4373,#4419,#4427,.T.);
#4427 = LINE('',#4428,#4429);
#4428 = CARTESIAN_POINT('',(303.46257910498,100.00000149011,49.51));
#4429 = VECTOR('',#4430,1.);
#4430 = DIRECTION('',(1.,0.,0.));
#4431 = ORIENTED_EDGE('',*,*,#4372,.F.);
#4432 = ORIENTED_EDGE('',*,*,#894,.T.);
#4433 = PLANE('',#4434);
#4434 = AXIS2_PLACEMENT_3D('',#4435,#4436,#4437);
#4435 = CARTESIAN_POINT('',(334.85000016391,100.00000149011,44.5));
#4436 = DIRECTION('',(0.,1.,0.));
#4437 = DIRECTION('',(0.,0.,1.));
#4438 = ADVANCED_FACE('',(#4439),#4450,.F.);
#4439 = FACE_BOUND('',#4440,.F.);
#4440 = EDGE_LOOP('',(#4441,#4442,#4448,#4449));
#4441 = ORIENTED_EDGE('',*,*,#4418,.F.);
#4442 = ORIENTED_EDGE('',*,*,#4443,.F.);
#4443 = EDGE_CURVE('',#4395,#4419,#4444,.T.);
#4444 = LINE('',#4445,#4446);
#4445 = CARTESIAN_POINT('',(349.9727927406,104.48837874364,49.51));
#4446 = VECTOR('',#4447,1.);
#4447 = DIRECTION('',(0.,-1.,0.));
#4448 = ORIENTED_EDGE('',*,*,#4394,.T.);
#4449 = ORIENTED_EDGE('',*,*,#902,.T.);
#4450 = PLANE('',#4451);
#4451 = AXIS2_PLACEMENT_3D('',#4452,#4453,#4454);
#4452 = CARTESIAN_POINT('',(349.9727927406,100.00000149011,44.5));
#4453 = DIRECTION('',(1.,0.,0.));
#4454 = DIRECTION('',(0.,0.,1.));
#4455 = ADVANCED_FACE('',(#4456),#4482,.F.);
#4456 = FACE_BOUND('',#4457,.T.);
#4457 = EDGE_LOOP('',(#4458,#4466,#4475,#4481));
#4458 = ORIENTED_EDGE('',*,*,#4459,.F.);
#4459 = EDGE_CURVE('',#4460,#929,#4462,.T.);
#4460 = VERTEX_POINT('',#4461);
#4461 = CARTESIAN_POINT('',(336.5,140.68,49.5));
#4462 = LINE('',#4463,#4464);
#4463 = CARTESIAN_POINT('',(336.5,140.68,44.5));
#4464 = VECTOR('',#4465,1.);
#4465 = DIRECTION('',(0.,0.,1.));
#4466 = ORIENTED_EDGE('',*,*,#4467,.F.);
#4467 = EDGE_CURVE('',#4468,#4460,#4470,.T.);
#4468 = VERTEX_POINT('',#4469);
#4469 = CARTESIAN_POINT('',(337.5,141.68,49.5));
#4470 = CIRCLE('',#4471,1.);
#4471 = AXIS2_PLACEMENT_3D('',#4472,#4473,#4474);
#4472 = CARTESIAN_POINT('',(337.5,140.68,49.5));
#4473 = DIRECTION('',(0.,0.,1.));
#4474 = DIRECTION('',(-1.,0.,0.));
#4475 = ORIENTED_EDGE('',*,*,#4476,.T.);
#4476 = EDGE_CURVE('',#4468,#927,#4477,.T.);
#4477 = LINE('',#4478,#4479);
#4478 = CARTESIAN_POINT('',(337.5,141.68,44.5));
#4479 = VECTOR('',#4480,1.);
#4480 = DIRECTION('',(0.,0.,1.));
#4481 = ORIENTED_EDGE('',*,*,#926,.T.);
#4482 = CYLINDRICAL_SURFACE('',#4483,1.);
#4483 = AXIS2_PLACEMENT_3D('',#4484,#4485,#4486);
#4484 = CARTESIAN_POINT('',(337.5,140.68,44.5));
#4485 = DIRECTION('',(0.,0.,1.));
#4486 = DIRECTION('',(-1.,0.,0.));
#4487 = ADVANCED_FACE('',(#4488),#4506,.F.);
#4488 = FACE_BOUND('',#4489,.F.);
#4489 = EDGE_LOOP('',(#4490,#4498,#4499,#4500));
#4490 = ORIENTED_EDGE('',*,*,#4491,.T.);
#4491 = EDGE_CURVE('',#4492,#4468,#4494,.T.);
#4492 = VERTEX_POINT('',#4493);
#4493 = CARTESIAN_POINT('',(348.3,141.68,49.5));
#4494 = LINE('',#4495,#4496);
#4495 = CARTESIAN_POINT('',(335.675,141.68,49.5));
#4496 = VECTOR('',#4497,1.);
#4497 = DIRECTION('',(-1.,0.,0.));
#4498 = ORIENTED_EDGE('',*,*,#4476,.T.);
#4499 = ORIENTED_EDGE('',*,*,#988,.T.);
#4500 = ORIENTED_EDGE('',*,*,#4501,.F.);
#4501 = EDGE_CURVE('',#4492,#980,#4502,.T.);
#4502 = LINE('',#4503,#4504);
#4503 = CARTESIAN_POINT('',(348.3,141.68,44.5));
#4504 = VECTOR('',#4505,1.);
#4505 = DIRECTION('',(0.,0.,1.));
#4506 = PLANE('',#4507);
#4507 = AXIS2_PLACEMENT_3D('',#4508,#4509,#4510);
#4508 = CARTESIAN_POINT('',(336.5,141.68,44.5));
#4509 = DIRECTION('',(0.,1.,0.));
#4510 = DIRECTION('',(0.,0.,1.));
#4511 = ADVANCED_FACE('',(#4512),#4530,.T.);
#4512 = FACE_BOUND('',#4513,.T.);
#4513 = EDGE_LOOP('',(#4514,#4515,#4523,#4529));
#4514 = ORIENTED_EDGE('',*,*,#937,.T.);
#4515 = ORIENTED_EDGE('',*,*,#4516,.F.);
#4516 = EDGE_CURVE('',#4517,#938,#4519,.T.);
#4517 = VERTEX_POINT('',#4518);
#4518 = CARTESIAN_POINT('',(336.5,103.88,49.5));
#4519 = LINE('',#4520,#4521);
#4520 = CARTESIAN_POINT('',(336.5,103.88,44.5));
#4521 = VECTOR('',#4522,1.);
#4522 = DIRECTION('',(0.,0.,1.));
#4523 = ORIENTED_EDGE('',*,*,#4524,.T.);
#4524 = EDGE_CURVE('',#4517,#4460,#4525,.T.);
#4525 = LINE('',#4526,#4527);
#4526 = CARTESIAN_POINT('',(336.5,101.44,49.5));
#4527 = VECTOR('',#4528,1.);
#4528 = DIRECTION('',(0.,1.,0.));
#4529 = ORIENTED_EDGE('',*,*,#4459,.T.);
#4530 = PLANE('',#4531);
#4531 = AXIS2_PLACEMENT_3D('',#4532,#4533,#4534);
#4532 = CARTESIAN_POINT('',(336.5,102.88,44.5));
#4533 = DIRECTION('',(1.,0.,0.));
#4534 = DIRECTION('',(0.,0.,1.));
#4535 = ADVANCED_FACE('',(#4536),#4555,.F.);
#4536 = FACE_BOUND('',#4537,.F.);
#4537 = EDGE_LOOP('',(#4538,#4546,#4553,#4554));
#4538 = ORIENTED_EDGE('',*,*,#4539,.F.);
#4539 = EDGE_CURVE('',#4540,#972,#4542,.T.);
#4540 = VERTEX_POINT('',#4541);
#4541 = CARTESIAN_POINT('',(349.3,140.68,49.5));
#4542 = LINE('',#4543,#4544);
#4543 = CARTESIAN_POINT('',(349.3,140.68,44.5));
#4544 = VECTOR('',#4545,1.);
#4545 = DIRECTION('',(0.,0.,1.));
#4546 = ORIENTED_EDGE('',*,*,#4547,.T.);
#4547 = EDGE_CURVE('',#4540,#4492,#4548,.T.);
#4548 = CIRCLE('',#4549,1.);
#4549 = AXIS2_PLACEMENT_3D('',#4550,#4551,#4552);
#4550 = CARTESIAN_POINT('',(348.3,140.68,49.5));
#4551 = DIRECTION('',(0.,0.,1.));
#4552 = DIRECTION('',(1.,0.,0.));
#4553 = ORIENTED_EDGE('',*,*,#4501,.T.);
#4554 = ORIENTED_EDGE('',*,*,#979,.F.);
#4555 = CYLINDRICAL_SURFACE('',#4556,1.);
#4556 = AXIS2_PLACEMENT_3D('',#4557,#4558,#4559);
#4557 = CARTESIAN_POINT('',(348.3,140.68,44.5));
#4558 = DIRECTION('',(0.,0.,1.));
#4559 = DIRECTION('',(1.,0.,0.));
#4560 = ADVANCED_FACE('',(#4561),#4580,.F.);
#4561 = FACE_BOUND('',#4562,.F.);
#4562 = EDGE_LOOP('',(#4563,#4564,#4573,#4579));
#4563 = ORIENTED_EDGE('',*,*,#4516,.F.);
#4564 = ORIENTED_EDGE('',*,*,#4565,.T.);
#4565 = EDGE_CURVE('',#4517,#4566,#4568,.T.);
#4566 = VERTEX_POINT('',#4567);
#4567 = CARTESIAN_POINT('',(337.5,102.88,49.5));
#4568 = CIRCLE('',#4569,1.);
#4569 = AXIS2_PLACEMENT_3D('',#4570,#4571,#4572);
#4570 = CARTESIAN_POINT('',(337.5,103.88,49.5));
#4571 = DIRECTION('',(0.,0.,1.));
#4572 = DIRECTION('',(-1.,0.,0.));
#4573 = ORIENTED_EDGE('',*,*,#4574,.T.);
#4574 = EDGE_CURVE('',#4566,#946,#4575,.T.);
#4575 = LINE('',#4576,#4577);
#4576 = CARTESIAN_POINT('',(337.5,102.88,44.5));
#4577 = VECTOR('',#4578,1.);
#4578 = DIRECTION('',(0.,0.,1.));
#4579 = ORIENTED_EDGE('',*,*,#945,.F.);
#4580 = CYLINDRICAL_SURFACE('',#4581,1.);
#4581 = AXIS2_PLACEMENT_3D('',#4582,#4583,#4584);
#4582 = CARTESIAN_POINT('',(337.5,103.88,44.5));
#4583 = DIRECTION('',(0.,0.,1.));
#4584 = DIRECTION('',(-1.,0.,0.));
#4585 = ADVANCED_FACE('',(#4586),#4604,.F.);
#4586 = FACE_BOUND('',#4587,.F.);
#4587 = EDGE_LOOP('',(#4588,#4589,#4597,#4603));
#4588 = ORIENTED_EDGE('',*,*,#971,.T.);
#4589 = ORIENTED_EDGE('',*,*,#4590,.F.);
#4590 = EDGE_CURVE('',#4591,#963,#4593,.T.);
#4591 = VERTEX_POINT('',#4592);
#4592 = CARTESIAN_POINT('',(349.3,103.88,49.5));
#4593 = LINE('',#4594,#4595);
#4594 = CARTESIAN_POINT('',(349.3,103.88,44.5));
#4595 = VECTOR('',#4596,1.);
#4596 = DIRECTION('',(0.,0.,1.));
#4597 = ORIENTED_EDGE('',*,*,#4598,.T.);
#4598 = EDGE_CURVE('',#4591,#4540,#4599,.T.);
#4599 = LINE('',#4600,#4601);
#4600 = CARTESIAN_POINT('',(349.3,101.44,49.5));
#4601 = VECTOR('',#4602,1.);
#4602 = DIRECTION('',(0.,1.,0.));
#4603 = ORIENTED_EDGE('',*,*,#4539,.T.);
#4604 = PLANE('',#4605);
#4605 = AXIS2_PLACEMENT_3D('',#4606,#4607,#4608);
#4606 = CARTESIAN_POINT('',(349.3,102.88,44.5));
#4607 = DIRECTION('',(1.,0.,0.));
#4608 = DIRECTION('',(0.,0.,1.));
#4609 = ADVANCED_FACE('',(#4610),#4628,.T.);
#4610 = FACE_BOUND('',#4611,.T.);
#4611 = EDGE_LOOP('',(#4612,#4620,#4621,#4622));
#4612 = ORIENTED_EDGE('',*,*,#4613,.T.);
#4613 = EDGE_CURVE('',#4614,#4566,#4616,.T.);
#4614 = VERTEX_POINT('',#4615);
#4615 = CARTESIAN_POINT('',(348.3,102.88,49.5));
#4616 = LINE('',#4617,#4618);
#4617 = CARTESIAN_POINT('',(335.675,102.88,49.5));
#4618 = VECTOR('',#4619,1.);
#4619 = DIRECTION('',(-1.,0.,0.));
#4620 = ORIENTED_EDGE('',*,*,#4574,.T.);
#4621 = ORIENTED_EDGE('',*,*,#954,.T.);
#4622 = ORIENTED_EDGE('',*,*,#4623,.F.);
#4623 = EDGE_CURVE('',#4614,#955,#4624,.T.);
#4624 = LINE('',#4625,#4626);
#4625 = CARTESIAN_POINT('',(348.3,102.88,44.5));
#4626 = VECTOR('',#4627,1.);
#4627 = DIRECTION('',(0.,0.,1.));
#4628 = PLANE('',#4629);
#4629 = AXIS2_PLACEMENT_3D('',#4630,#4631,#4632);
#4630 = CARTESIAN_POINT('',(336.5,102.88,44.5));
#4631 = DIRECTION('',(0.,1.,0.));
#4632 = DIRECTION('',(0.,0.,1.));
#4633 = ADVANCED_FACE('',(#4634),#4646,.F.);
#4634 = FACE_BOUND('',#4635,.T.);
#4635 = EDGE_LOOP('',(#4636,#4637,#4644,#4645));
#4636 = ORIENTED_EDGE('',*,*,#4590,.F.);
#4637 = ORIENTED_EDGE('',*,*,#4638,.F.);
#4638 = EDGE_CURVE('',#4614,#4591,#4639,.T.);
#4639 = CIRCLE('',#4640,1.);
#4640 = AXIS2_PLACEMENT_3D('',#4641,#4642,#4643);
#4641 = CARTESIAN_POINT('',(348.3,103.88,49.5));
#4642 = DIRECTION('',(0.,0.,1.));
#4643 = DIRECTION('',(1.,0.,0.));
#4644 = ORIENTED_EDGE('',*,*,#4623,.T.);
#4645 = ORIENTED_EDGE('',*,*,#962,.T.);
#4646 = CYLINDRICAL_SURFACE('',#4647,1.);
#4647 = AXIS2_PLACEMENT_3D('',#4648,#4649,#4650);
#4648 = CARTESIAN_POINT('',(348.3,103.88,44.5));
#4649 = DIRECTION('',(0.,0.,1.));
#4650 = DIRECTION('',(1.,0.,0.));
#4651 = ADVANCED_FACE('',(#4652),#4677,.T.);
#4652 = FACE_BOUND('',#4653,.T.);
#4653 = EDGE_LOOP('',(#4654,#4655,#4663,#4671));
#4654 = ORIENTED_EDGE('',*,*,#996,.F.);
#4655 = ORIENTED_EDGE('',*,*,#4656,.F.);
#4656 = EDGE_CURVE('',#4657,#997,#4659,.T.);
#4657 = VERTEX_POINT('',#4658);
#4658 = CARTESIAN_POINT('',(203.01579384709,113.30042019047,49.51));
#4659 = LINE('',#4660,#4661);
#4660 = CARTESIAN_POINT('',(203.01579384709,113.30042019047,48.5));
#4661 = VECTOR('',#4662,1.);
#4662 = DIRECTION('',(0.,0.,1.));
#4663 = ORIENTED_EDGE('',*,*,#4664,.T.);
#4664 = EDGE_CURVE('',#4657,#4665,#4667,.T.);
#4665 = VERTEX_POINT('',#4666);
#4666 = CARTESIAN_POINT('',(216.01579384709,113.30042019047,49.51));
#4667 = LINE('',#4668,#4669);
#4668 = CARTESIAN_POINT('',(237.54547594658,113.30042019047,49.51));
#4669 = VECTOR('',#4670,1.);
#4670 = DIRECTION('',(1.,0.,0.));
#4671 = ORIENTED_EDGE('',*,*,#4672,.T.);
#4672 = EDGE_CURVE('',#4665,#999,#4673,.T.);
#4673 = LINE('',#4674,#4675);
#4674 = CARTESIAN_POINT('',(216.01579384709,113.30042019047,49.3));
#4675 = VECTOR('',#4676,1.);
#4676 = DIRECTION('',(0.,0.,1.));
#4677 = PLANE('',#4678);
#4678 = AXIS2_PLACEMENT_3D('',#4679,#4680,#4681);
#4679 = CARTESIAN_POINT('',(209.51579384709,113.30042019047,50.505));
#4680 = DIRECTION('',(-0.,-1.,-0.));
#4681 = DIRECTION('',(0.,0.,-1.));
#4682 = ADVANCED_FACE('',(#4683),#4701,.T.);
#4683 = FACE_BOUND('',#4684,.T.);
#4684 = EDGE_LOOP('',(#4685,#4693,#4699,#4700));
#4685 = ORIENTED_EDGE('',*,*,#4686,.F.);
#4686 = EDGE_CURVE('',#4687,#1007,#4689,.T.);
#4687 = VERTEX_POINT('',#4688);
#4688 = CARTESIAN_POINT('',(203.01579384709,100.60042019047,49.51));
#4689 = LINE('',#4690,#4691);
#4690 = CARTESIAN_POINT('',(203.01579384709,100.60042019047,49.3));
#4691 = VECTOR('',#4692,1.);
#4692 = DIRECTION('',(0.,0.,1.));
#4693 = ORIENTED_EDGE('',*,*,#4694,.F.);
#4694 = EDGE_CURVE('',#4657,#4687,#4695,.T.);
#4695 = LINE('',#4696,#4697);
#4696 = CARTESIAN_POINT('',(203.01579384709,104.78858809381,49.51));
#4697 = VECTOR('',#4698,1.);
#4698 = DIRECTION('',(0.,-1.,0.));
#4699 = ORIENTED_EDGE('',*,*,#4656,.T.);
#4700 = ORIENTED_EDGE('',*,*,#1006,.T.);
#4701 = PLANE('',#4702);
#4702 = AXIS2_PLACEMENT_3D('',#4703,#4704,#4705);
#4703 = CARTESIAN_POINT('',(203.01579384709,106.95042019047,50.505));
#4704 = DIRECTION('',(1.,0.,0.));
#4705 = DIRECTION('',(0.,0.,1.));
#4706 = ADVANCED_FACE('',(#4707),#4725,.T.);
#4707 = FACE_BOUND('',#4708,.T.);
#4708 = EDGE_LOOP('',(#4709,#4710,#4711,#4719));
#4709 = ORIENTED_EDGE('',*,*,#1022,.F.);
#4710 = ORIENTED_EDGE('',*,*,#4672,.F.);
#4711 = ORIENTED_EDGE('',*,*,#4712,.T.);
#4712 = EDGE_CURVE('',#4665,#4713,#4715,.T.);
#4713 = VERTEX_POINT('',#4714);
#4714 = CARTESIAN_POINT('',(216.01579384709,100.60042019047,49.51));
#4715 = LINE('',#4716,#4717);
#4716 = CARTESIAN_POINT('',(216.01579384709,104.78858809381,49.51));
#4717 = VECTOR('',#4718,1.);
#4718 = DIRECTION('',(0.,-1.,0.));
#4719 = ORIENTED_EDGE('',*,*,#4720,.T.);
#4720 = EDGE_CURVE('',#4713,#1015,#4721,.T.);
#4721 = LINE('',#4722,#4723);
#4722 = CARTESIAN_POINT('',(216.01579384709,100.60042019047,49.3));
#4723 = VECTOR('',#4724,1.);
#4724 = DIRECTION('',(0.,0.,1.));
#4725 = PLANE('',#4726);
#4726 = AXIS2_PLACEMENT_3D('',#4727,#4728,#4729);
#4727 = CARTESIAN_POINT('',(216.01579384709,106.95042019047,50.505));
#4728 = DIRECTION('',(-1.,-0.,-0.));
#4729 = DIRECTION('',(0.,0.,-1.));
#4730 = ADVANCED_FACE('',(#4731),#4742,.T.);
#4731 = FACE_BOUND('',#4732,.T.);
#4732 = EDGE_LOOP('',(#4733,#4734,#4740,#4741));
#4733 = ORIENTED_EDGE('',*,*,#4720,.F.);
#4734 = ORIENTED_EDGE('',*,*,#4735,.F.);
#4735 = EDGE_CURVE('',#4687,#4713,#4736,.T.);
#4736 = LINE('',#4737,#4738);
#4737 = CARTESIAN_POINT('',(237.54547594658,100.60042019047,49.51));
#4738 = VECTOR('',#4739,1.);
#4739 = DIRECTION('',(1.,0.,0.));
#4740 = ORIENTED_EDGE('',*,*,#4686,.T.);
#4741 = ORIENTED_EDGE('',*,*,#1014,.T.);
#4742 = PLANE('',#4743);
#4743 = AXIS2_PLACEMENT_3D('',#4744,#4745,#4746);
#4744 = CARTESIAN_POINT('',(209.51579384709,100.60042019047,50.505));
#4745 = DIRECTION('',(0.,1.,0.));
#4746 = DIRECTION('',(0.,0.,1.));
#4747 = ADVANCED_FACE('',(#4748),#4773,.T.);
#4748 = FACE_BOUND('',#4749,.T.);
#4749 = EDGE_LOOP('',(#4750,#4758,#4759,#4767));
#4750 = ORIENTED_EDGE('',*,*,#4751,.T.);
#4751 = EDGE_CURVE('',#4752,#1031,#4754,.T.);
#4752 = VERTEX_POINT('',#4753);
#4753 = CARTESIAN_POINT('',(235.6,118.718176,50.));
#4754 = LINE('',#4755,#4756);
#4755 = CARTESIAN_POINT('',(235.6,118.718176,75.495));
#4756 = VECTOR('',#4757,1.);
#4757 = DIRECTION('',(1.1E-31,1.1E-16,1.));
#4758 = ORIENTED_EDGE('',*,*,#1030,.T.);
#4759 = ORIENTED_EDGE('',*,*,#4760,.F.);
#4760 = EDGE_CURVE('',#4761,#1033,#4763,.T.);
#4761 = VERTEX_POINT('',#4762);
#4762 = CARTESIAN_POINT('',(221.6,118.718176,50.));
#4763 = LINE('',#4764,#4765);
#4764 = CARTESIAN_POINT('',(221.6,118.718176,75.495));
#4765 = VECTOR('',#4766,1.);
#4766 = DIRECTION('',(1.1E-31,1.1E-16,1.));
#4767 = ORIENTED_EDGE('',*,*,#4768,.F.);
#4768 = EDGE_CURVE('',#4752,#4761,#4769,.T.);
#4769 = LINE('',#4770,#4771);
#4770 = CARTESIAN_POINT('',(229.,118.718176,50.));
#4771 = VECTOR('',#4772,1.);
#4772 = DIRECTION('',(-1.,1.E-15,0.));
#4773 = PLANE('',#4774);
#4774 = AXIS2_PLACEMENT_3D('',#4775,#4776,#4777);
#4775 = CARTESIAN_POINT('',(221.6,118.718176,75.495));
#4776 = DIRECTION('',(-1.E-15,-1.,1.1E-16));
#4777 = DIRECTION('',(1.,-1.E-15,-0.));
#4778 = ADVANCED_FACE('',(#4779),#4797,.T.);
#4779 = FACE_BOUND('',#4780,.T.);
#4780 = EDGE_LOOP('',(#4781,#4789,#4790,#4791));
#4781 = ORIENTED_EDGE('',*,*,#4782,.T.);
#4782 = EDGE_CURVE('',#4783,#1049,#4785,.T.);
#4783 = VERTEX_POINT('',#4784);
#4784 = CARTESIAN_POINT('',(235.6,104.718176,50.));
#4785 = LINE('',#4786,#4787);
#4786 = CARTESIAN_POINT('',(235.6,104.718176,75.495));
#4787 = VECTOR('',#4788,1.);
#4788 = DIRECTION('',(1.1E-31,1.1E-16,1.));
#4789 = ORIENTED_EDGE('',*,*,#1056,.T.);
#4790 = ORIENTED_EDGE('',*,*,#4751,.F.);
#4791 = ORIENTED_EDGE('',*,*,#4792,.F.);
#4792 = EDGE_CURVE('',#4783,#4752,#4793,.T.);
#4793 = LINE('',#4794,#4795);
#4794 = CARTESIAN_POINT('',(235.6,119.118176,50.));
#4795 = VECTOR('',#4796,1.);
#4796 = DIRECTION('',(1.E-15,1.,0.));
#4797 = PLANE('',#4798);
#4798 = AXIS2_PLACEMENT_3D('',#4799,#4800,#4801);
#4799 = CARTESIAN_POINT('',(235.6,118.718176,75.495));
#4800 = DIRECTION('',(-1.,1.E-15,0.));
#4801 = DIRECTION('',(-1.E-15,-1.,1.1E-16));
#4802 = ADVANCED_FACE('',(#4803),#4821,.T.);
#4803 = FACE_BOUND('',#4804,.T.);
#4804 = EDGE_LOOP('',(#4805,#4806,#4807,#4815));
#4805 = ORIENTED_EDGE('',*,*,#4760,.T.);
#4806 = ORIENTED_EDGE('',*,*,#1040,.T.);
#4807 = ORIENTED_EDGE('',*,*,#4808,.T.);
#4808 = EDGE_CURVE('',#1041,#4809,#4811,.T.);
#4809 = VERTEX_POINT('',#4810);
#4810 = CARTESIAN_POINT('',(221.6,104.718176,50.));
#4811 = LINE('',#4812,#4813);
#4812 = CARTESIAN_POINT('',(221.6,104.718176,76.495));
#4813 = VECTOR('',#4814,1.);
#4814 = DIRECTION('',(-1.1E-31,-1.1E-16,-1.));
#4815 = ORIENTED_EDGE('',*,*,#4816,.F.);
#4816 = EDGE_CURVE('',#4761,#4809,#4817,.T.);
#4817 = LINE('',#4818,#4819);
#4818 = CARTESIAN_POINT('',(221.6,112.118176,50.));
#4819 = VECTOR('',#4820,1.);
#4820 = DIRECTION('',(-1.E-15,-1.,0.));
#4821 = PLANE('',#4822);
#4822 = AXIS2_PLACEMENT_3D('',#4823,#4824,#4825);
#4823 = CARTESIAN_POINT('',(221.6,104.718176,75.495));
#4824 = DIRECTION('',(1.,-1.E-15,0.));
#4825 = DIRECTION('',(1.E-15,1.,-1.1E-16));
#4826 = ADVANCED_FACE('',(#4827),#4838,.T.);
#4827 = FACE_BOUND('',#4828,.T.);
#4828 = EDGE_LOOP('',(#4829,#4830,#4831,#4832));
#4829 = ORIENTED_EDGE('',*,*,#4808,.F.);
#4830 = ORIENTED_EDGE('',*,*,#1048,.T.);
#4831 = ORIENTED_EDGE('',*,*,#4782,.F.);
#4832 = ORIENTED_EDGE('',*,*,#4833,.F.);
#4833 = EDGE_CURVE('',#4809,#4783,#4834,.T.);
#4834 = LINE('',#4835,#4836);
#4835 = CARTESIAN_POINT('',(236.,104.718176,50.));
#4836 = VECTOR('',#4837,1.);
#4837 = DIRECTION('',(1.,-1.E-15,0.));
#4838 = PLANE('',#4839);
#4839 = AXIS2_PLACEMENT_3D('',#4840,#4841,#4842);
#4840 = CARTESIAN_POINT('',(235.6,104.718176,75.495));
#4841 = DIRECTION('',(1.E-15,1.,-1.1E-16));
#4842 = DIRECTION('',(-1.,1.E-15,0.));
#4843 = ADVANCED_FACE('',(#4844),#4869,.T.);
#4844 = FACE_BOUND('',#4845,.T.);
#4845 = EDGE_LOOP('',(#4846,#4854,#4855,#4863));
#4846 = ORIENTED_EDGE('',*,*,#4847,.T.);
#4847 = EDGE_CURVE('',#4848,#1065,#4850,.T.);
#4848 = VERTEX_POINT('',#4849);
#4849 = CARTESIAN_POINT('',(235.6,99.668176,50.));
#4850 = LINE('',#4851,#4852);
#4851 = CARTESIAN_POINT('',(235.6,99.668176,75.495));
#4852 = VECTOR('',#4853,1.);
#4853 = DIRECTION('',(1.1E-31,1.1E-16,1.));
#4854 = ORIENTED_EDGE('',*,*,#1064,.T.);
#4855 = ORIENTED_EDGE('',*,*,#4856,.F.);
#4856 = EDGE_CURVE('',#4857,#1067,#4859,.T.);
#4857 = VERTEX_POINT('',#4858);
#4858 = CARTESIAN_POINT('',(221.6,99.668176,50.));
#4859 = LINE('',#4860,#4861);
#4860 = CARTESIAN_POINT('',(221.6,99.668176,75.495));
#4861 = VECTOR('',#4862,1.);
#4862 = DIRECTION('',(1.1E-31,1.1E-16,1.));
#4863 = ORIENTED_EDGE('',*,*,#4864,.F.);
#4864 = EDGE_CURVE('',#4848,#4857,#4865,.T.);
#4865 = LINE('',#4866,#4867);
#4866 = CARTESIAN_POINT('',(229.,99.668176,50.));
#4867 = VECTOR('',#4868,1.);
#4868 = DIRECTION('',(-1.,1.E-15,0.));
#4869 = PLANE('',#4870);
#4870 = AXIS2_PLACEMENT_3D('',#4871,#4872,#4873);
#4871 = CARTESIAN_POINT('',(221.6,99.668176,75.495));
#4872 = DIRECTION('',(-1.E-15,-1.,1.1E-16));
#4873 = DIRECTION('',(1.,-1.E-15,-0.));
#4874 = ADVANCED_FACE('',(#4875),#4893,.T.);
#4875 = FACE_BOUND('',#4876,.T.);
#4876 = EDGE_LOOP('',(#4877,#4885,#4886,#4887));
#4877 = ORIENTED_EDGE('',*,*,#4878,.T.);
#4878 = EDGE_CURVE('',#4879,#1083,#4881,.T.);
#4879 = VERTEX_POINT('',#4880);
#4880 = CARTESIAN_POINT('',(235.6,85.668176,50.));
#4881 = LINE('',#4882,#4883);
#4882 = CARTESIAN_POINT('',(235.6,85.668176,75.495));
#4883 = VECTOR('',#4884,1.);
#4884 = DIRECTION('',(1.1E-31,1.1E-16,1.));
#4885 = ORIENTED_EDGE('',*,*,#1090,.T.);
#4886 = ORIENTED_EDGE('',*,*,#4847,.F.);
#4887 = ORIENTED_EDGE('',*,*,#4888,.F.);
#4888 = EDGE_CURVE('',#4879,#4848,#4889,.T.);
#4889 = LINE('',#4890,#4891);
#4890 = CARTESIAN_POINT('',(235.6,100.068176,50.));
#4891 = VECTOR('',#4892,1.);
#4892 = DIRECTION('',(1.E-15,1.,0.));
#4893 = PLANE('',#4894);
#4894 = AXIS2_PLACEMENT_3D('',#4895,#4896,#4897);
#4895 = CARTESIAN_POINT('',(235.6,99.668176,75.495));
#4896 = DIRECTION('',(-1.,1.E-15,0.));
#4897 = DIRECTION('',(-1.E-15,-1.,1.1E-16));
#4898 = ADVANCED_FACE('',(#4899),#4917,.T.);
#4899 = FACE_BOUND('',#4900,.T.);
#4900 = EDGE_LOOP('',(#4901,#4902,#4903,#4911));
#4901 = ORIENTED_EDGE('',*,*,#4856,.T.);
#4902 = ORIENTED_EDGE('',*,*,#1074,.T.);
#4903 = ORIENTED_EDGE('',*,*,#4904,.T.);
#4904 = EDGE_CURVE('',#1075,#4905,#4907,.T.);
#4905 = VERTEX_POINT('',#4906);
#4906 = CARTESIAN_POINT('',(221.6,85.668176,50.));
#4907 = LINE('',#4908,#4909);
#4908 = CARTESIAN_POINT('',(221.6,85.668176,76.495));
#4909 = VECTOR('',#4910,1.);
#4910 = DIRECTION('',(-1.1E-31,-1.1E-16,-1.));
#4911 = ORIENTED_EDGE('',*,*,#4912,.F.);
#4912 = EDGE_CURVE('',#4857,#4905,#4913,.T.);
#4913 = LINE('',#4914,#4915);
#4914 = CARTESIAN_POINT('',(221.6,93.068176,50.));
#4915 = VECTOR('',#4916,1.);
#4916 = DIRECTION('',(-1.E-15,-1.,0.));
#4917 = PLANE('',#4918);
#4918 = AXIS2_PLACEMENT_3D('',#4919,#4920,#4921);
#4919 = CARTESIAN_POINT('',(221.6,85.668176,75.495));
#4920 = DIRECTION('',(1.,-1.E-15,0.));
#4921 = DIRECTION('',(1.E-15,1.,-1.1E-16));
#4922 = ADVANCED_FACE('',(#4923),#4934,.T.);
#4923 = FACE_BOUND('',#4924,.T.);
#4924 = EDGE_LOOP('',(#4925,#4926,#4927,#4928));
#4925 = ORIENTED_EDGE('',*,*,#4904,.F.);
#4926 = ORIENTED_EDGE('',*,*,#1082,.T.);
#4927 = ORIENTED_EDGE('',*,*,#4878,.F.);
#4928 = ORIENTED_EDGE('',*,*,#4929,.F.);
#4929 = EDGE_CURVE('',#4905,#4879,#4930,.T.);
#4930 = LINE('',#4931,#4932);
#4931 = CARTESIAN_POINT('',(236.,85.668176,50.));
#4932 = VECTOR('',#4933,1.);
#4933 = DIRECTION('',(1.,-1.E-15,0.));
#4934 = PLANE('',#4935);
#4935 = AXIS2_PLACEMENT_3D('',#4936,#4937,#4938);
#4936 = CARTESIAN_POINT('',(235.6,85.668176,75.495));
#4937 = DIRECTION('',(1.E-15,1.,-1.1E-16));
#4938 = DIRECTION('',(-1.,1.E-15,0.));
#4939 = ADVANCED_FACE('',(#4940),#4993,.F.);
#4940 = FACE_BOUND('',#4941,.F.);
#4941 = EDGE_LOOP('',(#4942,#4950,#4951,#4952,#4961,#4969,#4978,#4986));
#4942 = ORIENTED_EDGE('',*,*,#4943,.T.);
#4943 = EDGE_CURVE('',#4944,#1099,#4946,.T.);
#4944 = VERTEX_POINT('',#4945);
#4945 = CARTESIAN_POINT('',(259.6,111.5,49.51));
#4946 = LINE('',#4947,#4948);
#4947 = CARTESIAN_POINT('',(259.6,111.5,48.5));
#4948 = VECTOR('',#4949,1.);
#4949 = DIRECTION('',(0.,0.,1.));
#4950 = ORIENTED_EDGE('',*,*,#1098,.F.);
#4951 = ORIENTED_EDGE('',*,*,#4943,.F.);
#4952 = ORIENTED_EDGE('',*,*,#4953,.T.);
#4953 = EDGE_CURVE('',#4944,#4954,#4956,.T.);
#4954 = VERTEX_POINT('',#4955);
#4955 = CARTESIAN_POINT('',(259.,112.47979589711,49.51));
#4956 = CIRCLE('',#4957,1.1);
#4957 = AXIS2_PLACEMENT_3D('',#4958,#4959,#4960);
#4958 = CARTESIAN_POINT('',(258.5,111.5,49.51));
#4959 = DIRECTION('',(0.,0.,1.));
#4960 = DIRECTION('',(1.,0.,0.));
#4961 = ORIENTED_EDGE('',*,*,#4962,.T.);
#4962 = EDGE_CURVE('',#4954,#4963,#4965,.T.);
#4963 = VERTEX_POINT('',#4964);
#4964 = CARTESIAN_POINT('',(259.,112.47979589712,50.));
#4965 = LINE('',#4966,#4967);
#4966 = CARTESIAN_POINT('',(259.,112.47979589711,48.5));
#4967 = VECTOR('',#4968,1.);
#4968 = DIRECTION('',(0.,0.,1.));
#4969 = ORIENTED_EDGE('',*,*,#4970,.T.);
#4970 = EDGE_CURVE('',#4963,#4971,#4973,.T.);
#4971 = VERTEX_POINT('',#4972);
#4972 = CARTESIAN_POINT('',(259.,110.52020410287,50.));
#4973 = CIRCLE('',#4974,1.1);
#4974 = AXIS2_PLACEMENT_3D('',#4975,#4976,#4977);
#4975 = CARTESIAN_POINT('',(258.5,111.5,50.));
#4976 = DIRECTION('',(0.,0.,1.));
#4977 = DIRECTION('',(1.,0.,0.));
#4978 = ORIENTED_EDGE('',*,*,#4979,.F.);
#4979 = EDGE_CURVE('',#4980,#4971,#4982,.T.);
#4980 = VERTEX_POINT('',#4981);
#4981 = CARTESIAN_POINT('',(259.,110.52020410288,49.51));
#4982 = LINE('',#4983,#4984);
#4983 = CARTESIAN_POINT('',(259.,110.52020410288,48.5));
#4984 = VECTOR('',#4985,1.);
#4985 = DIRECTION('',(0.,0.,1.));
#4986 = ORIENTED_EDGE('',*,*,#4987,.T.);
#4987 = EDGE_CURVE('',#4980,#4944,#4988,.T.);
#4988 = CIRCLE('',#4989,1.1);
#4989 = AXIS2_PLACEMENT_3D('',#4990,#4991,#4992);
#4990 = CARTESIAN_POINT('',(258.5,111.5,49.51));
#4991 = DIRECTION('',(0.,0.,1.));
#4992 = DIRECTION('',(1.,0.,0.));
#4993 = CYLINDRICAL_SURFACE('',#4994,1.1);
#4994 = AXIS2_PLACEMENT_3D('',#4995,#4996,#4997);
#4995 = CARTESIAN_POINT('',(258.5,111.5,48.5));
#4996 = DIRECTION('',(0.,0.,1.));
#4997 = DIRECTION('',(1.,0.,0.));
#4998 = ADVANCED_FACE('',(#4999),#5024,.T.);
#4999 = FACE_BOUND('',#5000,.T.);
#5000 = EDGE_LOOP('',(#5001,#5009,#5010,#5018));
#5001 = ORIENTED_EDGE('',*,*,#5002,.T.);
#5002 = EDGE_CURVE('',#5003,#1110,#5005,.T.);
#5003 = VERTEX_POINT('',#5004);
#5004 = CARTESIAN_POINT('',(273.7,109.193176,50.));
#5005 = LINE('',#5006,#5007);
#5006 = CARTESIAN_POINT('',(273.7,109.193176,75.495));
#5007 = VECTOR('',#5008,1.);
#5008 = DIRECTION('',(0.,0.,1.));
#5009 = ORIENTED_EDGE('',*,*,#1109,.T.);
#5010 = ORIENTED_EDGE('',*,*,#5011,.F.);
#5011 = EDGE_CURVE('',#5012,#1112,#5014,.T.);
#5012 = VERTEX_POINT('',#5013);
#5013 = CARTESIAN_POINT('',(259.7,109.193176,50.));
#5014 = LINE('',#5015,#5016);
#5015 = CARTESIAN_POINT('',(259.7,109.193176,75.495));
#5016 = VECTOR('',#5017,1.);
#5017 = DIRECTION('',(0.,0.,1.));
#5018 = ORIENTED_EDGE('',*,*,#5019,.F.);
#5019 = EDGE_CURVE('',#5003,#5012,#5020,.T.);
#5020 = LINE('',#5021,#5022);
#5021 = CARTESIAN_POINT('',(267.1,109.193176,50.));
#5022 = VECTOR('',#5023,1.);
#5023 = DIRECTION('',(-1.,1.E-15,0.));
#5024 = PLANE('',#5025);
#5025 = AXIS2_PLACEMENT_3D('',#5026,#5027,#5028);
#5026 = CARTESIAN_POINT('',(259.7,109.193176,75.495));
#5027 = DIRECTION('',(-1.E-15,-1.,0.));
#5028 = DIRECTION('',(1.,-1.E-15,0.));
#5029 = ADVANCED_FACE('',(#5030),#5048,.T.);
#5030 = FACE_BOUND('',#5031,.T.);
#5031 = EDGE_LOOP('',(#5032,#5040,#5041,#5042));
#5032 = ORIENTED_EDGE('',*,*,#5033,.T.);
#5033 = EDGE_CURVE('',#5034,#1128,#5036,.T.);
#5034 = VERTEX_POINT('',#5035);
#5035 = CARTESIAN_POINT('',(273.7,95.193176,50.));
#5036 = LINE('',#5037,#5038);
#5037 = CARTESIAN_POINT('',(273.7,95.193176,75.495));
#5038 = VECTOR('',#5039,1.);
#5039 = DIRECTION('',(0.,0.,1.));
#5040 = ORIENTED_EDGE('',*,*,#1135,.T.);
#5041 = ORIENTED_EDGE('',*,*,#5002,.F.);
#5042 = ORIENTED_EDGE('',*,*,#5043,.F.);
#5043 = EDGE_CURVE('',#5034,#5003,#5044,.T.);
#5044 = LINE('',#5045,#5046);
#5045 = CARTESIAN_POINT('',(273.7,109.593176,50.));
#5046 = VECTOR('',#5047,1.);
#5047 = DIRECTION('',(1.E-15,1.,0.));
#5048 = PLANE('',#5049);
#5049 = AXIS2_PLACEMENT_3D('',#5050,#5051,#5052);
#5050 = CARTESIAN_POINT('',(273.7,109.193176,75.495));
#5051 = DIRECTION('',(-1.,1.E-15,0.));
#5052 = DIRECTION('',(-1.E-15,-1.,0.));
#5053 = ADVANCED_FACE('',(#5054),#5072,.T.);
#5054 = FACE_BOUND('',#5055,.T.);
#5055 = EDGE_LOOP('',(#5056,#5057,#5058,#5066));
#5056 = ORIENTED_EDGE('',*,*,#5011,.T.);
#5057 = ORIENTED_EDGE('',*,*,#1119,.T.);
#5058 = ORIENTED_EDGE('',*,*,#5059,.T.);
#5059 = EDGE_CURVE('',#1120,#5060,#5062,.T.);
#5060 = VERTEX_POINT('',#5061);
#5061 = CARTESIAN_POINT('',(259.7,95.193176,50.));
#5062 = LINE('',#5063,#5064);
#5063 = CARTESIAN_POINT('',(259.7,95.193176,76.495));
#5064 = VECTOR('',#5065,1.);
#5065 = DIRECTION('',(0.,0.,-1.));
#5066 = ORIENTED_EDGE('',*,*,#5067,.F.);
#5067 = EDGE_CURVE('',#5012,#5060,#5068,.T.);
#5068 = LINE('',#5069,#5070);
#5069 = CARTESIAN_POINT('',(259.7,102.593176,50.));
#5070 = VECTOR('',#5071,1.);
#5071 = DIRECTION('',(-1.E-15,-1.,0.));
#5072 = PLANE('',#5073);
#5073 = AXIS2_PLACEMENT_3D('',#5074,#5075,#5076);
#5074 = CARTESIAN_POINT('',(259.7,95.193176,75.495));
#5075 = DIRECTION('',(1.,-1.E-15,0.));
#5076 = DIRECTION('',(1.E-15,1.,0.));
#5077 = ADVANCED_FACE('',(#5078),#5089,.T.);
#5078 = FACE_BOUND('',#5079,.T.);
#5079 = EDGE_LOOP('',(#5080,#5081,#5082,#5083));
#5080 = ORIENTED_EDGE('',*,*,#5059,.F.);
#5081 = ORIENTED_EDGE('',*,*,#1127,.T.);
#5082 = ORIENTED_EDGE('',*,*,#5033,.F.);
#5083 = ORIENTED_EDGE('',*,*,#5084,.F.);
#5084 = EDGE_CURVE('',#5060,#5034,#5085,.T.);
#5085 = LINE('',#5086,#5087);
#5086 = CARTESIAN_POINT('',(274.1,95.193176,50.));
#5087 = VECTOR('',#5088,1.);
#5088 = DIRECTION('',(1.,-1.E-15,0.));
#5089 = PLANE('',#5090);
#5090 = AXIS2_PLACEMENT_3D('',#5091,#5092,#5093);
#5091 = CARTESIAN_POINT('',(273.7,95.193176,75.495));
#5092 = DIRECTION('',(1.E-15,1.,0.));
#5093 = DIRECTION('',(-1.,1.E-15,0.));
#5094 = ADVANCED_FACE('',(#5095),#5120,.T.);
#5095 = FACE_BOUND('',#5096,.T.);
#5096 = EDGE_LOOP('',(#5097,#5105,#5106,#5114));
#5097 = ORIENTED_EDGE('',*,*,#5098,.T.);
#5098 = EDGE_CURVE('',#5099,#1144,#5101,.T.);
#5099 = VERTEX_POINT('',#5100);
#5100 = CARTESIAN_POINT('',(254.65,104.430676,50.));
#5101 = LINE('',#5102,#5103);
#5102 = CARTESIAN_POINT('',(254.65,104.430676,75.495));
#5103 = VECTOR('',#5104,1.);
#5104 = DIRECTION('',(1.1E-31,1.1E-16,1.));
#5105 = ORIENTED_EDGE('',*,*,#1143,.T.);
#5106 = ORIENTED_EDGE('',*,*,#5107,.F.);
#5107 = EDGE_CURVE('',#5108,#1146,#5110,.T.);
#5108 = VERTEX_POINT('',#5109);
#5109 = CARTESIAN_POINT('',(240.65,104.430676,50.));
#5110 = LINE('',#5111,#5112);
#5111 = CARTESIAN_POINT('',(240.65,104.430676,75.495));
#5112 = VECTOR('',#5113,1.);
#5113 = DIRECTION('',(1.1E-31,1.1E-16,1.));
#5114 = ORIENTED_EDGE('',*,*,#5115,.F.);
#5115 = EDGE_CURVE('',#5099,#5108,#5116,.T.);
#5116 = LINE('',#5117,#5118);
#5117 = CARTESIAN_POINT('',(248.05,104.430676,50.));
#5118 = VECTOR('',#5119,1.);
#5119 = DIRECTION('',(-1.,1.E-15,0.));
#5120 = PLANE('',#5121);
#5121 = AXIS2_PLACEMENT_3D('',#5122,#5123,#5124);
#5122 = CARTESIAN_POINT('',(240.65,104.430676,75.495));
#5123 = DIRECTION('',(-1.E-15,-1.,1.1E-16));
#5124 = DIRECTION('',(1.,-1.E-15,-0.));
#5125 = ADVANCED_FACE('',(#5126),#5144,.T.);
#5126 = FACE_BOUND('',#5127,.T.);
#5127 = EDGE_LOOP('',(#5128,#5136,#5137,#5138));
#5128 = ORIENTED_EDGE('',*,*,#5129,.T.);
#5129 = EDGE_CURVE('',#5130,#1162,#5132,.T.);
#5130 = VERTEX_POINT('',#5131);
#5131 = CARTESIAN_POINT('',(254.65,90.430676,50.));
#5132 = LINE('',#5133,#5134);
#5133 = CARTESIAN_POINT('',(254.65,90.430676,75.495));
#5134 = VECTOR('',#5135,1.);
#5135 = DIRECTION('',(1.1E-31,1.1E-16,1.));
#5136 = ORIENTED_EDGE('',*,*,#1169,.T.);
#5137 = ORIENTED_EDGE('',*,*,#5098,.F.);
#5138 = ORIENTED_EDGE('',*,*,#5139,.F.);
#5139 = EDGE_CURVE('',#5130,#5099,#5140,.T.);
#5140 = LINE('',#5141,#5142);
#5141 = CARTESIAN_POINT('',(254.65,104.830676,50.));
#5142 = VECTOR('',#5143,1.);
#5143 = DIRECTION('',(1.E-15,1.,0.));
#5144 = PLANE('',#5145);
#5145 = AXIS2_PLACEMENT_3D('',#5146,#5147,#5148);
#5146 = CARTESIAN_POINT('',(254.65,104.430676,75.495));
#5147 = DIRECTION('',(-1.,1.E-15,0.));
#5148 = DIRECTION('',(-1.E-15,-1.,1.1E-16));
#5149 = ADVANCED_FACE('',(#5150),#5168,.T.);
#5150 = FACE_BOUND('',#5151,.T.);
#5151 = EDGE_LOOP('',(#5152,#5153,#5154,#5162));
#5152 = ORIENTED_EDGE('',*,*,#5107,.T.);
#5153 = ORIENTED_EDGE('',*,*,#1153,.T.);
#5154 = ORIENTED_EDGE('',*,*,#5155,.T.);
#5155 = EDGE_CURVE('',#1154,#5156,#5158,.T.);
#5156 = VERTEX_POINT('',#5157);
#5157 = CARTESIAN_POINT('',(240.65,90.430676,50.));
#5158 = LINE('',#5159,#5160);
#5159 = CARTESIAN_POINT('',(240.65,90.430676,76.495));
#5160 = VECTOR('',#5161,1.);
#5161 = DIRECTION('',(-1.1E-31,-1.1E-16,-1.));
#5162 = ORIENTED_EDGE('',*,*,#5163,.F.);
#5163 = EDGE_CURVE('',#5108,#5156,#5164,.T.);
#5164 = LINE('',#5165,#5166);
#5165 = CARTESIAN_POINT('',(240.65,97.830676,50.));
#5166 = VECTOR('',#5167,1.);
#5167 = DIRECTION('',(-1.E-15,-1.,0.));
#5168 = PLANE('',#5169);
#5169 = AXIS2_PLACEMENT_3D('',#5170,#5171,#5172);
#5170 = CARTESIAN_POINT('',(240.65,90.430676,75.495));
#5171 = DIRECTION('',(1.,-1.E-15,0.));
#5172 = DIRECTION('',(1.E-15,1.,-1.1E-16));
#5173 = ADVANCED_FACE('',(#5174),#5185,.T.);
#5174 = FACE_BOUND('',#5175,.T.);
#5175 = EDGE_LOOP('',(#5176,#5177,#5178,#5179));
#5176 = ORIENTED_EDGE('',*,*,#5155,.F.);
#5177 = ORIENTED_EDGE('',*,*,#1161,.T.);
#5178 = ORIENTED_EDGE('',*,*,#5129,.F.);
#5179 = ORIENTED_EDGE('',*,*,#5180,.F.);
#5180 = EDGE_CURVE('',#5156,#5130,#5181,.T.);
#5181 = LINE('',#5182,#5183);
#5182 = CARTESIAN_POINT('',(255.05,90.430676,50.));
#5183 = VECTOR('',#5184,1.);
#5184 = DIRECTION('',(1.,-1.E-15,0.));
#5185 = PLANE('',#5186);
#5186 = AXIS2_PLACEMENT_3D('',#5187,#5188,#5189);
#5187 = CARTESIAN_POINT('',(254.65,90.430676,75.495));
#5188 = DIRECTION('',(1.E-15,1.,-1.1E-16));
#5189 = DIRECTION('',(-1.,1.E-15,0.));
#5190 = ADVANCED_FACE('',(#5191),#5216,.T.);
#5191 = FACE_BOUND('',#5192,.T.);
#5192 = EDGE_LOOP('',(#5193,#5201,#5202,#5210));
#5193 = ORIENTED_EDGE('',*,*,#5194,.F.);
#5194 = EDGE_CURVE('',#1178,#5195,#5197,.T.);
#5195 = VERTEX_POINT('',#5196);
#5196 = CARTESIAN_POINT('',(213.60170630983,65.603689704729,50.));
#5197 = LINE('',#5198,#5199);
#5198 = CARTESIAN_POINT('',(213.60170630983,65.603689704729,59.495));
#5199 = VECTOR('',#5200,1.);
#5200 = DIRECTION('',(5.9E-16,3.E-16,-1.));
#5201 = ORIENTED_EDGE('',*,*,#1177,.T.);
#5202 = ORIENTED_EDGE('',*,*,#5203,.T.);
#5203 = EDGE_CURVE('',#1180,#5204,#5206,.T.);
#5204 = VERTEX_POINT('',#5205);
#5205 = CARTESIAN_POINT('',(211.3177514066,63.319734801496,50.));
#5206 = LINE('',#5207,#5208);
#5207 = CARTESIAN_POINT('',(211.3177514066,63.319734801496,59.495));
#5208 = VECTOR('',#5209,1.);
#5209 = DIRECTION('',(5.9E-16,3.E-16,-1.));
#5210 = ORIENTED_EDGE('',*,*,#5211,.F.);
#5211 = EDGE_CURVE('',#5195,#5204,#5212,.T.);
#5212 = LINE('',#5213,#5214);
#5213 = CARTESIAN_POINT('',(214.71329561381,66.715279008704,50.));
#5214 = VECTOR('',#5215,1.);
#5215 = DIRECTION('',(-0.707106781187,-0.707106781187,0.));
#5216 = PLANE('',#5217);
#5217 = AXIS2_PLACEMENT_3D('',#5218,#5219,#5220);
#5218 = CARTESIAN_POINT('',(213.60170630983,65.603689704729,59.495));
#5219 = DIRECTION('',(0.707106781187,-0.707106781187,2.1E-16));
#5220 = DIRECTION('',(-0.707106781187,-0.707106781187,-8.E-16));
#5221 = ADVANCED_FACE('',(#5222),#5240,.T.);
#5222 = FACE_BOUND('',#5223,.T.);
#5223 = EDGE_LOOP('',(#5224,#5232,#5233,#5234));
#5224 = ORIENTED_EDGE('',*,*,#5225,.F.);
#5225 = EDGE_CURVE('',#1484,#5226,#5228,.T.);
#5226 = VERTEX_POINT('',#5227);
#5227 = CARTESIAN_POINT('',(212.52336846852,66.682027546038,50.));
#5228 = LINE('',#5229,#5230);
#5229 = CARTESIAN_POINT('',(212.52336846852,66.682027546038,59.495));
#5230 = VECTOR('',#5231,1.);
#5231 = DIRECTION('',(5.9E-16,3.E-16,-1.));
#5232 = ORIENTED_EDGE('',*,*,#1491,.T.);
#5233 = ORIENTED_EDGE('',*,*,#5194,.T.);
#5234 = ORIENTED_EDGE('',*,*,#5235,.F.);
#5235 = EDGE_CURVE('',#5226,#5195,#5236,.T.);
#5236 = LINE('',#5237,#5238);
#5237 = CARTESIAN_POINT('',(210.06755801072,69.137838003844,50.));
#5238 = VECTOR('',#5239,1.);
#5239 = DIRECTION('',(0.707106781187,-0.707106781187,0.));
#5240 = PLANE('',#5241);
#5241 = AXIS2_PLACEMENT_3D('',#5242,#5243,#5244);
#5242 = CARTESIAN_POINT('',(212.52336846852,66.682027546038,59.495));
#5243 = DIRECTION('',(0.707106781187,0.707106781187,6.3E-16));
#5244 = DIRECTION('',(0.707106781187,-0.707106781187,2.1E-16));
#5245 = ADVANCED_FACE('',(#5246),#5264,.T.);
#5246 = FACE_BOUND('',#5247,.T.);
#5247 = EDGE_LOOP('',(#5248,#5249,#5250,#5258));
#5248 = ORIENTED_EDGE('',*,*,#5203,.F.);
#5249 = ORIENTED_EDGE('',*,*,#1187,.T.);
#5250 = ORIENTED_EDGE('',*,*,#5251,.T.);
#5251 = EDGE_CURVE('',#1188,#5252,#5254,.T.);
#5252 = VERTEX_POINT('',#5253);
#5253 = CARTESIAN_POINT('',(216.09072217961,58.546764028487,50.));
#5254 = LINE('',#5255,#5256);
#5255 = CARTESIAN_POINT('',(216.09072217961,58.546764028487,59.495));
#5256 = VECTOR('',#5257,1.);
#5257 = DIRECTION('',(5.9E-16,3.E-16,-1.));
#5258 = ORIENTED_EDGE('',*,*,#5259,.F.);
#5259 = EDGE_CURVE('',#5204,#5252,#5260,.T.);
#5260 = LINE('',#5261,#5262);
#5261 = CARTESIAN_POINT('',(208.32277202814,66.314714179956,50.));
#5262 = VECTOR('',#5263,1.);
#5263 = DIRECTION('',(0.707106781187,-0.707106781187,0.));
#5264 = PLANE('',#5265);
#5265 = AXIS2_PLACEMENT_3D('',#5266,#5267,#5268);
#5266 = CARTESIAN_POINT('',(211.3177514066,63.319734801496,59.495));
#5267 = DIRECTION('',(0.707106781187,0.707106781187,6.3E-16));
#5268 = DIRECTION('',(0.707106781187,-0.707106781187,2.1E-16));
#5269 = ADVANCED_FACE('',(#5270),#5288,.T.);
#5270 = FACE_BOUND('',#5271,.T.);
#5271 = EDGE_LOOP('',(#5272,#5280,#5281,#5282));
#5272 = ORIENTED_EDGE('',*,*,#5273,.F.);
#5273 = EDGE_CURVE('',#1476,#5274,#5276,.T.);
#5274 = VERTEX_POINT('',#5275);
#5275 = CARTESIAN_POINT('',(209.19996659695,63.358625674461,50.));
#5276 = LINE('',#5277,#5278);
#5277 = CARTESIAN_POINT('',(209.19996659695,63.358625674461,59.495));
#5278 = VECTOR('',#5279,1.);
#5279 = DIRECTION('',(5.9E-16,3.E-16,-1.));
#5280 = ORIENTED_EDGE('',*,*,#1483,.T.);
#5281 = ORIENTED_EDGE('',*,*,#5225,.T.);
#5282 = ORIENTED_EDGE('',*,*,#5283,.F.);
#5283 = EDGE_CURVE('',#5274,#5226,#5284,.T.);
#5284 = LINE('',#5285,#5286);
#5285 = CARTESIAN_POINT('',(211.97325683671,66.131915914225,50.));
#5286 = VECTOR('',#5287,1.);
#5287 = DIRECTION('',(0.707106781187,0.707106781187,0.));
#5288 = PLANE('',#5289);
#5289 = AXIS2_PLACEMENT_3D('',#5290,#5291,#5292);
#5290 = CARTESIAN_POINT('',(209.19996659695,63.358625674461,59.495));
#5291 = DIRECTION('',(-0.707106781187,0.707106781187,-2.1E-16));
#5292 = DIRECTION('',(0.707106781187,0.707106781187,8.E-16));
#5293 = ADVANCED_FACE('',(#5294),#5312,.T.);
#5294 = FACE_BOUND('',#5295,.T.);
#5295 = EDGE_LOOP('',(#5296,#5297,#5298,#5306));
#5296 = ORIENTED_EDGE('',*,*,#5251,.F.);
#5297 = ORIENTED_EDGE('',*,*,#1195,.T.);
#5298 = ORIENTED_EDGE('',*,*,#5299,.T.);
#5299 = EDGE_CURVE('',#1196,#5300,#5302,.T.);
#5300 = VERTEX_POINT('',#5301);
#5301 = CARTESIAN_POINT('',(218.37467708284,60.83071893172,50.));
#5302 = LINE('',#5303,#5304);
#5303 = CARTESIAN_POINT('',(218.37467708284,60.83071893172,59.495));
#5304 = VECTOR('',#5305,1.);
#5305 = DIRECTION('',(5.9E-16,3.E-16,-1.));
#5306 = ORIENTED_EDGE('',*,*,#5307,.F.);
#5307 = EDGE_CURVE('',#5252,#5300,#5308,.T.);
#5308 = LINE('',#5309,#5310);
#5309 = CARTESIAN_POINT('',(218.3442889352,60.800330784078,50.));
#5310 = VECTOR('',#5311,1.);
#5311 = DIRECTION('',(0.707106781187,0.707106781187,0.));
#5312 = PLANE('',#5313);
#5313 = AXIS2_PLACEMENT_3D('',#5314,#5315,#5316);
#5314 = CARTESIAN_POINT('',(216.09072217961,58.546764028487,59.495));
#5315 = DIRECTION('',(-0.707106781187,0.707106781187,-2.1E-16));
#5316 = DIRECTION('',(0.707106781187,0.707106781187,8.E-16));
#5317 = ADVANCED_FACE('',(#5318),#5336,.T.);
#5318 = FACE_BOUND('',#5319,.T.);
#5319 = EDGE_LOOP('',(#5320,#5328,#5334,#5335));
#5320 = ORIENTED_EDGE('',*,*,#5321,.F.);
#5321 = EDGE_CURVE('',#5322,#5274,#5324,.T.);
#5322 = VERTEX_POINT('',#5323);
#5323 = CARTESIAN_POINT('',(209.19495560401,63.363636667401,50.));
#5324 = LINE('',#5325,#5326);
#5325 = CARTESIAN_POINT('',(201.79440867084,70.764183600573,50.));
#5326 = VECTOR('',#5327,1.);
#5327 = DIRECTION('',(0.707106781187,-0.707106781187,0.));
#5328 = ORIENTED_EDGE('',*,*,#5329,.T.);
#5329 = EDGE_CURVE('',#5322,#1468,#5330,.T.);
#5330 = LINE('',#5331,#5332);
#5331 = CARTESIAN_POINT('',(209.19495560401,63.363636667401,54.4975));
#5332 = VECTOR('',#5333,1.);
#5333 = DIRECTION('',(-4.5E-16,-4.5E-16,1.));
#5334 = ORIENTED_EDGE('',*,*,#1475,.T.);
#5335 = ORIENTED_EDGE('',*,*,#5273,.T.);
#5336 = PLANE('',#5337);
#5337 = AXIS2_PLACEMENT_3D('',#5338,#5339,#5340);
#5338 = CARTESIAN_POINT('',(199.30047166034,73.258120611073,59.495));
#5339 = DIRECTION('',(0.707106781187,0.707106781187,6.3E-16));
#5340 = DIRECTION('',(0.707106781187,-0.707106781187,2.1E-16));
#5341 = ADVANCED_FACE('',(#5342),#5360,.T.);
#5342 = FACE_BOUND('',#5343,.T.);
#5343 = EDGE_LOOP('',(#5344,#5345,#5346,#5354));
#5344 = ORIENTED_EDGE('',*,*,#5299,.F.);
#5345 = ORIENTED_EDGE('',*,*,#1203,.T.);
#5346 = ORIENTED_EDGE('',*,*,#5347,.T.);
#5347 = EDGE_CURVE('',#1204,#5348,#5350,.T.);
#5348 = VERTEX_POINT('',#5349);
#5349 = CARTESIAN_POINT('',(218.95804017732,60.247355837241,50.));
#5350 = LINE('',#5351,#5352);
#5351 = CARTESIAN_POINT('',(218.95804017732,60.247355837241,59.495));
#5352 = VECTOR('',#5353,1.);
#5353 = DIRECTION('',(5.9E-16,3.E-16,-1.));
#5354 = ORIENTED_EDGE('',*,*,#5355,.F.);
#5355 = EDGE_CURVE('',#5300,#5348,#5356,.T.);
#5356 = LINE('',#5357,#5358);
#5357 = CARTESIAN_POINT('',(212.99321231788,66.212183696684,50.));
#5358 = VECTOR('',#5359,1.);
#5359 = DIRECTION('',(0.707106781187,-0.707106781187,0.));
#5360 = PLANE('',#5361);
#5361 = AXIS2_PLACEMENT_3D('',#5362,#5363,#5364);
#5362 = CARTESIAN_POINT('',(218.37467708284,60.83071893172,59.495));
#5363 = DIRECTION('',(0.707106781187,0.707106781187,6.3E-16));
#5364 = DIRECTION('',(0.707106781187,-0.707106781187,2.1E-16));
#5365 = ADVANCED_FACE('',(#5366),#5384,.F.);
#5366 = FACE_BOUND('',#5367,.F.);
#5367 = EDGE_LOOP('',(#5368,#5369,#5377,#5383));
#5368 = ORIENTED_EDGE('',*,*,#1467,.F.);
#5369 = ORIENTED_EDGE('',*,*,#5370,.F.);
#5370 = EDGE_CURVE('',#5371,#1460,#5373,.T.);
#5371 = VERTEX_POINT('',#5372);
#5372 = CARTESIAN_POINT('',(209.55,63.718681063388,50.));
#5373 = LINE('',#5374,#5375);
#5374 = CARTESIAN_POINT('',(209.55,63.718681063388,49.5));
#5375 = VECTOR('',#5376,1.);
#5376 = DIRECTION('',(0.,0.,1.));
#5377 = ORIENTED_EDGE('',*,*,#5378,.F.);
#5378 = EDGE_CURVE('',#5322,#5371,#5379,.T.);
#5379 = LINE('',#5380,#5381);
#5380 = CARTESIAN_POINT('',(212.14576804177,66.314449105158,50.));
#5381 = VECTOR('',#5382,1.);
#5382 = DIRECTION('',(0.707106781187,0.707106781187,0.));
#5383 = ORIENTED_EDGE('',*,*,#5329,.T.);
#5384 = PLANE('',#5385);
#5385 = AXIS2_PLACEMENT_3D('',#5386,#5387,#5388);
#5386 = CARTESIAN_POINT('',(209.55,63.718681063388,49.5));
#5387 = DIRECTION('',(-0.707106781187,0.707106781187,0.));
#5388 = DIRECTION('',(0.,0.,1.));
#5389 = ADVANCED_FACE('',(#5390),#5408,.T.);
#5390 = FACE_BOUND('',#5391,.T.);
#5391 = EDGE_LOOP('',(#5392,#5393,#5394,#5402));
#5392 = ORIENTED_EDGE('',*,*,#5347,.F.);
#5393 = ORIENTED_EDGE('',*,*,#1211,.T.);
#5394 = ORIENTED_EDGE('',*,*,#5395,.T.);
#5395 = EDGE_CURVE('',#1212,#5396,#5398,.T.);
#5396 = VERTEX_POINT('',#5397);
#5397 = CARTESIAN_POINT('',(220.92733256293,62.216648222845,50.));
#5398 = LINE('',#5399,#5400);
#5399 = CARTESIAN_POINT('',(220.92733256293,62.216648222845,59.495));
#5400 = VECTOR('',#5401,1.);
#5401 = DIRECTION('',(5.9E-16,3.E-16,-1.));
#5402 = ORIENTED_EDGE('',*,*,#5403,.F.);
#5403 = EDGE_CURVE('',#5348,#5396,#5404,.T.);
#5404 = LINE('',#5405,#5406);
#5405 = CARTESIAN_POINT('',(220.0696294813,61.358945141216,50.));
#5406 = VECTOR('',#5407,1.);
#5407 = DIRECTION('',(0.707106781187,0.707106781187,0.));
#5408 = PLANE('',#5409);
#5409 = AXIS2_PLACEMENT_3D('',#5410,#5411,#5412);
#5410 = CARTESIAN_POINT('',(218.95804017732,60.247355837241,59.495));
#5411 = DIRECTION('',(-0.707106781187,0.707106781187,-2.1E-16));
#5412 = DIRECTION('',(0.707106781187,0.707106781187,8.E-16));
#5413 = ADVANCED_FACE('',(#5414),#5432,.T.);
#5414 = FACE_BOUND('',#5415,.T.);
#5415 = EDGE_LOOP('',(#5416,#5424,#5430,#5431));
#5416 = ORIENTED_EDGE('',*,*,#5417,.F.);
#5417 = EDGE_CURVE('',#5418,#5371,#5420,.T.);
#5418 = VERTEX_POINT('',#5419);
#5419 = CARTESIAN_POINT('',(199.65050506338,73.618176,50.));
#5420 = LINE('',#5421,#5422);
#5421 = CARTESIAN_POINT('',(204.62182130451,68.646859758877,50.));
#5422 = VECTOR('',#5423,1.);
#5423 = DIRECTION('',(0.707106781187,-0.707106781187,0.));
#5424 = ORIENTED_EDGE('',*,*,#5425,.T.);
#5425 = EDGE_CURVE('',#5418,#1452,#5426,.T.);
#5426 = LINE('',#5427,#5428);
#5427 = CARTESIAN_POINT('',(199.65050506338,73.618176,48.5));
#5428 = VECTOR('',#5429,1.);
#5429 = DIRECTION('',(0.,0.,1.));
#5430 = ORIENTED_EDGE('',*,*,#1459,.F.);
#5431 = ORIENTED_EDGE('',*,*,#5370,.F.);
#5432 = PLANE('',#5433);
#5433 = AXIS2_PLACEMENT_3D('',#5434,#5435,#5436);
#5434 = CARTESIAN_POINT('',(204.60025253169,68.668428531694,50.5));
#5435 = DIRECTION('',(0.707106781187,0.707106781187,0.));
#5436 = DIRECTION('',(0.707106781187,-0.707106781187,0.));
#5437 = ADVANCED_FACE('',(#5438),#5456,.T.);
#5438 = FACE_BOUND('',#5439,.T.);
#5439 = EDGE_LOOP('',(#5440,#5441,#5442,#5450));
#5440 = ORIENTED_EDGE('',*,*,#5395,.F.);
#5441 = ORIENTED_EDGE('',*,*,#1219,.T.);
#5442 = ORIENTED_EDGE('',*,*,#5443,.T.);
#5443 = EDGE_CURVE('',#1220,#5444,#5446,.T.);
#5444 = VERTEX_POINT('',#5445);
#5445 = CARTESIAN_POINT('',(220.34396946845,62.800011317324,50.));
#5446 = LINE('',#5447,#5448);
#5447 = CARTESIAN_POINT('',(220.34396946845,62.800011317324,59.495));
#5448 = VECTOR('',#5449,1.);
#5449 = DIRECTION('',(5.9E-16,3.E-16,-1.));
#5450 = ORIENTED_EDGE('',*,*,#5451,.F.);
#5451 = EDGE_CURVE('',#5396,#5444,#5452,.T.);
#5452 = LINE('',#5453,#5454);
#5453 = CARTESIAN_POINT('',(215.25418625072,67.88979453505,50.));
#5454 = VECTOR('',#5455,1.);
#5455 = DIRECTION('',(-0.707106781187,0.707106781187,0.));
#5456 = PLANE('',#5457);
#5457 = AXIS2_PLACEMENT_3D('',#5458,#5459,#5460);
#5458 = CARTESIAN_POINT('',(220.92733256293,62.216648222845,59.495));
#5459 = DIRECTION('',(-0.707106781187,-0.707106781187,-6.3E-16));
#5460 = DIRECTION('',(-0.707106781187,0.707106781187,-2.1E-16));
#5461 = ADVANCED_FACE('',(#5462),#5480,.F.);
#5462 = FACE_BOUND('',#5463,.F.);
#5463 = EDGE_LOOP('',(#5464,#5472,#5473,#5474));
#5464 = ORIENTED_EDGE('',*,*,#5465,.F.);
#5465 = EDGE_CURVE('',#5418,#5466,#5468,.T.);
#5466 = VERTEX_POINT('',#5467);
#5467 = CARTESIAN_POINT('',(202.61886253897,76.586533475589,50.));
#5468 = LINE('',#5469,#5470);
#5469 = CARTESIAN_POINT('',(207.19602057346,81.163691510076,50.));
#5470 = VECTOR('',#5471,1.);
#5471 = DIRECTION('',(0.707106781187,0.707106781187,0.));
#5472 = ORIENTED_EDGE('',*,*,#5425,.T.);
#5473 = ORIENTED_EDGE('',*,*,#1451,.T.);
#5474 = ORIENTED_EDGE('',*,*,#5475,.F.);
#5475 = EDGE_CURVE('',#5466,#1444,#5476,.T.);
#5476 = LINE('',#5477,#5478);
#5477 = CARTESIAN_POINT('',(202.61886253897,76.586533475589,53.9975));
#5478 = VECTOR('',#5479,1.);
#5479 = DIRECTION('',(-4.5E-16,-4.5E-16,1.));
#5480 = PLANE('',#5481);
#5481 = AXIS2_PLACEMENT_3D('',#5482,#5483,#5484);
#5482 = CARTESIAN_POINT('',(209.55,83.517670936612,48.5));
#5483 = DIRECTION('',(-0.707106781187,0.707106781187,0.));
#5484 = DIRECTION('',(0.,0.,1.));
#5485 = ADVANCED_FACE('',(#5486),#5504,.T.);
#5486 = FACE_BOUND('',#5487,.T.);
#5487 = EDGE_LOOP('',(#5488,#5489,#5490,#5498));
#5488 = ORIENTED_EDGE('',*,*,#5443,.F.);
#5489 = ORIENTED_EDGE('',*,*,#1227,.T.);
#5490 = ORIENTED_EDGE('',*,*,#5491,.T.);
#5491 = EDGE_CURVE('',#1228,#5492,#5494,.T.);
#5492 = VERTEX_POINT('',#5493);
#5493 = CARTESIAN_POINT('',(224.7881355882,67.244177437082,50.));
#5494 = LINE('',#5495,#5496);
#5495 = CARTESIAN_POINT('',(224.7881355882,67.244177437082,59.495));
#5496 = VECTOR('',#5497,1.);
#5497 = DIRECTION('',(5.9E-16,3.E-16,-1.));
#5498 = ORIENTED_EDGE('',*,*,#5499,.F.);
#5499 = EDGE_CURVE('',#5444,#5492,#5500,.T.);
#5500 = LINE('',#5501,#5502);
#5501 = CARTESIAN_POINT('',(220.47091257962,62.926954428497,50.));
#5502 = VECTOR('',#5503,1.);
#5503 = DIRECTION('',(0.707106781187,0.707106781187,0.));
#5504 = PLANE('',#5505);
#5505 = AXIS2_PLACEMENT_3D('',#5506,#5507,#5508);
#5506 = CARTESIAN_POINT('',(220.34396946845,62.800011317324,59.495));
#5507 = DIRECTION('',(-0.707106781187,0.707106781187,-2.1E-16));
#5508 = DIRECTION('',(0.707106781187,0.707106781187,8.E-16));
#5509 = ADVANCED_FACE('',(#5510),#5528,.T.);
#5510 = FACE_BOUND('',#5511,.T.);
#5511 = EDGE_LOOP('',(#5512,#5520,#5521,#5522));
#5512 = ORIENTED_EDGE('',*,*,#5513,.F.);
#5513 = EDGE_CURVE('',#1436,#5514,#5516,.T.);
#5514 = VERTEX_POINT('',#5515);
#5515 = CARTESIAN_POINT('',(201.5455356906,77.659860323959,50.));
#5516 = LINE('',#5517,#5518);
#5517 = CARTESIAN_POINT('',(201.5455356906,77.659860323959,59.495));
#5518 = VECTOR('',#5519,1.);
#5519 = DIRECTION('',(5.9E-16,3.E-16,-1.));
#5520 = ORIENTED_EDGE('',*,*,#1443,.T.);
#5521 = ORIENTED_EDGE('',*,*,#5475,.F.);
#5522 = ORIENTED_EDGE('',*,*,#5523,.F.);
#5523 = EDGE_CURVE('',#5514,#5466,#5524,.T.);
#5524 = LINE('',#5525,#5526);
#5525 = CARTESIAN_POINT('',(204.57864162176,74.626754392804,50.));
#5526 = VECTOR('',#5527,1.);
#5527 = DIRECTION('',(0.707106781187,-0.707106781187,0.));
#5528 = PLANE('',#5529);
#5529 = AXIS2_PLACEMENT_3D('',#5530,#5531,#5532);
#5530 = CARTESIAN_POINT('',(201.5455356906,77.659860323959,59.495));
#5531 = DIRECTION('',(0.707106781187,0.707106781187,6.3E-16));
#5532 = DIRECTION('',(0.707106781187,-0.707106781187,2.1E-16));
#5533 = ADVANCED_FACE('',(#5534),#5552,.T.);
#5534 = FACE_BOUND('',#5535,.T.);
#5535 = EDGE_LOOP('',(#5536,#5537,#5538,#5546));
#5536 = ORIENTED_EDGE('',*,*,#5491,.F.);
#5537 = ORIENTED_EDGE('',*,*,#1235,.T.);
#5538 = ORIENTED_EDGE('',*,*,#5539,.T.);
#5539 = EDGE_CURVE('',#1236,#5540,#5542,.T.);
#5540 = VERTEX_POINT('',#5541);
#5541 = CARTESIAN_POINT('',(223.56837639066,68.463936634628,50.));
#5542 = LINE('',#5543,#5544);
#5543 = CARTESIAN_POINT('',(223.56837639066,68.463936634628,59.495));
#5544 = VECTOR('',#5545,1.);
#5545 = DIRECTION('',(5.9E-16,3.E-16,-1.));
#5546 = ORIENTED_EDGE('',*,*,#5547,.F.);
#5547 = EDGE_CURVE('',#5492,#5540,#5548,.T.);
#5548 = LINE('',#5549,#5550);
#5549 = CARTESIAN_POINT('',(219.40667082324,72.625642202046,50.));
#5550 = VECTOR('',#5551,1.);
#5551 = DIRECTION('',(-0.707106781187,0.707106781187,0.));
#5552 = PLANE('',#5553);
#5553 = AXIS2_PLACEMENT_3D('',#5554,#5555,#5556);
#5554 = CARTESIAN_POINT('',(224.7881355882,67.244177437082,59.495));
#5555 = DIRECTION('',(-0.707106781187,-0.707106781187,-6.3E-16));
#5556 = DIRECTION('',(-0.707106781187,0.707106781187,-2.1E-16));
#5557 = ADVANCED_FACE('',(#5558),#5576,.T.);
#5558 = FACE_BOUND('',#5559,.T.);
#5559 = EDGE_LOOP('',(#5560,#5568,#5569,#5570));
#5560 = ORIENTED_EDGE('',*,*,#5561,.F.);
#5561 = EDGE_CURVE('',#1428,#5562,#5564,.T.);
#5562 = VERTEX_POINT('',#5563);
#5563 = CARTESIAN_POINT('',(199.26158078737,75.375905420727,50.));
#5564 = LINE('',#5565,#5566);
#5565 = CARTESIAN_POINT('',(199.26158078737,75.375905420727,59.495));
#5566 = VECTOR('',#5567,1.);
#5567 = DIRECTION('',(5.9E-16,3.E-16,-1.));
#5568 = ORIENTED_EDGE('',*,*,#1435,.T.);
#5569 = ORIENTED_EDGE('',*,*,#5513,.T.);
#5570 = ORIENTED_EDGE('',*,*,#5571,.F.);
#5571 = EDGE_CURVE('',#5562,#5514,#5572,.T.);
#5572 = LINE('',#5573,#5574);
#5573 = CARTESIAN_POINT('',(201.51514754296,77.629472176318,50.));
#5574 = VECTOR('',#5575,1.);
#5575 = DIRECTION('',(0.707106781187,0.707106781187,0.));
#5576 = PLANE('',#5577);
#5577 = AXIS2_PLACEMENT_3D('',#5578,#5579,#5580);
#5578 = CARTESIAN_POINT('',(199.26158078737,75.375905420727,59.495));
#5579 = DIRECTION('',(-0.707106781187,0.707106781187,-2.1E-16));
#5580 = DIRECTION('',(0.707106781187,0.707106781187,8.E-16));
#5581 = ADVANCED_FACE('',(#5582),#5600,.T.);
#5582 = FACE_BOUND('',#5583,.T.);
#5583 = EDGE_LOOP('',(#5584,#5585,#5586,#5594));
#5584 = ORIENTED_EDGE('',*,*,#5539,.F.);
#5585 = ORIENTED_EDGE('',*,*,#1243,.T.);
#5586 = ORIENTED_EDGE('',*,*,#5587,.T.);
#5587 = EDGE_CURVE('',#1244,#5588,#5590,.T.);
#5588 = VERTEX_POINT('',#5589);
#5589 = CARTESIAN_POINT('',(224.41690452808,69.312464772052,50.));
#5590 = LINE('',#5591,#5592);
#5591 = CARTESIAN_POINT('',(224.41690452808,69.312464772052,59.495));
#5592 = VECTOR('',#5593,1.);
#5593 = DIRECTION('',(5.9E-16,3.E-16,-1.));
#5594 = ORIENTED_EDGE('',*,*,#5595,.F.);
#5595 = EDGE_CURVE('',#5540,#5588,#5596,.T.);
#5596 = LINE('',#5597,#5598);
#5597 = CARTESIAN_POINT('',(221.47323644195,66.368796685923,50.));
#5598 = VECTOR('',#5599,1.);
#5599 = DIRECTION('',(0.707106781187,0.707106781187,0.));
#5600 = PLANE('',#5601);
#5601 = AXIS2_PLACEMENT_3D('',#5602,#5603,#5604);
#5602 = CARTESIAN_POINT('',(223.56837639066,68.463936634628,59.495));
#5603 = DIRECTION('',(-0.707106781187,0.707106781187,-2.1E-16));
#5604 = DIRECTION('',(0.707106781187,0.707106781187,8.E-16));
#5605 = ADVANCED_FACE('',(#5606),#5624,.T.);
#5606 = FACE_BOUND('',#5607,.T.);
#5607 = EDGE_LOOP('',(#5608,#5616,#5617,#5618));
#5608 = ORIENTED_EDGE('',*,*,#5609,.F.);
#5609 = EDGE_CURVE('',#1420,#5610,#5612,.T.);
#5610 = VERTEX_POINT('',#5611);
#5611 = CARTESIAN_POINT('',(194.48861001436,80.148876193736,50.));
#5612 = LINE('',#5613,#5614);
#5613 = CARTESIAN_POINT('',(194.48861001436,80.148876193736,59.495));
#5614 = VECTOR('',#5615,1.);
#5615 = DIRECTION('',(5.9E-16,3.E-16,-1.));
#5616 = ORIENTED_EDGE('',*,*,#1427,.T.);
#5617 = ORIENTED_EDGE('',*,*,#5561,.T.);
#5618 = ORIENTED_EDGE('',*,*,#5619,.F.);
#5619 = EDGE_CURVE('',#5610,#5562,#5620,.T.);
#5620 = LINE('',#5621,#5622);
#5621 = CARTESIAN_POINT('',(199.90820133202,74.729284876077,50.));
#5622 = VECTOR('',#5623,1.);
#5623 = DIRECTION('',(0.707106781187,-0.707106781187,0.));
#5624 = PLANE('',#5625);
#5625 = AXIS2_PLACEMENT_3D('',#5626,#5627,#5628);
#5626 = CARTESIAN_POINT('',(194.48861001436,80.148876193736,59.495));
#5627 = DIRECTION('',(0.707106781187,0.707106781187,6.3E-16));
#5628 = DIRECTION('',(0.707106781187,-0.707106781187,2.1E-16));
#5629 = ADVANCED_FACE('',(#5630),#5648,.T.);
#5630 = FACE_BOUND('',#5631,.T.);
#5631 = EDGE_LOOP('',(#5632,#5633,#5634,#5642));
#5632 = ORIENTED_EDGE('',*,*,#5587,.F.);
#5633 = ORIENTED_EDGE('',*,*,#1251,.T.);
#5634 = ORIENTED_EDGE('',*,*,#5635,.T.);
#5635 = EDGE_CURVE('',#1252,#5636,#5638,.T.);
#5636 = VERTEX_POINT('',#5637);
#5637 = CARTESIAN_POINT('',(222.08345215017,71.645917149968,50.));
#5638 = LINE('',#5639,#5640);
#5639 = CARTESIAN_POINT('',(222.08345215017,71.645917149968,59.495));
#5640 = VECTOR('',#5641,1.);
#5641 = DIRECTION('',(5.9E-16,3.E-16,-1.));
#5642 = ORIENTED_EDGE('',*,*,#5643,.F.);
#5643 = EDGE_CURVE('',#5588,#5636,#5644,.T.);
#5644 = LINE('',#5645,#5646);
#5645 = CARTESIAN_POINT('',(219.64531936189,74.084049938244,50.));
#5646 = VECTOR('',#5647,1.);
#5647 = DIRECTION('',(-0.707106781187,0.707106781187,0.));
#5648 = PLANE('',#5649);
#5649 = AXIS2_PLACEMENT_3D('',#5650,#5651,#5652);
#5650 = CARTESIAN_POINT('',(224.41690452808,69.312464772052,59.495));
#5651 = DIRECTION('',(-0.707106781187,-0.707106781187,-6.3E-16));
#5652 = DIRECTION('',(-0.707106781187,0.707106781187,-2.1E-16));
#5653 = ADVANCED_FACE('',(#5654),#5672,.T.);
#5654 = FACE_BOUND('',#5655,.T.);
#5655 = EDGE_LOOP('',(#5656,#5664,#5665,#5666));
#5656 = ORIENTED_EDGE('',*,*,#5657,.F.);
#5657 = EDGE_CURVE('',#1412,#5658,#5660,.T.);
#5658 = VERTEX_POINT('',#5659);
#5659 = CARTESIAN_POINT('',(196.77256491759,82.432831096969,50.));
#5660 = LINE('',#5661,#5662);
#5661 = CARTESIAN_POINT('',(196.77256491759,82.432831096969,59.495));
#5662 = VECTOR('',#5663,1.);
#5663 = DIRECTION('',(5.9E-16,3.E-16,-1.));
#5664 = ORIENTED_EDGE('',*,*,#1419,.T.);
#5665 = ORIENTED_EDGE('',*,*,#5609,.T.);
#5666 = ORIENTED_EDGE('',*,*,#5667,.F.);
#5667 = EDGE_CURVE('',#5658,#5610,#5668,.T.);
#5668 = LINE('',#5669,#5670);
#5669 = CARTESIAN_POINT('',(197.88415422157,83.544420400944,50.));
#5670 = VECTOR('',#5671,1.);
#5671 = DIRECTION('',(-0.707106781187,-0.707106781187,0.));
#5672 = PLANE('',#5673);
#5673 = AXIS2_PLACEMENT_3D('',#5674,#5675,#5676);
#5674 = CARTESIAN_POINT('',(196.77256491759,82.432831096969,59.495));
#5675 = DIRECTION('',(0.707106781187,-0.707106781187,2.1E-16));
#5676 = DIRECTION('',(-0.707106781187,-0.707106781187,-8.E-16));
#5677 = ADVANCED_FACE('',(#5678),#5696,.T.);
#5678 = FACE_BOUND('',#5679,.T.);
#5679 = EDGE_LOOP('',(#5680,#5681,#5682,#5690));
#5680 = ORIENTED_EDGE('',*,*,#5635,.F.);
#5681 = ORIENTED_EDGE('',*,*,#1259,.T.);
#5682 = ORIENTED_EDGE('',*,*,#5683,.T.);
#5683 = EDGE_CURVE('',#1260,#5684,#5686,.T.);
#5684 = VERTEX_POINT('',#5685);
#5685 = CARTESIAN_POINT('',(221.23492401274,70.797389012544,50.));
#5686 = LINE('',#5687,#5688);
#5687 = CARTESIAN_POINT('',(221.23492401274,70.797389012544,59.495));
#5688 = VECTOR('',#5689,1.);
#5689 = DIRECTION('',(5.9E-16,3.E-16,-1.));
#5690 = ORIENTED_EDGE('',*,*,#5691,.F.);
#5691 = EDGE_CURVE('',#5636,#5684,#5692,.T.);
#5692 = LINE('',#5693,#5694);
#5693 = CARTESIAN_POINT('',(219.56404813275,69.12651313255,50.));
#5694 = VECTOR('',#5695,1.);
#5695 = DIRECTION('',(-0.707106781187,-0.707106781187,0.));
#5696 = PLANE('',#5697);
#5697 = AXIS2_PLACEMENT_3D('',#5698,#5699,#5700);
#5698 = CARTESIAN_POINT('',(222.08345215017,71.645917149968,59.495));
#5699 = DIRECTION('',(0.707106781187,-0.707106781187,2.1E-16));
#5700 = DIRECTION('',(-0.707106781187,-0.707106781187,-8.E-16));
#5701 = ADVANCED_FACE('',(#5702),#5720,.T.);
#5702 = FACE_BOUND('',#5703,.T.);
#5703 = EDGE_LOOP('',(#5704,#5712,#5713,#5714));
#5704 = ORIENTED_EDGE('',*,*,#5705,.F.);
#5705 = EDGE_CURVE('',#1404,#5706,#5708,.T.);
#5706 = VERTEX_POINT('',#5707);
#5707 = CARTESIAN_POINT('',(196.18920182311,83.016194191447,50.));
#5708 = LINE('',#5709,#5710);
#5709 = CARTESIAN_POINT('',(196.18920182311,83.016194191447,59.495));
#5710 = VECTOR('',#5711,1.);
#5711 = DIRECTION('',(5.9E-16,3.E-16,-1.));
#5712 = ORIENTED_EDGE('',*,*,#1411,.T.);
#5713 = ORIENTED_EDGE('',*,*,#5657,.T.);
#5714 = ORIENTED_EDGE('',*,*,#5715,.F.);
#5715 = EDGE_CURVE('',#5706,#5658,#5716,.T.);
#5716 = LINE('',#5717,#5718);
#5717 = CARTESIAN_POINT('',(201.90047468801,77.304921326548,50.));
#5718 = VECTOR('',#5719,1.);
#5719 = DIRECTION('',(0.707106781187,-0.707106781187,0.));
#5720 = PLANE('',#5721);
#5721 = AXIS2_PLACEMENT_3D('',#5722,#5723,#5724);
#5722 = CARTESIAN_POINT('',(196.18920182311,83.016194191447,59.495));
#5723 = DIRECTION('',(0.707106781187,0.707106781187,6.3E-16));
#5724 = DIRECTION('',(0.707106781187,-0.707106781187,2.1E-16));
#5725 = ADVANCED_FACE('',(#5726),#5744,.T.);
#5726 = FACE_BOUND('',#5727,.T.);
#5727 = EDGE_LOOP('',(#5728,#5729,#5730,#5738));
#5728 = ORIENTED_EDGE('',*,*,#5683,.F.);
#5729 = ORIENTED_EDGE('',*,*,#1267,.T.);
#5730 = ORIENTED_EDGE('',*,*,#5731,.T.);
#5731 = EDGE_CURVE('',#1268,#5732,#5734,.T.);
#5732 = VERTEX_POINT('',#5733);
#5733 = CARTESIAN_POINT('',(220.0151648152,72.017148210091,50.));
#5734 = LINE('',#5735,#5736);
#5735 = CARTESIAN_POINT('',(220.0151648152,72.017148210091,59.495));
#5736 = VECTOR('',#5737,1.);
#5737 = DIRECTION('',(5.9E-16,3.E-16,-1.));
#5738 = ORIENTED_EDGE('',*,*,#5739,.F.);
#5739 = EDGE_CURVE('',#5684,#5732,#5740,.T.);
#5740 = LINE('',#5741,#5742);
#5741 = CARTESIAN_POINT('',(217.63006503551,74.402247989778,50.));
#5742 = VECTOR('',#5743,1.);
#5743 = DIRECTION('',(-0.707106781187,0.707106781187,0.));
#5744 = PLANE('',#5745);
#5745 = AXIS2_PLACEMENT_3D('',#5746,#5747,#5748);
#5746 = CARTESIAN_POINT('',(221.23492401274,70.797389012544,59.495));
#5747 = DIRECTION('',(-0.707106781187,-0.707106781187,-6.3E-16));
#5748 = DIRECTION('',(-0.707106781187,0.707106781187,-2.1E-16));
#5749 = ADVANCED_FACE('',(#5750),#5768,.T.);
#5750 = FACE_BOUND('',#5751,.T.);
#5751 = EDGE_LOOP('',(#5752,#5760,#5761,#5762));
#5752 = ORIENTED_EDGE('',*,*,#5753,.F.);
#5753 = EDGE_CURVE('',#1396,#5754,#5756,.T.);
#5754 = VERTEX_POINT('',#5755);
#5755 = CARTESIAN_POINT('',(198.15849420872,84.985486577052,50.));
#5756 = LINE('',#5757,#5758);
#5757 = CARTESIAN_POINT('',(198.15849420872,84.985486577052,59.495));
#5758 = VECTOR('',#5759,1.);
#5759 = DIRECTION('',(5.9E-16,3.E-16,-1.));
#5760 = ORIENTED_EDGE('',*,*,#1403,.T.);
#5761 = ORIENTED_EDGE('',*,*,#5705,.T.);
#5762 = ORIENTED_EDGE('',*,*,#5763,.F.);
#5763 = EDGE_CURVE('',#5754,#5706,#5764,.T.);
#5764 = LINE('',#5765,#5766);
#5765 = CARTESIAN_POINT('',(198.28543731989,85.112429688225,50.));
#5766 = VECTOR('',#5767,1.);
#5767 = DIRECTION('',(-0.707106781187,-0.707106781187,0.));
#5768 = PLANE('',#5769);
#5769 = AXIS2_PLACEMENT_3D('',#5770,#5771,#5772);
#5770 = CARTESIAN_POINT('',(198.15849420872,84.985486577052,59.495));
#5771 = DIRECTION('',(0.707106781187,-0.707106781187,2.1E-16));
#5772 = DIRECTION('',(-0.707106781187,-0.707106781187,-8.E-16));
#5773 = ADVANCED_FACE('',(#5774),#5792,.T.);
#5774 = FACE_BOUND('',#5775,.T.);
#5775 = EDGE_LOOP('',(#5776,#5777,#5778,#5786));
#5776 = ORIENTED_EDGE('',*,*,#5731,.F.);
#5777 = ORIENTED_EDGE('',*,*,#1275,.T.);
#5778 = ORIENTED_EDGE('',*,*,#5779,.T.);
#5779 = EDGE_CURVE('',#1276,#5780,#5782,.T.);
#5780 = VERTEX_POINT('',#5781);
#5781 = CARTESIAN_POINT('',(216.85439750329,68.856380898187,50.));
#5782 = LINE('',#5783,#5784);
#5783 = CARTESIAN_POINT('',(216.85439750329,68.856380898187,59.495));
#5784 = VECTOR('',#5785,1.);
#5785 = DIRECTION('',(5.9E-16,3.E-16,-1.));
#5786 = ORIENTED_EDGE('',*,*,#5787,.F.);
#5787 = EDGE_CURVE('',#5732,#5780,#5788,.T.);
#5788 = LINE('',#5789,#5790);
#5789 = CARTESIAN_POINT('',(217.92002486649,69.922008261385,50.));
#5790 = VECTOR('',#5791,1.);
#5791 = DIRECTION('',(-0.707106781187,-0.707106781187,0.));
#5792 = PLANE('',#5793);
#5793 = AXIS2_PLACEMENT_3D('',#5794,#5795,#5796);
#5794 = CARTESIAN_POINT('',(220.0151648152,72.017148210091,59.495));
#5795 = DIRECTION('',(0.707106781187,-0.707106781187,2.1E-16));
#5796 = DIRECTION('',(-0.707106781187,-0.707106781187,-8.E-16));
#5797 = ADVANCED_FACE('',(#5798),#5816,.T.);
#5798 = FACE_BOUND('',#5799,.T.);
#5799 = EDGE_LOOP('',(#5800,#5808,#5809,#5810));
#5800 = ORIENTED_EDGE('',*,*,#5801,.F.);
#5801 = EDGE_CURVE('',#1388,#5802,#5804,.T.);
#5802 = VERTEX_POINT('',#5803);
#5803 = CARTESIAN_POINT('',(198.7418573032,84.402123482573,50.));
#5804 = LINE('',#5805,#5806);
#5805 = CARTESIAN_POINT('',(198.7418573032,84.402123482573,59.495));
#5806 = VECTOR('',#5807,1.);
#5807 = DIRECTION('',(5.9E-16,3.E-16,-1.));
#5808 = ORIENTED_EDGE('',*,*,#1395,.T.);
#5809 = ORIENTED_EDGE('',*,*,#5753,.T.);
#5810 = ORIENTED_EDGE('',*,*,#5811,.F.);
#5811 = EDGE_CURVE('',#5802,#5754,#5812,.T.);
#5812 = LINE('',#5813,#5814);
#5813 = CARTESIAN_POINT('',(204.16144862086,78.982532164914,50.));
#5814 = VECTOR('',#5815,1.);
#5815 = DIRECTION('',(-0.707106781187,0.707106781187,0.));
#5816 = PLANE('',#5817);
#5817 = AXIS2_PLACEMENT_3D('',#5818,#5819,#5820);
#5818 = CARTESIAN_POINT('',(198.7418573032,84.402123482573,59.495));
#5819 = DIRECTION('',(-0.707106781187,-0.707106781187,-6.3E-16));
#5820 = DIRECTION('',(-0.707106781187,0.707106781187,-2.1E-16));
#5821 = ADVANCED_FACE('',(#5822),#5840,.T.);
#5822 = FACE_BOUND('',#5823,.T.);
#5823 = EDGE_LOOP('',(#5824,#5825,#5826,#5834));
#5824 = ORIENTED_EDGE('',*,*,#5779,.F.);
#5825 = ORIENTED_EDGE('',*,*,#1283,.T.);
#5826 = ORIENTED_EDGE('',*,*,#5827,.T.);
#5827 = EDGE_CURVE('',#1284,#5828,#5830,.T.);
#5828 = VERTEX_POINT('',#5829);
#5829 = CARTESIAN_POINT('',(215.77605966198,69.934718739496,50.));
#5830 = LINE('',#5831,#5832);
#5831 = CARTESIAN_POINT('',(215.77605966198,69.934718739496,59.495));
#5832 = VECTOR('',#5833,1.);
#5833 = DIRECTION('',(5.9E-16,3.E-16,-1.));
#5834 = ORIENTED_EDGE('',*,*,#5835,.F.);
#5835 = EDGE_CURVE('',#5780,#5828,#5836,.T.);
#5836 = LINE('',#5837,#5838);
#5837 = CARTESIAN_POINT('',(213.85941812483,71.851360276647,50.));
#5838 = VECTOR('',#5839,1.);
#5839 = DIRECTION('',(-0.707106781187,0.707106781187,0.));
#5840 = PLANE('',#5841);
#5841 = AXIS2_PLACEMENT_3D('',#5842,#5843,#5844);
#5842 = CARTESIAN_POINT('',(216.85439750329,68.856380898187,59.495));
#5843 = DIRECTION('',(-0.707106781187,-0.707106781187,-6.3E-16));
#5844 = DIRECTION('',(-0.707106781187,0.707106781187,-2.1E-16));
#5845 = ADVANCED_FACE('',(#5846),#5864,.T.);
#5846 = FACE_BOUND('',#5847,.T.);
#5847 = EDGE_LOOP('',(#5848,#5856,#5857,#5858));
#5848 = ORIENTED_EDGE('',*,*,#5849,.F.);
#5849 = EDGE_CURVE('',#1380,#5850,#5852,.T.);
#5850 = VERTEX_POINT('',#5851);
#5851 = CARTESIAN_POINT('',(203.18602342296,88.846289602331,50.));
#5852 = LINE('',#5853,#5854);
#5853 = CARTESIAN_POINT('',(203.18602342296,88.846289602331,59.495));
#5854 = VECTOR('',#5855,1.);
#5855 = DIRECTION('',(5.9E-16,3.E-16,-1.));
#5856 = ORIENTED_EDGE('',*,*,#1387,.T.);
#5857 = ORIENTED_EDGE('',*,*,#5801,.T.);
#5858 = ORIENTED_EDGE('',*,*,#5859,.F.);
#5859 = EDGE_CURVE('',#5850,#5802,#5860,.T.);
#5860 = LINE('',#5861,#5862);
#5861 = CARTESIAN_POINT('',(201.09088347425,86.751149653625,50.));
#5862 = VECTOR('',#5863,1.);
#5863 = DIRECTION('',(-0.707106781187,-0.707106781187,0.));
#5864 = PLANE('',#5865);
#5865 = AXIS2_PLACEMENT_3D('',#5866,#5867,#5868);
#5866 = CARTESIAN_POINT('',(203.18602342296,88.846289602331,59.495));
#5867 = DIRECTION('',(0.707106781187,-0.707106781187,2.1E-16));
#5868 = DIRECTION('',(-0.707106781187,-0.707106781187,-8.E-16));
#5869 = ADVANCED_FACE('',(#5870),#5888,.T.);
#5870 = FACE_BOUND('',#5871,.T.);
#5871 = EDGE_LOOP('',(#5872,#5873,#5874,#5882));
#5872 = ORIENTED_EDGE('',*,*,#5827,.F.);
#5873 = ORIENTED_EDGE('',*,*,#1291,.T.);
#5874 = ORIENTED_EDGE('',*,*,#5875,.T.);
#5875 = EDGE_CURVE('',#1292,#5876,#5878,.T.);
#5876 = VERTEX_POINT('',#5877);
#5877 = CARTESIAN_POINT('',(219.09946153356,73.258120611073,50.));
#5878 = LINE('',#5879,#5880);
#5879 = CARTESIAN_POINT('',(219.09946153356,73.258120611073,59.495));
#5880 = VECTOR('',#5881,1.);
#5881 = DIRECTION('',(5.9E-16,3.E-16,-1.));
#5882 = ORIENTED_EDGE('',*,*,#5883,.F.);
#5883 = EDGE_CURVE('',#5828,#5876,#5884,.T.);
#5884 = LINE('',#5885,#5886);
#5885 = CARTESIAN_POINT('',(215.26130336923,69.419962446742,50.));
#5886 = VECTOR('',#5887,1.);
#5887 = DIRECTION('',(0.707106781187,0.707106781187,0.));
#5888 = PLANE('',#5889);
#5889 = AXIS2_PLACEMENT_3D('',#5890,#5891,#5892);
#5890 = CARTESIAN_POINT('',(215.77605966198,69.934718739496,59.495));
#5891 = DIRECTION('',(-0.707106781187,0.707106781187,-2.1E-16));
#5892 = DIRECTION('',(0.707106781187,0.707106781187,8.E-16));
#5893 = ADVANCED_FACE('',(#5894),#5912,.T.);
#5894 = FACE_BOUND('',#5895,.T.);
#5895 = EDGE_LOOP('',(#5896,#5904,#5905,#5906));
#5896 = ORIENTED_EDGE('',*,*,#5897,.F.);
#5897 = EDGE_CURVE('',#1372,#5898,#5900,.T.);
#5898 = VERTEX_POINT('',#5899);
#5899 = CARTESIAN_POINT('',(204.4057826205,87.626530404784,50.));
#5900 = LINE('',#5901,#5902);
#5901 = CARTESIAN_POINT('',(204.4057826205,87.626530404784,59.495));
#5902 = VECTOR('',#5903,1.);
#5903 = DIRECTION('',(5.9E-16,3.E-16,-1.));
#5904 = ORIENTED_EDGE('',*,*,#1379,.T.);
#5905 = ORIENTED_EDGE('',*,*,#5849,.T.);
#5906 = ORIENTED_EDGE('',*,*,#5907,.F.);
#5907 = EDGE_CURVE('',#5898,#5850,#5908,.T.);
#5908 = LINE('',#5909,#5910);
#5909 = CARTESIAN_POINT('',(209.21549433939,82.816818685898,50.));
#5910 = VECTOR('',#5911,1.);
#5911 = DIRECTION('',(-0.707106781187,0.707106781187,0.));
#5912 = PLANE('',#5913);
#5913 = AXIS2_PLACEMENT_3D('',#5914,#5915,#5916);
#5914 = CARTESIAN_POINT('',(204.4057826205,87.626530404784,59.495));
#5915 = DIRECTION('',(-0.707106781187,-0.707106781187,-6.3E-16));
#5916 = DIRECTION('',(-0.707106781187,0.707106781187,-2.1E-16));
#5917 = ADVANCED_FACE('',(#5918),#5936,.T.);
#5918 = FACE_BOUND('',#5919,.T.);
#5919 = EDGE_LOOP('',(#5920,#5921,#5922,#5930));
#5920 = ORIENTED_EDGE('',*,*,#5875,.F.);
#5921 = ORIENTED_EDGE('',*,*,#1299,.T.);
#5922 = ORIENTED_EDGE('',*,*,#5923,.T.);
#5923 = EDGE_CURVE('',#1300,#5924,#5926,.T.);
#5924 = VERTEX_POINT('',#5925);
#5925 = CARTESIAN_POINT('',(219.09445054062,73.263131604012,50.));
#5926 = LINE('',#5927,#5928);
#5927 = CARTESIAN_POINT('',(219.09445054062,73.263131604012,53.9975));
#5928 = VECTOR('',#5929,1.);
#5929 = DIRECTION('',(4.5E-16,4.5E-16,-1.));
#5930 = ORIENTED_EDGE('',*,*,#5931,.F.);
#5931 = EDGE_CURVE('',#5876,#5924,#5932,.T.);
#5932 = LINE('',#5933,#5934);
#5933 = CARTESIAN_POINT('',(216.64365107575,75.713931068879,50.));
#5934 = VECTOR('',#5935,1.);
#5935 = DIRECTION('',(-0.707106781187,0.707106781187,0.));
#5936 = PLANE('',#5937);
#5937 = AXIS2_PLACEMENT_3D('',#5938,#5939,#5940);
#5938 = CARTESIAN_POINT('',(219.09946153356,73.258120611073,59.495));
#5939 = DIRECTION('',(-0.707106781187,-0.707106781187,-6.3E-16));
#5940 = DIRECTION('',(-0.707106781187,0.707106781187,-2.1E-16));
#5941 = ADVANCED_FACE('',(#5942),#5960,.T.);
#5942 = FACE_BOUND('',#5943,.T.);
#5943 = EDGE_LOOP('',(#5944,#5952,#5953,#5954));
#5944 = ORIENTED_EDGE('',*,*,#5945,.F.);
#5945 = EDGE_CURVE('',#1364,#5946,#5948,.T.);
#5946 = VERTEX_POINT('',#5947);
#5947 = CARTESIAN_POINT('',(205.25431075793,88.475058542208,50.));
#5948 = LINE('',#5949,#5950);
#5949 = CARTESIAN_POINT('',(205.25431075793,88.475058542208,59.495));
#5950 = VECTOR('',#5951,1.);
#5951 = DIRECTION('',(5.9E-16,3.E-16,-1.));
#5952 = ORIENTED_EDGE('',*,*,#1371,.T.);
#5953 = ORIENTED_EDGE('',*,*,#5897,.T.);
#5954 = ORIENTED_EDGE('',*,*,#5955,.F.);
#5955 = EDGE_CURVE('',#5946,#5898,#5956,.T.);
#5956 = LINE('',#5957,#5958);
#5957 = CARTESIAN_POINT('',(202.73490674051,85.95565452479,50.));
#5958 = VECTOR('',#5959,1.);
#5959 = DIRECTION('',(-0.707106781187,-0.707106781187,0.));
#5960 = PLANE('',#5961);
#5961 = AXIS2_PLACEMENT_3D('',#5962,#5963,#5964);
#5962 = CARTESIAN_POINT('',(205.25431075793,88.475058542208,59.495));
#5963 = DIRECTION('',(0.707106781187,-0.707106781187,2.1E-16));
#5964 = DIRECTION('',(-0.707106781187,-0.707106781187,-8.E-16));
#5965 = ADVANCED_FACE('',(#5966),#5984,.T.);
#5966 = FACE_BOUND('',#5967,.T.);
#5967 = EDGE_LOOP('',(#5968,#5976,#5982,#5983));
#5968 = ORIENTED_EDGE('',*,*,#5969,.F.);
#5969 = EDGE_CURVE('',#5970,#1308,#5972,.T.);
#5970 = VERTEX_POINT('',#5971);
#5971 = CARTESIAN_POINT('',(219.44949493661,73.618176,50.));
#5972 = LINE('',#5973,#5974);
#5973 = CARTESIAN_POINT('',(219.44949493661,73.618176,48.5));
#5974 = VECTOR('',#5975,1.);
#5975 = DIRECTION('',(0.,0.,1.));
#5976 = ORIENTED_EDGE('',*,*,#5977,.F.);
#5977 = EDGE_CURVE('',#5924,#5970,#5978,.T.);
#5978 = LINE('',#5979,#5980);
#5979 = CARTESIAN_POINT('',(217.09551551007,71.264196573464,50.));
#5980 = VECTOR('',#5981,1.);
#5981 = DIRECTION('',(0.707106781187,0.707106781187,0.));
#5982 = ORIENTED_EDGE('',*,*,#5923,.F.);
#5983 = ORIENTED_EDGE('',*,*,#1307,.T.);
#5984 = PLANE('',#5985);
#5985 = AXIS2_PLACEMENT_3D('',#5986,#5987,#5988);
#5986 = CARTESIAN_POINT('',(219.44949493661,73.618176,48.5));
#5987 = DIRECTION('',(-0.707106781187,0.707106781187,0.));
#5988 = DIRECTION('',(0.,0.,1.));
#5989 = ADVANCED_FACE('',(#5990),#6008,.T.);
#5990 = FACE_BOUND('',#5991,.T.);
#5991 = EDGE_LOOP('',(#5992,#6000,#6001,#6002));
#5992 = ORIENTED_EDGE('',*,*,#5993,.F.);
#5993 = EDGE_CURVE('',#1356,#5994,#5996,.T.);
#5994 = VERTEX_POINT('',#5995);
#5995 = CARTESIAN_POINT('',(207.58776313584,86.141606164292,50.));
#5996 = LINE('',#5997,#5998);
#5997 = CARTESIAN_POINT('',(207.58776313584,86.141606164292,59.495));
#5998 = VECTOR('',#5999,1.);
#5999 = DIRECTION('',(5.9E-16,3.E-16,-1.));
#6000 = ORIENTED_EDGE('',*,*,#1363,.T.);
#6001 = ORIENTED_EDGE('',*,*,#5945,.T.);
#6002 = ORIENTED_EDGE('',*,*,#6003,.F.);
#6003 = EDGE_CURVE('',#5994,#5946,#6004,.T.);
#6004 = LINE('',#6005,#6006);
#6005 = CARTESIAN_POINT('',(211.23074866577,82.498620634364,50.));
#6006 = VECTOR('',#6007,1.);
#6007 = DIRECTION('',(-0.707106781187,0.707106781187,0.));
#6008 = PLANE('',#6009);
#6009 = AXIS2_PLACEMENT_3D('',#6010,#6011,#6012);
#6010 = CARTESIAN_POINT('',(207.58776313584,86.141606164292,59.495));
#6011 = DIRECTION('',(-0.707106781187,-0.707106781187,-6.3E-16));
#6012 = DIRECTION('',(-0.707106781187,0.707106781187,-2.1E-16));
#6013 = ADVANCED_FACE('',(#6014),#6032,.T.);
#6014 = FACE_BOUND('',#6015,.T.);
#6015 = EDGE_LOOP('',(#6016,#6024,#6030,#6031));
#6016 = ORIENTED_EDGE('',*,*,#6017,.F.);
#6017 = EDGE_CURVE('',#6018,#1316,#6020,.T.);
#6018 = VERTEX_POINT('',#6019);
#6019 = CARTESIAN_POINT('',(209.55,83.517670936612,50.));
#6020 = LINE('',#6021,#6022);
#6021 = CARTESIAN_POINT('',(209.55,83.517670936612,48.5));
#6022 = VECTOR('',#6023,1.);
#6023 = DIRECTION('',(0.,0.,1.));
#6024 = ORIENTED_EDGE('',*,*,#6025,.F.);
#6025 = EDGE_CURVE('',#5970,#6018,#6026,.T.);
#6026 = LINE('',#6027,#6028);
#6027 = CARTESIAN_POINT('',(216.99618997527,76.071480961336,50.));
#6028 = VECTOR('',#6029,1.);
#6029 = DIRECTION('',(-0.707106781187,0.707106781187,0.));
#6030 = ORIENTED_EDGE('',*,*,#5969,.T.);
#6031 = ORIENTED_EDGE('',*,*,#1315,.T.);
#6032 = PLANE('',#6033);
#6033 = AXIS2_PLACEMENT_3D('',#6034,#6035,#6036);
#6034 = CARTESIAN_POINT('',(219.44949493661,73.618176,48.5));
#6035 = DIRECTION('',(-0.707106781187,-0.707106781187,0.));
#6036 = DIRECTION('',(0.,0.,1.));
#6037 = ADVANCED_FACE('',(#6038),#6056,.T.);
#6038 = FACE_BOUND('',#6039,.T.);
#6039 = EDGE_LOOP('',(#6040,#6048,#6049,#6050));
#6040 = ORIENTED_EDGE('',*,*,#6041,.F.);
#6041 = EDGE_CURVE('',#1348,#6042,#6044,.T.);
#6042 = VERTEX_POINT('',#6043);
#6043 = CARTESIAN_POINT('',(206.73923499842,85.293078026868,50.));
#6044 = LINE('',#6045,#6046);
#6045 = CARTESIAN_POINT('',(206.73923499842,85.293078026868,59.495));
#6046 = VECTOR('',#6047,1.);
#6047 = DIRECTION('',(5.9E-16,3.E-16,-1.));
#6048 = ORIENTED_EDGE('',*,*,#1355,.T.);
#6049 = ORIENTED_EDGE('',*,*,#5993,.T.);
#6050 = ORIENTED_EDGE('',*,*,#6051,.F.);
#6051 = EDGE_CURVE('',#6042,#5994,#6052,.T.);
#6052 = LINE('',#6053,#6054);
#6053 = CARTESIAN_POINT('',(204.64409504971,83.197938078162,50.));
#6054 = VECTOR('',#6055,1.);
#6055 = DIRECTION('',(0.707106781187,0.707106781187,0.));
#6056 = PLANE('',#6057);
#6057 = AXIS2_PLACEMENT_3D('',#6058,#6059,#6060);
#6058 = CARTESIAN_POINT('',(206.73923499842,85.293078026868,59.495));
#6059 = DIRECTION('',(-0.707106781187,0.707106781187,-2.1E-16));
#6060 = DIRECTION('',(0.707106781187,0.707106781187,8.E-16));
#6061 = ADVANCED_FACE('',(#6062),#6080,.F.);
#6062 = FACE_BOUND('',#6063,.F.);
#6063 = EDGE_LOOP('',(#6064,#6065,#6073,#6079));
#6064 = ORIENTED_EDGE('',*,*,#6017,.F.);
#6065 = ORIENTED_EDGE('',*,*,#6066,.F.);
#6066 = EDGE_CURVE('',#6067,#6018,#6069,.T.);
#6067 = VERTEX_POINT('',#6068);
#6068 = CARTESIAN_POINT('',(205.87155373243,79.839224669047,50.));
#6069 = LINE('',#6070,#6071);
#6070 = CARTESIAN_POINT('',(207.19602057346,81.163691510076,50.));
#6071 = VECTOR('',#6072,1.);
#6072 = DIRECTION('',(0.707106781187,0.707106781187,0.));
#6073 = ORIENTED_EDGE('',*,*,#6074,.F.);
#6074 = EDGE_CURVE('',#1324,#6067,#6075,.T.);
#6075 = LINE('',#6076,#6077);
#6076 = CARTESIAN_POINT('',(205.87155373243,79.839224669047,53.9975));
#6077 = VECTOR('',#6078,1.);
#6078 = DIRECTION('',(4.5E-16,4.5E-16,-1.));
#6079 = ORIENTED_EDGE('',*,*,#1323,.T.);
#6080 = PLANE('',#6081);
#6081 = AXIS2_PLACEMENT_3D('',#6082,#6083,#6084);
#6082 = CARTESIAN_POINT('',(209.55,83.517670936612,48.5));
#6083 = DIRECTION('',(-0.707106781187,0.707106781187,0.));
#6084 = DIRECTION('',(0.,0.,1.));
#6085 = ADVANCED_FACE('',(#6086),#6104,.T.);
#6086 = FACE_BOUND('',#6087,.T.);
#6087 = EDGE_LOOP('',(#6088,#6096,#6097,#6098));
#6088 = ORIENTED_EDGE('',*,*,#6089,.F.);
#6089 = EDGE_CURVE('',#1340,#6090,#6092,.T.);
#6090 = VERTEX_POINT('',#6091);
#6091 = CARTESIAN_POINT('',(207.95899419596,84.073318829321,50.));
#6092 = LINE('',#6093,#6094);
#6093 = CARTESIAN_POINT('',(207.95899419596,84.073318829321,59.495));
#6094 = VECTOR('',#6095,1.);
#6095 = DIRECTION('',(5.9E-16,3.E-16,-1.));
#6096 = ORIENTED_EDGE('',*,*,#1347,.T.);
#6097 = ORIENTED_EDGE('',*,*,#6041,.T.);
#6098 = ORIENTED_EDGE('',*,*,#6099,.F.);
#6099 = EDGE_CURVE('',#6090,#6042,#6100,.T.);
#6100 = LINE('',#6101,#6102);
#6101 = CARTESIAN_POINT('',(210.99210012712,81.040212898166,50.));
#6102 = VECTOR('',#6103,1.);
#6103 = DIRECTION('',(-0.707106781187,0.707106781187,0.));
#6104 = PLANE('',#6105);
#6105 = AXIS2_PLACEMENT_3D('',#6106,#6107,#6108);
#6106 = CARTESIAN_POINT('',(207.95899419596,84.073318829321,59.495));
#6107 = DIRECTION('',(-0.707106781187,-0.707106781187,-6.3E-16));
#6108 = DIRECTION('',(-0.707106781187,0.707106781187,-2.1E-16));
#6109 = ADVANCED_FACE('',(#6110),#6128,.T.);
#6110 = FACE_BOUND('',#6111,.T.);
#6111 = EDGE_LOOP('',(#6112,#6113,#6114,#6122));
#6112 = ORIENTED_EDGE('',*,*,#6074,.F.);
#6113 = ORIENTED_EDGE('',*,*,#1331,.T.);
#6114 = ORIENTED_EDGE('',*,*,#6115,.T.);
#6115 = EDGE_CURVE('',#1332,#6116,#6118,.T.);
#6116 = VERTEX_POINT('',#6117);
#6117 = CARTESIAN_POINT('',(204.79822688406,80.912551517418,50.));
#6118 = LINE('',#6119,#6120);
#6119 = CARTESIAN_POINT('',(204.79822688406,80.912551517418,59.495));
#6120 = VECTOR('',#6121,1.);
#6121 = DIRECTION('',(5.9E-16,3.E-16,-1.));
#6122 = ORIENTED_EDGE('',*,*,#6123,.F.);
#6123 = EDGE_CURVE('',#6067,#6116,#6124,.T.);
#6124 = LINE('',#6125,#6126);
#6125 = CARTESIAN_POINT('',(208.37050173587,77.340276665608,50.));
#6126 = VECTOR('',#6127,1.);
#6127 = DIRECTION('',(-0.707106781187,0.707106781187,0.));
#6128 = PLANE('',#6129);
#6129 = AXIS2_PLACEMENT_3D('',#6130,#6131,#6132);
#6130 = CARTESIAN_POINT('',(205.87656472537,79.834213676108,59.495));
#6131 = DIRECTION('',(-0.707106781187,-0.707106781187,-6.3E-16));
#6132 = DIRECTION('',(-0.707106781187,0.707106781187,-2.1E-16));
#6133 = ADVANCED_FACE('',(#6134),#6145,.T.);
#6134 = FACE_BOUND('',#6135,.T.);
#6135 = EDGE_LOOP('',(#6136,#6137,#6138,#6139));
#6136 = ORIENTED_EDGE('',*,*,#6115,.F.);
#6137 = ORIENTED_EDGE('',*,*,#1339,.T.);
#6138 = ORIENTED_EDGE('',*,*,#6089,.T.);
#6139 = ORIENTED_EDGE('',*,*,#6140,.F.);
#6140 = EDGE_CURVE('',#6116,#6090,#6141,.T.);
#6141 = LINE('',#6142,#6143);
#6142 = CARTESIAN_POINT('',(204.28347059131,80.397795224664,50.));
#6143 = VECTOR('',#6144,1.);
#6144 = DIRECTION('',(0.707106781187,0.707106781187,0.));
#6145 = PLANE('',#6146);
#6146 = AXIS2_PLACEMENT_3D('',#6147,#6148,#6149);
#6147 = CARTESIAN_POINT('',(204.79822688406,80.912551517417,59.495));
#6148 = DIRECTION('',(-0.707106781187,0.707106781187,-2.1E-16));
#6149 = DIRECTION('',(0.707106781187,0.707106781187,8.E-16));
#6150 = ADVANCED_FACE('',(#6151),#6170,.F.);
#6151 = FACE_BOUND('',#6152,.F.);
#6152 = EDGE_LOOP('',(#6153,#6161,#6162,#6163));
#6153 = ORIENTED_EDGE('',*,*,#6154,.T.);
#6154 = EDGE_CURVE('',#6155,#1500,#6157,.T.);
#6155 = VERTEX_POINT('',#6156);
#6156 = CARTESIAN_POINT('',(228.34999856203,76.000001132489,49.51));
#6157 = LINE('',#6158,#6159);
#6158 = CARTESIAN_POINT('',(228.34999856203,76.000001132489,49.5));
#6159 = VECTOR('',#6160,1.);
#6160 = DIRECTION('',(0.,0.,1.));
#6161 = ORIENTED_EDGE('',*,*,#1499,.T.);
#6162 = ORIENTED_EDGE('',*,*,#6154,.F.);
#6163 = ORIENTED_EDGE('',*,*,#6164,.F.);
#6164 = EDGE_CURVE('',#6155,#6155,#6165,.T.);
#6165 = CIRCLE('',#6166,1.);
#6166 = AXIS2_PLACEMENT_3D('',#6167,#6168,#6169);
#6167 = CARTESIAN_POINT('',(227.34999856203,76.000001132488,49.51));
#6168 = DIRECTION('',(0.,-0.,-1.));
#6169 = DIRECTION('',(1.,-1.E-15,0.));
#6170 = CYLINDRICAL_SURFACE('',#6171,1.);
#6171 = AXIS2_PLACEMENT_3D('',#6172,#6173,#6174);
#6172 = CARTESIAN_POINT('',(227.34999856203,76.000001132489,49.5));
#6173 = DIRECTION('',(0.,0.,1.));
#6174 = DIRECTION('',(-1.,6.E-17,0.));
#6175 = ADVANCED_FACE('',(#6176),#6201,.T.);
#6176 = FACE_BOUND('',#6177,.T.);
#6177 = EDGE_LOOP('',(#6178,#6186,#6187,#6195));
#6178 = ORIENTED_EDGE('',*,*,#6179,.F.);
#6179 = EDGE_CURVE('',#1511,#6180,#6182,.T.);
#6180 = VERTEX_POINT('',#6181);
#6181 = CARTESIAN_POINT('',(273.7,66.618176,50.));
#6182 = LINE('',#6183,#6184);
#6183 = CARTESIAN_POINT('',(273.7,66.618176,59.495));
#6184 = VECTOR('',#6185,1.);
#6185 = DIRECTION('',(5.9E-16,3.E-16,-1.));
#6186 = ORIENTED_EDGE('',*,*,#1510,.T.);
#6187 = ORIENTED_EDGE('',*,*,#6188,.T.);
#6188 = EDGE_CURVE('',#1513,#6189,#6191,.T.);
#6189 = VERTEX_POINT('',#6190);
#6190 = CARTESIAN_POINT('',(273.7,80.618176,50.));
#6191 = LINE('',#6192,#6193);
#6192 = CARTESIAN_POINT('',(273.7,80.618176,59.495));
#6193 = VECTOR('',#6194,1.);
#6194 = DIRECTION('',(5.9E-16,3.E-16,-1.));
#6195 = ORIENTED_EDGE('',*,*,#6196,.F.);
#6196 = EDGE_CURVE('',#6180,#6189,#6197,.T.);
#6197 = LINE('',#6198,#6199);
#6198 = CARTESIAN_POINT('',(273.7,74.018176,50.));
#6199 = VECTOR('',#6200,1.);
#6200 = DIRECTION('',(1.E-15,1.,0.));
#6201 = PLANE('',#6202);
#6202 = AXIS2_PLACEMENT_3D('',#6203,#6204,#6205);
#6203 = CARTESIAN_POINT('',(273.7,66.618176,59.495));
#6204 = DIRECTION('',(-1.,1.E-15,-5.9E-16));
#6205 = DIRECTION('',(1.E-15,1.,0.));
#6206 = ADVANCED_FACE('',(#6207),#6225,.T.);
#6207 = FACE_BOUND('',#6208,.T.);
#6208 = EDGE_LOOP('',(#6209,#6217,#6218,#6219));
#6209 = ORIENTED_EDGE('',*,*,#6210,.F.);
#6210 = EDGE_CURVE('',#1529,#6211,#6213,.T.);
#6211 = VERTEX_POINT('',#6212);
#6212 = CARTESIAN_POINT('',(259.7,66.618176,50.));
#6213 = LINE('',#6214,#6215);
#6214 = CARTESIAN_POINT('',(259.7,66.618176,59.495));
#6215 = VECTOR('',#6216,1.);
#6216 = DIRECTION('',(5.9E-16,3.E-16,-1.));
#6217 = ORIENTED_EDGE('',*,*,#1536,.T.);
#6218 = ORIENTED_EDGE('',*,*,#6179,.T.);
#6219 = ORIENTED_EDGE('',*,*,#6220,.F.);
#6220 = EDGE_CURVE('',#6211,#6180,#6221,.T.);
#6221 = LINE('',#6222,#6223);
#6222 = CARTESIAN_POINT('',(267.1,66.618176,50.));
#6223 = VECTOR('',#6224,1.);
#6224 = DIRECTION('',(1.,-1.E-15,0.));
#6225 = PLANE('',#6226);
#6226 = AXIS2_PLACEMENT_3D('',#6227,#6228,#6229);
#6227 = CARTESIAN_POINT('',(259.7,66.618176,59.495));
#6228 = DIRECTION('',(1.E-15,1.,3.E-16));
#6229 = DIRECTION('',(1.,-1.E-15,0.));
#6230 = ADVANCED_FACE('',(#6231),#6249,.T.);
#6231 = FACE_BOUND('',#6232,.T.);
#6232 = EDGE_LOOP('',(#6233,#6234,#6235,#6243));
#6233 = ORIENTED_EDGE('',*,*,#6188,.F.);
#6234 = ORIENTED_EDGE('',*,*,#1520,.T.);
#6235 = ORIENTED_EDGE('',*,*,#6236,.T.);
#6236 = EDGE_CURVE('',#1521,#6237,#6239,.T.);
#6237 = VERTEX_POINT('',#6238);
#6238 = CARTESIAN_POINT('',(259.7,80.618176,50.));
#6239 = LINE('',#6240,#6241);
#6240 = CARTESIAN_POINT('',(259.7,80.618176,59.495));
#6241 = VECTOR('',#6242,1.);
#6242 = DIRECTION('',(5.9E-16,3.E-16,-1.));
#6243 = ORIENTED_EDGE('',*,*,#6244,.F.);
#6244 = EDGE_CURVE('',#6189,#6237,#6245,.T.);
#6245 = LINE('',#6246,#6247);
#6246 = CARTESIAN_POINT('',(274.1,80.618176,50.));
#6247 = VECTOR('',#6248,1.);
#6248 = DIRECTION('',(-1.,1.E-15,0.));
#6249 = PLANE('',#6250);
#6250 = AXIS2_PLACEMENT_3D('',#6251,#6252,#6253);
#6251 = CARTESIAN_POINT('',(273.7,80.618176,59.495));
#6252 = DIRECTION('',(-1.E-15,-1.,-3.E-16));
#6253 = DIRECTION('',(-1.,1.E-15,0.));
#6254 = ADVANCED_FACE('',(#6255),#6266,.T.);
#6255 = FACE_BOUND('',#6256,.T.);
#6256 = EDGE_LOOP('',(#6257,#6258,#6259,#6260));
#6257 = ORIENTED_EDGE('',*,*,#6236,.F.);
#6258 = ORIENTED_EDGE('',*,*,#1528,.T.);
#6259 = ORIENTED_EDGE('',*,*,#6210,.T.);
#6260 = ORIENTED_EDGE('',*,*,#6261,.F.);
#6261 = EDGE_CURVE('',#6237,#6211,#6262,.T.);
#6262 = LINE('',#6263,#6264);
#6263 = CARTESIAN_POINT('',(259.7,81.018176,50.));
#6264 = VECTOR('',#6265,1.);
#6265 = DIRECTION('',(-1.E-15,-1.,0.));
#6266 = PLANE('',#6267);
#6267 = AXIS2_PLACEMENT_3D('',#6268,#6269,#6270);
#6268 = CARTESIAN_POINT('',(259.7,80.618176,59.495));
#6269 = DIRECTION('',(1.,-1.E-15,5.9E-16));
#6270 = DIRECTION('',(-1.E-15,-1.,0.));
#6271 = ADVANCED_FACE('',(#6272),#6297,.T.);
#6272 = FACE_BOUND('',#6273,.T.);
#6273 = EDGE_LOOP('',(#6274,#6282,#6283,#6291));
#6274 = ORIENTED_EDGE('',*,*,#6275,.F.);
#6275 = EDGE_CURVE('',#1545,#6276,#6278,.T.);
#6276 = VERTEX_POINT('',#6277);
#6277 = CARTESIAN_POINT('',(251.85858850342,64.668606657151,50.));
#6278 = LINE('',#6279,#6280);
#6279 = CARTESIAN_POINT('',(251.85858850342,64.668606657151,59.495));
#6280 = VECTOR('',#6281,1.);
#6281 = DIRECTION('',(5.9E-16,3.E-16,-1.));
#6282 = ORIENTED_EDGE('',*,*,#1544,.T.);
#6283 = ORIENTED_EDGE('',*,*,#6284,.T.);
#6284 = EDGE_CURVE('',#1547,#6285,#6287,.T.);
#6285 = VERTEX_POINT('',#6286);
#6286 = CARTESIAN_POINT('',(247.07030649686,77.824303348154,50.));
#6287 = LINE('',#6288,#6289);
#6288 = CARTESIAN_POINT('',(247.07030649686,77.824303348154,59.495));
#6289 = VECTOR('',#6290,1.);
#6290 = DIRECTION('',(5.9E-16,3.E-16,-1.));
#6291 = ORIENTED_EDGE('',*,*,#6292,.F.);
#6292 = EDGE_CURVE('',#6276,#6285,#6293,.T.);
#6293 = LINE('',#6294,#6295);
#6294 = CARTESIAN_POINT('',(249.32715186917,71.623671648541,50.));
#6295 = VECTOR('',#6296,1.);
#6296 = DIRECTION('',(-0.342020143326,0.939692620786,0.));
#6297 = PLANE('',#6298);
#6298 = AXIS2_PLACEMENT_3D('',#6299,#6300,#6301);
#6299 = CARTESIAN_POINT('',(251.85858850342,64.668606657151,59.495));
#6300 = DIRECTION('',(-0.939692620786,-0.342020143326,-6.6E-16));
#6301 = DIRECTION('',(-0.342020143326,0.939692620786,5.E-17));
#6302 = ADVANCED_FACE('',(#6303),#6321,.T.);
#6303 = FACE_BOUND('',#6304,.T.);
#6304 = EDGE_LOOP('',(#6305,#6313,#6314,#6315));
#6305 = ORIENTED_EDGE('',*,*,#6306,.F.);
#6306 = EDGE_CURVE('',#1563,#6307,#6309,.T.);
#6307 = VERTEX_POINT('',#6308);
#6308 = CARTESIAN_POINT('',(238.70289181242,59.880324650592,50.));
#6309 = LINE('',#6310,#6311);
#6310 = CARTESIAN_POINT('',(238.70289181242,59.880324650592,59.495));
#6311 = VECTOR('',#6312,1.);
#6312 = DIRECTION('',(5.9E-16,3.E-16,-1.));
#6313 = ORIENTED_EDGE('',*,*,#1570,.T.);
#6314 = ORIENTED_EDGE('',*,*,#6275,.T.);
#6315 = ORIENTED_EDGE('',*,*,#6316,.F.);
#6316 = EDGE_CURVE('',#6307,#6276,#6317,.T.);
#6317 = LINE('',#6318,#6319);
#6318 = CARTESIAN_POINT('',(245.65755520256,62.411615113942,50.));
#6319 = VECTOR('',#6320,1.);
#6320 = DIRECTION('',(0.939692620786,0.342020143326,0.));
#6321 = PLANE('',#6322);
#6322 = AXIS2_PLACEMENT_3D('',#6323,#6324,#6325);
#6323 = CARTESIAN_POINT('',(238.70289181242,59.880324650592,59.495));
#6324 = DIRECTION('',(-0.342020143326,0.939692620786,8.E-17));
#6325 = DIRECTION('',(0.939692620786,0.342020143326,1.5E-16));
#6326 = ADVANCED_FACE('',(#6327),#6345,.T.);
#6327 = FACE_BOUND('',#6328,.T.);
#6328 = EDGE_LOOP('',(#6329,#6330,#6331,#6339));
#6329 = ORIENTED_EDGE('',*,*,#6284,.F.);
#6330 = ORIENTED_EDGE('',*,*,#1554,.T.);
#6331 = ORIENTED_EDGE('',*,*,#6332,.T.);
#6332 = EDGE_CURVE('',#1555,#6333,#6335,.T.);
#6333 = VERTEX_POINT('',#6334);
#6334 = CARTESIAN_POINT('',(233.91460980586,73.036021341595,50.));
#6335 = LINE('',#6336,#6337);
#6336 = CARTESIAN_POINT('',(233.91460980586,73.036021341595,59.495));
#6337 = VECTOR('',#6338,1.);
#6338 = DIRECTION('',(5.9E-16,3.E-16,-1.));
#6339 = ORIENTED_EDGE('',*,*,#6340,.F.);
#6340 = EDGE_CURVE('',#6285,#6333,#6341,.T.);
#6341 = LINE('',#6342,#6343);
#6342 = CARTESIAN_POINT('',(247.4471215415,77.961452808224,50.));
#6343 = VECTOR('',#6344,1.);
#6344 = DIRECTION('',(-0.939692620786,-0.342020143326,0.));
#6345 = PLANE('',#6346);
#6346 = AXIS2_PLACEMENT_3D('',#6347,#6348,#6349);
#6347 = CARTESIAN_POINT('',(247.07030649686,77.824303348154,59.495));
#6348 = DIRECTION('',(0.342020143326,-0.939692620786,-8.E-17));
#6349 = DIRECTION('',(-0.939692620786,-0.342020143326,-1.5E-16));
#6350 = ADVANCED_FACE('',(#6351),#6362,.T.);
#6351 = FACE_BOUND('',#6352,.T.);
#6352 = EDGE_LOOP('',(#6353,#6354,#6355,#6356));
#6353 = ORIENTED_EDGE('',*,*,#6332,.F.);
#6354 = ORIENTED_EDGE('',*,*,#1562,.T.);
#6355 = ORIENTED_EDGE('',*,*,#6306,.T.);
#6356 = ORIENTED_EDGE('',*,*,#6357,.F.);
#6357 = EDGE_CURVE('',#6333,#6307,#6358,.T.);
#6358 = LINE('',#6359,#6360);
#6359 = CARTESIAN_POINT('',(233.77731417489,73.413237987483,50.));
#6360 = VECTOR('',#6361,1.);
#6361 = DIRECTION('',(0.342020143326,-0.939692620786,0.));
#6362 = PLANE('',#6363);
#6363 = AXIS2_PLACEMENT_3D('',#6364,#6365,#6366);
#6364 = CARTESIAN_POINT('',(233.91460980586,73.036021341595,59.495));
#6365 = DIRECTION('',(0.939692620786,0.342020143326,6.6E-16));
#6366 = DIRECTION('',(0.342020143326,-0.939692620786,-5.E-17));
#6367 = ADVANCED_FACE('',(#6368),#6393,.T.);
#6368 = FACE_BOUND('',#6369,.T.);
#6369 = EDGE_LOOP('',(#6370,#6378,#6379,#6387));
#6370 = ORIENTED_EDGE('',*,*,#6371,.T.);
#6371 = EDGE_CURVE('',#6372,#1579,#6374,.T.);
#6372 = VERTEX_POINT('',#6373);
#6373 = CARTESIAN_POINT('',(311.8,118.718176,50.));
#6374 = LINE('',#6375,#6376);
#6375 = CARTESIAN_POINT('',(311.8,118.718176,26.495));
#6376 = VECTOR('',#6377,1.);
#6377 = DIRECTION('',(0.,0.,1.));
#6378 = ORIENTED_EDGE('',*,*,#1578,.T.);
#6379 = ORIENTED_EDGE('',*,*,#6380,.F.);
#6380 = EDGE_CURVE('',#6381,#1581,#6383,.T.);
#6381 = VERTEX_POINT('',#6382);
#6382 = CARTESIAN_POINT('',(297.8,118.718176,50.));
#6383 = LINE('',#6384,#6385);
#6384 = CARTESIAN_POINT('',(297.8,118.718176,26.495));
#6385 = VECTOR('',#6386,1.);
#6386 = DIRECTION('',(0.,0.,1.));
#6387 = ORIENTED_EDGE('',*,*,#6388,.F.);
#6388 = EDGE_CURVE('',#6372,#6381,#6389,.T.);
#6389 = LINE('',#6390,#6391);
#6390 = CARTESIAN_POINT('',(305.2,118.718176,50.));
#6391 = VECTOR('',#6392,1.);
#6392 = DIRECTION('',(-1.,1.E-15,0.));
#6393 = PLANE('',#6394);
#6394 = AXIS2_PLACEMENT_3D('',#6395,#6396,#6397);
#6395 = CARTESIAN_POINT('',(297.8,118.718176,26.495));
#6396 = DIRECTION('',(-1.E-15,-1.,0.));
#6397 = DIRECTION('',(1.,-1.E-15,0.));
#6398 = ADVANCED_FACE('',(#6399),#6417,.T.);
#6399 = FACE_BOUND('',#6400,.T.);
#6400 = EDGE_LOOP('',(#6401,#6409,#6410,#6411));
#6401 = ORIENTED_EDGE('',*,*,#6402,.T.);
#6402 = EDGE_CURVE('',#6403,#1597,#6405,.T.);
#6403 = VERTEX_POINT('',#6404);
#6404 = CARTESIAN_POINT('',(311.8,104.718176,50.));
#6405 = LINE('',#6406,#6407);
#6406 = CARTESIAN_POINT('',(311.8,104.718176,26.495));
#6407 = VECTOR('',#6408,1.);
#6408 = DIRECTION('',(0.,0.,1.));
#6409 = ORIENTED_EDGE('',*,*,#1604,.T.);
#6410 = ORIENTED_EDGE('',*,*,#6371,.F.);
#6411 = ORIENTED_EDGE('',*,*,#6412,.F.);
#6412 = EDGE_CURVE('',#6403,#6372,#6413,.T.);
#6413 = LINE('',#6414,#6415);
#6414 = CARTESIAN_POINT('',(311.8,119.118176,50.));
#6415 = VECTOR('',#6416,1.);
#6416 = DIRECTION('',(1.E-15,1.,0.));
#6417 = PLANE('',#6418);
#6418 = AXIS2_PLACEMENT_3D('',#6419,#6420,#6421);
#6419 = CARTESIAN_POINT('',(311.8,118.718176,26.495));
#6420 = DIRECTION('',(-1.,1.E-15,0.));
#6421 = DIRECTION('',(-1.E-15,-1.,0.));
#6422 = ADVANCED_FACE('',(#6423),#6441,.T.);
#6423 = FACE_BOUND('',#6424,.T.);
#6424 = EDGE_LOOP('',(#6425,#6426,#6427,#6435));
#6425 = ORIENTED_EDGE('',*,*,#6380,.T.);
#6426 = ORIENTED_EDGE('',*,*,#1588,.T.);
#6427 = ORIENTED_EDGE('',*,*,#6428,.F.);
#6428 = EDGE_CURVE('',#6429,#1589,#6431,.T.);
#6429 = VERTEX_POINT('',#6430);
#6430 = CARTESIAN_POINT('',(297.8,104.718176,50.));
#6431 = LINE('',#6432,#6433);
#6432 = CARTESIAN_POINT('',(297.8,104.718176,26.495));
#6433 = VECTOR('',#6434,1.);
#6434 = DIRECTION('',(0.,0.,1.));
#6435 = ORIENTED_EDGE('',*,*,#6436,.F.);
#6436 = EDGE_CURVE('',#6381,#6429,#6437,.T.);
#6437 = LINE('',#6438,#6439);
#6438 = CARTESIAN_POINT('',(297.8,112.118176,50.));
#6439 = VECTOR('',#6440,1.);
#6440 = DIRECTION('',(-1.E-15,-1.,0.));
#6441 = PLANE('',#6442);
#6442 = AXIS2_PLACEMENT_3D('',#6443,#6444,#6445);
#6443 = CARTESIAN_POINT('',(297.8,104.718176,26.495));
#6444 = DIRECTION('',(1.,-1.E-15,0.));
#6445 = DIRECTION('',(1.E-15,1.,0.));
#6446 = ADVANCED_FACE('',(#6447),#6458,.T.);
#6447 = FACE_BOUND('',#6448,.T.);
#6448 = EDGE_LOOP('',(#6449,#6450,#6451,#6452));
#6449 = ORIENTED_EDGE('',*,*,#6428,.T.);
#6450 = ORIENTED_EDGE('',*,*,#1596,.T.);
#6451 = ORIENTED_EDGE('',*,*,#6402,.F.);
#6452 = ORIENTED_EDGE('',*,*,#6453,.F.);
#6453 = EDGE_CURVE('',#6429,#6403,#6454,.T.);
#6454 = LINE('',#6455,#6456);
#6455 = CARTESIAN_POINT('',(312.2,104.718176,50.));
#6456 = VECTOR('',#6457,1.);
#6457 = DIRECTION('',(1.,-1.E-15,0.));
#6458 = PLANE('',#6459);
#6459 = AXIS2_PLACEMENT_3D('',#6460,#6461,#6462);
#6460 = CARTESIAN_POINT('',(311.8,104.718176,26.495));
#6461 = DIRECTION('',(1.E-15,1.,0.));
#6462 = DIRECTION('',(-1.,1.E-15,0.));
#6463 = ADVANCED_FACE('',(#6464),#6489,.T.);
#6464 = FACE_BOUND('',#6465,.T.);
#6465 = EDGE_LOOP('',(#6466,#6474,#6475,#6483));
#6466 = ORIENTED_EDGE('',*,*,#6467,.T.);
#6467 = EDGE_CURVE('',#6468,#1613,#6470,.T.);
#6468 = VERTEX_POINT('',#6469);
#6469 = CARTESIAN_POINT('',(292.75,104.430676,50.));
#6470 = LINE('',#6471,#6472);
#6471 = CARTESIAN_POINT('',(292.75,104.430676,75.495));
#6472 = VECTOR('',#6473,1.);
#6473 = DIRECTION('',(0.,0.,1.));
#6474 = ORIENTED_EDGE('',*,*,#1612,.T.);
#6475 = ORIENTED_EDGE('',*,*,#6476,.F.);
#6476 = EDGE_CURVE('',#6477,#1615,#6479,.T.);
#6477 = VERTEX_POINT('',#6478);
#6478 = CARTESIAN_POINT('',(278.75,104.430676,50.));
#6479 = LINE('',#6480,#6481);
#6480 = CARTESIAN_POINT('',(278.75,104.430676,75.495));
#6481 = VECTOR('',#6482,1.);
#6482 = DIRECTION('',(0.,0.,1.));
#6483 = ORIENTED_EDGE('',*,*,#6484,.F.);
#6484 = EDGE_CURVE('',#6468,#6477,#6485,.T.);
#6485 = LINE('',#6486,#6487);
#6486 = CARTESIAN_POINT('',(286.15,104.430676,50.));
#6487 = VECTOR('',#6488,1.);
#6488 = DIRECTION('',(-1.,1.E-15,0.));
#6489 = PLANE('',#6490);
#6490 = AXIS2_PLACEMENT_3D('',#6491,#6492,#6493);
#6491 = CARTESIAN_POINT('',(278.75,104.430676,75.495));
#6492 = DIRECTION('',(-1.E-15,-1.,0.));
#6493 = DIRECTION('',(1.,-1.E-15,0.));
#6494 = ADVANCED_FACE('',(#6495),#6513,.T.);
#6495 = FACE_BOUND('',#6496,.T.);
#6496 = EDGE_LOOP('',(#6497,#6505,#6506,#6507));
#6497 = ORIENTED_EDGE('',*,*,#6498,.T.);
#6498 = EDGE_CURVE('',#6499,#1631,#6501,.T.);
#6499 = VERTEX_POINT('',#6500);
#6500 = CARTESIAN_POINT('',(292.75,90.430676,50.));
#6501 = LINE('',#6502,#6503);
#6502 = CARTESIAN_POINT('',(292.75,90.430676,75.495));
#6503 = VECTOR('',#6504,1.);
#6504 = DIRECTION('',(0.,0.,1.));
#6505 = ORIENTED_EDGE('',*,*,#1638,.T.);
#6506 = ORIENTED_EDGE('',*,*,#6467,.F.);
#6507 = ORIENTED_EDGE('',*,*,#6508,.F.);
#6508 = EDGE_CURVE('',#6499,#6468,#6509,.T.);
#6509 = LINE('',#6510,#6511);
#6510 = CARTESIAN_POINT('',(292.75,104.830676,50.));
#6511 = VECTOR('',#6512,1.);
#6512 = DIRECTION('',(1.E-15,1.,0.));
#6513 = PLANE('',#6514);
#6514 = AXIS2_PLACEMENT_3D('',#6515,#6516,#6517);
#6515 = CARTESIAN_POINT('',(292.75,104.430676,75.495));
#6516 = DIRECTION('',(-1.,1.E-15,0.));
#6517 = DIRECTION('',(-1.E-15,-1.,0.));
#6518 = ADVANCED_FACE('',(#6519),#6537,.T.);
#6519 = FACE_BOUND('',#6520,.T.);
#6520 = EDGE_LOOP('',(#6521,#6522,#6523,#6531));
#6521 = ORIENTED_EDGE('',*,*,#6476,.T.);
#6522 = ORIENTED_EDGE('',*,*,#1622,.T.);
#6523 = ORIENTED_EDGE('',*,*,#6524,.T.);
#6524 = EDGE_CURVE('',#1623,#6525,#6527,.T.);
#6525 = VERTEX_POINT('',#6526);
#6526 = CARTESIAN_POINT('',(278.75,90.430676,50.));
#6527 = LINE('',#6528,#6529);
#6528 = CARTESIAN_POINT('',(278.75,90.430676,76.495));
#6529 = VECTOR('',#6530,1.);
#6530 = DIRECTION('',(0.,0.,-1.));
#6531 = ORIENTED_EDGE('',*,*,#6532,.F.);
#6532 = EDGE_CURVE('',#6477,#6525,#6533,.T.);
#6533 = LINE('',#6534,#6535);
#6534 = CARTESIAN_POINT('',(278.75,97.830676,50.));
#6535 = VECTOR('',#6536,1.);
#6536 = DIRECTION('',(-1.E-15,-1.,0.));
#6537 = PLANE('',#6538);
#6538 = AXIS2_PLACEMENT_3D('',#6539,#6540,#6541);
#6539 = CARTESIAN_POINT('',(278.75,90.430676,75.495));
#6540 = DIRECTION('',(1.,-1.E-15,0.));
#6541 = DIRECTION('',(1.E-15,1.,0.));
#6542 = ADVANCED_FACE('',(#6543),#6554,.T.);
#6543 = FACE_BOUND('',#6544,.T.);
#6544 = EDGE_LOOP('',(#6545,#6546,#6547,#6548));
#6545 = ORIENTED_EDGE('',*,*,#6524,.F.);
#6546 = ORIENTED_EDGE('',*,*,#1630,.T.);
#6547 = ORIENTED_EDGE('',*,*,#6498,.F.);
#6548 = ORIENTED_EDGE('',*,*,#6549,.F.);
#6549 = EDGE_CURVE('',#6525,#6499,#6550,.T.);
#6550 = LINE('',#6551,#6552);
#6551 = CARTESIAN_POINT('',(293.15,90.430676,50.));
#6552 = VECTOR('',#6553,1.);
#6553 = DIRECTION('',(1.,-1.E-15,0.));
#6554 = PLANE('',#6555);
#6555 = AXIS2_PLACEMENT_3D('',#6556,#6557,#6558);
#6556 = CARTESIAN_POINT('',(292.75,90.430676,75.495));
#6557 = DIRECTION('',(1.E-15,1.,0.));
#6558 = DIRECTION('',(-1.,1.E-15,0.));
#6559 = ADVANCED_FACE('',(#6560),#6585,.T.);
#6560 = FACE_BOUND('',#6561,.T.);
#6561 = EDGE_LOOP('',(#6562,#6570,#6571,#6579));
#6562 = ORIENTED_EDGE('',*,*,#6563,.T.);
#6563 = EDGE_CURVE('',#6564,#1647,#6566,.T.);
#6564 = VERTEX_POINT('',#6565);
#6565 = CARTESIAN_POINT('',(311.8,99.668176,50.));
#6566 = LINE('',#6567,#6568);
#6567 = CARTESIAN_POINT('',(311.8,99.668176,75.495));
#6568 = VECTOR('',#6569,1.);
#6569 = DIRECTION('',(0.,0.,1.));
#6570 = ORIENTED_EDGE('',*,*,#1646,.T.);
#6571 = ORIENTED_EDGE('',*,*,#6572,.F.);
#6572 = EDGE_CURVE('',#6573,#1649,#6575,.T.);
#6573 = VERTEX_POINT('',#6574);
#6574 = CARTESIAN_POINT('',(297.8,99.668176,50.));
#6575 = LINE('',#6576,#6577);
#6576 = CARTESIAN_POINT('',(297.8,99.668176,75.495));
#6577 = VECTOR('',#6578,1.);
#6578 = DIRECTION('',(0.,0.,1.));
#6579 = ORIENTED_EDGE('',*,*,#6580,.F.);
#6580 = EDGE_CURVE('',#6564,#6573,#6581,.T.);
#6581 = LINE('',#6582,#6583);
#6582 = CARTESIAN_POINT('',(305.2,99.668176,50.));
#6583 = VECTOR('',#6584,1.);
#6584 = DIRECTION('',(-1.,1.E-15,0.));
#6585 = PLANE('',#6586);
#6586 = AXIS2_PLACEMENT_3D('',#6587,#6588,#6589);
#6587 = CARTESIAN_POINT('',(297.8,99.668176,75.495));
#6588 = DIRECTION('',(-1.E-15,-1.,0.));
#6589 = DIRECTION('',(1.,-1.E-15,0.));
#6590 = ADVANCED_FACE('',(#6591),#6609,.T.);
#6591 = FACE_BOUND('',#6592,.T.);
#6592 = EDGE_LOOP('',(#6593,#6601,#6602,#6603));
#6593 = ORIENTED_EDGE('',*,*,#6594,.T.);
#6594 = EDGE_CURVE('',#6595,#1665,#6597,.T.);
#6595 = VERTEX_POINT('',#6596);
#6596 = CARTESIAN_POINT('',(311.8,85.668176,50.));
#6597 = LINE('',#6598,#6599);
#6598 = CARTESIAN_POINT('',(311.8,85.668176,75.495));
#6599 = VECTOR('',#6600,1.);
#6600 = DIRECTION('',(0.,0.,1.));
#6601 = ORIENTED_EDGE('',*,*,#1672,.T.);
#6602 = ORIENTED_EDGE('',*,*,#6563,.F.);
#6603 = ORIENTED_EDGE('',*,*,#6604,.F.);
#6604 = EDGE_CURVE('',#6595,#6564,#6605,.T.);
#6605 = LINE('',#6606,#6607);
#6606 = CARTESIAN_POINT('',(311.8,100.068176,50.));
#6607 = VECTOR('',#6608,1.);
#6608 = DIRECTION('',(1.E-15,1.,0.));
#6609 = PLANE('',#6610);
#6610 = AXIS2_PLACEMENT_3D('',#6611,#6612,#6613);
#6611 = CARTESIAN_POINT('',(311.8,99.668176,75.495));
#6612 = DIRECTION('',(-1.,1.E-15,0.));
#6613 = DIRECTION('',(-1.E-15,-1.,0.));
#6614 = ADVANCED_FACE('',(#6615),#6633,.T.);
#6615 = FACE_BOUND('',#6616,.T.);
#6616 = EDGE_LOOP('',(#6617,#6618,#6619,#6627));
#6617 = ORIENTED_EDGE('',*,*,#6572,.T.);
#6618 = ORIENTED_EDGE('',*,*,#1656,.T.);
#6619 = ORIENTED_EDGE('',*,*,#6620,.T.);
#6620 = EDGE_CURVE('',#1657,#6621,#6623,.T.);
#6621 = VERTEX_POINT('',#6622);
#6622 = CARTESIAN_POINT('',(297.8,85.668176,50.));
#6623 = LINE('',#6624,#6625);
#6624 = CARTESIAN_POINT('',(297.8,85.668176,76.495));
#6625 = VECTOR('',#6626,1.);
#6626 = DIRECTION('',(0.,0.,-1.));
#6627 = ORIENTED_EDGE('',*,*,#6628,.F.);
#6628 = EDGE_CURVE('',#6573,#6621,#6629,.T.);
#6629 = LINE('',#6630,#6631);
#6630 = CARTESIAN_POINT('',(297.8,93.068176,50.));
#6631 = VECTOR('',#6632,1.);
#6632 = DIRECTION('',(-1.E-15,-1.,0.));
#6633 = PLANE('',#6634);
#6634 = AXIS2_PLACEMENT_3D('',#6635,#6636,#6637);
#6635 = CARTESIAN_POINT('',(297.8,85.668176,75.495));
#6636 = DIRECTION('',(1.,-1.E-15,0.));
#6637 = DIRECTION('',(1.E-15,1.,0.));
#6638 = ADVANCED_FACE('',(#6639),#6650,.T.);
#6639 = FACE_BOUND('',#6640,.T.);
#6640 = EDGE_LOOP('',(#6641,#6642,#6643,#6644));
#6641 = ORIENTED_EDGE('',*,*,#6620,.F.);
#6642 = ORIENTED_EDGE('',*,*,#1664,.T.);
#6643 = ORIENTED_EDGE('',*,*,#6594,.F.);
#6644 = ORIENTED_EDGE('',*,*,#6645,.F.);
#6645 = EDGE_CURVE('',#6621,#6595,#6646,.T.);
#6646 = LINE('',#6647,#6648);
#6647 = CARTESIAN_POINT('',(312.2,85.668176,50.));
#6648 = VECTOR('',#6649,1.);
#6649 = DIRECTION('',(1.,-1.E-15,0.));
#6650 = PLANE('',#6651);
#6651 = AXIS2_PLACEMENT_3D('',#6652,#6653,#6654);
#6652 = CARTESIAN_POINT('',(311.8,85.668176,75.495));
#6653 = DIRECTION('',(1.E-15,1.,0.));
#6654 = DIRECTION('',(-1.,1.E-15,0.));
#6655 = ADVANCED_FACE('',(#6656),#6681,.T.);
#6656 = FACE_BOUND('',#6657,.T.);
#6657 = EDGE_LOOP('',(#6658,#6666,#6667,#6675));
#6658 = ORIENTED_EDGE('',*,*,#6659,.T.);
#6659 = EDGE_CURVE('',#6660,#1681,#6662,.T.);
#6660 = VERTEX_POINT('',#6661);
#6661 = CARTESIAN_POINT('',(330.85,118.718176,50.));
#6662 = LINE('',#6663,#6664);
#6663 = CARTESIAN_POINT('',(330.85,118.718176,75.495));
#6664 = VECTOR('',#6665,1.);
#6665 = DIRECTION('',(0.,0.,1.));
#6666 = ORIENTED_EDGE('',*,*,#1680,.T.);
#6667 = ORIENTED_EDGE('',*,*,#6668,.F.);
#6668 = EDGE_CURVE('',#6669,#1683,#6671,.T.);
#6669 = VERTEX_POINT('',#6670);
#6670 = CARTESIAN_POINT('',(316.85,118.718176,50.));
#6671 = LINE('',#6672,#6673);
#6672 = CARTESIAN_POINT('',(316.85,118.718176,75.495));
#6673 = VECTOR('',#6674,1.);
#6674 = DIRECTION('',(0.,0.,1.));
#6675 = ORIENTED_EDGE('',*,*,#6676,.F.);
#6676 = EDGE_CURVE('',#6660,#6669,#6677,.T.);
#6677 = LINE('',#6678,#6679);
#6678 = CARTESIAN_POINT('',(324.25,118.718176,50.));
#6679 = VECTOR('',#6680,1.);
#6680 = DIRECTION('',(-1.,1.E-15,0.));
#6681 = PLANE('',#6682);
#6682 = AXIS2_PLACEMENT_3D('',#6683,#6684,#6685);
#6683 = CARTESIAN_POINT('',(316.85,118.718176,75.495));
#6684 = DIRECTION('',(-1.E-15,-1.,0.));
#6685 = DIRECTION('',(1.,-1.E-15,0.));
#6686 = ADVANCED_FACE('',(#6687),#6705,.T.);
#6687 = FACE_BOUND('',#6688,.T.);
#6688 = EDGE_LOOP('',(#6689,#6697,#6698,#6699));
#6689 = ORIENTED_EDGE('',*,*,#6690,.T.);
#6690 = EDGE_CURVE('',#6691,#1699,#6693,.T.);
#6691 = VERTEX_POINT('',#6692);
#6692 = CARTESIAN_POINT('',(330.85,104.718176,50.));
#6693 = LINE('',#6694,#6695);
#6694 = CARTESIAN_POINT('',(330.85,104.718176,75.495));
#6695 = VECTOR('',#6696,1.);
#6696 = DIRECTION('',(0.,0.,1.));
#6697 = ORIENTED_EDGE('',*,*,#1706,.T.);
#6698 = ORIENTED_EDGE('',*,*,#6659,.F.);
#6699 = ORIENTED_EDGE('',*,*,#6700,.F.);
#6700 = EDGE_CURVE('',#6691,#6660,#6701,.T.);
#6701 = LINE('',#6702,#6703);
#6702 = CARTESIAN_POINT('',(330.85,119.118176,50.));
#6703 = VECTOR('',#6704,1.);
#6704 = DIRECTION('',(1.E-15,1.,0.));
#6705 = PLANE('',#6706);
#6706 = AXIS2_PLACEMENT_3D('',#6707,#6708,#6709);
#6707 = CARTESIAN_POINT('',(330.85,118.718176,75.495));
#6708 = DIRECTION('',(-1.,1.E-15,0.));
#6709 = DIRECTION('',(-1.E-15,-1.,0.));
#6710 = ADVANCED_FACE('',(#6711),#6729,.T.);
#6711 = FACE_BOUND('',#6712,.T.);
#6712 = EDGE_LOOP('',(#6713,#6714,#6715,#6723));
#6713 = ORIENTED_EDGE('',*,*,#6668,.T.);
#6714 = ORIENTED_EDGE('',*,*,#1690,.T.);
#6715 = ORIENTED_EDGE('',*,*,#6716,.T.);
#6716 = EDGE_CURVE('',#1691,#6717,#6719,.T.);
#6717 = VERTEX_POINT('',#6718);
#6718 = CARTESIAN_POINT('',(316.85,104.718176,50.));
#6719 = LINE('',#6720,#6721);
#6720 = CARTESIAN_POINT('',(316.85,104.718176,76.495));
#6721 = VECTOR('',#6722,1.);
#6722 = DIRECTION('',(0.,0.,-1.));
#6723 = ORIENTED_EDGE('',*,*,#6724,.F.);
#6724 = EDGE_CURVE('',#6669,#6717,#6725,.T.);
#6725 = LINE('',#6726,#6727);
#6726 = CARTESIAN_POINT('',(316.85,112.118176,50.));
#6727 = VECTOR('',#6728,1.);
#6728 = DIRECTION('',(-1.E-15,-1.,0.));
#6729 = PLANE('',#6730);
#6730 = AXIS2_PLACEMENT_3D('',#6731,#6732,#6733);
#6731 = CARTESIAN_POINT('',(316.85,104.718176,75.495));
#6732 = DIRECTION('',(1.,-1.E-15,0.));
#6733 = DIRECTION('',(1.E-15,1.,0.));
#6734 = ADVANCED_FACE('',(#6735),#6746,.T.);
#6735 = FACE_BOUND('',#6736,.T.);
#6736 = EDGE_LOOP('',(#6737,#6738,#6739,#6740));
#6737 = ORIENTED_EDGE('',*,*,#6716,.F.);
#6738 = ORIENTED_EDGE('',*,*,#1698,.T.);
#6739 = ORIENTED_EDGE('',*,*,#6690,.F.);
#6740 = ORIENTED_EDGE('',*,*,#6741,.F.);
#6741 = EDGE_CURVE('',#6717,#6691,#6742,.T.);
#6742 = LINE('',#6743,#6744);
#6743 = CARTESIAN_POINT('',(331.25,104.718176,50.));
#6744 = VECTOR('',#6745,1.);
#6745 = DIRECTION('',(1.,-1.E-15,0.));
#6746 = PLANE('',#6747);
#6747 = AXIS2_PLACEMENT_3D('',#6748,#6749,#6750);
#6748 = CARTESIAN_POINT('',(330.85,104.718176,75.495));
#6749 = DIRECTION('',(1.E-15,1.,0.));
#6750 = DIRECTION('',(-1.,1.E-15,0.));
#6751 = ADVANCED_FACE('',(#6752),#6771,.F.);
#6752 = FACE_BOUND('',#6753,.F.);
#6753 = EDGE_LOOP('',(#6754,#6755,#6763,#6770));
#6754 = ORIENTED_EDGE('',*,*,#1714,.F.);
#6755 = ORIENTED_EDGE('',*,*,#6756,.F.);
#6756 = EDGE_CURVE('',#6757,#1715,#6759,.T.);
#6757 = VERTEX_POINT('',#6758);
#6758 = CARTESIAN_POINT('',(354.1,106.,49.51));
#6759 = LINE('',#6760,#6761);
#6760 = CARTESIAN_POINT('',(354.1,106.,48.5));
#6761 = VECTOR('',#6762,1.);
#6762 = DIRECTION('',(0.,0.,1.));
#6763 = ORIENTED_EDGE('',*,*,#6764,.T.);
#6764 = EDGE_CURVE('',#6757,#6757,#6765,.T.);
#6765 = CIRCLE('',#6766,1.1);
#6766 = AXIS2_PLACEMENT_3D('',#6767,#6768,#6769);
#6767 = CARTESIAN_POINT('',(353.,106.,49.51));
#6768 = DIRECTION('',(0.,0.,1.));
#6769 = DIRECTION('',(1.,0.,0.));
#6770 = ORIENTED_EDGE('',*,*,#6756,.T.);
#6771 = CYLINDRICAL_SURFACE('',#6772,1.1);
#6772 = AXIS2_PLACEMENT_3D('',#6773,#6774,#6775);
#6773 = CARTESIAN_POINT('',(353.,106.,48.5));
#6774 = DIRECTION('',(0.,0.,1.));
#6775 = DIRECTION('',(1.,0.,0.));
#6776 = ADVANCED_FACE('',(#6777),#6802,.T.);
#6777 = FACE_BOUND('',#6778,.T.);
#6778 = EDGE_LOOP('',(#6779,#6787,#6788,#6796));
#6779 = ORIENTED_EDGE('',*,*,#6780,.T.);
#6780 = EDGE_CURVE('',#6781,#1726,#6783,.T.);
#6781 = VERTEX_POINT('',#6782);
#6782 = CARTESIAN_POINT('',(330.85,99.668176,50.));
#6783 = LINE('',#6784,#6785);
#6784 = CARTESIAN_POINT('',(330.85,99.668176,75.495));
#6785 = VECTOR('',#6786,1.);
#6786 = DIRECTION('',(0.,0.,1.));
#6787 = ORIENTED_EDGE('',*,*,#1725,.T.);
#6788 = ORIENTED_EDGE('',*,*,#6789,.F.);
#6789 = EDGE_CURVE('',#6790,#1728,#6792,.T.);
#6790 = VERTEX_POINT('',#6791);
#6791 = CARTESIAN_POINT('',(316.85,99.668176,50.));
#6792 = LINE('',#6793,#6794);
#6793 = CARTESIAN_POINT('',(316.85,99.668176,75.495));
#6794 = VECTOR('',#6795,1.);
#6795 = DIRECTION('',(0.,0.,1.));
#6796 = ORIENTED_EDGE('',*,*,#6797,.F.);
#6797 = EDGE_CURVE('',#6781,#6790,#6798,.T.);
#6798 = LINE('',#6799,#6800);
#6799 = CARTESIAN_POINT('',(324.25,99.668176,50.));
#6800 = VECTOR('',#6801,1.);
#6801 = DIRECTION('',(-1.,1.E-15,0.));
#6802 = PLANE('',#6803);
#6803 = AXIS2_PLACEMENT_3D('',#6804,#6805,#6806);
#6804 = CARTESIAN_POINT('',(316.85,99.668176,75.495));
#6805 = DIRECTION('',(-1.E-15,-1.,0.));
#6806 = DIRECTION('',(1.,-1.E-15,0.));
#6807 = ADVANCED_FACE('',(#6808),#6826,.T.);
#6808 = FACE_BOUND('',#6809,.T.);
#6809 = EDGE_LOOP('',(#6810,#6818,#6819,#6820));
#6810 = ORIENTED_EDGE('',*,*,#6811,.T.);
#6811 = EDGE_CURVE('',#6812,#1744,#6814,.T.);
#6812 = VERTEX_POINT('',#6813);
#6813 = CARTESIAN_POINT('',(330.85,85.668176,50.));
#6814 = LINE('',#6815,#6816);
#6815 = CARTESIAN_POINT('',(330.85,85.668176,75.495));
#6816 = VECTOR('',#6817,1.);
#6817 = DIRECTION('',(0.,0.,1.));
#6818 = ORIENTED_EDGE('',*,*,#1751,.T.);
#6819 = ORIENTED_EDGE('',*,*,#6780,.F.);
#6820 = ORIENTED_EDGE('',*,*,#6821,.F.);
#6821 = EDGE_CURVE('',#6812,#6781,#6822,.T.);
#6822 = LINE('',#6823,#6824);
#6823 = CARTESIAN_POINT('',(330.85,100.068176,50.));
#6824 = VECTOR('',#6825,1.);
#6825 = DIRECTION('',(1.E-15,1.,0.));
#6826 = PLANE('',#6827);
#6827 = AXIS2_PLACEMENT_3D('',#6828,#6829,#6830);
#6828 = CARTESIAN_POINT('',(330.85,99.668176,75.495));
#6829 = DIRECTION('',(-1.,1.E-15,0.));
#6830 = DIRECTION('',(-1.E-15,-1.,0.));
#6831 = ADVANCED_FACE('',(#6832),#6850,.T.);
#6832 = FACE_BOUND('',#6833,.T.);
#6833 = EDGE_LOOP('',(#6834,#6835,#6836,#6844));
#6834 = ORIENTED_EDGE('',*,*,#6789,.T.);
#6835 = ORIENTED_EDGE('',*,*,#1735,.T.);
#6836 = ORIENTED_EDGE('',*,*,#6837,.T.);
#6837 = EDGE_CURVE('',#1736,#6838,#6840,.T.);
#6838 = VERTEX_POINT('',#6839);
#6839 = CARTESIAN_POINT('',(316.85,85.668176,50.));
#6840 = LINE('',#6841,#6842);
#6841 = CARTESIAN_POINT('',(316.85,85.668176,76.495));
#6842 = VECTOR('',#6843,1.);
#6843 = DIRECTION('',(0.,0.,-1.));
#6844 = ORIENTED_EDGE('',*,*,#6845,.F.);
#6845 = EDGE_CURVE('',#6790,#6838,#6846,.T.);
#6846 = LINE('',#6847,#6848);
#6847 = CARTESIAN_POINT('',(316.85,93.068176,50.));
#6848 = VECTOR('',#6849,1.);
#6849 = DIRECTION('',(-1.E-15,-1.,0.));
#6850 = PLANE('',#6851);
#6851 = AXIS2_PLACEMENT_3D('',#6852,#6853,#6854);
#6852 = CARTESIAN_POINT('',(316.85,85.668176,75.495));
#6853 = DIRECTION('',(1.,-1.E-15,0.));
#6854 = DIRECTION('',(1.E-15,1.,0.));
#6855 = ADVANCED_FACE('',(#6856),#6867,.T.);
#6856 = FACE_BOUND('',#6857,.T.);
#6857 = EDGE_LOOP('',(#6858,#6859,#6860,#6861));
#6858 = ORIENTED_EDGE('',*,*,#6837,.F.);
#6859 = ORIENTED_EDGE('',*,*,#1743,.T.);
#6860 = ORIENTED_EDGE('',*,*,#6811,.F.);
#6861 = ORIENTED_EDGE('',*,*,#6862,.F.);
#6862 = EDGE_CURVE('',#6838,#6812,#6863,.T.);
#6863 = LINE('',#6864,#6865);
#6864 = CARTESIAN_POINT('',(331.25,85.668176,50.));
#6865 = VECTOR('',#6866,1.);
#6866 = DIRECTION('',(1.,-1.E-15,0.));
#6867 = PLANE('',#6868);
#6868 = AXIS2_PLACEMENT_3D('',#6869,#6870,#6871);
#6869 = CARTESIAN_POINT('',(330.85,85.668176,75.495));
#6870 = DIRECTION('',(1.E-15,1.,0.));
#6871 = DIRECTION('',(-1.,1.E-15,0.));
#6872 = ADVANCED_FACE('',(#6873),#6892,.F.);
#6873 = FACE_BOUND('',#6874,.F.);
#6874 = EDGE_LOOP('',(#6875,#6876,#6884,#6891));
#6875 = ORIENTED_EDGE('',*,*,#1759,.F.);
#6876 = ORIENTED_EDGE('',*,*,#6877,.F.);
#6877 = EDGE_CURVE('',#6878,#1760,#6880,.T.);
#6878 = VERTEX_POINT('',#6879);
#6879 = CARTESIAN_POINT('',(338.45,96.,49.51));
#6880 = LINE('',#6881,#6882);
#6881 = CARTESIAN_POINT('',(338.45,96.,48.5));
#6882 = VECTOR('',#6883,1.);
#6883 = DIRECTION('',(0.,0.,1.));
#6884 = ORIENTED_EDGE('',*,*,#6885,.T.);
#6885 = EDGE_CURVE('',#6878,#6878,#6886,.T.);
#6886 = CIRCLE('',#6887,1.1);
#6887 = AXIS2_PLACEMENT_3D('',#6888,#6889,#6890);
#6888 = CARTESIAN_POINT('',(337.35,96.,49.51));
#6889 = DIRECTION('',(0.,0.,1.));
#6890 = DIRECTION('',(1.,0.,0.));
#6891 = ORIENTED_EDGE('',*,*,#6877,.T.);
#6892 = CYLINDRICAL_SURFACE('',#6893,1.1);
#6893 = AXIS2_PLACEMENT_3D('',#6894,#6895,#6896);
#6894 = CARTESIAN_POINT('',(337.35,96.,48.5));
#6895 = DIRECTION('',(0.,0.,1.));
#6896 = DIRECTION('',(1.,0.,0.));
#6897 = ADVANCED_FACE('',(#6898),#6917,.F.);
#6898 = FACE_BOUND('',#6899,.F.);
#6899 = EDGE_LOOP('',(#6900,#6908,#6909,#6910));
#6900 = ORIENTED_EDGE('',*,*,#6901,.T.);
#6901 = EDGE_CURVE('',#6902,#1771,#6904,.T.);
#6902 = VERTEX_POINT('',#6903);
#6903 = CARTESIAN_POINT('',(305.95,77.,49.51));
#6904 = LINE('',#6905,#6906);
#6905 = CARTESIAN_POINT('',(305.95,77.,49.5));
#6906 = VECTOR('',#6907,1.);
#6907 = DIRECTION('',(0.,0.,1.));
#6908 = ORIENTED_EDGE('',*,*,#1770,.T.);
#6909 = ORIENTED_EDGE('',*,*,#6901,.F.);
#6910 = ORIENTED_EDGE('',*,*,#6911,.F.);
#6911 = EDGE_CURVE('',#6902,#6902,#6912,.T.);
#6912 = CIRCLE('',#6913,1.1);
#6913 = AXIS2_PLACEMENT_3D('',#6914,#6915,#6916);
#6914 = CARTESIAN_POINT('',(304.85,77.,49.51));
#6915 = DIRECTION('',(0.,-0.,-1.));
#6916 = DIRECTION('',(1.,-1.E-15,0.));
#6917 = CYLINDRICAL_SURFACE('',#6918,1.1);
#6918 = AXIS2_PLACEMENT_3D('',#6919,#6920,#6921);
#6919 = CARTESIAN_POINT('',(304.85,77.,49.5));
#6920 = DIRECTION('',(0.,0.,1.));
#6921 = DIRECTION('',(-1.,6.E-17,0.));
#6922 = ADVANCED_FACE('',(#6923,#7315,#7326,#7360,#7394,#7428,#7462,
    #7496,#7530,#7564,#7598,#7632,#7666,#7700,#7711,#7745,#7748,#7782,
    #7816,#7850,#7853,#7887,#7890,#7911,#7917,#7951,#7985,#8091,#8125,
    #8383,#8386,#8420,#8454,#8488,#8522,#8556,#8590,#8593,#8627,#8630),
  #8633,.T.);
#6923 = FACE_BOUND('',#6924,.T.);
#6924 = EDGE_LOOP('',(#6925,#6926,#6927,#6935,#6944,#6952,#6961,#6970,
    #6979,#6987,#6996,#7004,#7013,#7021,#7030,#7039,#7048,#7056,#7065,
    #7074,#7083,#7091,#7100,#7108,#7117,#7126,#7135,#7143,#7152,#7160,
    #7169,#7178,#7187,#7195,#7204,#7213,#7222,#7230,#7239,#7247,#7256,
    #7265,#7274,#7282,#7291,#7299,#7308,#7314));
#6925 = ORIENTED_EDGE('',*,*,#1877,.T.);
#6926 = ORIENTED_EDGE('',*,*,#1829,.T.);
#6927 = ORIENTED_EDGE('',*,*,#6928,.T.);
#6928 = EDGE_CURVE('',#1822,#6929,#6931,.T.);
#6929 = VERTEX_POINT('',#6930);
#6930 = CARTESIAN_POINT('',(361.3875,98.692824244835,49.51));
#6931 = LINE('',#6932,#6933);
#6932 = CARTESIAN_POINT('',(361.3875,64.838081993023,49.51));
#6933 = VECTOR('',#6934,1.);
#6934 = DIRECTION('',(0.,-1.,0.));
#6935 = ORIENTED_EDGE('',*,*,#6936,.T.);
#6936 = EDGE_CURVE('',#6929,#6937,#6939,.T.);
#6937 = VERTEX_POINT('',#6938);
#6938 = CARTESIAN_POINT('',(360.63640486249,96.458107235464,49.51));
#6939 = CIRCLE('',#6940,3.7);
#6940 = AXIS2_PLACEMENT_3D('',#6941,#6942,#6943);
#6941 = CARTESIAN_POINT('',(357.6875,98.692824244835,49.51));
#6942 = DIRECTION('',(0.,0.,-1.));
#6943 = DIRECTION('',(0.,1.,0.));
#6944 = ORIENTED_EDGE('',*,*,#6945,.T.);
#6945 = EDGE_CURVE('',#6937,#6946,#6948,.T.);
#6946 = VERTEX_POINT('',#6947);
#6947 = CARTESIAN_POINT('',(344.78437423411,75.539964130829,49.51));
#6948 = LINE('',#6949,#6950);
#6949 = CARTESIAN_POINT('',(267.67925378443,-26.20699696698,49.51));
#6950 = VECTOR('',#6951,1.);
#6951 = DIRECTION('',(-0.6039775701,-0.797001314187,0.));
#6952 = ORIENTED_EDGE('',*,*,#6953,.F.);
#6953 = EDGE_CURVE('',#6954,#6946,#6956,.T.);
#6954 = VERTEX_POINT('',#6955);
#6955 = CARTESIAN_POINT('',(344.78437377115,75.539963519909,49.51));
#6956 = CIRCLE('',#6957,1.8);
#6957 = AXIS2_PLACEMENT_3D('',#6958,#6959,#6960);
#6958 = CARTESIAN_POINT('',(346.21897659965,74.452804504648,49.51));
#6959 = DIRECTION('',(-0.,0.,-1.));
#6960 = DIRECTION('',(-0.6039772307,-0.797001571389,0.));
#6961 = ORIENTED_EDGE('',*,*,#6962,.F.);
#6962 = EDGE_CURVE('',#6963,#6954,#6965,.T.);
#6963 = VERTEX_POINT('',#6964);
#6964 = CARTESIAN_POINT('',(342.71179356172,74.179954863908,49.51));
#6965 = CIRCLE('',#6966,3.699994067197);
#6966 = AXIS2_PLACEMENT_3D('',#6967,#6968,#6969);
#6967 = CARTESIAN_POINT('',(341.83547268547,77.774675690221,49.51));
#6968 = DIRECTION('',(-0.,0.,1.));
#6969 = DIRECTION('',(0.797001571389,-0.6039772307,0.));
#6970 = ORIENTED_EDGE('',*,*,#6971,.F.);
#6971 = EDGE_CURVE('',#6972,#6963,#6974,.T.);
#6972 = VERTEX_POINT('',#6973);
#6973 = CARTESIAN_POINT('',(342.71179167261,74.179954403377,49.51));
#6974 = CIRCLE('',#6975,1.8);
#6975 = AXIS2_PLACEMENT_3D('',#6976,#6977,#6978);
#6976 = CARTESIAN_POINT('',(343.13811250943,72.431168955105,49.51));
#6977 = DIRECTION('',(-0.,0.,-1.));
#6978 = DIRECTION('',(-0.971547471262,-0.236844909348,0.));
#6979 = ORIENTED_EDGE('',*,*,#6980,.T.);
#6980 = EDGE_CURVE('',#6972,#6981,#6983,.T.);
#6981 = VERTEX_POINT('',#6982);
#6982 = CARTESIAN_POINT('',(243.3824468221,49.965337647511,49.51));
#6983 = LINE('',#6984,#6985);
#6984 = CARTESIAN_POINT('',(147.60120720583,26.615681881629,49.51));
#6985 = VECTOR('',#6986,1.);
#6986 = DIRECTION('',(-0.971547471262,-0.236844909348,0.));
#6987 = ORIENTED_EDGE('',*,*,#6988,.F.);
#6988 = EDGE_CURVE('',#6989,#6981,#6991,.T.);
#6989 = VERTEX_POINT('',#6990);
#6990 = CARTESIAN_POINT('',(241.60857224825,49.970536545157,49.51));
#6991 = CIRCLE('',#6992,3.700347382847);
#6992 = AXIS2_PLACEMENT_3D('',#6993,#6994,#6995);
#6993 = CARTESIAN_POINT('',(242.5060383818,53.560400789509,49.51));
#6994 = DIRECTION('',(-0.,0.,1.));
#6995 = DIRECTION('',(0.236830379702,-0.9715510132,0.));
#6996 = ORIENTED_EDGE('',*,*,#6997,.T.);
#6997 = EDGE_CURVE('',#6989,#6998,#7000,.T.);
#6998 = VERTEX_POINT('',#6999);
#6999 = CARTESIAN_POINT('',(229.95717063143,52.883387185169,49.51));
#7000 = LINE('',#7001,#7002);
#7001 = CARTESIAN_POINT('',(130.87647825484,77.65356227919,49.51));
#7002 = VECTOR('',#7003,1.);
#7003 = DIRECTION('',(-0.970142495538,0.242535643466,0.));
#7004 = ORIENTED_EDGE('',*,*,#7005,.F.);
#7005 = EDGE_CURVE('',#7006,#6998,#7008,.T.);
#7006 = VERTEX_POINT('',#7007);
#7007 = CARTESIAN_POINT('',(228.27847175664,52.43985911691,49.51));
#7008 = CIRCLE('',#7009,1.8);
#7009 = AXIS2_PLACEMENT_3D('',#7010,#7011,#7012);
#7010 = CARTESIAN_POINT('',(229.52060647319,51.137130693201,49.51));
#7011 = DIRECTION('',(-0.,0.,-1.));
#7012 = DIRECTION('',(-0.723738013172,-0.690074842528,0.));
#7013 = ORIENTED_EDGE('',*,*,#7014,.T.);
#7014 = EDGE_CURVE('',#7006,#7015,#7017,.T.);
#7015 = VERTEX_POINT('',#7016);
#7016 = CARTESIAN_POINT('',(220.2404986043,44.775755592721,49.51));
#7017 = LINE('',#7018,#7019);
#7018 = CARTESIAN_POINT('',(153.38811358999,-18.96712956978,49.51));
#7019 = VECTOR('',#7020,1.);
#7020 = DIRECTION('',(-0.723738013172,-0.690074842528,0.));
#7021 = ORIENTED_EDGE('',*,*,#7022,.F.);
#7022 = EDGE_CURVE('',#7023,#7015,#7025,.T.);
#7023 = VERTEX_POINT('',#7024);
#7024 = CARTESIAN_POINT('',(220.24046608426,44.775724584508,49.51));
#7025 = CIRCLE('',#7026,1.8);
#7026 = AXIS2_PLACEMENT_3D('',#7027,#7028,#7029);
#7027 = CARTESIAN_POINT('',(221.48263332085,43.473027169011,49.51));
#7028 = DIRECTION('',(-0.,0.,-1.));
#7029 = DIRECTION('',(-0.723720786388,-0.690092909216,0.));
#7030 = ORIENTED_EDGE('',*,*,#7031,.F.);
#7031 = EDGE_CURVE('',#7032,#7023,#7034,.T.);
#7032 = VERTEX_POINT('',#7033);
#7033 = CARTESIAN_POINT('',(215.05266710148,44.855587366414,49.51));
#7034 = CIRCLE('',#7035,3.699925802032);
#7035 = AXIS2_PLACEMENT_3D('',#7036,#7037,#7038);
#7036 = CARTESIAN_POINT('',(217.68717352366,47.453437795531,49.51));
#7037 = DIRECTION('',(-0.,0.,1.));
#7038 = DIRECTION('',(0.690092909216,-0.723720786388,0.));
#7039 = ORIENTED_EDGE('',*,*,#7040,.F.);
#7040 = EDGE_CURVE('',#7041,#7032,#7043,.T.);
#7041 = VERTEX_POINT('',#7042);
#7042 = CARTESIAN_POINT('',(215.05265115208,44.855603541186,49.51));
#7043 = CIRCLE('',#7044,1.8);
#7044 = AXIS2_PLACEMENT_3D('',#7045,#7046,#7047);
#7045 = CARTESIAN_POINT('',(213.77098962667,43.591742894486,49.51));
#7046 = DIRECTION('',(0.,0.,-1.));
#7047 = DIRECTION('',(-0.702144803722,0.712034180785,0.));
#7048 = ORIENTED_EDGE('',*,*,#7049,.T.);
#7049 = EDGE_CURVE('',#7041,#7050,#7052,.T.);
#7050 = VERTEX_POINT('',#7051);
#7051 = CARTESIAN_POINT('',(182.32831875645,78.04084266214,49.51));
#7052 = LINE('',#7053,#7054);
#7053 = CARTESIAN_POINT('',(165.07310603975,95.53908687882,49.51));
#7054 = VECTOR('',#7055,1.);
#7055 = DIRECTION('',(-0.702144803722,0.712034180785,0.));
#7056 = ORIENTED_EDGE('',*,*,#7057,.F.);
#7057 = EDGE_CURVE('',#7058,#7050,#7060,.T.);
#7058 = VERTEX_POINT('',#7059);
#7059 = CARTESIAN_POINT('',(182.32830751222,78.040854064642,49.51));
#7060 = CIRCLE('',#7061,1.8);
#7061 = AXIS2_PLACEMENT_3D('',#7062,#7063,#7064);
#7062 = CARTESIAN_POINT('',(181.04665723104,76.77698201544,49.51));
#7063 = DIRECTION('',(0.,0.,-1.));
#7064 = DIRECTION('',(-0.702151138446,0.712027933988,0.));
#7065 = ORIENTED_EDGE('',*,*,#7066,.F.);
#7066 = EDGE_CURVE('',#7067,#7058,#7069,.T.);
#7067 = VERTEX_POINT('',#7068);
#7068 = CARTESIAN_POINT('',(182.34703504393,83.255602054225,49.51));
#7069 = CIRCLE('',#7070,3.699981858821);
#7070 = AXIS2_PLACEMENT_3D('',#7071,#7072,#7073);
#7071 = CARTESIAN_POINT('',(184.96279795095,80.638800539042,49.51));
#7072 = DIRECTION('',(0.,0.,1.));
#7073 = DIRECTION('',(-0.712027933988,-0.702151138446,0.));
#7074 = ORIENTED_EDGE('',*,*,#7075,.F.);
#7075 = EDGE_CURVE('',#7076,#7067,#7078,.T.);
#7076 = VERTEX_POINT('',#7077);
#7077 = CARTESIAN_POINT('',(182.34704285864,83.255609865887,49.51));
#7078 = CIRCLE('',#7079,1.8);
#7079 = AXIS2_PLACEMENT_3D('',#7080,#7081,#7082);
#7080 = CARTESIAN_POINT('',(181.07449549852,84.528646870945,49.51));
#7081 = DIRECTION('',(0.,0.,-1.));
#7082 = DIRECTION('',(0.707242780588,0.706970755623,0.));
#7083 = ORIENTED_EDGE('',*,*,#7084,.T.);
#7084 = EDGE_CURVE('',#7076,#7085,#7087,.T.);
#7085 = VERTEX_POINT('',#7086);
#7086 = CARTESIAN_POINT('',(192.77254736013,93.6771044325,49.51));
#7087 = LINE('',#7088,#7089);
#7088 = CARTESIAN_POINT('',(118.53522005301,19.468330836854,49.51));
#7089 = VECTOR('',#7090,1.);
#7090 = DIRECTION('',(0.707242780588,0.706970755623,0.));
#7091 = ORIENTED_EDGE('',*,*,#7092,.F.);
#7092 = EDGE_CURVE('',#7093,#7085,#7095,.T.);
#7093 = VERTEX_POINT('',#7094);
#7094 = CARTESIAN_POINT('',(193.3,94.950141437558,49.51));
#7095 = CIRCLE('',#7096,1.8);
#7096 = AXIS2_PLACEMENT_3D('',#7097,#7098,#7099);
#7097 = CARTESIAN_POINT('',(191.5,94.950141437558,49.51));
#7098 = DIRECTION('',(0.,0.,-1.));
#7099 = DIRECTION('',(-1.1071E-13,1.,0.));
#7100 = ORIENTED_EDGE('',*,*,#7101,.T.);
#7101 = EDGE_CURVE('',#7093,#7102,#7104,.T.);
#7102 = VERTEX_POINT('',#7103);
#7103 = CARTESIAN_POINT('',(193.3,163.5,49.51));
#7104 = LINE('',#7105,#7106);
#7105 = CARTESIAN_POINT('',(193.30000000001,64.6125353594,49.51));
#7106 = VECTOR('',#7107,1.);
#7107 = DIRECTION('',(-1.1071E-13,1.,0.));
#7108 = ORIENTED_EDGE('',*,*,#7109,.F.);
#7109 = EDGE_CURVE('',#7110,#7102,#7112,.T.);
#7110 = VERTEX_POINT('',#7111);
#7111 = CARTESIAN_POINT('',(193.3,163.50000048899,49.51));
#7112 = CIRCLE('',#7113,1.8);
#7113 = AXIS2_PLACEMENT_3D('',#7114,#7115,#7116);
#7114 = CARTESIAN_POINT('',(191.5,163.5,49.51));
#7115 = DIRECTION('',(0.,0.,-1.));
#7116 = DIRECTION('',(-2.7166378973E-07,1.,0.));
#7117 = ORIENTED_EDGE('',*,*,#7118,.F.);
#7118 = EDGE_CURVE('',#7119,#7110,#7121,.T.);
#7119 = VERTEX_POINT('',#7120);
#7120 = CARTESIAN_POINT('',(197.00000127002,167.19999999999,49.51));
#7121 = CIRCLE('',#7122,3.69999850585);
#7122 = AXIS2_PLACEMENT_3D('',#7123,#7124,#7125);
#7123 = CARTESIAN_POINT('',(196.99999850585,163.50000149415,49.51));
#7124 = DIRECTION('',(0.,0.,1.));
#7125 = DIRECTION('',(-1.,-2.7166378997E-07,0.));
#7126 = ORIENTED_EDGE('',*,*,#7127,.F.);
#7127 = EDGE_CURVE('',#7128,#7119,#7130,.T.);
#7128 = VERTEX_POINT('',#7129);
#7129 = CARTESIAN_POINT('',(197.00000261476,167.19999999999,49.51));
#7130 = CIRCLE('',#7131,1.8);
#7131 = AXIS2_PLACEMENT_3D('',#7132,#7133,#7134);
#7132 = CARTESIAN_POINT('',(197.00000261476,168.99999999999,49.51));
#7133 = DIRECTION('',(0.,0.,-1.));
#7134 = DIRECTION('',(1.,3.094E-14,0.));
#7135 = ORIENTED_EDGE('',*,*,#7136,.T.);
#7136 = EDGE_CURVE('',#7128,#7137,#7139,.T.);
#7137 = VERTEX_POINT('',#7138);
#7138 = CARTESIAN_POINT('',(232.39082469637,167.2,49.51));
#7139 = LINE('',#7140,#7141);
#7140 = CARTESIAN_POINT('',(107.34770682778,167.19999999999,49.51));
#7141 = VECTOR('',#7142,1.);
#7142 = DIRECTION('',(1.,3.094E-14,0.));
#7143 = ORIENTED_EDGE('',*,*,#7144,.F.);
#7144 = EDGE_CURVE('',#7145,#7137,#7147,.T.);
#7145 = VERTEX_POINT('',#7146);
#7146 = CARTESIAN_POINT('',(232.99898121611,167.30584957943,49.51));
#7147 = CIRCLE('',#7148,1.8);
#7148 = AXIS2_PLACEMENT_3D('',#7149,#7150,#7151);
#7149 = CARTESIAN_POINT('',(232.39082469637,169.,49.51));
#7150 = DIRECTION('',(0.,0.,-1.));
#7151 = DIRECTION('',(0.941194678092,0.337864733187,0.));
#7152 = ORIENTED_EDGE('',*,*,#7153,.T.);
#7153 = EDGE_CURVE('',#7145,#7154,#7156,.T.);
#7154 = VERTEX_POINT('',#7155);
#7155 = CARTESIAN_POINT('',(251.59799995358,173.98241995275,49.51));
#7156 = LINE('',#7157,#7158);
#7157 = CARTESIAN_POINT('',(107.84662611285,122.37936619727,49.51));
#7158 = VECTOR('',#7159,1.);
#7159 = DIRECTION('',(0.941194678092,0.337864733187,0.));
#7160 = ORIENTED_EDGE('',*,*,#7161,.F.);
#7161 = EDGE_CURVE('',#7162,#7154,#7164,.T.);
#7162 = VERTEX_POINT('',#7163);
#7163 = CARTESIAN_POINT('',(251.59800060333,173.98242018599,49.51));
#7164 = CIRCLE('',#7165,1.8);
#7165 = AXIS2_PLACEMENT_3D('',#7166,#7167,#7168);
#7166 = CARTESIAN_POINT('',(250.98984343384,175.67657037331,49.51));
#7167 = DIRECTION('',(0.,0.,-1.));
#7168 = DIRECTION('',(0.941194548512,0.33786509416,0.));
#7169 = ORIENTED_EDGE('',*,*,#7170,.F.);
#7170 = EDGE_CURVE('',#7171,#7162,#7173,.T.);
#7171 = VERTEX_POINT('',#7172);
#7172 = CARTESIAN_POINT('',(252.84810050709,174.19999999999,49.51));
#7173 = CIRCLE('',#7174,3.699993937507);
#7174 = AXIS2_PLACEMENT_3D('',#7175,#7176,#7177);
#7175 = CARTESIAN_POINT('',(252.84809940342,170.50000606248,49.51));
#7176 = DIRECTION('',(0.,0.,1.));
#7177 = DIRECTION('',(-0.33786509416,0.941194548512,0.));
#7178 = ORIENTED_EDGE('',*,*,#7179,.F.);
#7179 = EDGE_CURVE('',#7180,#7171,#7182,.T.);
#7180 = VERTEX_POINT('',#7181);
#7181 = CARTESIAN_POINT('',(252.84810104406,174.19999999999,49.51));
#7182 = CIRCLE('',#7183,1.8);
#7183 = AXIS2_PLACEMENT_3D('',#7184,#7185,#7186);
#7184 = CARTESIAN_POINT('',(252.84810104401,175.99999999999,49.51));
#7185 = DIRECTION('',(0.,0.,-1.));
#7186 = DIRECTION('',(1.,2.549193E-11,0.));
#7187 = ORIENTED_EDGE('',*,*,#7188,.T.);
#7188 = EDGE_CURVE('',#7180,#7189,#7191,.T.);
#7189 = VERTEX_POINT('',#7190);
#7190 = CARTESIAN_POINT('',(274.8333354607,174.20000000055,49.51));
#7191 = LINE('',#7192,#7193);
#7192 = CARTESIAN_POINT('',(131.92035912397,174.19999999691,49.51));
#7193 = VECTOR('',#7194,1.);
#7194 = DIRECTION('',(1.,2.549193E-11,0.));
#7195 = ORIENTED_EDGE('',*,*,#7196,.F.);
#7196 = EDGE_CURVE('',#7197,#7189,#7199,.T.);
#7197 = VERTEX_POINT('',#7198);
#7198 = CARTESIAN_POINT('',(274.83335358247,174.20000000064,49.51));
#7199 = CIRCLE('',#7200,1.8);
#7200 = AXIS2_PLACEMENT_3D('',#7201,#7202,#7203);
#7201 = CARTESIAN_POINT('',(274.83333546065,176.00000000055,49.51));
#7202 = DIRECTION('',(0.,0.,-1.));
#7203 = DIRECTION('',(0.999999999949,1.006767339457E-05,0.));
#7204 = ORIENTED_EDGE('',*,*,#7205,.F.);
#7205 = EDGE_CURVE('',#7206,#7197,#7208,.T.);
#7206 = VERTEX_POINT('',#7207);
#7207 = CARTESIAN_POINT('',(277.05331650148,173.4600123747,49.51));
#7208 = CIRCLE('',#7209,3.699826507497);
#7209 = AXIS2_PLACEMENT_3D('',#7210,#7211,#7212);
#7210 = CARTESIAN_POINT('',(274.83339083111,170.50017349334,49.51));
#7211 = DIRECTION('',(0.,0.,1.));
#7212 = DIRECTION('',(-1.006767330689E-05,0.999999999949,0.));
#7213 = ORIENTED_EDGE('',*,*,#7214,.F.);
#7214 = EDGE_CURVE('',#7215,#7206,#7217,.T.);
#7215 = VERTEX_POINT('',#7216);
#7216 = CARTESIAN_POINT('',(277.05333107611,173.46000144361,49.51));
#7217 = CIRCLE('',#7218,1.8);
#7218 = AXIS2_PLACEMENT_3D('',#7219,#7220,#7221);
#7219 = CARTESIAN_POINT('',(278.13333098285,174.90000151355,49.51));
#7220 = DIRECTION('',(0.,-0.,-1.));
#7221 = DIRECTION('',(0.80000003886,-0.599999948187,0.));
#7222 = ORIENTED_EDGE('',*,*,#7223,.T.);
#7223 = EDGE_CURVE('',#7215,#7224,#7226,.T.);
#7224 = VERTEX_POINT('',#7225);
#7225 = CARTESIAN_POINT('',(281.58666703921,170.05999993004,49.51));
#7226 = LINE('',#7227,#7228);
#7227 = CARTESIAN_POINT('',(231.15998928323,207.880003144,49.51));
#7228 = VECTOR('',#7229,1.);
#7229 = DIRECTION('',(0.80000003886,-0.599999948187,0.));
#7230 = ORIENTED_EDGE('',*,*,#7231,.F.);
#7231 = EDGE_CURVE('',#7232,#7224,#7234,.T.);
#7232 = VERTEX_POINT('',#7233);
#7233 = CARTESIAN_POINT('',(282.66666694595,169.69999999999,49.51));
#7234 = CIRCLE('',#7235,1.8);
#7235 = AXIS2_PLACEMENT_3D('',#7236,#7237,#7238);
#7236 = CARTESIAN_POINT('',(282.66666694595,171.49999999999,49.51));
#7237 = DIRECTION('',(0.,0.,-1.));
#7238 = DIRECTION('',(1.,3.2768E-13,0.));
#7239 = ORIENTED_EDGE('',*,*,#7240,.T.);
#7240 = EDGE_CURVE('',#7232,#7241,#7243,.T.);
#7241 = VERTEX_POINT('',#7242);
#7242 = CARTESIAN_POINT('',(295.09428076278,169.7,49.51));
#7243 = LINE('',#7244,#7245);
#7244 = CARTESIAN_POINT('',(144.44023692715,169.69999999995,49.51));
#7245 = VECTOR('',#7246,1.);
#7246 = DIRECTION('',(1.,3.2768E-13,0.));
#7247 = ORIENTED_EDGE('',*,*,#7248,.F.);
#7248 = EDGE_CURVE('',#7249,#7241,#7251,.T.);
#7249 = VERTEX_POINT('',#7250);
#7250 = CARTESIAN_POINT('',(295.09431459071,169.70000000031,49.51));
#7251 = CIRCLE('',#7252,1.8);
#7252 = AXIS2_PLACEMENT_3D('',#7253,#7254,#7255);
#7253 = CARTESIAN_POINT('',(295.09428076278,171.5,49.51));
#7254 = DIRECTION('',(0.,0.,-1.));
#7255 = DIRECTION('',(0.999999999823,1.879329642799E-05,0.));
#7256 = ORIENTED_EDGE('',*,*,#7257,.F.);
#7257 = EDGE_CURVE('',#7258,#7249,#7260,.T.);
#7258 = VERTEX_POINT('',#7259);
#7259 = CARTESIAN_POINT('',(296.5360097089,169.40757394371,49.51));
#7260 = CIRCLE('',#7261,3.699734139991);
#7261 = AXIS2_PLACEMENT_3D('',#7262,#7263,#7264);
#7262 = CARTESIAN_POINT('',(295.09438412091,166.00026586098,49.51));
#7263 = DIRECTION('',(0.,0.,1.));
#7264 = DIRECTION('',(-1.879329642379E-05,0.999999999823,0.));
#7265 = ORIENTED_EDGE('',*,*,#7266,.F.);
#7266 = EDGE_CURVE('',#7267,#7258,#7269,.T.);
#7267 = VERTEX_POINT('',#7268);
#7268 = CARTESIAN_POINT('',(296.53603941444,169.40756137544,49.51));
#7269 = CIRCLE('',#7270,1.8);
#7270 = AXIS2_PLACEMENT_3D('',#7271,#7272,#7273);
#7271 = CARTESIAN_POINT('',(297.23739147307,171.06530239558,49.51));
#7272 = DIRECTION('',(0.,-0.,-1.));
#7273 = DIRECTION('',(0.920967233412,-0.38964003257,0.));
#7274 = ORIENTED_EDGE('',*,*,#7275,.T.);
#7275 = EDGE_CURVE('',#7267,#7276,#7278,.T.);
#7276 = VERTEX_POINT('',#7277);
#7277 = CARTESIAN_POINT('',(308.47666380706,164.35575810986,49.51));
#7278 = LINE('',#7279,#7280);
#7279 = CARTESIAN_POINT('',(204.1587186342,208.49027894851,49.51));
#7280 = VECTOR('',#7281,1.);
#7281 = DIRECTION('',(0.920967233412,-0.38964003257,0.));
#7282 = ORIENTED_EDGE('',*,*,#7283,.F.);
#7283 = EDGE_CURVE('',#7284,#7276,#7286,.T.);
#7284 = VERTEX_POINT('',#7285);
#7285 = CARTESIAN_POINT('',(309.21217340994,164.21382325303,49.51));
#7286 = CIRCLE('',#7287,1.8);
#7287 = AXIS2_PLACEMENT_3D('',#7288,#7289,#7290);
#7288 = CARTESIAN_POINT('',(309.17801586569,166.01349913,49.51));
#7289 = DIRECTION('',(0.,0.,-1.));
#7290 = DIRECTION('',(0.999819931654,1.897641347271E-02,0.));
#7291 = ORIENTED_EDGE('',*,*,#7292,.T.);
#7292 = EDGE_CURVE('',#7284,#7293,#7295,.T.);
#7293 = VERTEX_POINT('',#7294);
#7294 = CARTESIAN_POINT('',(357.61728727015,165.13254414038,49.51));
#7295 = LINE('',#7296,#7297);
#7296 = CARTESIAN_POINT('',(165.20522534129,161.48059569577,49.51));
#7297 = VECTOR('',#7298,1.);
#7298 = DIRECTION('',(0.999819931654,1.897641347271E-02,0.));
#7299 = ORIENTED_EDGE('',*,*,#7300,.T.);
#7300 = EDGE_CURVE('',#7293,#7301,#7303,.T.);
#7301 = VERTEX_POINT('',#7302);
#7302 = CARTESIAN_POINT('',(361.3875,161.43321039326,49.51));
#7303 = CIRCLE('',#7304,3.7);
#7304 = AXIS2_PLACEMENT_3D('',#7305,#7306,#7307);
#7305 = CARTESIAN_POINT('',(357.6875,161.43321039326,49.51));
#7306 = DIRECTION('',(-0.,0.,-1.));
#7307 = DIRECTION('',(-0.999819931654,-1.897641347271E-02,0.));
#7308 = ORIENTED_EDGE('',*,*,#7309,.T.);
#7309 = EDGE_CURVE('',#7301,#1961,#7310,.T.);
#7310 = LINE('',#7311,#7312);
#7311 = CARTESIAN_POINT('',(361.3875,64.838081993023,49.51));
#7312 = VECTOR('',#7313,1.);
#7313 = DIRECTION('',(0.,-1.,0.));
#7314 = ORIENTED_EDGE('',*,*,#1968,.F.);
#7315 = FACE_BOUND('',#7316,.T.);
#7316 = EDGE_LOOP('',(#7317));
#7317 = ORIENTED_EDGE('',*,*,#7318,.F.);
#7318 = EDGE_CURVE('',#7319,#7319,#7321,.T.);
#7319 = VERTEX_POINT('',#7320);
#7320 = CARTESIAN_POINT('',(196.23223315653,165.26776793772,49.51));
#7321 = CIRCLE('',#7322,1.);
#7322 = AXIS2_PLACEMENT_3D('',#7323,#7324,#7325);
#7323 = CARTESIAN_POINT('',(195.23223315653,165.26776793772,49.51));
#7324 = DIRECTION('',(0.,-0.,-1.));
#7325 = DIRECTION('',(1.,-1.E-15,0.));
#7326 = FACE_BOUND('',#7327,.T.);
#7327 = EDGE_LOOP('',(#7328,#7338,#7346,#7354));
#7328 = ORIENTED_EDGE('',*,*,#7329,.F.);
#7329 = EDGE_CURVE('',#7330,#7332,#7334,.T.);
#7330 = VERTEX_POINT('',#7331);
#7331 = CARTESIAN_POINT('',(217.35,137.255676,49.51));
#7332 = VERTEX_POINT('',#7333);
#7333 = CARTESIAN_POINT('',(201.75,137.255676,49.51));
#7334 = LINE('',#7335,#7336);
#7335 = CARTESIAN_POINT('',(244.71257902303,137.255676,49.51));
#7336 = VECTOR('',#7337,1.);
#7337 = DIRECTION('',(-1.,1.2E-16,0.));
#7338 = ORIENTED_EDGE('',*,*,#7339,.T.);
#7339 = EDGE_CURVE('',#7330,#7340,#7342,.T.);
#7340 = VERTEX_POINT('',#7341);
#7341 = CARTESIAN_POINT('',(217.35,152.855676,49.51));
#7342 = LINE('',#7343,#7344);
#7343 = CARTESIAN_POINT('',(217.35,130.91621599858,49.51));
#7344 = VECTOR('',#7345,1.);
#7345 = DIRECTION('',(1.2E-16,1.,0.));
#7346 = ORIENTED_EDGE('',*,*,#7347,.T.);
#7347 = EDGE_CURVE('',#7340,#7348,#7350,.T.);
#7348 = VERTEX_POINT('',#7349);
#7349 = CARTESIAN_POINT('',(201.75,152.855676,49.51));
#7350 = LINE('',#7351,#7352);
#7351 = CARTESIAN_POINT('',(244.71257902303,152.855676,49.51));
#7352 = VECTOR('',#7353,1.);
#7353 = DIRECTION('',(-1.,1.2E-16,0.));
#7354 = ORIENTED_EDGE('',*,*,#7355,.F.);
#7355 = EDGE_CURVE('',#7332,#7348,#7356,.T.);
#7356 = LINE('',#7357,#7358);
#7357 = CARTESIAN_POINT('',(201.75,130.91621599858,49.51));
#7358 = VECTOR('',#7359,1.);
#7359 = DIRECTION('',(1.2E-16,1.,0.));
#7360 = FACE_BOUND('',#7361,.T.);
#7361 = EDGE_LOOP('',(#7362,#7372,#7380,#7388));
#7362 = ORIENTED_EDGE('',*,*,#7363,.F.);
#7363 = EDGE_CURVE('',#7364,#7366,#7368,.T.);
#7364 = VERTEX_POINT('',#7365);
#7365 = CARTESIAN_POINT('',(236.4,142.018176,49.51));
#7366 = VERTEX_POINT('',#7367);
#7367 = CARTESIAN_POINT('',(220.8,142.018176,49.51));
#7368 = LINE('',#7369,#7370);
#7369 = CARTESIAN_POINT('',(254.23757902303,142.018176,49.51));
#7370 = VECTOR('',#7371,1.);
#7371 = DIRECTION('',(-1.,1.2E-16,0.));
#7372 = ORIENTED_EDGE('',*,*,#7373,.T.);
#7373 = EDGE_CURVE('',#7364,#7374,#7376,.T.);
#7374 = VERTEX_POINT('',#7375);
#7375 = CARTESIAN_POINT('',(236.4,157.618176,49.51));
#7376 = LINE('',#7377,#7378);
#7377 = CARTESIAN_POINT('',(236.4,133.29746599858,49.51));
#7378 = VECTOR('',#7379,1.);
#7379 = DIRECTION('',(1.2E-16,1.,0.));
#7380 = ORIENTED_EDGE('',*,*,#7381,.T.);
#7381 = EDGE_CURVE('',#7374,#7382,#7384,.T.);
#7382 = VERTEX_POINT('',#7383);
#7383 = CARTESIAN_POINT('',(220.8,157.618176,49.51));
#7384 = LINE('',#7385,#7386);
#7385 = CARTESIAN_POINT('',(254.23757902303,157.618176,49.51));
#7386 = VECTOR('',#7387,1.);
#7387 = DIRECTION('',(-1.,1.2E-16,0.));
#7388 = ORIENTED_EDGE('',*,*,#7389,.F.);
#7389 = EDGE_CURVE('',#7366,#7382,#7390,.T.);
#7390 = LINE('',#7391,#7392);
#7391 = CARTESIAN_POINT('',(220.8,133.29746599858,49.51));
#7392 = VECTOR('',#7393,1.);
#7393 = DIRECTION('',(1.2E-16,1.,0.));
#7394 = FACE_BOUND('',#7395,.T.);
#7395 = EDGE_LOOP('',(#7396,#7406,#7414,#7422));
#7396 = ORIENTED_EDGE('',*,*,#7397,.F.);
#7397 = EDGE_CURVE('',#7398,#7400,#7402,.T.);
#7398 = VERTEX_POINT('',#7399);
#7399 = CARTESIAN_POINT('',(255.45,146.780676,49.51));
#7400 = VERTEX_POINT('',#7401);
#7401 = CARTESIAN_POINT('',(239.85,146.780676,49.51));
#7402 = LINE('',#7403,#7404);
#7403 = CARTESIAN_POINT('',(263.76257902303,146.780676,49.51));
#7404 = VECTOR('',#7405,1.);
#7405 = DIRECTION('',(-1.,1.2E-16,0.));
#7406 = ORIENTED_EDGE('',*,*,#7407,.T.);
#7407 = EDGE_CURVE('',#7398,#7408,#7410,.T.);
#7408 = VERTEX_POINT('',#7409);
#7409 = CARTESIAN_POINT('',(255.45,162.380676,49.51));
#7410 = LINE('',#7411,#7412);
#7411 = CARTESIAN_POINT('',(255.45,135.67871599858,49.51));
#7412 = VECTOR('',#7413,1.);
#7413 = DIRECTION('',(1.2E-16,1.,0.));
#7414 = ORIENTED_EDGE('',*,*,#7415,.T.);
#7415 = EDGE_CURVE('',#7408,#7416,#7418,.T.);
#7416 = VERTEX_POINT('',#7417);
#7417 = CARTESIAN_POINT('',(239.85,162.380676,49.51));
#7418 = LINE('',#7419,#7420);
#7419 = CARTESIAN_POINT('',(263.76257902303,162.380676,49.51));
#7420 = VECTOR('',#7421,1.);
#7421 = DIRECTION('',(-1.,1.2E-16,0.));
#7422 = ORIENTED_EDGE('',*,*,#7423,.F.);
#7423 = EDGE_CURVE('',#7400,#7416,#7424,.T.);
#7424 = LINE('',#7425,#7426);
#7425 = CARTESIAN_POINT('',(239.85,135.67871599858,49.51));
#7426 = VECTOR('',#7427,1.);
#7427 = DIRECTION('',(1.2E-16,1.,0.));
#7428 = FACE_BOUND('',#7429,.T.);
#7429 = EDGE_LOOP('',(#7430,#7440,#7448,#7456));
#7430 = ORIENTED_EDGE('',*,*,#7431,.F.);
#7431 = EDGE_CURVE('',#7432,#7434,#7436,.T.);
#7432 = VERTEX_POINT('',#7433);
#7433 = CARTESIAN_POINT('',(274.5,151.543176,49.51));
#7434 = VERTEX_POINT('',#7435);
#7435 = CARTESIAN_POINT('',(258.9,151.543176,49.51));
#7436 = LINE('',#7437,#7438);
#7437 = CARTESIAN_POINT('',(273.28757902303,151.543176,49.51));
#7438 = VECTOR('',#7439,1.);
#7439 = DIRECTION('',(-1.,1.2E-16,0.));
#7440 = ORIENTED_EDGE('',*,*,#7441,.T.);
#7441 = EDGE_CURVE('',#7432,#7442,#7444,.T.);
#7442 = VERTEX_POINT('',#7443);
#7443 = CARTESIAN_POINT('',(274.5,167.143176,49.51));
#7444 = LINE('',#7445,#7446);
#7445 = CARTESIAN_POINT('',(274.5,138.05996599858,49.51));
#7446 = VECTOR('',#7447,1.);
#7447 = DIRECTION('',(1.2E-16,1.,0.));
#7448 = ORIENTED_EDGE('',*,*,#7449,.T.);
#7449 = EDGE_CURVE('',#7442,#7450,#7452,.T.);
#7450 = VERTEX_POINT('',#7451);
#7451 = CARTESIAN_POINT('',(258.9,167.143176,49.51));
#7452 = LINE('',#7453,#7454);
#7453 = CARTESIAN_POINT('',(273.28757902303,167.143176,49.51));
#7454 = VECTOR('',#7455,1.);
#7455 = DIRECTION('',(-1.,1.2E-16,0.));
#7456 = ORIENTED_EDGE('',*,*,#7457,.F.);
#7457 = EDGE_CURVE('',#7434,#7450,#7458,.T.);
#7458 = LINE('',#7459,#7460);
#7459 = CARTESIAN_POINT('',(258.9,138.05996599858,49.51));
#7460 = VECTOR('',#7461,1.);
#7461 = DIRECTION('',(1.2E-16,1.,0.));
#7462 = FACE_BOUND('',#7463,.T.);
#7463 = EDGE_LOOP('',(#7464,#7474,#7482,#7490));
#7464 = ORIENTED_EDGE('',*,*,#7465,.F.);
#7465 = EDGE_CURVE('',#7466,#7468,#7470,.T.);
#7466 = VERTEX_POINT('',#7467);
#7467 = CARTESIAN_POINT('',(274.5,132.493176,49.51));
#7468 = VERTEX_POINT('',#7469);
#7469 = CARTESIAN_POINT('',(258.9,132.493176,49.51));
#7470 = LINE('',#7471,#7472);
#7471 = CARTESIAN_POINT('',(273.28757902303,132.493176,49.51));
#7472 = VECTOR('',#7473,1.);
#7473 = DIRECTION('',(-1.,1.2E-16,0.));
#7474 = ORIENTED_EDGE('',*,*,#7475,.T.);
#7475 = EDGE_CURVE('',#7466,#7476,#7478,.T.);
#7476 = VERTEX_POINT('',#7477);
#7477 = CARTESIAN_POINT('',(274.5,148.093176,49.51));
#7478 = LINE('',#7479,#7480);
#7479 = CARTESIAN_POINT('',(274.5,128.53496599858,49.51));
#7480 = VECTOR('',#7481,1.);
#7481 = DIRECTION('',(1.2E-16,1.,0.));
#7482 = ORIENTED_EDGE('',*,*,#7483,.T.);
#7483 = EDGE_CURVE('',#7476,#7484,#7486,.T.);
#7484 = VERTEX_POINT('',#7485);
#7485 = CARTESIAN_POINT('',(258.9,148.093176,49.51));
#7486 = LINE('',#7487,#7488);
#7487 = CARTESIAN_POINT('',(273.28757902303,148.093176,49.51));
#7488 = VECTOR('',#7489,1.);
#7489 = DIRECTION('',(-1.,1.2E-16,0.));
#7490 = ORIENTED_EDGE('',*,*,#7491,.F.);
#7491 = EDGE_CURVE('',#7468,#7484,#7492,.T.);
#7492 = LINE('',#7493,#7494);
#7493 = CARTESIAN_POINT('',(258.9,128.53496599858,49.51));
#7494 = VECTOR('',#7495,1.);
#7495 = DIRECTION('',(1.2E-16,1.,0.));
#7496 = FACE_BOUND('',#7497,.T.);
#7497 = EDGE_LOOP('',(#7498,#7508,#7516,#7524));
#7498 = ORIENTED_EDGE('',*,*,#7499,.F.);
#7499 = EDGE_CURVE('',#7500,#7502,#7504,.T.);
#7500 = VERTEX_POINT('',#7501);
#7501 = CARTESIAN_POINT('',(217.35,118.205676,49.51));
#7502 = VERTEX_POINT('',#7503);
#7503 = CARTESIAN_POINT('',(201.75,118.205676,49.51));
#7504 = LINE('',#7505,#7506);
#7505 = CARTESIAN_POINT('',(244.71257902303,118.205676,49.51));
#7506 = VECTOR('',#7507,1.);
#7507 = DIRECTION('',(-1.,1.2E-16,0.));
#7508 = ORIENTED_EDGE('',*,*,#7509,.T.);
#7509 = EDGE_CURVE('',#7500,#7510,#7512,.T.);
#7510 = VERTEX_POINT('',#7511);
#7511 = CARTESIAN_POINT('',(217.35,133.805676,49.51));
#7512 = LINE('',#7513,#7514);
#7513 = CARTESIAN_POINT('',(217.35,121.39121599858,49.51));
#7514 = VECTOR('',#7515,1.);
#7515 = DIRECTION('',(1.2E-16,1.,0.));
#7516 = ORIENTED_EDGE('',*,*,#7517,.T.);
#7517 = EDGE_CURVE('',#7510,#7518,#7520,.T.);
#7518 = VERTEX_POINT('',#7519);
#7519 = CARTESIAN_POINT('',(201.75,133.805676,49.51));
#7520 = LINE('',#7521,#7522);
#7521 = CARTESIAN_POINT('',(244.71257902303,133.805676,49.51));
#7522 = VECTOR('',#7523,1.);
#7523 = DIRECTION('',(-1.,1.2E-16,0.));
#7524 = ORIENTED_EDGE('',*,*,#7525,.F.);
#7525 = EDGE_CURVE('',#7502,#7518,#7526,.T.);
#7526 = LINE('',#7527,#7528);
#7527 = CARTESIAN_POINT('',(201.75,121.39121599858,49.51));
#7528 = VECTOR('',#7529,1.);
#7529 = DIRECTION('',(1.2E-16,1.,0.));
#7530 = FACE_BOUND('',#7531,.T.);
#7531 = EDGE_LOOP('',(#7532,#7542,#7550,#7558));
#7532 = ORIENTED_EDGE('',*,*,#7533,.F.);
#7533 = EDGE_CURVE('',#7534,#7536,#7538,.T.);
#7534 = VERTEX_POINT('',#7535);
#7535 = CARTESIAN_POINT('',(236.4,122.968176,49.51));
#7536 = VERTEX_POINT('',#7537);
#7537 = CARTESIAN_POINT('',(220.8,122.968176,49.51));
#7538 = LINE('',#7539,#7540);
#7539 = CARTESIAN_POINT('',(254.23757902303,122.968176,49.51));
#7540 = VECTOR('',#7541,1.);
#7541 = DIRECTION('',(-1.,1.2E-16,0.));
#7542 = ORIENTED_EDGE('',*,*,#7543,.T.);
#7543 = EDGE_CURVE('',#7534,#7544,#7546,.T.);
#7544 = VERTEX_POINT('',#7545);
#7545 = CARTESIAN_POINT('',(236.4,138.568176,49.51));
#7546 = LINE('',#7547,#7548);
#7547 = CARTESIAN_POINT('',(236.4,123.77246599858,49.51));
#7548 = VECTOR('',#7549,1.);
#7549 = DIRECTION('',(1.2E-16,1.,0.));
#7550 = ORIENTED_EDGE('',*,*,#7551,.T.);
#7551 = EDGE_CURVE('',#7544,#7552,#7554,.T.);
#7552 = VERTEX_POINT('',#7553);
#7553 = CARTESIAN_POINT('',(220.8,138.568176,49.51));
#7554 = LINE('',#7555,#7556);
#7555 = CARTESIAN_POINT('',(254.23757902303,138.568176,49.51));
#7556 = VECTOR('',#7557,1.);
#7557 = DIRECTION('',(-1.,1.2E-16,0.));
#7558 = ORIENTED_EDGE('',*,*,#7559,.F.);
#7559 = EDGE_CURVE('',#7536,#7552,#7560,.T.);
#7560 = LINE('',#7561,#7562);
#7561 = CARTESIAN_POINT('',(220.8,123.77246599858,49.51));
#7562 = VECTOR('',#7563,1.);
#7563 = DIRECTION('',(1.2E-16,1.,0.));
#7564 = FACE_BOUND('',#7565,.T.);
#7565 = EDGE_LOOP('',(#7566,#7576,#7584,#7592));
#7566 = ORIENTED_EDGE('',*,*,#7567,.F.);
#7567 = EDGE_CURVE('',#7568,#7570,#7572,.T.);
#7568 = VERTEX_POINT('',#7569);
#7569 = CARTESIAN_POINT('',(255.45,127.730676,49.51));
#7570 = VERTEX_POINT('',#7571);
#7571 = CARTESIAN_POINT('',(239.85,127.730676,49.51));
#7572 = LINE('',#7573,#7574);
#7573 = CARTESIAN_POINT('',(263.76257902303,127.730676,49.51));
#7574 = VECTOR('',#7575,1.);
#7575 = DIRECTION('',(-1.,1.2E-16,0.));
#7576 = ORIENTED_EDGE('',*,*,#7577,.T.);
#7577 = EDGE_CURVE('',#7568,#7578,#7580,.T.);
#7578 = VERTEX_POINT('',#7579);
#7579 = CARTESIAN_POINT('',(255.45,143.330676,49.51));
#7580 = LINE('',#7581,#7582);
#7581 = CARTESIAN_POINT('',(255.45,126.15371599858,49.51));
#7582 = VECTOR('',#7583,1.);
#7583 = DIRECTION('',(1.2E-16,1.,0.));
#7584 = ORIENTED_EDGE('',*,*,#7585,.T.);
#7585 = EDGE_CURVE('',#7578,#7586,#7588,.T.);
#7586 = VERTEX_POINT('',#7587);
#7587 = CARTESIAN_POINT('',(239.85,143.330676,49.51));
#7588 = LINE('',#7589,#7590);
#7589 = CARTESIAN_POINT('',(263.76257902303,143.330676,49.51));
#7590 = VECTOR('',#7591,1.);
#7591 = DIRECTION('',(-1.,1.2E-16,0.));
#7592 = ORIENTED_EDGE('',*,*,#7593,.F.);
#7593 = EDGE_CURVE('',#7570,#7586,#7594,.T.);
#7594 = LINE('',#7595,#7596);
#7595 = CARTESIAN_POINT('',(239.85,126.15371599858,49.51));
#7596 = VECTOR('',#7597,1.);
#7597 = DIRECTION('',(1.2E-16,1.,0.));
#7598 = FACE_BOUND('',#7599,.T.);
#7599 = EDGE_LOOP('',(#7600,#7610,#7618,#7626));
#7600 = ORIENTED_EDGE('',*,*,#7601,.F.);
#7601 = EDGE_CURVE('',#7602,#7604,#7606,.T.);
#7602 = VERTEX_POINT('',#7603);
#7603 = CARTESIAN_POINT('',(255.45,108.680676,49.51));
#7604 = VERTEX_POINT('',#7605);
#7605 = CARTESIAN_POINT('',(239.85,108.680676,49.51));
#7606 = LINE('',#7607,#7608);
#7607 = CARTESIAN_POINT('',(263.76257902303,108.680676,49.51));
#7608 = VECTOR('',#7609,1.);
#7609 = DIRECTION('',(-1.,1.2E-16,0.));
#7610 = ORIENTED_EDGE('',*,*,#7611,.T.);
#7611 = EDGE_CURVE('',#7602,#7612,#7614,.T.);
#7612 = VERTEX_POINT('',#7613);
#7613 = CARTESIAN_POINT('',(255.45,124.280676,49.51));
#7614 = LINE('',#7615,#7616);
#7615 = CARTESIAN_POINT('',(255.45,116.62871599858,49.51));
#7616 = VECTOR('',#7617,1.);
#7617 = DIRECTION('',(1.2E-16,1.,0.));
#7618 = ORIENTED_EDGE('',*,*,#7619,.T.);
#7619 = EDGE_CURVE('',#7612,#7620,#7622,.T.);
#7620 = VERTEX_POINT('',#7621);
#7621 = CARTESIAN_POINT('',(239.85,124.280676,49.51));
#7622 = LINE('',#7623,#7624);
#7623 = CARTESIAN_POINT('',(263.76257902303,124.280676,49.51));
#7624 = VECTOR('',#7625,1.);
#7625 = DIRECTION('',(-1.,1.2E-16,0.));
#7626 = ORIENTED_EDGE('',*,*,#7627,.F.);
#7627 = EDGE_CURVE('',#7604,#7620,#7628,.T.);
#7628 = LINE('',#7629,#7630);
#7629 = CARTESIAN_POINT('',(239.85,116.62871599858,49.51));
#7630 = VECTOR('',#7631,1.);
#7631 = DIRECTION('',(1.2E-16,1.,0.));
#7632 = FACE_BOUND('',#7633,.T.);
#7633 = EDGE_LOOP('',(#7634,#7644,#7652,#7660));
#7634 = ORIENTED_EDGE('',*,*,#7635,.F.);
#7635 = EDGE_CURVE('',#7636,#7638,#7640,.T.);
#7636 = VERTEX_POINT('',#7637);
#7637 = CARTESIAN_POINT('',(293.55,146.780676,49.51));
#7638 = VERTEX_POINT('',#7639);
#7639 = CARTESIAN_POINT('',(277.95,146.780676,49.51));
#7640 = LINE('',#7641,#7642);
#7641 = CARTESIAN_POINT('',(282.81257902303,146.780676,49.51));
#7642 = VECTOR('',#7643,1.);
#7643 = DIRECTION('',(-1.,1.2E-16,0.));
#7644 = ORIENTED_EDGE('',*,*,#7645,.T.);
#7645 = EDGE_CURVE('',#7636,#7646,#7648,.T.);
#7646 = VERTEX_POINT('',#7647);
#7647 = CARTESIAN_POINT('',(293.55,162.380676,49.51));
#7648 = LINE('',#7649,#7650);
#7649 = CARTESIAN_POINT('',(293.55,135.67871599858,49.51));
#7650 = VECTOR('',#7651,1.);
#7651 = DIRECTION('',(1.2E-16,1.,0.));
#7652 = ORIENTED_EDGE('',*,*,#7653,.T.);
#7653 = EDGE_CURVE('',#7646,#7654,#7656,.T.);
#7654 = VERTEX_POINT('',#7655);
#7655 = CARTESIAN_POINT('',(277.95,162.380676,49.51));
#7656 = LINE('',#7657,#7658);
#7657 = CARTESIAN_POINT('',(282.81257902303,162.380676,49.51));
#7658 = VECTOR('',#7659,1.);
#7659 = DIRECTION('',(-1.,1.2E-16,0.));
#7660 = ORIENTED_EDGE('',*,*,#7661,.F.);
#7661 = EDGE_CURVE('',#7638,#7654,#7662,.T.);
#7662 = LINE('',#7663,#7664);
#7663 = CARTESIAN_POINT('',(277.95,135.67871599858,49.51));
#7664 = VECTOR('',#7665,1.);
#7665 = DIRECTION('',(1.2E-16,1.,0.));
#7666 = FACE_BOUND('',#7667,.T.);
#7667 = EDGE_LOOP('',(#7668,#7678,#7686,#7694));
#7668 = ORIENTED_EDGE('',*,*,#7669,.F.);
#7669 = EDGE_CURVE('',#7670,#7672,#7674,.T.);
#7670 = VERTEX_POINT('',#7671);
#7671 = CARTESIAN_POINT('',(312.6,142.018176,49.51));
#7672 = VERTEX_POINT('',#7673);
#7673 = CARTESIAN_POINT('',(297.,142.018176,49.51));
#7674 = LINE('',#7675,#7676);
#7675 = CARTESIAN_POINT('',(292.33757902303,142.018176,49.51));
#7676 = VECTOR('',#7677,1.);
#7677 = DIRECTION('',(-1.,1.2E-16,0.));
#7678 = ORIENTED_EDGE('',*,*,#7679,.T.);
#7679 = EDGE_CURVE('',#7670,#7680,#7682,.T.);
#7680 = VERTEX_POINT('',#7681);
#7681 = CARTESIAN_POINT('',(312.6,157.618176,49.51));
#7682 = LINE('',#7683,#7684);
#7683 = CARTESIAN_POINT('',(312.6,133.29746599858,49.51));
#7684 = VECTOR('',#7685,1.);
#7685 = DIRECTION('',(1.2E-16,1.,0.));
#7686 = ORIENTED_EDGE('',*,*,#7687,.T.);
#7687 = EDGE_CURVE('',#7680,#7688,#7690,.T.);
#7688 = VERTEX_POINT('',#7689);
#7689 = CARTESIAN_POINT('',(297.,157.618176,49.51));
#7690 = LINE('',#7691,#7692);
#7691 = CARTESIAN_POINT('',(292.33757902303,157.618176,49.51));
#7692 = VECTOR('',#7693,1.);
#7693 = DIRECTION('',(-1.,1.2E-16,0.));
#7694 = ORIENTED_EDGE('',*,*,#7695,.F.);
#7695 = EDGE_CURVE('',#7672,#7688,#7696,.T.);
#7696 = LINE('',#7697,#7698);
#7697 = CARTESIAN_POINT('',(297.,133.29746599858,49.51));
#7698 = VECTOR('',#7699,1.);
#7699 = DIRECTION('',(1.2E-16,1.,0.));
#7700 = FACE_BOUND('',#7701,.T.);
#7701 = EDGE_LOOP('',(#7702));
#7702 = ORIENTED_EDGE('',*,*,#7703,.F.);
#7703 = EDGE_CURVE('',#7704,#7704,#7706,.T.);
#7704 = VERTEX_POINT('',#7705);
#7705 = CARTESIAN_POINT('',(359.45,158.5,49.51));
#7706 = CIRCLE('',#7707,1.1);
#7707 = AXIS2_PLACEMENT_3D('',#7708,#7709,#7710);
#7708 = CARTESIAN_POINT('',(358.35,158.5,49.51));
#7709 = DIRECTION('',(0.,-0.,-1.));
#7710 = DIRECTION('',(1.,-1.E-15,0.));
#7711 = FACE_BOUND('',#7712,.T.);
#7712 = EDGE_LOOP('',(#7713,#7723,#7731,#7739));
#7713 = ORIENTED_EDGE('',*,*,#7714,.F.);
#7714 = EDGE_CURVE('',#7715,#7717,#7719,.T.);
#7715 = VERTEX_POINT('',#7716);
#7716 = CARTESIAN_POINT('',(331.65,142.018176,49.51));
#7717 = VERTEX_POINT('',#7718);
#7718 = CARTESIAN_POINT('',(316.05,142.018176,49.51));
#7719 = LINE('',#7720,#7721);
#7720 = CARTESIAN_POINT('',(301.86257902303,142.018176,49.51));
#7721 = VECTOR('',#7722,1.);
#7722 = DIRECTION('',(-1.,1.2E-16,0.));
#7723 = ORIENTED_EDGE('',*,*,#7724,.T.);
#7724 = EDGE_CURVE('',#7715,#7725,#7727,.T.);
#7725 = VERTEX_POINT('',#7726);
#7726 = CARTESIAN_POINT('',(331.65,157.618176,49.51));
#7727 = LINE('',#7728,#7729);
#7728 = CARTESIAN_POINT('',(331.65,133.29746599858,49.51));
#7729 = VECTOR('',#7730,1.);
#7730 = DIRECTION('',(1.2E-16,1.,0.));
#7731 = ORIENTED_EDGE('',*,*,#7732,.T.);
#7732 = EDGE_CURVE('',#7725,#7733,#7735,.T.);
#7733 = VERTEX_POINT('',#7734);
#7734 = CARTESIAN_POINT('',(316.05,157.618176,49.51));
#7735 = LINE('',#7736,#7737);
#7736 = CARTESIAN_POINT('',(301.86257902303,157.618176,49.51));
#7737 = VECTOR('',#7738,1.);
#7738 = DIRECTION('',(-1.,1.2E-16,0.));
#7739 = ORIENTED_EDGE('',*,*,#7740,.F.);
#7740 = EDGE_CURVE('',#7717,#7733,#7741,.T.);
#7741 = LINE('',#7742,#7743);
#7742 = CARTESIAN_POINT('',(316.05,133.29746599858,49.51));
#7743 = VECTOR('',#7744,1.);
#7744 = DIRECTION('',(1.2E-16,1.,0.));
#7745 = FACE_BOUND('',#7746,.T.);
#7746 = EDGE_LOOP('',(#7747));
#7747 = ORIENTED_EDGE('',*,*,#3840,.T.);
#7748 = FACE_BOUND('',#7749,.T.);
#7749 = EDGE_LOOP('',(#7750,#7760,#7768,#7776));
#7750 = ORIENTED_EDGE('',*,*,#7751,.F.);
#7751 = EDGE_CURVE('',#7752,#7754,#7756,.T.);
#7752 = VERTEX_POINT('',#7753);
#7753 = CARTESIAN_POINT('',(293.55,127.730676,49.51));
#7754 = VERTEX_POINT('',#7755);
#7755 = CARTESIAN_POINT('',(277.95,127.730676,49.51));
#7756 = LINE('',#7757,#7758);
#7757 = CARTESIAN_POINT('',(282.81257902303,127.730676,49.51));
#7758 = VECTOR('',#7759,1.);
#7759 = DIRECTION('',(-1.,1.2E-16,0.));
#7760 = ORIENTED_EDGE('',*,*,#7761,.T.);
#7761 = EDGE_CURVE('',#7752,#7762,#7764,.T.);
#7762 = VERTEX_POINT('',#7763);
#7763 = CARTESIAN_POINT('',(293.55,143.330676,49.51));
#7764 = LINE('',#7765,#7766);
#7765 = CARTESIAN_POINT('',(293.55,126.15371599858,49.51));
#7766 = VECTOR('',#7767,1.);
#7767 = DIRECTION('',(1.2E-16,1.,0.));
#7768 = ORIENTED_EDGE('',*,*,#7769,.T.);
#7769 = EDGE_CURVE('',#7762,#7770,#7772,.T.);
#7770 = VERTEX_POINT('',#7771);
#7771 = CARTESIAN_POINT('',(277.95,143.330676,49.51));
#7772 = LINE('',#7773,#7774);
#7773 = CARTESIAN_POINT('',(282.81257902303,143.330676,49.51));
#7774 = VECTOR('',#7775,1.);
#7775 = DIRECTION('',(-1.,1.2E-16,0.));
#7776 = ORIENTED_EDGE('',*,*,#7777,.F.);
#7777 = EDGE_CURVE('',#7754,#7770,#7778,.T.);
#7778 = LINE('',#7779,#7780);
#7779 = CARTESIAN_POINT('',(277.95,126.15371599858,49.51));
#7780 = VECTOR('',#7781,1.);
#7781 = DIRECTION('',(1.2E-16,1.,0.));
#7782 = FACE_BOUND('',#7783,.T.);
#7783 = EDGE_LOOP('',(#7784,#7794,#7802,#7810));
#7784 = ORIENTED_EDGE('',*,*,#7785,.F.);
#7785 = EDGE_CURVE('',#7786,#7788,#7790,.T.);
#7786 = VERTEX_POINT('',#7787);
#7787 = CARTESIAN_POINT('',(312.6,122.968176,49.51));
#7788 = VERTEX_POINT('',#7789);
#7789 = CARTESIAN_POINT('',(297.,122.968176,49.51));
#7790 = LINE('',#7791,#7792);
#7791 = CARTESIAN_POINT('',(292.33757902303,122.968176,49.51));
#7792 = VECTOR('',#7793,1.);
#7793 = DIRECTION('',(-1.,1.2E-16,0.));
#7794 = ORIENTED_EDGE('',*,*,#7795,.T.);
#7795 = EDGE_CURVE('',#7786,#7796,#7798,.T.);
#7796 = VERTEX_POINT('',#7797);
#7797 = CARTESIAN_POINT('',(312.6,138.568176,49.51));
#7798 = LINE('',#7799,#7800);
#7799 = CARTESIAN_POINT('',(312.6,123.77246599858,49.51));
#7800 = VECTOR('',#7801,1.);
#7801 = DIRECTION('',(1.2E-16,1.,0.));
#7802 = ORIENTED_EDGE('',*,*,#7803,.T.);
#7803 = EDGE_CURVE('',#7796,#7804,#7806,.T.);
#7804 = VERTEX_POINT('',#7805);
#7805 = CARTESIAN_POINT('',(297.,138.568176,49.51));
#7806 = LINE('',#7807,#7808);
#7807 = CARTESIAN_POINT('',(292.33757902303,138.568176,49.51));
#7808 = VECTOR('',#7809,1.);
#7809 = DIRECTION('',(-1.,1.2E-16,0.));
#7810 = ORIENTED_EDGE('',*,*,#7811,.F.);
#7811 = EDGE_CURVE('',#7788,#7804,#7812,.T.);
#7812 = LINE('',#7813,#7814);
#7813 = CARTESIAN_POINT('',(297.,123.77246599858,49.51));
#7814 = VECTOR('',#7815,1.);
#7815 = DIRECTION('',(1.2E-16,1.,0.));
#7816 = FACE_BOUND('',#7817,.T.);
#7817 = EDGE_LOOP('',(#7818,#7828,#7836,#7844));
#7818 = ORIENTED_EDGE('',*,*,#7819,.F.);
#7819 = EDGE_CURVE('',#7820,#7822,#7824,.T.);
#7820 = VERTEX_POINT('',#7821);
#7821 = CARTESIAN_POINT('',(293.55,108.680676,49.51));
#7822 = VERTEX_POINT('',#7823);
#7823 = CARTESIAN_POINT('',(277.95,108.680676,49.51));
#7824 = LINE('',#7825,#7826);
#7825 = CARTESIAN_POINT('',(282.81257902303,108.680676,49.51));
#7826 = VECTOR('',#7827,1.);
#7827 = DIRECTION('',(-1.,1.2E-16,0.));
#7828 = ORIENTED_EDGE('',*,*,#7829,.T.);
#7829 = EDGE_CURVE('',#7820,#7830,#7832,.T.);
#7830 = VERTEX_POINT('',#7831);
#7831 = CARTESIAN_POINT('',(293.55,124.280676,49.51));
#7832 = LINE('',#7833,#7834);
#7833 = CARTESIAN_POINT('',(293.55,116.62871599858,49.51));
#7834 = VECTOR('',#7835,1.);
#7835 = DIRECTION('',(1.2E-16,1.,0.));
#7836 = ORIENTED_EDGE('',*,*,#7837,.T.);
#7837 = EDGE_CURVE('',#7830,#7838,#7840,.T.);
#7838 = VERTEX_POINT('',#7839);
#7839 = CARTESIAN_POINT('',(277.95,124.280676,49.51));
#7840 = LINE('',#7841,#7842);
#7841 = CARTESIAN_POINT('',(282.81257902303,124.280676,49.51));
#7842 = VECTOR('',#7843,1.);
#7843 = DIRECTION('',(-1.,1.2E-16,0.));
#7844 = ORIENTED_EDGE('',*,*,#7845,.F.);
#7845 = EDGE_CURVE('',#7822,#7838,#7846,.T.);
#7846 = LINE('',#7847,#7848);
#7847 = CARTESIAN_POINT('',(277.95,116.62871599858,49.51));
#7848 = VECTOR('',#7849,1.);
#7849 = DIRECTION('',(1.2E-16,1.,0.));
#7850 = FACE_BOUND('',#7851,.T.);
#7851 = EDGE_LOOP('',(#7852));
#7852 = ORIENTED_EDGE('',*,*,#4154,.T.);
#7853 = FACE_BOUND('',#7854,.T.);
#7854 = EDGE_LOOP('',(#7855,#7865,#7873,#7881));
#7855 = ORIENTED_EDGE('',*,*,#7856,.F.);
#7856 = EDGE_CURVE('',#7857,#7859,#7861,.T.);
#7857 = VERTEX_POINT('',#7858);
#7858 = CARTESIAN_POINT('',(331.65,122.968176,49.51));
#7859 = VERTEX_POINT('',#7860);
#7860 = CARTESIAN_POINT('',(316.05,122.968176,49.51));
#7861 = LINE('',#7862,#7863);
#7862 = CARTESIAN_POINT('',(301.86257902303,122.968176,49.51));
#7863 = VECTOR('',#7864,1.);
#7864 = DIRECTION('',(-1.,1.2E-16,0.));
#7865 = ORIENTED_EDGE('',*,*,#7866,.T.);
#7866 = EDGE_CURVE('',#7857,#7867,#7869,.T.);
#7867 = VERTEX_POINT('',#7868);
#7868 = CARTESIAN_POINT('',(331.65,138.568176,49.51));
#7869 = LINE('',#7870,#7871);
#7870 = CARTESIAN_POINT('',(331.65,123.77246599858,49.51));
#7871 = VECTOR('',#7872,1.);
#7872 = DIRECTION('',(1.2E-16,1.,0.));
#7873 = ORIENTED_EDGE('',*,*,#7874,.T.);
#7874 = EDGE_CURVE('',#7867,#7875,#7877,.T.);
#7875 = VERTEX_POINT('',#7876);
#7876 = CARTESIAN_POINT('',(316.05,138.568176,49.51));
#7877 = LINE('',#7878,#7879);
#7878 = CARTESIAN_POINT('',(301.86257902303,138.568176,49.51));
#7879 = VECTOR('',#7880,1.);
#7880 = DIRECTION('',(-1.,1.2E-16,0.));
#7881 = ORIENTED_EDGE('',*,*,#7882,.F.);
#7882 = EDGE_CURVE('',#7859,#7875,#7883,.T.);
#7883 = LINE('',#7884,#7885);
#7884 = CARTESIAN_POINT('',(316.05,123.77246599858,49.51));
#7885 = VECTOR('',#7886,1.);
#7886 = DIRECTION('',(1.2E-16,1.,0.));
#7887 = FACE_BOUND('',#7888,.T.);
#7888 = EDGE_LOOP('',(#7889));
#7889 = ORIENTED_EDGE('',*,*,#4275,.T.);
#7890 = FACE_BOUND('',#7891,.T.);
#7891 = EDGE_LOOP('',(#7892,#7900,#7906,#7907,#7908,#7909,#7910));
#7892 = ORIENTED_EDGE('',*,*,#7893,.F.);
#7893 = EDGE_CURVE('',#7894,#4302,#7896,.T.);
#7894 = VERTEX_POINT('',#7895);
#7895 = CARTESIAN_POINT('',(334.85,100.,49.51));
#7896 = LINE('',#7897,#7898);
#7897 = CARTESIAN_POINT('',(334.85,126.98837799858,49.51));
#7898 = VECTOR('',#7899,1.);
#7899 = DIRECTION('',(1.E-15,1.,0.));
#7900 = ORIENTED_EDGE('',*,*,#7901,.F.);
#7901 = EDGE_CURVE('',#4357,#7894,#7902,.T.);
#7902 = LINE('',#7903,#7904);
#7903 = CARTESIAN_POINT('',(303.46257902303,100.,49.51));
#7904 = VECTOR('',#7905,1.);
#7905 = DIRECTION('',(-1.,1.E-15,0.));
#7906 = ORIENTED_EDGE('',*,*,#4380,.F.);
#7907 = ORIENTED_EDGE('',*,*,#4426,.T.);
#7908 = ORIENTED_EDGE('',*,*,#4443,.F.);
#7909 = ORIENTED_EDGE('',*,*,#4402,.F.);
#7910 = ORIENTED_EDGE('',*,*,#4331,.T.);
#7911 = FACE_BOUND('',#7912,.T.);
#7912 = EDGE_LOOP('',(#7913,#7914,#7915,#7916));
#7913 = ORIENTED_EDGE('',*,*,#4664,.F.);
#7914 = ORIENTED_EDGE('',*,*,#4694,.T.);
#7915 = ORIENTED_EDGE('',*,*,#4735,.T.);
#7916 = ORIENTED_EDGE('',*,*,#4712,.F.);
#7917 = FACE_BOUND('',#7918,.T.);
#7918 = EDGE_LOOP('',(#7919,#7929,#7937,#7945));
#7919 = ORIENTED_EDGE('',*,*,#7920,.F.);
#7920 = EDGE_CURVE('',#7921,#7923,#7925,.T.);
#7921 = VERTEX_POINT('',#7922);
#7922 = CARTESIAN_POINT('',(236.4,103.918176,49.51));
#7923 = VERTEX_POINT('',#7924);
#7924 = CARTESIAN_POINT('',(220.8,103.918176,49.51));
#7925 = LINE('',#7926,#7927);
#7926 = CARTESIAN_POINT('',(254.23757902303,103.918176,49.51));
#7927 = VECTOR('',#7928,1.);
#7928 = DIRECTION('',(-1.,1.2E-16,0.));
#7929 = ORIENTED_EDGE('',*,*,#7930,.T.);
#7930 = EDGE_CURVE('',#7921,#7931,#7933,.T.);
#7931 = VERTEX_POINT('',#7932);
#7932 = CARTESIAN_POINT('',(236.4,119.518176,49.51));
#7933 = LINE('',#7934,#7935);
#7934 = CARTESIAN_POINT('',(236.4,114.24746599858,49.51));
#7935 = VECTOR('',#7936,1.);
#7936 = DIRECTION('',(1.2E-16,1.,0.));
#7937 = ORIENTED_EDGE('',*,*,#7938,.T.);
#7938 = EDGE_CURVE('',#7931,#7939,#7941,.T.);
#7939 = VERTEX_POINT('',#7940);
#7940 = CARTESIAN_POINT('',(220.8,119.518176,49.51));
#7941 = LINE('',#7942,#7943);
#7942 = CARTESIAN_POINT('',(254.23757902303,119.518176,49.51));
#7943 = VECTOR('',#7944,1.);
#7944 = DIRECTION('',(-1.,1.2E-16,0.));
#7945 = ORIENTED_EDGE('',*,*,#7946,.F.);
#7946 = EDGE_CURVE('',#7923,#7939,#7947,.T.);
#7947 = LINE('',#7948,#7949);
#7948 = CARTESIAN_POINT('',(220.8,114.24746599858,49.51));
#7949 = VECTOR('',#7950,1.);
#7950 = DIRECTION('',(1.2E-16,1.,0.));
#7951 = FACE_BOUND('',#7952,.T.);
#7952 = EDGE_LOOP('',(#7953,#7963,#7971,#7979));
#7953 = ORIENTED_EDGE('',*,*,#7954,.F.);
#7954 = EDGE_CURVE('',#7955,#7957,#7959,.T.);
#7955 = VERTEX_POINT('',#7956);
#7956 = CARTESIAN_POINT('',(236.4,84.868176,49.51));
#7957 = VERTEX_POINT('',#7958);
#7958 = CARTESIAN_POINT('',(220.8,84.868176,49.51));
#7959 = LINE('',#7960,#7961);
#7960 = CARTESIAN_POINT('',(254.23757902303,84.868176,49.51));
#7961 = VECTOR('',#7962,1.);
#7962 = DIRECTION('',(-1.,1.2E-16,0.));
#7963 = ORIENTED_EDGE('',*,*,#7964,.T.);
#7964 = EDGE_CURVE('',#7955,#7965,#7967,.T.);
#7965 = VERTEX_POINT('',#7966);
#7966 = CARTESIAN_POINT('',(236.4,100.468176,49.51));
#7967 = LINE('',#7968,#7969);
#7968 = CARTESIAN_POINT('',(236.4,104.72246599858,49.51));
#7969 = VECTOR('',#7970,1.);
#7970 = DIRECTION('',(1.2E-16,1.,0.));
#7971 = ORIENTED_EDGE('',*,*,#7972,.T.);
#7972 = EDGE_CURVE('',#7965,#7973,#7975,.T.);
#7973 = VERTEX_POINT('',#7974);
#7974 = CARTESIAN_POINT('',(220.8,100.468176,49.51));
#7975 = LINE('',#7976,#7977);
#7976 = CARTESIAN_POINT('',(254.23757902303,100.468176,49.51));
#7977 = VECTOR('',#7978,1.);
#7978 = DIRECTION('',(-1.,1.2E-16,0.));
#7979 = ORIENTED_EDGE('',*,*,#7980,.F.);
#7980 = EDGE_CURVE('',#7957,#7973,#7981,.T.);
#7981 = LINE('',#7982,#7983);
#7982 = CARTESIAN_POINT('',(220.8,104.72246599858,49.51));
#7983 = VECTOR('',#7984,1.);
#7984 = DIRECTION('',(1.2E-16,1.,0.));
#7985 = FACE_BOUND('',#7986,.T.);
#7986 = EDGE_LOOP('',(#7987,#7997,#8005,#8013,#8021,#8029,#8037,#8045,
    #8053,#8061,#8069,#8077,#8083,#8084,#8085));
#7987 = ORIENTED_EDGE('',*,*,#7988,.F.);
#7988 = EDGE_CURVE('',#7989,#7991,#7993,.T.);
#7989 = VERTEX_POINT('',#7990);
#7990 = CARTESIAN_POINT('',(274.5,113.443176,49.51));
#7991 = VERTEX_POINT('',#7992);
#7992 = CARTESIAN_POINT('',(259.,113.443176,49.51));
#7993 = LINE('',#7994,#7995);
#7994 = CARTESIAN_POINT('',(273.28757902303,113.443176,49.51));
#7995 = VECTOR('',#7996,1.);
#7996 = DIRECTION('',(-1.,1.2E-16,0.));
#7997 = ORIENTED_EDGE('',*,*,#7998,.T.);
#7998 = EDGE_CURVE('',#7989,#7999,#8001,.T.);
#7999 = VERTEX_POINT('',#8000);
#8000 = CARTESIAN_POINT('',(274.5,129.043176,49.51));
#8001 = LINE('',#8002,#8003);
#8002 = CARTESIAN_POINT('',(274.5,119.00996599858,49.51));
#8003 = VECTOR('',#8004,1.);
#8004 = DIRECTION('',(1.2E-16,1.,0.));
#8005 = ORIENTED_EDGE('',*,*,#8006,.T.);
#8006 = EDGE_CURVE('',#7999,#8007,#8009,.T.);
#8007 = VERTEX_POINT('',#8008);
#8008 = CARTESIAN_POINT('',(258.9,129.043176,49.51));
#8009 = LINE('',#8010,#8011);
#8010 = CARTESIAN_POINT('',(273.28757902303,129.043176,49.51));
#8011 = VECTOR('',#8012,1.);
#8012 = DIRECTION('',(-1.,1.2E-16,0.));
#8013 = ORIENTED_EDGE('',*,*,#8014,.F.);
#8014 = EDGE_CURVE('',#8015,#8007,#8017,.T.);
#8015 = VERTEX_POINT('',#8016);
#8016 = CARTESIAN_POINT('',(258.9,115.,49.51));
#8017 = LINE('',#8018,#8019);
#8018 = CARTESIAN_POINT('',(258.9,119.00996599858,49.51));
#8019 = VECTOR('',#8020,1.);
#8020 = DIRECTION('',(1.2E-16,1.,0.));
#8021 = ORIENTED_EDGE('',*,*,#8022,.F.);
#8022 = EDGE_CURVE('',#8023,#8015,#8025,.T.);
#8023 = VERTEX_POINT('',#8024);
#8024 = CARTESIAN_POINT('',(257.,115.,49.51));
#8025 = LINE('',#8026,#8027);
#8026 = CARTESIAN_POINT('',(264.53757902303,115.,49.51));
#8027 = VECTOR('',#8028,1.);
#8028 = DIRECTION('',(1.,0.,0.));
#8029 = ORIENTED_EDGE('',*,*,#8030,.T.);
#8030 = EDGE_CURVE('',#8023,#8031,#8033,.T.);
#8031 = VERTEX_POINT('',#8032);
#8032 = CARTESIAN_POINT('',(257.,108.,49.51));
#8033 = LINE('',#8034,#8035);
#8034 = CARTESIAN_POINT('',(257.,108.48837799858,49.51));
#8035 = VECTOR('',#8036,1.);
#8036 = DIRECTION('',(0.,-1.,0.));
#8037 = ORIENTED_EDGE('',*,*,#8038,.T.);
#8038 = EDGE_CURVE('',#8031,#8039,#8041,.T.);
#8039 = VERTEX_POINT('',#8040);
#8040 = CARTESIAN_POINT('',(258.9,108.,49.51));
#8041 = LINE('',#8042,#8043);
#8042 = CARTESIAN_POINT('',(264.53757902303,108.,49.51));
#8043 = VECTOR('',#8044,1.);
#8044 = DIRECTION('',(1.,0.,0.));
#8045 = ORIENTED_EDGE('',*,*,#8046,.F.);
#8046 = EDGE_CURVE('',#8047,#8039,#8049,.T.);
#8047 = VERTEX_POINT('',#8048);
#8048 = CARTESIAN_POINT('',(258.9,94.393176,49.51));
#8049 = LINE('',#8050,#8051);
#8050 = CARTESIAN_POINT('',(258.9,109.48496599858,49.51));
#8051 = VECTOR('',#8052,1.);
#8052 = DIRECTION('',(1.2E-16,1.,0.));
#8053 = ORIENTED_EDGE('',*,*,#8054,.F.);
#8054 = EDGE_CURVE('',#8055,#8047,#8057,.T.);
#8055 = VERTEX_POINT('',#8056);
#8056 = CARTESIAN_POINT('',(274.5,94.393176,49.51));
#8057 = LINE('',#8058,#8059);
#8058 = CARTESIAN_POINT('',(273.28757902303,94.393176,49.51));
#8059 = VECTOR('',#8060,1.);
#8060 = DIRECTION('',(-1.,1.2E-16,0.));
#8061 = ORIENTED_EDGE('',*,*,#8062,.T.);
#8062 = EDGE_CURVE('',#8055,#8063,#8065,.T.);
#8063 = VERTEX_POINT('',#8064);
#8064 = CARTESIAN_POINT('',(274.5,109.993176,49.51));
#8065 = LINE('',#8066,#8067);
#8066 = CARTESIAN_POINT('',(274.5,109.48496599858,49.51));
#8067 = VECTOR('',#8068,1.);
#8068 = DIRECTION('',(1.2E-16,1.,0.));
#8069 = ORIENTED_EDGE('',*,*,#8070,.T.);
#8070 = EDGE_CURVE('',#8063,#8071,#8073,.T.);
#8071 = VERTEX_POINT('',#8072);
#8072 = CARTESIAN_POINT('',(259.,109.993176,49.51));
#8073 = LINE('',#8074,#8075);
#8074 = CARTESIAN_POINT('',(273.28757902303,109.993176,49.51));
#8075 = VECTOR('',#8076,1.);
#8076 = DIRECTION('',(-1.,1.2E-16,0.));
#8077 = ORIENTED_EDGE('',*,*,#8078,.F.);
#8078 = EDGE_CURVE('',#4980,#8071,#8079,.T.);
#8079 = LINE('',#8080,#8081);
#8080 = CARTESIAN_POINT('',(259.,108.48837799858,49.51));
#8081 = VECTOR('',#8082,1.);
#8082 = DIRECTION('',(0.,-1.,0.));
#8083 = ORIENTED_EDGE('',*,*,#4987,.T.);
#8084 = ORIENTED_EDGE('',*,*,#4953,.T.);
#8085 = ORIENTED_EDGE('',*,*,#8086,.F.);
#8086 = EDGE_CURVE('',#7991,#4954,#8087,.T.);
#8087 = LINE('',#8088,#8089);
#8088 = CARTESIAN_POINT('',(259.,108.48837799858,49.51));
#8089 = VECTOR('',#8090,1.);
#8090 = DIRECTION('',(0.,-1.,0.));
#8091 = FACE_BOUND('',#8092,.T.);
#8092 = EDGE_LOOP('',(#8093,#8103,#8111,#8119));
#8093 = ORIENTED_EDGE('',*,*,#8094,.F.);
#8094 = EDGE_CURVE('',#8095,#8097,#8099,.T.);
#8095 = VERTEX_POINT('',#8096);
#8096 = CARTESIAN_POINT('',(255.45,89.630676,49.51));
#8097 = VERTEX_POINT('',#8098);
#8098 = CARTESIAN_POINT('',(239.85,89.630676,49.51));
#8099 = LINE('',#8100,#8101);
#8100 = CARTESIAN_POINT('',(263.76257902303,89.630676,49.51));
#8101 = VECTOR('',#8102,1.);
#8102 = DIRECTION('',(-1.,1.2E-16,0.));
#8103 = ORIENTED_EDGE('',*,*,#8104,.T.);
#8104 = EDGE_CURVE('',#8095,#8105,#8107,.T.);
#8105 = VERTEX_POINT('',#8106);
#8106 = CARTESIAN_POINT('',(255.45,105.230676,49.51));
#8107 = LINE('',#8108,#8109);
#8108 = CARTESIAN_POINT('',(255.45,107.10371599858,49.51));
#8109 = VECTOR('',#8110,1.);
#8110 = DIRECTION('',(1.2E-16,1.,0.));
#8111 = ORIENTED_EDGE('',*,*,#8112,.T.);
#8112 = EDGE_CURVE('',#8105,#8113,#8115,.T.);
#8113 = VERTEX_POINT('',#8114);
#8114 = CARTESIAN_POINT('',(239.85,105.230676,49.51));
#8115 = LINE('',#8116,#8117);
#8116 = CARTESIAN_POINT('',(263.76257902303,105.230676,49.51));
#8117 = VECTOR('',#8118,1.);
#8118 = DIRECTION('',(-1.,1.2E-16,0.));
#8119 = ORIENTED_EDGE('',*,*,#8120,.F.);
#8120 = EDGE_CURVE('',#8097,#8113,#8121,.T.);
#8121 = LINE('',#8122,#8123);
#8122 = CARTESIAN_POINT('',(239.85,107.10371599858,49.51));
#8123 = VECTOR('',#8124,1.);
#8124 = DIRECTION('',(1.2E-16,1.,0.));
#8125 = FACE_BOUND('',#8126,.T.);
#8126 = EDGE_LOOP('',(#8127,#8137,#8145,#8153,#8161,#8169,#8177,#8185,
    #8193,#8201,#8209,#8217,#8225,#8233,#8241,#8249,#8257,#8265,#8273,
    #8281,#8289,#8297,#8305,#8313,#8321,#8329,#8337,#8345,#8353,#8361,
    #8369,#8377));
#8127 = ORIENTED_EDGE('',*,*,#8128,.T.);
#8128 = EDGE_CURVE('',#8129,#8131,#8133,.T.);
#8129 = VERTEX_POINT('',#8130);
#8130 = CARTESIAN_POINT('',(198.51913421349,73.618176,49.51));
#8131 = VERTEX_POINT('',#8132);
#8132 = CARTESIAN_POINT('',(208.4186291501,63.718681063388,49.51));
#8133 = LINE('',#8134,#8135);
#8134 = CARTESIAN_POINT('',(208.06849517234,64.068815041148,49.51));
#8135 = VECTOR('',#8136,1.);
#8136 = DIRECTION('',(0.707106781187,-0.707106781187,0.));
#8137 = ORIENTED_EDGE('',*,*,#8138,.F.);
#8138 = EDGE_CURVE('',#8139,#8131,#8141,.T.);
#8139 = VERTEX_POINT('',#8140);
#8140 = CARTESIAN_POINT('',(208.06358475411,63.363636667401,49.51));
#8141 = LINE('',#8142,#8143);
#8142 = CARTESIAN_POINT('',(235.46975790954,90.76980982283,49.51));
#8143 = VECTOR('',#8144,1.);
#8144 = DIRECTION('',(0.707106781187,0.707106781187,0.));
#8145 = ORIENTED_EDGE('',*,*,#8146,.T.);
#8146 = EDGE_CURVE('',#8139,#8147,#8149,.T.);
#8147 = VERTEX_POINT('',#8148);
#8148 = CARTESIAN_POINT('',(209.19996659695,62.227254824563,49.51));
#8149 = LINE('',#8150,#8151);
#8150 = CARTESIAN_POINT('',(212.66319824466,58.764023176854,49.51));
#8151 = VECTOR('',#8152,1.);
#8152 = DIRECTION('',(0.707106781187,-0.707106781187,0.));
#8153 = ORIENTED_EDGE('',*,*,#8154,.T.);
#8154 = EDGE_CURVE('',#8147,#8155,#8157,.T.);
#8155 = VERTEX_POINT('',#8156);
#8156 = CARTESIAN_POINT('',(210.23941356529,63.266701792907,49.51));
#8157 = LINE('',#8158,#8159);
#8158 = CARTESIAN_POINT('',(236.60613975238,89.633427979992,49.51));
#8159 = VECTOR('',#8160,1.);
#8160 = DIRECTION('',(0.707106781187,0.707106781187,0.));
#8161 = ORIENTED_EDGE('',*,*,#8162,.T.);
#8162 = EDGE_CURVE('',#8155,#8163,#8165,.T.);
#8163 = VERTEX_POINT('',#8164);
#8164 = CARTESIAN_POINT('',(216.09072217961,57.415393178588,49.51));
#8165 = LINE('',#8166,#8167);
#8166 = CARTESIAN_POINT('',(214.27083613442,59.235279223779,49.51));
#8167 = VECTOR('',#8168,1.);
#8168 = DIRECTION('',(0.707106781187,-0.707106781187,0.));
#8169 = ORIENTED_EDGE('',*,*,#8170,.T.);
#8170 = EDGE_CURVE('',#8163,#8171,#8173,.T.);
#8171 = VERTEX_POINT('',#8172);
#8172 = CARTESIAN_POINT('',(218.37467708284,59.699348081821,49.51));
#8173 = LINE('',#8174,#8175);
#8174 = CARTESIAN_POINT('',(242.97717185087,84.301842849846,49.51));
#8175 = VECTOR('',#8176,1.);
#8176 = DIRECTION('',(0.707106781187,0.707106781187,0.));
#8177 = ORIENTED_EDGE('',*,*,#8178,.T.);
#8178 = EDGE_CURVE('',#8171,#8179,#8181,.T.);
#8179 = VERTEX_POINT('',#8180);
#8180 = CARTESIAN_POINT('',(218.95804017732,59.115984987342,49.51));
#8181 = LINE('',#8182,#8183);
#8182 = CARTESIAN_POINT('',(219.48044534481,58.593579819853,49.51));
#8183 = VECTOR('',#8184,1.);
#8184 = DIRECTION('',(0.707106781187,-0.707106781187,0.));
#8185 = ORIENTED_EDGE('',*,*,#8186,.T.);
#8186 = EDGE_CURVE('',#8179,#8187,#8189,.T.);
#8187 = VERTEX_POINT('',#8188);
#8188 = CARTESIAN_POINT('',(222.05870341282,62.216648222845,49.51));
#8189 = LINE('',#8190,#8191);
#8190 = CARTESIAN_POINT('',(244.70251239696,84.860457206983,49.51));
#8191 = VECTOR('',#8192,1.);
#8192 = DIRECTION('',(0.707106781187,0.707106781187,0.));
#8193 = ORIENTED_EDGE('',*,*,#8194,.T.);
#8194 = EDGE_CURVE('',#8187,#8195,#8197,.T.);
#8195 = VERTEX_POINT('',#8196);
#8196 = CARTESIAN_POINT('',(221.47534031835,62.800011317324,49.51));
#8197 = LINE('',#8198,#8199);
#8198 = CARTESIAN_POINT('',(222.87279012755,61.402561508117,49.51));
#8199 = VECTOR('',#8200,1.);
#8200 = DIRECTION('',(-0.707106781187,0.707106781187,0.));
#8201 = ORIENTED_EDGE('',*,*,#8202,.T.);
#8202 = EDGE_CURVE('',#8195,#8203,#8205,.T.);
#8203 = VERTEX_POINT('',#8204);
#8204 = CARTESIAN_POINT('',(225.9195064381,67.244177437081,49.51));
#8205 = LINE('',#8206,#8207);
#8206 = CARTESIAN_POINT('',(245.66948092024,86.994151919214,49.51));
#8207 = VECTOR('',#8208,1.);
#8208 = DIRECTION('',(0.707106781187,0.707106781187,0.));
#8209 = ORIENTED_EDGE('',*,*,#8210,.T.);
#8210 = EDGE_CURVE('',#8203,#8211,#8213,.T.);
#8211 = VERTEX_POINT('',#8212);
#8212 = CARTESIAN_POINT('',(224.69974724056,68.463936634628,49.51));
#8213 = LINE('',#8214,#8215);
#8214 = CARTESIAN_POINT('',(227.02527470007,66.138409175113,49.51));
#8215 = VECTOR('',#8216,1.);
#8216 = DIRECTION('',(-0.707106781187,0.707106781187,0.));
#8217 = ORIENTED_EDGE('',*,*,#8218,.T.);
#8218 = EDGE_CURVE('',#8211,#8219,#8221,.T.);
#8219 = VERTEX_POINT('',#8220);
#8220 = CARTESIAN_POINT('',(225.54827537798,69.312464772052,49.51));
#8221 = LINE('',#8222,#8223);
#8222 = CARTESIAN_POINT('',(246.67180478257,90.435994176639,49.51));
#8223 = VECTOR('',#8224,1.);
#8224 = DIRECTION('',(0.707106781187,0.707106781187,0.));
#8225 = ORIENTED_EDGE('',*,*,#8226,.T.);
#8226 = EDGE_CURVE('',#8219,#8227,#8229,.T.);
#8227 = VERTEX_POINT('',#8228);
#8228 = CARTESIAN_POINT('',(222.08345215017,72.777287999866,49.51));
#8229 = LINE('',#8230,#8231);
#8230 = CARTESIAN_POINT('',(227.26392323872,67.596816911311,49.51));
#8231 = VECTOR('',#8232,1.);
#8232 = DIRECTION('',(-0.707106781187,0.707106781187,0.));
#8233 = ORIENTED_EDGE('',*,*,#8234,.T.);
#8234 = EDGE_CURVE('',#8227,#8235,#8237,.T.);
#8235 = VERTEX_POINT('',#8236);
#8236 = CARTESIAN_POINT('',(221.23492401274,71.928759862442,49.51));
#8237 = LINE('',#8238,#8239);
#8238 = CARTESIAN_POINT('',(243.63124562347,94.325081473165,49.51));
#8239 = VECTOR('',#8240,1.);
#8240 = DIRECTION('',(-0.707106781187,-0.707106781187,-0.));
#8241 = ORIENTED_EDGE('',*,*,#8242,.T.);
#8242 = EDGE_CURVE('',#8235,#8243,#8245,.T.);
#8243 = VERTEX_POINT('',#8244);
#8244 = CARTESIAN_POINT('',(220.06819782378,73.0954860514,49.51));
#8245 = LINE('',#8246,#8247);
#8246 = CARTESIAN_POINT('',(224.68298348739,68.480700387794,49.51));
#8247 = VECTOR('',#8248,1.);
#8248 = DIRECTION('',(-0.707106781187,0.707106781187,0.));
#8249 = ORIENTED_EDGE('',*,*,#8250,.T.);
#8250 = EDGE_CURVE('',#8243,#8251,#8253,.T.);
#8251 = VERTEX_POINT('',#8252);
#8252 = CARTESIAN_POINT('',(220.23083238346,73.258120611073,49.51));
#8253 = LINE('',#8254,#8255);
#8254 = CARTESIAN_POINT('',(242.0402553658,95.067543593411,49.51));
#8255 = VECTOR('',#8256,1.);
#8256 = DIRECTION('',(0.707106781187,0.707106781187,0.));
#8257 = ORIENTED_EDGE('',*,*,#8258,.T.);
#8258 = EDGE_CURVE('',#8251,#8259,#8261,.T.);
#8259 = VERTEX_POINT('',#8260);
#8260 = CARTESIAN_POINT('',(220.22582139052,73.263131604012,49.51));
#8261 = LINE('',#8262,#8263);
#8262 = CARTESIAN_POINT('',(224.26225495258,69.226698041945,49.51));
#8263 = VECTOR('',#8264,1.);
#8264 = DIRECTION('',(-0.707106781187,0.707106781187,0.));
#8265 = ORIENTED_EDGE('',*,*,#8266,.T.);
#8266 = EDGE_CURVE('',#8259,#8267,#8269,.T.);
#8267 = VERTEX_POINT('',#8268);
#8268 = CARTESIAN_POINT('',(220.58086578651,73.618176,49.51));
#8269 = LINE('',#8270,#8271);
#8270 = CARTESIAN_POINT('',(242.11656165269,95.153871866187,49.51));
#8271 = VECTOR('',#8272,1.);
#8272 = DIRECTION('',(0.707106781187,0.707106781187,0.));
#8273 = ORIENTED_EDGE('',*,*,#8274,.T.);
#8274 = EDGE_CURVE('',#8267,#8275,#8277,.T.);
#8275 = VERTEX_POINT('',#8276);
#8276 = CARTESIAN_POINT('',(209.55,84.64904178651,49.51));
#8277 = LINE('',#8278,#8279);
#8278 = CARTESIAN_POINT('',(224.6147938521,69.584247934403,49.51));
#8279 = VECTOR('',#8280,1.);
#8280 = DIRECTION('',(-0.707106781187,0.707106781187,0.));
#8281 = ORIENTED_EDGE('',*,*,#8282,.F.);
#8282 = EDGE_CURVE('',#8283,#8275,#8285,.T.);
#8283 = VERTEX_POINT('',#8284);
#8284 = CARTESIAN_POINT('',(209.03232104433,84.131362830849,49.51));
#8285 = LINE('',#8286,#8287);
#8286 = CARTESIAN_POINT('',(231.00437858635,106.10342037286,49.51));
#8287 = VECTOR('',#8288,1.);
#8288 = DIRECTION('',(0.707106781187,0.707106781187,0.));
#8289 = ORIENTED_EDGE('',*,*,#8290,.T.);
#8290 = EDGE_CURVE('',#8283,#8291,#8293,.T.);
#8291 = VERTEX_POINT('',#8292);
#8292 = CARTESIAN_POINT('',(207.87060584832,85.293078026868,49.51));
#8293 = LINE('',#8294,#8295);
#8294 = CARTESIAN_POINT('',(218.58168200319,74.582001871997,49.51));
#8295 = VECTOR('',#8296,1.);
#8296 = DIRECTION('',(-0.707106781187,0.707106781187,0.));
#8297 = ORIENTED_EDGE('',*,*,#8298,.T.);
#8298 = EDGE_CURVE('',#8291,#8299,#8301,.T.);
#8299 = VERTEX_POINT('',#8300);
#8300 = CARTESIAN_POINT('',(208.71913398574,86.141606164292,49.51));
#8301 = LINE('',#8302,#8303);
#8302 = CARTESIAN_POINT('',(229.84266339033,107.26513556887,49.51));
#8303 = VECTOR('',#8304,1.);
#8304 = DIRECTION('',(0.707106781187,0.707106781187,0.));
#8305 = ORIENTED_EDGE('',*,*,#8306,.T.);
#8306 = EDGE_CURVE('',#8299,#8307,#8309,.T.);
#8307 = VERTEX_POINT('',#8308);
#8308 = CARTESIAN_POINT('',(205.25431075793,89.606429392106,49.51));
#8309 = LINE('',#8310,#8311);
#8310 = CARTESIAN_POINT('',(218.8493525426,76.01138760743,49.51));
#8311 = VECTOR('',#8312,1.);
#8312 = DIRECTION('',(-0.707106781187,0.707106781187,0.));
#8313 = ORIENTED_EDGE('',*,*,#8314,.T.);
#8314 = EDGE_CURVE('',#8307,#8315,#8317,.T.);
#8315 = VERTEX_POINT('',#8316);
#8316 = CARTESIAN_POINT('',(204.4057826205,88.757901254682,49.51));
#8317 = LINE('',#8318,#8319);
#8318 = CARTESIAN_POINT('',(226.80210423123,111.1542228654,49.51));
#8319 = VECTOR('',#8320,1.);
#8320 = DIRECTION('',(-0.707106781187,-0.707106781187,-0.));
#8321 = ORIENTED_EDGE('',*,*,#8322,.T.);
#8322 = EDGE_CURVE('',#8315,#8323,#8325,.T.);
#8323 = VERTEX_POINT('',#8324);
#8324 = CARTESIAN_POINT('',(203.18602342296,89.977660452229,49.51));
#8325 = LINE('',#8326,#8327);
#8326 = CARTESIAN_POINT('',(216.26841279127,76.895271083914,49.51));
#8327 = VECTOR('',#8328,1.);
#8328 = DIRECTION('',(-0.707106781187,0.707106781187,0.));
#8329 = ORIENTED_EDGE('',*,*,#8330,.T.);
#8330 = EDGE_CURVE('',#8323,#8331,#8333,.T.);
#8331 = VERTEX_POINT('',#8332);
#8332 = CARTESIAN_POINT('',(198.7418573032,85.533494332472,49.51));
#8333 = LINE('',#8334,#8335);
#8334 = CARTESIAN_POINT('',(225.15808096497,111.94971799424,49.51));
#8335 = VECTOR('',#8336,1.);
#8336 = DIRECTION('',(-0.707106781187,-0.707106781187,-0.));
#8337 = ORIENTED_EDGE('',*,*,#8338,.T.);
#8338 = EDGE_CURVE('',#8331,#8339,#8341,.T.);
#8339 = VERTEX_POINT('',#8340);
#8340 = CARTESIAN_POINT('',(198.15849420872,86.116857426951,49.51));
#8341 = LINE('',#8342,#8343);
#8342 = CARTESIAN_POINT('',(211.21436707274,73.06098456293,49.51));
#8343 = VECTOR('',#8344,1.);
#8344 = DIRECTION('',(-0.707106781187,0.707106781187,0.));
#8345 = ORIENTED_EDGE('',*,*,#8346,.T.);
#8346 = EDGE_CURVE('',#8339,#8347,#8349,.T.);
#8347 = VERTEX_POINT('',#8348);
#8348 = CARTESIAN_POINT('',(195.05783097322,83.016194191447,49.51));
#8349 = LINE('',#8350,#8351);
#8350 = CARTESIAN_POINT('',(222.35263481061,110.31099802884,49.51));
#8351 = VECTOR('',#8352,1.);
#8352 = DIRECTION('',(-0.707106781187,-0.707106781187,-0.));
#8353 = ORIENTED_EDGE('',*,*,#8354,.T.);
#8354 = EDGE_CURVE('',#8347,#8355,#8357,.T.);
#8355 = VERTEX_POINT('',#8356);
#8356 = CARTESIAN_POINT('',(195.6411940677,82.432831096968,49.51));
#8357 = LINE('',#8358,#8359);
#8358 = CARTESIAN_POINT('',(207.82202229,70.252002874666,49.51));
#8359 = VECTOR('',#8360,1.);
#8360 = DIRECTION('',(0.707106781187,-0.707106781187,0.));
#8361 = ORIENTED_EDGE('',*,*,#8362,.T.);
#8362 = EDGE_CURVE('',#8355,#8363,#8365,.T.);
#8363 = VERTEX_POINT('',#8364);
#8364 = CARTESIAN_POINT('',(193.35723916446,80.148876193736,49.51));
#8365 = LINE('',#8366,#8367);
#8366 = CARTESIAN_POINT('',(221.38566628734,108.17730331661,49.51));
#8367 = VECTOR('',#8368,1.);
#8368 = DIRECTION('',(-0.707106781187,-0.707106781187,-0.));
#8369 = ORIENTED_EDGE('',*,*,#8370,.T.);
#8370 = EDGE_CURVE('',#8363,#8371,#8373,.T.);
#8371 = VERTEX_POINT('',#8372);
#8372 = CARTESIAN_POINT('',(199.20353678584,74.302578572357,49.51));
#8373 = LINE('',#8374,#8375);
#8374 = CARTESIAN_POINT('',(205.829748934,67.676366424194,49.51));
#8375 = VECTOR('',#8376,1.);
#8376 = DIRECTION('',(0.707106781187,-0.707106781187,0.));
#8377 = ORIENTED_EDGE('',*,*,#8378,.F.);
#8378 = EDGE_CURVE('',#8129,#8371,#8379,.T.);
#8379 = LINE('',#8380,#8381);
#8380 = CARTESIAN_POINT('',(225.74778517092,100.84682695743,49.51));
#8381 = VECTOR('',#8382,1.);
#8382 = DIRECTION('',(0.707106781187,0.707106781187,0.));
#8383 = FACE_BOUND('',#8384,.T.);
#8384 = EDGE_LOOP('',(#8385));
#8385 = ORIENTED_EDGE('',*,*,#6164,.F.);
#8386 = FACE_BOUND('',#8387,.T.);
#8387 = EDGE_LOOP('',(#8388,#8398,#8406,#8414));
#8388 = ORIENTED_EDGE('',*,*,#8389,.F.);
#8389 = EDGE_CURVE('',#8390,#8392,#8394,.T.);
#8390 = VERTEX_POINT('',#8391);
#8391 = CARTESIAN_POINT('',(274.5,65.818176,49.51));
#8392 = VERTEX_POINT('',#8393);
#8393 = CARTESIAN_POINT('',(258.9,65.818176,49.51));
#8394 = LINE('',#8395,#8396);
#8395 = CARTESIAN_POINT('',(273.28757902303,65.818176,49.51));
#8396 = VECTOR('',#8397,1.);
#8397 = DIRECTION('',(-1.,1.2E-16,0.));
#8398 = ORIENTED_EDGE('',*,*,#8399,.T.);
#8399 = EDGE_CURVE('',#8390,#8400,#8402,.T.);
#8400 = VERTEX_POINT('',#8401);
#8401 = CARTESIAN_POINT('',(274.5,81.418176,49.51));
#8402 = LINE('',#8403,#8404);
#8403 = CARTESIAN_POINT('',(274.5,95.197465998584,49.51));
#8404 = VECTOR('',#8405,1.);
#8405 = DIRECTION('',(1.2E-16,1.,0.));
#8406 = ORIENTED_EDGE('',*,*,#8407,.T.);
#8407 = EDGE_CURVE('',#8400,#8408,#8410,.T.);
#8408 = VERTEX_POINT('',#8409);
#8409 = CARTESIAN_POINT('',(258.9,81.418176,49.51));
#8410 = LINE('',#8411,#8412);
#8411 = CARTESIAN_POINT('',(273.28757902303,81.418176,49.51));
#8412 = VECTOR('',#8413,1.);
#8413 = DIRECTION('',(-1.,1.2E-16,0.));
#8414 = ORIENTED_EDGE('',*,*,#8415,.F.);
#8415 = EDGE_CURVE('',#8392,#8408,#8416,.T.);
#8416 = LINE('',#8417,#8418);
#8417 = CARTESIAN_POINT('',(258.9,95.197465998584,49.51));
#8418 = VECTOR('',#8419,1.);
#8419 = DIRECTION('',(1.2E-16,1.,0.));
#8420 = FACE_BOUND('',#8421,.T.);
#8421 = EDGE_LOOP('',(#8422,#8432,#8440,#8448));
#8422 = ORIENTED_EDGE('',*,*,#8423,.F.);
#8423 = EDGE_CURVE('',#8424,#8426,#8428,.T.);
#8424 = VERTEX_POINT('',#8425);
#8425 = CARTESIAN_POINT('',(252.88485956007,64.19383067581,49.51));
#8426 = VERTEX_POINT('',#8427);
#8427 = CARTESIAN_POINT('',(238.22565467581,58.85831643993,49.51));
#8428 = LINE('',#8429,#8430);
#8429 = CARTESIAN_POINT('',(268.55406694133,69.896955757136,49.51));
#8430 = VECTOR('',#8431,1.);
#8431 = DIRECTION('',(-0.939692620786,-0.342020143326,-0.));
#8432 = ORIENTED_EDGE('',*,*,#8433,.T.);
#8433 = EDGE_CURVE('',#8424,#8434,#8436,.T.);
#8434 = VERTEX_POINT('',#8435);
#8435 = CARTESIAN_POINT('',(247.54934532419,78.85303556007,49.51));
#8436 = LINE('',#8437,#8438);
#8437 = CARTESIAN_POINT('',(244.14304430386,88.211770697293,49.51));
#8438 = VECTOR('',#8439,1.);
#8439 = DIRECTION('',(-0.342020143326,0.939692620786,0.));
#8440 = ORIENTED_EDGE('',*,*,#8441,.T.);
#8441 = EDGE_CURVE('',#8434,#8442,#8444,.T.);
#8442 = VERTEX_POINT('',#8443);
#8443 = CARTESIAN_POINT('',(232.89014043993,73.51752132419,49.51));
#8444 = LINE('',#8445,#8446);
#8445 = CARTESIAN_POINT('',(263.21855270545,84.556160641396,49.51));
#8446 = VECTOR('',#8447,1.);
#8447 = DIRECTION('',(-0.939692620786,-0.342020143326,-0.));
#8448 = ORIENTED_EDGE('',*,*,#8449,.F.);
#8449 = EDGE_CURVE('',#8426,#8442,#8450,.T.);
#8450 = LINE('',#8451,#8452);
#8451 = CARTESIAN_POINT('',(229.48383941959,82.876256461412,49.51));
#8452 = VECTOR('',#8453,1.);
#8453 = DIRECTION('',(-0.342020143326,0.939692620786,0.));
#8454 = FACE_BOUND('',#8455,.T.);
#8455 = EDGE_LOOP('',(#8456,#8466,#8474,#8482));
#8456 = ORIENTED_EDGE('',*,*,#8457,.F.);
#8457 = EDGE_CURVE('',#8458,#8460,#8462,.T.);
#8458 = VERTEX_POINT('',#8459);
#8459 = CARTESIAN_POINT('',(312.6,103.918176,49.51));
#8460 = VERTEX_POINT('',#8461);
#8461 = CARTESIAN_POINT('',(297.,103.918176,49.51));
#8462 = LINE('',#8463,#8464);
#8463 = CARTESIAN_POINT('',(292.33757902303,103.918176,49.51));
#8464 = VECTOR('',#8465,1.);
#8465 = DIRECTION('',(-1.,1.2E-16,0.));
#8466 = ORIENTED_EDGE('',*,*,#8467,.T.);
#8467 = EDGE_CURVE('',#8458,#8468,#8470,.T.);
#8468 = VERTEX_POINT('',#8469);
#8469 = CARTESIAN_POINT('',(312.6,119.518176,49.51));
#8470 = LINE('',#8471,#8472);
#8471 = CARTESIAN_POINT('',(312.6,114.24746599858,49.51));
#8472 = VECTOR('',#8473,1.);
#8473 = DIRECTION('',(1.2E-16,1.,0.));
#8474 = ORIENTED_EDGE('',*,*,#8475,.T.);
#8475 = EDGE_CURVE('',#8468,#8476,#8478,.T.);
#8476 = VERTEX_POINT('',#8477);
#8477 = CARTESIAN_POINT('',(297.,119.518176,49.51));
#8478 = LINE('',#8479,#8480);
#8479 = CARTESIAN_POINT('',(292.33757902303,119.518176,49.51));
#8480 = VECTOR('',#8481,1.);
#8481 = DIRECTION('',(-1.,1.2E-16,0.));
#8482 = ORIENTED_EDGE('',*,*,#8483,.F.);
#8483 = EDGE_CURVE('',#8460,#8476,#8484,.T.);
#8484 = LINE('',#8485,#8486);
#8485 = CARTESIAN_POINT('',(297.,114.24746599858,49.51));
#8486 = VECTOR('',#8487,1.);
#8487 = DIRECTION('',(1.2E-16,1.,0.));
#8488 = FACE_BOUND('',#8489,.T.);
#8489 = EDGE_LOOP('',(#8490,#8500,#8508,#8516));
#8490 = ORIENTED_EDGE('',*,*,#8491,.F.);
#8491 = EDGE_CURVE('',#8492,#8494,#8496,.T.);
#8492 = VERTEX_POINT('',#8493);
#8493 = CARTESIAN_POINT('',(293.55,89.630676,49.51));
#8494 = VERTEX_POINT('',#8495);
#8495 = CARTESIAN_POINT('',(277.95,89.630676,49.51));
#8496 = LINE('',#8497,#8498);
#8497 = CARTESIAN_POINT('',(282.81257902303,89.630676,49.51));
#8498 = VECTOR('',#8499,1.);
#8499 = DIRECTION('',(-1.,1.2E-16,0.));
#8500 = ORIENTED_EDGE('',*,*,#8501,.T.);
#8501 = EDGE_CURVE('',#8492,#8502,#8504,.T.);
#8502 = VERTEX_POINT('',#8503);
#8503 = CARTESIAN_POINT('',(293.55,105.230676,49.51));
#8504 = LINE('',#8505,#8506);
#8505 = CARTESIAN_POINT('',(293.55,107.10371599858,49.51));
#8506 = VECTOR('',#8507,1.);
#8507 = DIRECTION('',(1.2E-16,1.,0.));
#8508 = ORIENTED_EDGE('',*,*,#8509,.T.);
#8509 = EDGE_CURVE('',#8502,#8510,#8512,.T.);
#8510 = VERTEX_POINT('',#8511);
#8511 = CARTESIAN_POINT('',(277.95,105.230676,49.51));
#8512 = LINE('',#8513,#8514);
#8513 = CARTESIAN_POINT('',(282.81257902303,105.230676,49.51));
#8514 = VECTOR('',#8515,1.);
#8515 = DIRECTION('',(-1.,1.2E-16,0.));
#8516 = ORIENTED_EDGE('',*,*,#8517,.F.);
#8517 = EDGE_CURVE('',#8494,#8510,#8518,.T.);
#8518 = LINE('',#8519,#8520);
#8519 = CARTESIAN_POINT('',(277.95,107.10371599858,49.51));
#8520 = VECTOR('',#8521,1.);
#8521 = DIRECTION('',(1.2E-16,1.,0.));
#8522 = FACE_BOUND('',#8523,.T.);
#8523 = EDGE_LOOP('',(#8524,#8534,#8542,#8550));
#8524 = ORIENTED_EDGE('',*,*,#8525,.F.);
#8525 = EDGE_CURVE('',#8526,#8528,#8530,.T.);
#8526 = VERTEX_POINT('',#8527);
#8527 = CARTESIAN_POINT('',(312.6,84.868176,49.51));
#8528 = VERTEX_POINT('',#8529);
#8529 = CARTESIAN_POINT('',(297.,84.868176,49.51));
#8530 = LINE('',#8531,#8532);
#8531 = CARTESIAN_POINT('',(292.33757902303,84.868176,49.51));
#8532 = VECTOR('',#8533,1.);
#8533 = DIRECTION('',(-1.,1.2E-16,0.));
#8534 = ORIENTED_EDGE('',*,*,#8535,.T.);
#8535 = EDGE_CURVE('',#8526,#8536,#8538,.T.);
#8536 = VERTEX_POINT('',#8537);
#8537 = CARTESIAN_POINT('',(312.6,100.468176,49.51));
#8538 = LINE('',#8539,#8540);
#8539 = CARTESIAN_POINT('',(312.6,104.72246599858,49.51));
#8540 = VECTOR('',#8541,1.);
#8541 = DIRECTION('',(1.2E-16,1.,0.));
#8542 = ORIENTED_EDGE('',*,*,#8543,.T.);
#8543 = EDGE_CURVE('',#8536,#8544,#8546,.T.);
#8544 = VERTEX_POINT('',#8545);
#8545 = CARTESIAN_POINT('',(297.,100.468176,49.51));
#8546 = LINE('',#8547,#8548);
#8547 = CARTESIAN_POINT('',(292.33757902303,100.468176,49.51));
#8548 = VECTOR('',#8549,1.);
#8549 = DIRECTION('',(-1.,1.2E-16,0.));
#8550 = ORIENTED_EDGE('',*,*,#8551,.F.);
#8551 = EDGE_CURVE('',#8528,#8544,#8552,.T.);
#8552 = LINE('',#8553,#8554);
#8553 = CARTESIAN_POINT('',(297.,104.72246599858,49.51));
#8554 = VECTOR('',#8555,1.);
#8555 = DIRECTION('',(1.2E-16,1.,0.));
#8556 = FACE_BOUND('',#8557,.T.);
#8557 = EDGE_LOOP('',(#8558,#8568,#8576,#8584));
#8558 = ORIENTED_EDGE('',*,*,#8559,.F.);
#8559 = EDGE_CURVE('',#8560,#8562,#8564,.T.);
#8560 = VERTEX_POINT('',#8561);
#8561 = CARTESIAN_POINT('',(331.65,103.918176,49.51));
#8562 = VERTEX_POINT('',#8563);
#8563 = CARTESIAN_POINT('',(316.05,103.918176,49.51));
#8564 = LINE('',#8565,#8566);
#8565 = CARTESIAN_POINT('',(301.86257902303,103.918176,49.51));
#8566 = VECTOR('',#8567,1.);
#8567 = DIRECTION('',(-1.,1.2E-16,0.));
#8568 = ORIENTED_EDGE('',*,*,#8569,.T.);
#8569 = EDGE_CURVE('',#8560,#8570,#8572,.T.);
#8570 = VERTEX_POINT('',#8571);
#8571 = CARTESIAN_POINT('',(331.65,119.518176,49.51));
#8572 = LINE('',#8573,#8574);
#8573 = CARTESIAN_POINT('',(331.65,114.24746599858,49.51));
#8574 = VECTOR('',#8575,1.);
#8575 = DIRECTION('',(1.2E-16,1.,0.));
#8576 = ORIENTED_EDGE('',*,*,#8577,.T.);
#8577 = EDGE_CURVE('',#8570,#8578,#8580,.T.);
#8578 = VERTEX_POINT('',#8579);
#8579 = CARTESIAN_POINT('',(316.05,119.518176,49.51));
#8580 = LINE('',#8581,#8582);
#8581 = CARTESIAN_POINT('',(301.86257902303,119.518176,49.51));
#8582 = VECTOR('',#8583,1.);
#8583 = DIRECTION('',(-1.,1.2E-16,0.));
#8584 = ORIENTED_EDGE('',*,*,#8585,.F.);
#8585 = EDGE_CURVE('',#8562,#8578,#8586,.T.);
#8586 = LINE('',#8587,#8588);
#8587 = CARTESIAN_POINT('',(316.05,114.24746599858,49.51));
#8588 = VECTOR('',#8589,1.);
#8589 = DIRECTION('',(1.2E-16,1.,0.));
#8590 = FACE_BOUND('',#8591,.T.);
#8591 = EDGE_LOOP('',(#8592));
#8592 = ORIENTED_EDGE('',*,*,#6764,.T.);
#8593 = FACE_BOUND('',#8594,.T.);
#8594 = EDGE_LOOP('',(#8595,#8605,#8613,#8621));
#8595 = ORIENTED_EDGE('',*,*,#8596,.F.);
#8596 = EDGE_CURVE('',#8597,#8599,#8601,.T.);
#8597 = VERTEX_POINT('',#8598);
#8598 = CARTESIAN_POINT('',(331.65,84.868176,49.51));
#8599 = VERTEX_POINT('',#8600);
#8600 = CARTESIAN_POINT('',(316.05,84.868176,49.51));
#8601 = LINE('',#8602,#8603);
#8602 = CARTESIAN_POINT('',(301.86257902303,84.868176,49.51));
#8603 = VECTOR('',#8604,1.);
#8604 = DIRECTION('',(-1.,1.2E-16,0.));
#8605 = ORIENTED_EDGE('',*,*,#8606,.T.);
#8606 = EDGE_CURVE('',#8597,#8607,#8609,.T.);
#8607 = VERTEX_POINT('',#8608);
#8608 = CARTESIAN_POINT('',(331.65,100.468176,49.51));
#8609 = LINE('',#8610,#8611);
#8610 = CARTESIAN_POINT('',(331.65,104.72246599858,49.51));
#8611 = VECTOR('',#8612,1.);
#8612 = DIRECTION('',(1.2E-16,1.,0.));
#8613 = ORIENTED_EDGE('',*,*,#8614,.T.);
#8614 = EDGE_CURVE('',#8607,#8615,#8617,.T.);
#8615 = VERTEX_POINT('',#8616);
#8616 = CARTESIAN_POINT('',(316.05,100.468176,49.51));
#8617 = LINE('',#8618,#8619);
#8618 = CARTESIAN_POINT('',(301.86257902303,100.468176,49.51));
#8619 = VECTOR('',#8620,1.);
#8620 = DIRECTION('',(-1.,1.2E-16,0.));
#8621 = ORIENTED_EDGE('',*,*,#8622,.F.);
#8622 = EDGE_CURVE('',#8599,#8615,#8623,.T.);
#8623 = LINE('',#8624,#8625);
#8624 = CARTESIAN_POINT('',(316.05,104.72246599858,49.51));
#8625 = VECTOR('',#8626,1.);
#8626 = DIRECTION('',(1.2E-16,1.,0.));
#8627 = FACE_BOUND('',#8628,.T.);
#8628 = EDGE_LOOP('',(#8629));
#8629 = ORIENTED_EDGE('',*,*,#6885,.T.);
#8630 = FACE_BOUND('',#8631,.T.);
#8631 = EDGE_LOOP('',(#8632));
#8632 = ORIENTED_EDGE('',*,*,#6911,.F.);
#8633 = PLANE('',#8634);
#8634 = AXIS2_PLACEMENT_3D('',#8635,#8636,#8637);
#8635 = CARTESIAN_POINT('',(272.07515804606,108.97675599716,49.51));
#8636 = DIRECTION('',(0.,0.,-1.));
#8637 = DIRECTION('',(1.,-1.E-15,0.));
#8638 = ADVANCED_FACE('',(#8639),#8656,.T.);
#8639 = FACE_BOUND('',#8640,.T.);
#8640 = EDGE_LOOP('',(#8641,#8642,#8643,#8651));
#8641 = ORIENTED_EDGE('',*,*,#6928,.F.);
#8642 = ORIENTED_EDGE('',*,*,#1821,.F.);
#8643 = ORIENTED_EDGE('',*,*,#8644,.T.);
#8644 = EDGE_CURVE('',#1814,#8645,#8647,.T.);
#8645 = VERTEX_POINT('',#8646);
#8646 = CARTESIAN_POINT('',(361.6875,98.692824244835,49.81));
#8647 = LINE('',#8648,#8649);
#8648 = CARTESIAN_POINT('',(361.6875,64.838081993023,49.81));
#8649 = VECTOR('',#8650,1.);
#8650 = DIRECTION('',(0.,-1.,0.));
#8651 = ORIENTED_EDGE('',*,*,#8652,.F.);
#8652 = EDGE_CURVE('',#6929,#8645,#8653,.T.);
#8653 = B_SPLINE_CURVE_WITH_KNOTS('',1,(#8654,#8655),.UNSPECIFIED.,.F.,
  .F.,(2,2),(0.,1.),.PIECEWISE_BEZIER_KNOTS.);
#8654 = CARTESIAN_POINT('',(361.3875,98.692824244835,49.51));
#8655 = CARTESIAN_POINT('',(361.6875,98.692824244835,49.81));
#8656 = PLANE('',#8657);
#8657 = AXIS2_PLACEMENT_3D('',#8658,#8659,#8660);
#8658 = CARTESIAN_POINT('',(361.6875,64.838081993023,49.81));
#8659 = DIRECTION('',(0.707106781187,0.,-0.707106781187));
#8660 = DIRECTION('',(0.,1.,0.));
#8661 = ADVANCED_FACE('',(#8662),#8680,.T.);
#8662 = FACE_BOUND('',#8663,.T.);
#8663 = EDGE_LOOP('',(#8664,#8665,#8666,#8674));
#8664 = ORIENTED_EDGE('',*,*,#8644,.F.);
#8665 = ORIENTED_EDGE('',*,*,#1813,.F.);
#8666 = ORIENTED_EDGE('',*,*,#8667,.T.);
#8667 = EDGE_CURVE('',#1806,#8668,#8670,.T.);
#8668 = VERTEX_POINT('',#8669);
#8669 = CARTESIAN_POINT('',(361.6875,98.692824244835,50.3));
#8670 = LINE('',#8671,#8672);
#8671 = CARTESIAN_POINT('',(361.6875,65.031508659526,50.3));
#8672 = VECTOR('',#8673,1.);
#8673 = DIRECTION('',(0.,-1.,0.));
#8674 = ORIENTED_EDGE('',*,*,#8675,.F.);
#8675 = EDGE_CURVE('',#8645,#8668,#8676,.T.);
#8676 = LINE('',#8677,#8678);
#8677 = CARTESIAN_POINT('',(361.6875,98.692824244835,49.2));
#8678 = VECTOR('',#8679,1.);
#8679 = DIRECTION('',(0.,0.,1.));
#8680 = PLANE('',#8681);
#8681 = AXIS2_PLACEMENT_3D('',#8682,#8683,#8684);
#8682 = CARTESIAN_POINT('',(361.6875,161.43321039326,49.2));
#8683 = DIRECTION('',(1.,0.,0.));
#8684 = DIRECTION('',(0.,-1.,0.));
#8685 = ADVANCED_FACE('',(#8686),#9286,.F.);
#8686 = FACE_BOUND('',#8687,.F.);
#8687 = EDGE_LOOP('',(#8688,#8699,#8707,#8715,#8724,#8732,#8741,#8749,
    #8757,#8766,#8774,#8783,#8791,#8800,#8806,#8807,#8808,#8817,#8825,
    #8834,#8843,#8852,#8860,#8869,#8877,#8886,#8894,#8903,#8912,#8921,
    #8929,#8938,#8947,#8956,#8964,#8973,#8981,#8990,#8999,#9008,#9016,
    #9025,#9033,#9042,#9051,#9060,#9068,#9077,#9086,#9095,#9103,#9112,
    #9120,#9129,#9138,#9147,#9155,#9164,#9172,#9181,#9187,#9188,#9196,
    #9205,#9213,#9221,#9230,#9238,#9246,#9255,#9263,#9272,#9280));
#8688 = ORIENTED_EDGE('',*,*,#8689,.T.);
#8689 = EDGE_CURVE('',#8690,#8692,#8694,.T.);
#8690 = VERTEX_POINT('',#8691);
#8691 = CARTESIAN_POINT('',(197.00000261476,168.99999999999,50.3));
#8692 = VERTEX_POINT('',#8693);
#8693 = CARTESIAN_POINT('',(191.5,163.5,50.3));
#8694 = CIRCLE('',#8695,5.49999850585);
#8695 = AXIS2_PLACEMENT_3D('',#8696,#8697,#8698);
#8696 = CARTESIAN_POINT('',(196.99999850585,163.50000149415,50.3));
#8697 = DIRECTION('',(0.,0.,1.));
#8698 = DIRECTION('',(-1.,-2.7166378997E-07,0.));
#8699 = ORIENTED_EDGE('',*,*,#8700,.T.);
#8700 = EDGE_CURVE('',#8692,#8701,#8703,.T.);
#8701 = VERTEX_POINT('',#8702);
#8702 = CARTESIAN_POINT('',(191.5,94.950141437558,50.3));
#8703 = LINE('',#8704,#8705);
#8704 = CARTESIAN_POINT('',(191.5,81.750000000011,50.3));
#8705 = VECTOR('',#8706,1.);
#8706 = DIRECTION('',(1.0961E-13,-1.,0.));
#8707 = ORIENTED_EDGE('',*,*,#8708,.T.);
#8708 = EDGE_CURVE('',#8701,#8709,#8711,.T.);
#8709 = VERTEX_POINT('',#8710);
#8710 = CARTESIAN_POINT('',(181.07449549852,84.528646870945,50.3));
#8711 = LINE('',#8712,#8713);
#8712 = CARTESIAN_POINT('',(119.86904881826,23.346741483564,50.3));
#8713 = VECTOR('',#8714,1.);
#8714 = DIRECTION('',(-0.707242780588,-0.706970755623,0.));
#8715 = ORIENTED_EDGE('',*,*,#8716,.T.);
#8716 = EDGE_CURVE('',#8709,#8717,#8719,.T.);
#8717 = VERTEX_POINT('',#8718);
#8718 = CARTESIAN_POINT('',(181.04665723104,76.77698201544,50.3));
#8719 = CIRCLE('',#8720,5.499981858821);
#8720 = AXIS2_PLACEMENT_3D('',#8721,#8722,#8723);
#8721 = CARTESIAN_POINT('',(184.96279795095,80.638800539042,50.3));
#8722 = DIRECTION('',(0.,0.,1.));
#8723 = DIRECTION('',(-0.712027933988,-0.702151138446,0.));
#8724 = ORIENTED_EDGE('',*,*,#8725,.T.);
#8725 = EDGE_CURVE('',#8717,#8726,#8728,.T.);
#8726 = VERTEX_POINT('',#8727);
#8727 = CARTESIAN_POINT('',(213.77098962667,43.591742894486,50.3));
#8728 = LINE('',#8729,#8730);
#8729 = CARTESIAN_POINT('',(155.61036141543,102.57153601235,50.3));
#8730 = VECTOR('',#8731,1.);
#8731 = DIRECTION('',(0.702144803722,-0.712034180785,0.));
#8732 = ORIENTED_EDGE('',*,*,#8733,.T.);
#8733 = EDGE_CURVE('',#8726,#8734,#8736,.T.);
#8734 = VERTEX_POINT('',#8735);
#8735 = CARTESIAN_POINT('',(221.48263332085,43.473027169011,50.3));
#8736 = CIRCLE('',#8737,5.499925802032);
#8737 = AXIS2_PLACEMENT_3D('',#8738,#8739,#8740);
#8738 = CARTESIAN_POINT('',(217.68717352366,47.453437795531,50.3));
#8739 = DIRECTION('',(-0.,0.,1.));
#8740 = DIRECTION('',(0.690092909216,-0.723720786388,0.));
#8741 = ORIENTED_EDGE('',*,*,#8742,.T.);
#8742 = EDGE_CURVE('',#8734,#8743,#8745,.T.);
#8743 = VERTEX_POINT('',#8744);
#8744 = CARTESIAN_POINT('',(229.52060647319,51.137130693201,50.3));
#8745 = LINE('',#8746,#8747);
#8746 = CARTESIAN_POINT('',(152.62075501845,-22.18588387454,50.3));
#8747 = VECTOR('',#8748,1.);
#8748 = DIRECTION('',(0.723738013172,0.690074842528,0.));
#8749 = ORIENTED_EDGE('',*,*,#8750,.T.);
#8750 = EDGE_CURVE('',#8743,#8751,#8753,.T.);
#8751 = VERTEX_POINT('',#8752);
#8752 = CARTESIAN_POINT('',(241.17208771329,48.224260147998,50.3));
#8753 = LINE('',#8754,#8755);
#8754 = CARTESIAN_POINT('',(127.52704378657,76.635523423523,50.3));
#8755 = VECTOR('',#8756,1.);
#8756 = DIRECTION('',(0.970142495538,-0.242535643466,0.));
#8757 = ORIENTED_EDGE('',*,*,#8758,.T.);
#8758 = EDGE_CURVE('',#8751,#8759,#8761,.T.);
#8759 = VERTEX_POINT('',#8760);
#8760 = CARTESIAN_POINT('',(243.80868774097,48.216532716752,50.3));
#8761 = CIRCLE('',#8762,5.500347382847);
#8762 = AXIS2_PLACEMENT_3D('',#8763,#8764,#8765);
#8763 = CARTESIAN_POINT('',(242.5060383818,53.560400789509,50.3));
#8764 = DIRECTION('',(-0.,0.,1.));
#8765 = DIRECTION('',(0.236830379702,-0.9715510132,0.));
#8766 = ORIENTED_EDGE('',*,*,#8767,.T.);
#8767 = EDGE_CURVE('',#8759,#8768,#8770,.T.);
#8768 = VERTEX_POINT('',#8769);
#8769 = CARTESIAN_POINT('',(343.13811250943,72.431168955105,50.3));
#8770 = LINE('',#8771,#8772);
#8771 = CARTESIAN_POINT('',(123.19517185054,18.813237373769,50.3));
#8772 = VECTOR('',#8773,1.);
#8773 = DIRECTION('',(0.971547471262,0.236844909348,0.));
#8774 = ORIENTED_EDGE('',*,*,#8775,.T.);
#8775 = EDGE_CURVE('',#8768,#8776,#8778,.T.);
#8776 = VERTEX_POINT('',#8777);
#8777 = CARTESIAN_POINT('',(346.21897659965,74.452804504648,50.3));
#8778 = CIRCLE('',#8779,5.499994067197);
#8779 = AXIS2_PLACEMENT_3D('',#8780,#8781,#8782);
#8780 = CARTESIAN_POINT('',(341.83547268547,77.774675690221,50.3));
#8781 = DIRECTION('',(-0.,0.,1.));
#8782 = DIRECTION('',(0.797001571389,-0.6039772307,0.));
#8783 = ORIENTED_EDGE('',*,*,#8784,.F.);
#8784 = EDGE_CURVE('',#8785,#8776,#8787,.T.);
#8785 = VERTEX_POINT('',#8786);
#8786 = CARTESIAN_POINT('',(362.07100722802,95.370947609284,50.3));
#8787 = LINE('',#8788,#8789);
#8788 = CARTESIAN_POINT('',(269.11385614997,-27.29415659316,50.3));
#8789 = VECTOR('',#8790,1.);
#8790 = DIRECTION('',(-0.6039775701,-0.797001314187,0.));
#8791 = ORIENTED_EDGE('',*,*,#8792,.F.);
#8792 = EDGE_CURVE('',#8793,#8785,#8795,.T.);
#8793 = VERTEX_POINT('',#8794);
#8794 = CARTESIAN_POINT('',(363.1875,98.692824244835,50.3));
#8795 = CIRCLE('',#8796,5.5);
#8796 = AXIS2_PLACEMENT_3D('',#8797,#8798,#8799);
#8797 = CARTESIAN_POINT('',(357.6875,98.692824244835,50.3));
#8798 = DIRECTION('',(0.,0.,-1.));
#8799 = DIRECTION('',(0.,1.,0.));
#8800 = ORIENTED_EDGE('',*,*,#8801,.F.);
#8801 = EDGE_CURVE('',#1798,#8793,#8802,.T.);
#8802 = LINE('',#8803,#8804);
#8803 = CARTESIAN_POINT('',(363.1875,65.031508659526,50.3));
#8804 = VECTOR('',#8805,1.);
#8805 = DIRECTION('',(0.,-1.,0.));
#8806 = ORIENTED_EDGE('',*,*,#1805,.F.);
#8807 = ORIENTED_EDGE('',*,*,#8667,.T.);
#8808 = ORIENTED_EDGE('',*,*,#8809,.T.);
#8809 = EDGE_CURVE('',#8668,#8810,#8812,.T.);
#8810 = VERTEX_POINT('',#8811);
#8811 = CARTESIAN_POINT('',(360.87550525674,96.276913964434,50.3));
#8812 = CIRCLE('',#8813,4.);
#8813 = AXIS2_PLACEMENT_3D('',#8814,#8815,#8816);
#8814 = CARTESIAN_POINT('',(357.6875,98.692824244835,50.3));
#8815 = DIRECTION('',(0.,0.,-1.));
#8816 = DIRECTION('',(0.,1.,0.));
#8817 = ORIENTED_EDGE('',*,*,#8818,.T.);
#8818 = EDGE_CURVE('',#8810,#8819,#8821,.T.);
#8819 = VERTEX_POINT('',#8820);
#8820 = CARTESIAN_POINT('',(345.02347462837,75.358770859799,50.3));
#8821 = LINE('',#8822,#8823);
#8822 = CARTESIAN_POINT('',(267.91835417869,-26.38819023801,50.3));
#8823 = VECTOR('',#8824,1.);
#8824 = DIRECTION('',(-0.6039775701,-0.797001314187,0.));
#8825 = ORIENTED_EDGE('',*,*,#8826,.F.);
#8826 = EDGE_CURVE('',#8827,#8819,#8829,.T.);
#8827 = VERTEX_POINT('',#8828);
#8828 = CARTESIAN_POINT('',(345.02347424257,75.358770350699,50.3));
#8829 = CIRCLE('',#8830,1.5);
#8830 = AXIS2_PLACEMENT_3D('',#8831,#8832,#8833);
#8831 = CARTESIAN_POINT('',(346.21897659965,74.452804504648,50.3));
#8832 = DIRECTION('',(-0.,0.,-1.));
#8833 = DIRECTION('',(-0.6039772307,-0.797001571389,0.));
#8834 = ORIENTED_EDGE('',*,*,#8835,.F.);
#8835 = EDGE_CURVE('',#8836,#8827,#8838,.T.);
#8836 = VERTEX_POINT('',#8837);
#8837 = CARTESIAN_POINT('',(342.78284671967,73.888490545773,50.3));
#8838 = CIRCLE('',#8839,3.999994067197);
#8839 = AXIS2_PLACEMENT_3D('',#8840,#8841,#8842);
#8840 = CARTESIAN_POINT('',(341.83547268547,77.774675690221,50.3));
#8841 = DIRECTION('',(-0.,0.,1.));
#8842 = DIRECTION('',(0.797001571389,-0.6039772307,0.));
#8843 = ORIENTED_EDGE('',*,*,#8844,.F.);
#8844 = EDGE_CURVE('',#8845,#8836,#8847,.T.);
#8845 = VERTEX_POINT('',#8846);
#8846 = CARTESIAN_POINT('',(342.78284514541,73.888490161999,50.3));
#8847 = CIRCLE('',#8848,1.5);
#8848 = AXIS2_PLACEMENT_3D('',#8849,#8850,#8851);
#8849 = CARTESIAN_POINT('',(343.13811250943,72.431168955105,50.3));
#8850 = DIRECTION('',(-0.,0.,-1.));
#8851 = DIRECTION('',(-0.971547471262,-0.236844909348,0.));
#8852 = ORIENTED_EDGE('',*,*,#8853,.F.);
#8853 = EDGE_CURVE('',#8854,#8845,#8856,.T.);
#8854 = VERTEX_POINT('',#8855);
#8855 = CARTESIAN_POINT('',(243.45350029505,49.673873405535,50.3));
#8856 = LINE('',#8857,#8858);
#8857 = CARTESIAN_POINT('',(122.83990448652,20.270558580662,50.3));
#8858 = VECTOR('',#8859,1.);
#8859 = DIRECTION('',(0.971547471262,0.236844909348,0.));
#8860 = ORIENTED_EDGE('',*,*,#8861,.F.);
#8861 = EDGE_CURVE('',#8862,#8854,#8864,.T.);
#8862 = VERTEX_POINT('',#8863);
#8863 = CARTESIAN_POINT('',(241.53581155536,49.67949379709,50.3));
#8864 = CIRCLE('',#8865,4.000347382847);
#8865 = AXIS2_PLACEMENT_3D('',#8866,#8867,#8868);
#8866 = CARTESIAN_POINT('',(242.5060383818,53.560400789509,50.3));
#8867 = DIRECTION('',(-0.,0.,1.));
#8868 = DIRECTION('',(0.236830379702,-0.9715510132,0.));
#8869 = ORIENTED_EDGE('',*,*,#8870,.F.);
#8870 = EDGE_CURVE('',#8871,#8862,#8873,.T.);
#8871 = VERTEX_POINT('',#8872);
#8872 = CARTESIAN_POINT('',(229.88440993839,52.592344436508,50.3));
#8873 = LINE('',#8874,#8875);
#8874 = CARTESIAN_POINT('',(127.89084725177,78.09073716683,50.3));
#8875 = VECTOR('',#8876,1.);
#8876 = DIRECTION('',(0.970142495538,-0.242535643466,0.));
#8877 = ORIENTED_EDGE('',*,*,#8878,.F.);
#8878 = EDGE_CURVE('',#8879,#8871,#8881,.T.);
#8879 = VERTEX_POINT('',#8880);
#8880 = CARTESIAN_POINT('',(228.4854942094,52.222737712959,50.3));
#8881 = CIRCLE('',#8882,1.5);
#8882 = AXIS2_PLACEMENT_3D('',#8883,#8884,#8885);
#8883 = CARTESIAN_POINT('',(229.52060647319,51.137130693201,50.3));
#8884 = DIRECTION('',(-0.,0.,-1.));
#8885 = DIRECTION('',(-0.723738013172,-0.690074842528,0.));
#8886 = ORIENTED_EDGE('',*,*,#8887,.F.);
#8887 = EDGE_CURVE('',#8888,#8879,#8890,.T.);
#8888 = VERTEX_POINT('',#8889);
#8889 = CARTESIAN_POINT('',(220.44752105706,44.558634188769,50.3));
#8890 = LINE('',#8891,#8892);
#8891 = CARTESIAN_POINT('',(151.58564275466,-21.10027685478,50.3));
#8892 = VECTOR('',#8893,1.);
#8893 = DIRECTION('',(0.723738013172,0.690074842528,0.));
#8894 = ORIENTED_EDGE('',*,*,#8895,.F.);
#8895 = EDGE_CURVE('',#8896,#8888,#8898,.T.);
#8896 = VERTEX_POINT('',#8897);
#8897 = CARTESIAN_POINT('',(220.44749395703,44.558608348592,50.3));
#8898 = CIRCLE('',#8899,1.5);
#8899 = AXIS2_PLACEMENT_3D('',#8900,#8901,#8902);
#8900 = CARTESIAN_POINT('',(221.48263332085,43.473027169011,50.3));
#8901 = DIRECTION('',(-0.,0.,-1.));
#8902 = DIRECTION('',(-0.723720786388,-0.690092909216,0.));
#8903 = ORIENTED_EDGE('',*,*,#8904,.F.);
#8904 = EDGE_CURVE('',#8905,#8896,#8907,.T.);
#8905 = VERTEX_POINT('',#8906);
#8906 = CARTESIAN_POINT('',(214.83905418923,44.644946621311,50.3));
#8907 = CIRCLE('',#8908,3.999925802032);
#8908 = AXIS2_PLACEMENT_3D('',#8909,#8910,#8911);
#8909 = CARTESIAN_POINT('',(217.68717352366,47.453437795531,50.3));
#8910 = DIRECTION('',(-0.,0.,1.));
#8911 = DIRECTION('',(0.690092909216,-0.723720786388,0.));
#8912 = ORIENTED_EDGE('',*,*,#8913,.F.);
#8913 = EDGE_CURVE('',#8914,#8905,#8916,.T.);
#8914 = VERTEX_POINT('',#8915);
#8915 = CARTESIAN_POINT('',(214.83904089785,44.64496010007,50.3));
#8916 = CIRCLE('',#8917,1.5);
#8917 = AXIS2_PLACEMENT_3D('',#8918,#8919,#8920);
#8918 = CARTESIAN_POINT('',(213.77098962667,43.591742894486,50.3));
#8919 = DIRECTION('',(0.,0.,-1.));
#8920 = DIRECTION('',(-0.702144803722,0.712034180785,0.));
#8921 = ORIENTED_EDGE('',*,*,#8922,.F.);
#8922 = EDGE_CURVE('',#8923,#8914,#8925,.T.);
#8923 = VERTEX_POINT('',#8924);
#8924 = CARTESIAN_POINT('',(182.11470850221,77.830199221023,50.3));
#8925 = LINE('',#8926,#8927);
#8926 = CARTESIAN_POINT('',(156.67841268661,103.62475321794,50.3));
#8927 = VECTOR('',#8928,1.);
#8928 = DIRECTION('',(0.702144803722,-0.712034180785,0.));
#8929 = ORIENTED_EDGE('',*,*,#8930,.F.);
#8930 = EDGE_CURVE('',#8931,#8923,#8933,.T.);
#8931 = VERTEX_POINT('',#8932);
#8932 = CARTESIAN_POINT('',(182.11469913202,77.830208723108,50.3));
#8933 = CIRCLE('',#8934,1.5);
#8934 = AXIS2_PLACEMENT_3D('',#8935,#8936,#8937);
#8935 = CARTESIAN_POINT('',(181.04665723104,76.77698201544,50.3));
#8936 = DIRECTION('',(0.,0.,-1.));
#8937 = DIRECTION('',(-0.702151138446,0.712027933988,0.));
#8938 = ORIENTED_EDGE('',*,*,#8939,.F.);
#8939 = EDGE_CURVE('',#8940,#8931,#8942,.T.);
#8940 = VERTEX_POINT('',#8941);
#8941 = CARTESIAN_POINT('',(182.13494511969,83.467776190345,50.3));
#8942 = CIRCLE('',#8943,3.999981858821);
#8943 = AXIS2_PLACEMENT_3D('',#8944,#8945,#8946);
#8944 = CARTESIAN_POINT('',(184.96279795095,80.638800539042,50.3));
#8945 = DIRECTION('',(0.,0.,1.));
#8946 = DIRECTION('',(-0.712027933988,-0.702151138446,0.));
#8947 = ORIENTED_EDGE('',*,*,#8948,.F.);
#8948 = EDGE_CURVE('',#8949,#8940,#8951,.T.);
#8949 = VERTEX_POINT('',#8950);
#8950 = CARTESIAN_POINT('',(182.13495163195,83.467782700063,50.3));
#8951 = CIRCLE('',#8952,1.5);
#8952 = AXIS2_PLACEMENT_3D('',#8953,#8954,#8955);
#8953 = CARTESIAN_POINT('',(181.07449549852,84.528646870945,50.3));
#8954 = DIRECTION('',(0.,0.,-1.));
#8955 = DIRECTION('',(0.707242780588,0.706970755623,0.));
#8956 = ORIENTED_EDGE('',*,*,#8957,.F.);
#8957 = EDGE_CURVE('',#8958,#8949,#8960,.T.);
#8958 = VERTEX_POINT('',#8959);
#8959 = CARTESIAN_POINT('',(192.56045613344,93.889277266677,50.3));
#8960 = LINE('',#8961,#8962);
#8961 = CARTESIAN_POINT('',(120.92950495169,22.285877312683,50.3));
#8962 = VECTOR('',#8963,1.);
#8963 = DIRECTION('',(-0.707242780588,-0.706970755623,0.));
#8964 = ORIENTED_EDGE('',*,*,#8965,.F.);
#8965 = EDGE_CURVE('',#8966,#8958,#8968,.T.);
#8966 = VERTEX_POINT('',#8967);
#8967 = CARTESIAN_POINT('',(193.,94.950141437558,50.3));
#8968 = CIRCLE('',#8969,1.5);
#8969 = AXIS2_PLACEMENT_3D('',#8970,#8971,#8972);
#8970 = CARTESIAN_POINT('',(191.5,94.950141437558,50.3));
#8971 = DIRECTION('',(0.,0.,-1.));
#8972 = DIRECTION('',(-1.0961E-13,1.,0.));
#8973 = ORIENTED_EDGE('',*,*,#8974,.F.);
#8974 = EDGE_CURVE('',#8975,#8966,#8977,.T.);
#8975 = VERTEX_POINT('',#8976);
#8976 = CARTESIAN_POINT('',(193.,163.5,50.3));
#8977 = LINE('',#8978,#8979);
#8978 = CARTESIAN_POINT('',(193.,81.750000000011,50.3));
#8979 = VECTOR('',#8980,1.);
#8980 = DIRECTION('',(1.0961E-13,-1.,0.));
#8981 = ORIENTED_EDGE('',*,*,#8982,.F.);
#8982 = EDGE_CURVE('',#8983,#8975,#8985,.T.);
#8983 = VERTEX_POINT('',#8984);
#8984 = CARTESIAN_POINT('',(193.,163.50000040749,50.3));
#8985 = CIRCLE('',#8986,1.5);
#8986 = AXIS2_PLACEMENT_3D('',#8987,#8988,#8989);
#8987 = CARTESIAN_POINT('',(191.5,163.5,50.3));
#8988 = DIRECTION('',(0.,0.,-1.));
#8989 = DIRECTION('',(-2.7166378973E-07,1.,0.));
#8990 = ORIENTED_EDGE('',*,*,#8991,.F.);
#8991 = EDGE_CURVE('',#8992,#8983,#8994,.T.);
#8992 = VERTEX_POINT('',#8993);
#8993 = CARTESIAN_POINT('',(197.00000149415,167.49999999999,50.3));
#8994 = CIRCLE('',#8995,3.99999850585);
#8995 = AXIS2_PLACEMENT_3D('',#8996,#8997,#8998);
#8996 = CARTESIAN_POINT('',(196.99999850585,163.50000149415,50.3));
#8997 = DIRECTION('',(0.,0.,1.));
#8998 = DIRECTION('',(-1.,-2.7166378997E-07,0.));
#8999 = ORIENTED_EDGE('',*,*,#9000,.F.);
#9000 = EDGE_CURVE('',#9001,#8992,#9003,.T.);
#9001 = VERTEX_POINT('',#9002);
#9002 = CARTESIAN_POINT('',(197.00000261476,167.49999999999,50.3));
#9003 = CIRCLE('',#9004,1.5);
#9004 = AXIS2_PLACEMENT_3D('',#9005,#9006,#9007);
#9005 = CARTESIAN_POINT('',(197.00000261476,168.99999999999,50.3));
#9006 = DIRECTION('',(0.,0.,-1.));
#9007 = DIRECTION('',(1.,2.71E-14,0.));
#9008 = ORIENTED_EDGE('',*,*,#9009,.F.);
#9009 = EDGE_CURVE('',#9010,#9001,#9012,.T.);
#9010 = VERTEX_POINT('',#9011);
#9011 = CARTESIAN_POINT('',(232.39082469637,167.5,50.3));
#9012 = LINE('',#9013,#9014);
#9013 = CARTESIAN_POINT('',(116.19541234818,167.49999999999,50.3));
#9014 = VECTOR('',#9015,1.);
#9015 = DIRECTION('',(-1.,-2.71E-14,0.));
#9016 = ORIENTED_EDGE('',*,*,#9017,.F.);
#9017 = EDGE_CURVE('',#9018,#9010,#9020,.T.);
#9018 = VERTEX_POINT('',#9019);
#9019 = CARTESIAN_POINT('',(232.89762179615,167.58820798286,50.3));
#9020 = CIRCLE('',#9021,1.5);
#9021 = AXIS2_PLACEMENT_3D('',#9022,#9023,#9024);
#9022 = CARTESIAN_POINT('',(232.39082469637,169.,50.3));
#9023 = DIRECTION('',(0.,0.,-1.));
#9024 = DIRECTION('',(0.941194678092,0.337864733187,0.));
#9025 = ORIENTED_EDGE('',*,*,#9026,.F.);
#9026 = EDGE_CURVE('',#9027,#9018,#9029,.T.);
#9027 = VERTEX_POINT('',#9028);
#9028 = CARTESIAN_POINT('',(251.49664053362,174.26477835618,50.3));
#9029 = LINE('',#9030,#9031);
#9030 = CARTESIAN_POINT('',(112.39502137726,124.33086719402,50.3));
#9031 = VECTOR('',#9032,1.);
#9032 = DIRECTION('',(-0.941194678092,-0.337864733187,0.));
#9033 = ORIENTED_EDGE('',*,*,#9034,.F.);
#9034 = EDGE_CURVE('',#9035,#9027,#9037,.T.);
#9035 = VERTEX_POINT('',#9036);
#9036 = CARTESIAN_POINT('',(251.49664107508,174.26477855055,50.3));
#9037 = CIRCLE('',#9038,1.5);
#9038 = AXIS2_PLACEMENT_3D('',#9039,#9040,#9041);
#9039 = CARTESIAN_POINT('',(250.98984343384,175.67657037331,50.3));
#9040 = DIRECTION('',(0.,0.,-1.));
#9041 = DIRECTION('',(0.941194548512,0.33786509416,0.));
#9042 = ORIENTED_EDGE('',*,*,#9043,.F.);
#9043 = EDGE_CURVE('',#9044,#9035,#9046,.T.);
#9044 = VERTEX_POINT('',#9045);
#9045 = CARTESIAN_POINT('',(252.84810059658,174.49999999999,50.3));
#9046 = CIRCLE('',#9047,3.999993937507);
#9047 = AXIS2_PLACEMENT_3D('',#9048,#9049,#9050);
#9048 = CARTESIAN_POINT('',(252.84809940342,170.50000606248,50.3));
#9049 = DIRECTION('',(0.,0.,1.));
#9050 = DIRECTION('',(-0.33786509416,0.941194548512,0.));
#9051 = ORIENTED_EDGE('',*,*,#9052,.F.);
#9052 = EDGE_CURVE('',#9053,#9044,#9055,.T.);
#9053 = VERTEX_POINT('',#9054);
#9054 = CARTESIAN_POINT('',(252.84810104405,174.49999999999,50.3));
#9055 = CIRCLE('',#9056,1.5);
#9056 = AXIS2_PLACEMENT_3D('',#9057,#9058,#9059);
#9057 = CARTESIAN_POINT('',(252.84810104401,175.99999999999,50.3));
#9058 = DIRECTION('',(0.,0.,-1.));
#9059 = DIRECTION('',(1.,2.550461E-11,0.));
#9060 = ORIENTED_EDGE('',*,*,#9061,.F.);
#9061 = EDGE_CURVE('',#9062,#9053,#9064,.T.);
#9062 = VERTEX_POINT('',#9063);
#9063 = CARTESIAN_POINT('',(274.83333546069,174.50000000055,50.3));
#9064 = LINE('',#9065,#9066);
#9065 = CARTESIAN_POINT('',(137.41666772812,174.49999999705,50.3));
#9066 = VECTOR('',#9067,1.);
#9067 = DIRECTION('',(-1.,-2.550461E-11,0.));
#9068 = ORIENTED_EDGE('',*,*,#9069,.F.);
#9069 = EDGE_CURVE('',#9070,#9062,#9072,.T.);
#9070 = VERTEX_POINT('',#9071);
#9071 = CARTESIAN_POINT('',(274.83335056216,174.50000000063,50.3));
#9072 = CIRCLE('',#9073,1.5);
#9073 = AXIS2_PLACEMENT_3D('',#9074,#9075,#9076);
#9074 = CARTESIAN_POINT('',(274.83333546065,176.00000000055,50.3));
#9075 = DIRECTION('',(0.,0.,-1.));
#9076 = DIRECTION('',(0.999999999949,1.006767339457E-05,0.));
#9077 = ORIENTED_EDGE('',*,*,#9078,.F.);
#9078 = EDGE_CURVE('',#9079,#9070,#9081,.T.);
#9079 = VERTEX_POINT('',#9080);
#9080 = CARTESIAN_POINT('',(277.23331891504,173.70001056451,50.3));
#9081 = CIRCLE('',#9082,3.999826507497);
#9082 = AXIS2_PLACEMENT_3D('',#9083,#9084,#9085);
#9083 = CARTESIAN_POINT('',(274.83339083111,170.50017349334,50.3));
#9084 = DIRECTION('',(0.,0.,1.));
#9085 = DIRECTION('',(-1.006767330689E-05,0.999999999949,0.));
#9086 = ORIENTED_EDGE('',*,*,#9087,.F.);
#9087 = EDGE_CURVE('',#9088,#9079,#9090,.T.);
#9088 = VERTEX_POINT('',#9089);
#9089 = CARTESIAN_POINT('',(277.23333106057,173.70000145526,50.3));
#9090 = CIRCLE('',#9091,1.5);
#9091 = AXIS2_PLACEMENT_3D('',#9092,#9093,#9094);
#9092 = CARTESIAN_POINT('',(278.13333098285,174.90000151355,50.3));
#9093 = DIRECTION('',(0.,-0.,-1.));
#9094 = DIRECTION('',(0.80000003886,-0.599999948187,0.));
#9095 = ORIENTED_EDGE('',*,*,#9096,.F.);
#9096 = EDGE_CURVE('',#9097,#9088,#9099,.T.);
#9097 = VERTEX_POINT('',#9098);
#9098 = CARTESIAN_POINT('',(281.76666702367,170.2999999417,50.3));
#9099 = LINE('',#9100,#9101);
#9100 = CARTESIAN_POINT('',(232.47332325846,207.27000277727,50.3));
#9101 = VECTOR('',#9102,1.);
#9102 = DIRECTION('',(-0.80000003886,0.599999948187,0.));
#9103 = ORIENTED_EDGE('',*,*,#9104,.F.);
#9104 = EDGE_CURVE('',#9105,#9097,#9107,.T.);
#9105 = VERTEX_POINT('',#9106);
#9106 = CARTESIAN_POINT('',(282.66666694595,169.99999999999,50.3));
#9107 = CIRCLE('',#9108,1.5);
#9108 = AXIS2_PLACEMENT_3D('',#9109,#9110,#9111);
#9109 = CARTESIAN_POINT('',(282.66666694595,171.49999999999,50.3));
#9110 = DIRECTION('',(0.,0.,-1.));
#9111 = DIRECTION('',(1.,3.3447E-13,0.));
#9112 = ORIENTED_EDGE('',*,*,#9113,.F.);
#9113 = EDGE_CURVE('',#9114,#9105,#9116,.T.);
#9114 = VERTEX_POINT('',#9115);
#9115 = CARTESIAN_POINT('',(295.09428076278,170.,50.3));
#9116 = LINE('',#9117,#9118);
#9117 = CARTESIAN_POINT('',(147.54714038136,169.99999999995,50.3));
#9118 = VECTOR('',#9119,1.);
#9119 = DIRECTION('',(-1.,-3.3447E-13,0.));
#9120 = ORIENTED_EDGE('',*,*,#9121,.F.);
#9121 = EDGE_CURVE('',#9122,#9114,#9124,.T.);
#9122 = VERTEX_POINT('',#9123);
#9123 = CARTESIAN_POINT('',(295.09430895272,170.00000000026,50.3));
#9124 = CIRCLE('',#9125,1.5);
#9125 = AXIS2_PLACEMENT_3D('',#9126,#9127,#9128);
#9126 = CARTESIAN_POINT('',(295.09428076278,171.5,50.3));
#9127 = DIRECTION('',(0.,0.,-1.));
#9128 = DIRECTION('',(0.999999999823,1.879329642799E-05,0.));
#9129 = ORIENTED_EDGE('',*,*,#9130,.F.);
#9130 = EDGE_CURVE('',#9131,#9122,#9133,.T.);
#9131 = VERTEX_POINT('',#9132);
#9132 = CARTESIAN_POINT('',(296.65290666952,169.68386201886,50.3));
#9133 = CIRCLE('',#9134,3.999734139991);
#9134 = AXIS2_PLACEMENT_3D('',#9135,#9136,#9137);
#9135 = CARTESIAN_POINT('',(295.09438412091,166.00026586098,50.3));
#9136 = DIRECTION('',(0.,0.,1.));
#9137 = DIRECTION('',(-1.879329642379E-05,0.999999999823,0.));
#9138 = ORIENTED_EDGE('',*,*,#9139,.F.);
#9139 = EDGE_CURVE('',#9140,#9131,#9142,.T.);
#9140 = VERTEX_POINT('',#9141);
#9141 = CARTESIAN_POINT('',(296.65293142421,169.68385154546,50.3));
#9142 = CIRCLE('',#9143,1.5);
#9143 = AXIS2_PLACEMENT_3D('',#9144,#9145,#9146);
#9144 = CARTESIAN_POINT('',(297.23739147307,171.06530239558,50.3));
#9145 = DIRECTION('',(0.,-0.,-1.));
#9146 = DIRECTION('',(0.920967233412,-0.38964003257,0.));
#9147 = ORIENTED_EDGE('',*,*,#9148,.F.);
#9148 = EDGE_CURVE('',#9149,#9140,#9151,.T.);
#9149 = VERTEX_POINT('',#9150);
#9150 = CARTESIAN_POINT('',(308.59355581683,164.63204827988,50.3));
#9151 = LINE('',#9152,#9153);
#9152 = CARTESIAN_POINT('',(207.26076674213,207.50361830213,50.3));
#9153 = VECTOR('',#9154,1.);
#9154 = DIRECTION('',(-0.920967233412,0.38964003257,0.));
#9155 = ORIENTED_EDGE('',*,*,#9156,.F.);
#9156 = EDGE_CURVE('',#9157,#9149,#9159,.T.);
#9157 = VERTEX_POINT('',#9158);
#9158 = CARTESIAN_POINT('',(309.2064804859,164.51376923252,50.3));
#9159 = CIRCLE('',#9160,1.5);
#9160 = AXIS2_PLACEMENT_3D('',#9161,#9162,#9163);
#9161 = CARTESIAN_POINT('',(309.17801586569,166.01349913,50.3));
#9162 = DIRECTION('',(0.,0.,-1.));
#9163 = DIRECTION('',(0.999819931654,1.897641347271E-02,0.));
#9164 = ORIENTED_EDGE('',*,*,#9165,.T.);
#9165 = EDGE_CURVE('',#9157,#9166,#9168,.T.);
#9166 = VERTEX_POINT('',#9167);
#9167 = CARTESIAN_POINT('',(357.6115943461,165.43249011988,50.3));
#9168 = LINE('',#9169,#9170);
#9169 = CARTESIAN_POINT('',(165.19953241725,161.78054167526,50.3));
#9170 = VECTOR('',#9171,1.);
#9171 = DIRECTION('',(0.999819931654,1.897641347271E-02,0.));
#9172 = ORIENTED_EDGE('',*,*,#9173,.T.);
#9173 = EDGE_CURVE('',#9166,#9174,#9176,.T.);
#9174 = VERTEX_POINT('',#9175);
#9175 = CARTESIAN_POINT('',(361.6875,161.43321039326,50.3));
#9176 = CIRCLE('',#9177,4.);
#9177 = AXIS2_PLACEMENT_3D('',#9178,#9179,#9180);
#9178 = CARTESIAN_POINT('',(357.6875,161.43321039326,50.3));
#9179 = DIRECTION('',(-0.,0.,-1.));
#9180 = DIRECTION('',(-0.999819931654,-1.897641347271E-02,0.));
#9181 = ORIENTED_EDGE('',*,*,#9182,.T.);
#9182 = EDGE_CURVE('',#9174,#1945,#9183,.T.);
#9183 = LINE('',#9184,#9185);
#9184 = CARTESIAN_POINT('',(361.6875,65.031508659526,50.3));
#9185 = VECTOR('',#9186,1.);
#9186 = DIRECTION('',(0.,-1.,0.));
#9187 = ORIENTED_EDGE('',*,*,#1944,.T.);
#9188 = ORIENTED_EDGE('',*,*,#9189,.F.);
#9189 = EDGE_CURVE('',#9190,#1937,#9192,.T.);
#9190 = VERTEX_POINT('',#9191);
#9191 = CARTESIAN_POINT('',(363.1875,161.43321039326,50.3));
#9192 = LINE('',#9193,#9194);
#9193 = CARTESIAN_POINT('',(363.1875,65.031508659526,50.3));
#9194 = VECTOR('',#9195,1.);
#9195 = DIRECTION('',(0.,-1.,0.));
#9196 = ORIENTED_EDGE('',*,*,#9197,.F.);
#9197 = EDGE_CURVE('',#9198,#9190,#9200,.T.);
#9198 = VERTEX_POINT('',#9199);
#9199 = CARTESIAN_POINT('',(357.5831297259,166.93222001736,50.3));
#9200 = CIRCLE('',#9201,5.5);
#9201 = AXIS2_PLACEMENT_3D('',#9202,#9203,#9204);
#9202 = CARTESIAN_POINT('',(357.6875,161.43321039326,50.3));
#9203 = DIRECTION('',(0.,0.,-1.));
#9204 = DIRECTION('',(-0.999819931654,-1.897641347271E-02,-0.));
#9205 = ORIENTED_EDGE('',*,*,#9206,.F.);
#9206 = EDGE_CURVE('',#9207,#9198,#9209,.T.);
#9207 = VERTEX_POINT('',#9208);
#9208 = CARTESIAN_POINT('',(309.17801586569,166.01349913,50.3));
#9209 = LINE('',#9210,#9211);
#9210 = CARTESIAN_POINT('',(165.17106779704,163.28027157274,50.3));
#9211 = VECTOR('',#9212,1.);
#9212 = DIRECTION('',(0.999819931654,1.897641347271E-02,0.));
#9213 = ORIENTED_EDGE('',*,*,#9214,.T.);
#9214 = EDGE_CURVE('',#9207,#9215,#9217,.T.);
#9215 = VERTEX_POINT('',#9216);
#9216 = CARTESIAN_POINT('',(297.23739147307,171.06530239558,50.3));
#9217 = LINE('',#9218,#9219);
#9218 = CARTESIAN_POINT('',(207.84522679098,208.88506915225,50.3));
#9219 = VECTOR('',#9220,1.);
#9220 = DIRECTION('',(-0.920967233412,0.38964003257,0.));
#9221 = ORIENTED_EDGE('',*,*,#9222,.T.);
#9222 = EDGE_CURVE('',#9215,#9223,#9225,.T.);
#9223 = VERTEX_POINT('',#9224);
#9224 = CARTESIAN_POINT('',(295.09428076278,171.5,50.3));
#9225 = CIRCLE('',#9226,5.499734139991);
#9226 = AXIS2_PLACEMENT_3D('',#9227,#9228,#9229);
#9227 = CARTESIAN_POINT('',(295.09438412091,166.00026586098,50.3));
#9228 = DIRECTION('',(0.,0.,1.));
#9229 = DIRECTION('',(-1.879329642379E-05,0.999999999823,0.));
#9230 = ORIENTED_EDGE('',*,*,#9231,.T.);
#9231 = EDGE_CURVE('',#9223,#9232,#9234,.T.);
#9232 = VERTEX_POINT('',#9233);
#9233 = CARTESIAN_POINT('',(282.66666694595,171.49999999999,50.3));
#9234 = LINE('',#9235,#9236);
#9235 = CARTESIAN_POINT('',(147.54714038136,171.49999999995,50.3));
#9236 = VECTOR('',#9237,1.);
#9237 = DIRECTION('',(-1.,-3.3447E-13,0.));
#9238 = ORIENTED_EDGE('',*,*,#9239,.T.);
#9239 = EDGE_CURVE('',#9232,#9240,#9242,.T.);
#9240 = VERTEX_POINT('',#9241);
#9241 = CARTESIAN_POINT('',(278.13333098285,174.90000151355,50.3));
#9242 = LINE('',#9243,#9244);
#9243 = CARTESIAN_POINT('',(233.37332318074,208.47000283556,50.3));
#9244 = VECTOR('',#9245,1.);
#9245 = DIRECTION('',(-0.80000003886,0.599999948187,0.));
#9246 = ORIENTED_EDGE('',*,*,#9247,.T.);
#9247 = EDGE_CURVE('',#9240,#9248,#9250,.T.);
#9248 = VERTEX_POINT('',#9249);
#9249 = CARTESIAN_POINT('',(274.83333546065,176.00000000055,50.3));
#9250 = CIRCLE('',#9251,5.499826507497);
#9251 = AXIS2_PLACEMENT_3D('',#9252,#9253,#9254);
#9252 = CARTESIAN_POINT('',(274.83339083111,170.50017349334,50.3));
#9253 = DIRECTION('',(0.,0.,1.));
#9254 = DIRECTION('',(-1.006767330689E-05,0.999999999949,0.));
#9255 = ORIENTED_EDGE('',*,*,#9256,.T.);
#9256 = EDGE_CURVE('',#9248,#9257,#9259,.T.);
#9257 = VERTEX_POINT('',#9258);
#9258 = CARTESIAN_POINT('',(252.84810104401,175.99999999999,50.3));
#9259 = LINE('',#9260,#9261);
#9260 = CARTESIAN_POINT('',(137.41666772808,175.99999999705,50.3));
#9261 = VECTOR('',#9262,1.);
#9262 = DIRECTION('',(-1.,-2.550461E-11,0.));
#9263 = ORIENTED_EDGE('',*,*,#9264,.T.);
#9264 = EDGE_CURVE('',#9257,#9265,#9267,.T.);
#9265 = VERTEX_POINT('',#9266);
#9266 = CARTESIAN_POINT('',(250.98984343384,175.67657037331,50.3));
#9267 = CIRCLE('',#9268,5.499993937507);
#9268 = AXIS2_PLACEMENT_3D('',#9269,#9270,#9271);
#9269 = CARTESIAN_POINT('',(252.84809940342,170.50000606248,50.3));
#9270 = DIRECTION('',(0.,0.,1.));
#9271 = DIRECTION('',(-0.33786509416,0.941194548512,0.));
#9272 = ORIENTED_EDGE('',*,*,#9273,.T.);
#9273 = EDGE_CURVE('',#9265,#9274,#9276,.T.);
#9274 = VERTEX_POINT('',#9275);
#9275 = CARTESIAN_POINT('',(232.39082469637,169.,50.3));
#9276 = LINE('',#9277,#9278);
#9277 = CARTESIAN_POINT('',(111.88822427748,125.74265921116,50.3));
#9278 = VECTOR('',#9279,1.);
#9279 = DIRECTION('',(-0.941194678092,-0.337864733187,0.));
#9280 = ORIENTED_EDGE('',*,*,#9281,.T.);
#9281 = EDGE_CURVE('',#9274,#8690,#9282,.T.);
#9282 = LINE('',#9283,#9284);
#9283 = CARTESIAN_POINT('',(116.19541234818,168.99999999999,50.3));
#9284 = VECTOR('',#9285,1.);
#9285 = DIRECTION('',(-1.,-2.71E-14,0.));
#9286 = PLANE('',#9287);
#9287 = AXIS2_PLACEMENT_3D('',#9288,#9289,#9290);
#9288 = CARTESIAN_POINT('',(0.,0.,50.3));
#9289 = DIRECTION('',(0.,0.,1.));
#9290 = DIRECTION('',(1.,0.,0.));
#9291 = ADVANCED_FACE('',(#9292),#9303,.F.);
#9292 = FACE_BOUND('',#9293,.F.);
#9293 = EDGE_LOOP('',(#9294,#9295,#9296,#9302));
#9294 = ORIENTED_EDGE('',*,*,#1797,.T.);
#9295 = ORIENTED_EDGE('',*,*,#8801,.T.);
#9296 = ORIENTED_EDGE('',*,*,#9297,.T.);
#9297 = EDGE_CURVE('',#8793,#1853,#9298,.T.);
#9298 = LINE('',#9299,#9300);
#9299 = CARTESIAN_POINT('',(363.1875,98.692824244835,-60.));
#9300 = VECTOR('',#9301,1.);
#9301 = DIRECTION('',(0.,0.,1.));
#9302 = ORIENTED_EDGE('',*,*,#1852,.F.);
#9303 = PLANE('',#9304);
#9304 = AXIS2_PLACEMENT_3D('',#9305,#9306,#9307);
#9305 = CARTESIAN_POINT('',(363.1875,98.692824244835,-60.));
#9306 = DIRECTION('',(-1.,0.,0.));
#9307 = DIRECTION('',(0.,1.,0.));
#9308 = ADVANCED_FACE('',(#9309),#9320,.T.);
#9309 = FACE_BOUND('',#9310,.T.);
#9310 = EDGE_LOOP('',(#9311,#9317,#9318,#9319));
#9311 = ORIENTED_EDGE('',*,*,#9312,.F.);
#9312 = EDGE_CURVE('',#8785,#1903,#9313,.T.);
#9313 = LINE('',#9314,#9315);
#9314 = CARTESIAN_POINT('',(362.07100722802,95.370947609284,-60.));
#9315 = VECTOR('',#9316,1.);
#9316 = DIRECTION('',(0.,0.,1.));
#9317 = ORIENTED_EDGE('',*,*,#8792,.F.);
#9318 = ORIENTED_EDGE('',*,*,#9297,.T.);
#9319 = ORIENTED_EDGE('',*,*,#1911,.T.);
#9320 = CYLINDRICAL_SURFACE('',#9321,5.5);
#9321 = AXIS2_PLACEMENT_3D('',#9322,#9323,#9324);
#9322 = CARTESIAN_POINT('',(357.6875,98.692824244835,-60.));
#9323 = DIRECTION('',(0.,0.,-1.));
#9324 = DIRECTION('',(0.,1.,0.));
#9325 = ADVANCED_FACE('',(#9326),#9343,.T.);
#9326 = FACE_BOUND('',#9327,.T.);
#9327 = EDGE_LOOP('',(#9328,#9329,#9336,#9342));
#9328 = ORIENTED_EDGE('',*,*,#7309,.F.);
#9329 = ORIENTED_EDGE('',*,*,#9330,.T.);
#9330 = EDGE_CURVE('',#7301,#9331,#9333,.T.);
#9331 = VERTEX_POINT('',#9332);
#9332 = CARTESIAN_POINT('',(361.6875,161.43321039326,49.81));
#9333 = B_SPLINE_CURVE_WITH_KNOTS('',1,(#9334,#9335),.UNSPECIFIED.,.F.,
  .F.,(2,2),(0.,1.),.PIECEWISE_BEZIER_KNOTS.);
#9334 = CARTESIAN_POINT('',(361.3875,161.43321039326,49.51));
#9335 = CARTESIAN_POINT('',(361.6875,161.43321039326,49.81));
#9336 = ORIENTED_EDGE('',*,*,#9337,.T.);
#9337 = EDGE_CURVE('',#9331,#1953,#9338,.T.);
#9338 = LINE('',#9339,#9340);
#9339 = CARTESIAN_POINT('',(361.6875,64.838081993023,49.81));
#9340 = VECTOR('',#9341,1.);
#9341 = DIRECTION('',(0.,-1.,0.));
#9342 = ORIENTED_EDGE('',*,*,#1960,.T.);
#9343 = PLANE('',#9344);
#9344 = AXIS2_PLACEMENT_3D('',#9345,#9346,#9347);
#9345 = CARTESIAN_POINT('',(361.6875,64.838081993023,49.81));
#9346 = DIRECTION('',(0.707106781187,0.,-0.707106781187));
#9347 = DIRECTION('',(0.,1.,0.));
#9348 = ADVANCED_FACE('',(#9349),#9360,.T.);
#9349 = FACE_BOUND('',#9350,.T.);
#9350 = EDGE_LOOP('',(#9351,#9352,#9358,#9359));
#9351 = ORIENTED_EDGE('',*,*,#9337,.F.);
#9352 = ORIENTED_EDGE('',*,*,#9353,.T.);
#9353 = EDGE_CURVE('',#9331,#9174,#9354,.T.);
#9354 = LINE('',#9355,#9356);
#9355 = CARTESIAN_POINT('',(361.6875,161.43321039326,49.2));
#9356 = VECTOR('',#9357,1.);
#9357 = DIRECTION('',(0.,0.,1.));
#9358 = ORIENTED_EDGE('',*,*,#9182,.T.);
#9359 = ORIENTED_EDGE('',*,*,#1952,.T.);
#9360 = PLANE('',#9361);
#9361 = AXIS2_PLACEMENT_3D('',#9362,#9363,#9364);
#9362 = CARTESIAN_POINT('',(361.6875,161.43321039326,49.2));
#9363 = DIRECTION('',(1.,0.,0.));
#9364 = DIRECTION('',(0.,-1.,0.));
#9365 = ADVANCED_FACE('',(#9366),#9377,.F.);
#9366 = FACE_BOUND('',#9367,.F.);
#9367 = EDGE_LOOP('',(#9368,#9374,#9375,#9376));
#9368 = ORIENTED_EDGE('',*,*,#9369,.F.);
#9369 = EDGE_CURVE('',#9190,#2010,#9370,.T.);
#9370 = LINE('',#9371,#9372);
#9371 = CARTESIAN_POINT('',(363.1875,161.43321039326,-60.));
#9372 = VECTOR('',#9373,1.);
#9373 = DIRECTION('',(0.,0.,1.));
#9374 = ORIENTED_EDGE('',*,*,#9189,.T.);
#9375 = ORIENTED_EDGE('',*,*,#1936,.F.);
#9376 = ORIENTED_EDGE('',*,*,#2009,.T.);
#9377 = PLANE('',#9378);
#9378 = AXIS2_PLACEMENT_3D('',#9379,#9380,#9381);
#9379 = CARTESIAN_POINT('',(363.1875,98.692824244835,-60.));
#9380 = DIRECTION('',(-1.,0.,0.));
#9381 = DIRECTION('',(0.,1.,0.));
#9382 = ADVANCED_FACE('',(#9383),#9394,.F.);
#9383 = FACE_BOUND('',#9384,.F.);
#9384 = EDGE_LOOP('',(#9385,#9386,#9387,#9393));
#9385 = ORIENTED_EDGE('',*,*,#9312,.F.);
#9386 = ORIENTED_EDGE('',*,*,#8784,.T.);
#9387 = ORIENTED_EDGE('',*,*,#9388,.F.);
#9388 = EDGE_CURVE('',#1985,#8776,#9389,.T.);
#9389 = LINE('',#9390,#9391);
#9390 = CARTESIAN_POINT('',(346.21897659965,74.452804504648,51.5));
#9391 = VECTOR('',#9392,1.);
#9392 = DIRECTION('',(0.,0.,-1.));
#9393 = ORIENTED_EDGE('',*,*,#1984,.F.);
#9394 = PLANE('',#9395);
#9395 = AXIS2_PLACEMENT_3D('',#9396,#9397,#9398);
#9396 = CARTESIAN_POINT('',(346.21897659965,74.452804504648,51.5));
#9397 = DIRECTION('',(-0.797001314187,0.6039775701,0.));
#9398 = DIRECTION('',(0.6039775701,0.797001314187,0.));
#9399 = ADVANCED_FACE('',(#9400),#9411,.T.);
#9400 = FACE_BOUND('',#9401,.T.);
#9401 = EDGE_LOOP('',(#9402,#9408,#9409,#9410));
#9402 = ORIENTED_EDGE('',*,*,#9403,.T.);
#9403 = EDGE_CURVE('',#2036,#8768,#9404,.T.);
#9404 = LINE('',#9405,#9406);
#9405 = CARTESIAN_POINT('',(343.13811250943,72.431168955106,51.5));
#9406 = VECTOR('',#9407,1.);
#9407 = DIRECTION('',(0.,0.,-1.));
#9408 = ORIENTED_EDGE('',*,*,#8775,.T.);
#9409 = ORIENTED_EDGE('',*,*,#9388,.F.);
#9410 = ORIENTED_EDGE('',*,*,#2044,.T.);
#9411 = CYLINDRICAL_SURFACE('',#9412,5.499994067197);
#9412 = AXIS2_PLACEMENT_3D('',#9413,#9414,#9415);
#9413 = CARTESIAN_POINT('',(341.83547268547,77.774675690221,51.5));
#9414 = DIRECTION('',(0.,0.,1.));
#9415 = DIRECTION('',(0.797001571389,-0.6039772307,0.));
#9416 = ADVANCED_FACE('',(#9417),#9428,.T.);
#9417 = FACE_BOUND('',#9418,.T.);
#9418 = EDGE_LOOP('',(#9419,#9420,#9421,#9427));
#9419 = ORIENTED_EDGE('',*,*,#9369,.F.);
#9420 = ORIENTED_EDGE('',*,*,#9197,.F.);
#9421 = ORIENTED_EDGE('',*,*,#9422,.T.);
#9422 = EDGE_CURVE('',#9198,#2062,#9423,.T.);
#9423 = LINE('',#9424,#9425);
#9424 = CARTESIAN_POINT('',(357.5831297259,166.93222001736,-60.));
#9425 = VECTOR('',#9426,1.);
#9426 = DIRECTION('',(0.,0.,1.));
#9427 = ORIENTED_EDGE('',*,*,#2070,.F.);
#9428 = CYLINDRICAL_SURFACE('',#9429,5.5);
#9429 = AXIS2_PLACEMENT_3D('',#9430,#9431,#9432);
#9430 = CARTESIAN_POINT('',(357.6875,161.43321039326,-60.));
#9431 = DIRECTION('',(0.,0.,-1.));
#9432 = DIRECTION('',(-0.999819931654,-1.897641347271E-02,0.));
#9433 = ADVANCED_FACE('',(#9434),#9445,.F.);
#9434 = FACE_BOUND('',#9435,.F.);
#9435 = EDGE_LOOP('',(#9436,#9437,#9438,#9444));
#9436 = ORIENTED_EDGE('',*,*,#9403,.T.);
#9437 = ORIENTED_EDGE('',*,*,#8767,.F.);
#9438 = ORIENTED_EDGE('',*,*,#9439,.F.);
#9439 = EDGE_CURVE('',#2087,#8759,#9440,.T.);
#9440 = LINE('',#9441,#9442);
#9441 = CARTESIAN_POINT('',(243.80868693383,48.216532519987,51.5));
#9442 = VECTOR('',#9443,1.);
#9443 = DIRECTION('',(0.,0.,-1.));
#9444 = ORIENTED_EDGE('',*,*,#2086,.F.);
#9445 = PLANE('',#9446);
#9446 = AXIS2_PLACEMENT_3D('',#9447,#9448,#9449);
#9447 = CARTESIAN_POINT('',(243.80868693383,48.216532519987,51.5));
#9448 = DIRECTION('',(-0.236844909348,0.971547471262,0.));
#9449 = DIRECTION('',(0.971547471262,0.236844909348,0.));
#9450 = ADVANCED_FACE('',(#9451),#9462,.F.);
#9451 = FACE_BOUND('',#9452,.F.);
#9452 = EDGE_LOOP('',(#9453,#9454,#9455,#9461));
#9453 = ORIENTED_EDGE('',*,*,#9422,.T.);
#9454 = ORIENTED_EDGE('',*,*,#2111,.T.);
#9455 = ORIENTED_EDGE('',*,*,#9456,.T.);
#9456 = EDGE_CURVE('',#2112,#9207,#9457,.T.);
#9457 = LINE('',#9458,#9459);
#9458 = CARTESIAN_POINT('',(309.17801586569,166.01349913,51.5));
#9459 = VECTOR('',#9460,1.);
#9460 = DIRECTION('',(0.,0.,-1.));
#9461 = ORIENTED_EDGE('',*,*,#9206,.T.);
#9462 = PLANE('',#9463);
#9463 = AXIS2_PLACEMENT_3D('',#9464,#9465,#9466);
#9464 = CARTESIAN_POINT('',(359.08312955284,166.96068976078,51.5));
#9465 = DIRECTION('',(1.897641347271E-02,-0.999819931654,-0.));
#9466 = DIRECTION('',(-0.999819931654,-1.897641347271E-02,0.));
#9467 = ADVANCED_FACE('',(#9468),#9479,.T.);
#9468 = FACE_BOUND('',#9469,.T.);
#9469 = EDGE_LOOP('',(#9470,#9476,#9477,#9478));
#9470 = ORIENTED_EDGE('',*,*,#9471,.T.);
#9471 = EDGE_CURVE('',#2138,#8751,#9472,.T.);
#9472 = LINE('',#9473,#9474);
#9473 = CARTESIAN_POINT('',(241.17208851746,48.224259946964,51.5));
#9474 = VECTOR('',#9475,1.);
#9475 = DIRECTION('',(0.,0.,-1.));
#9476 = ORIENTED_EDGE('',*,*,#8758,.T.);
#9477 = ORIENTED_EDGE('',*,*,#9439,.F.);
#9478 = ORIENTED_EDGE('',*,*,#2146,.T.);
#9479 = CYLINDRICAL_SURFACE('',#9480,5.500347382859);
#9480 = AXIS2_PLACEMENT_3D('',#9481,#9482,#9483);
#9481 = CARTESIAN_POINT('',(242.5060383818,53.560400789509,51.5));
#9482 = DIRECTION('',(0.,0.,1.));
#9483 = DIRECTION('',(0.236830232959,-0.971551048971,0.));
#9484 = ADVANCED_FACE('',(#9485),#9496,.F.);
#9485 = FACE_BOUND('',#9486,.F.);
#9486 = EDGE_LOOP('',(#9487,#9493,#9494,#9495));
#9487 = ORIENTED_EDGE('',*,*,#9488,.T.);
#9488 = EDGE_CURVE('',#2162,#9215,#9489,.T.);
#9489 = LINE('',#9490,#9491);
#9490 = CARTESIAN_POINT('',(297.23739239004,171.06530200785,51.5));
#9491 = VECTOR('',#9492,1.);
#9492 = DIRECTION('',(0.,0.,-1.));
#9493 = ORIENTED_EDGE('',*,*,#9214,.F.);
#9494 = ORIENTED_EDGE('',*,*,#9456,.F.);
#9495 = ORIENTED_EDGE('',*,*,#2170,.F.);
#9496 = PLANE('',#9497);
#9497 = AXIS2_PLACEMENT_3D('',#9498,#9499,#9500);
#9498 = CARTESIAN_POINT('',(309.17801586569,166.01349913,51.5));
#9499 = DIRECTION('',(-0.389640032584,-0.920967233406,0.));
#9500 = DIRECTION('',(-0.920967233406,0.389640032584,0.));
#9501 = ADVANCED_FACE('',(#9502),#9513,.F.);
#9502 = FACE_BOUND('',#9503,.F.);
#9503 = EDGE_LOOP('',(#9504,#9505,#9506,#9512));
#9504 = ORIENTED_EDGE('',*,*,#9471,.T.);
#9505 = ORIENTED_EDGE('',*,*,#8750,.F.);
#9506 = ORIENTED_EDGE('',*,*,#9507,.F.);
#9507 = EDGE_CURVE('',#2188,#8743,#9508,.T.);
#9508 = LINE('',#9509,#9510);
#9509 = CARTESIAN_POINT('',(229.52060647319,51.137130693201,51.5));
#9510 = VECTOR('',#9511,1.);
#9511 = DIRECTION('',(0.,0.,-1.));
#9512 = ORIENTED_EDGE('',*,*,#2187,.F.);
#9513 = PLANE('',#9514);
#9514 = AXIS2_PLACEMENT_3D('',#9515,#9516,#9517);
#9515 = CARTESIAN_POINT('',(229.52060647319,51.137130693201,51.5));
#9516 = DIRECTION('',(0.242535643466,0.970142495538,0.));
#9517 = DIRECTION('',(0.970142495538,-0.242535643466,-0.));
#9518 = ADVANCED_FACE('',(#9519),#9530,.T.);
#9519 = FACE_BOUND('',#9520,.T.);
#9520 = EDGE_LOOP('',(#9521,#9522,#9523,#9529));
#9521 = ORIENTED_EDGE('',*,*,#9488,.T.);
#9522 = ORIENTED_EDGE('',*,*,#9222,.T.);
#9523 = ORIENTED_EDGE('',*,*,#9524,.F.);
#9524 = EDGE_CURVE('',#2212,#9223,#9525,.T.);
#9525 = LINE('',#9526,#9527);
#9526 = CARTESIAN_POINT('',(295.09427971865,171.5,51.5));
#9527 = VECTOR('',#9528,1.);
#9528 = DIRECTION('',(0.,0.,-1.));
#9529 = ORIENTED_EDGE('',*,*,#2222,.T.);
#9530 = CYLINDRICAL_SURFACE('',#9531,5.499734140011);
#9531 = AXIS2_PLACEMENT_3D('',#9532,#9533,#9534);
#9532 = CARTESIAN_POINT('',(295.09438412091,166.00026586098,51.5));
#9533 = DIRECTION('',(0.,0.,1.));
#9534 = DIRECTION('',(-1.89831480979E-05,0.99999999982,0.));
#9535 = ADVANCED_FACE('',(#9536),#9547,.F.);
#9536 = FACE_BOUND('',#9537,.F.);
#9537 = EDGE_LOOP('',(#9538,#9539,#9540,#9546));
#9538 = ORIENTED_EDGE('',*,*,#9507,.T.);
#9539 = ORIENTED_EDGE('',*,*,#8742,.F.);
#9540 = ORIENTED_EDGE('',*,*,#9541,.F.);
#9541 = EDGE_CURVE('',#2239,#8734,#9542,.T.);
#9542 = LINE('',#9543,#9544);
#9543 = CARTESIAN_POINT('',(221.48263432459,43.473028126058,51.5));
#9544 = VECTOR('',#9545,1.);
#9545 = DIRECTION('',(0.,0.,-1.));
#9546 = ORIENTED_EDGE('',*,*,#2238,.F.);
#9547 = PLANE('',#9548);
#9548 = AXIS2_PLACEMENT_3D('',#9549,#9550,#9551);
#9549 = CARTESIAN_POINT('',(221.48263432459,43.473028126058,51.5));
#9550 = DIRECTION('',(-0.690074842528,0.723738013172,0.));
#9551 = DIRECTION('',(0.723738013172,0.690074842528,0.));
#9552 = ADVANCED_FACE('',(#9553),#9564,.F.);
#9553 = FACE_BOUND('',#9554,.F.);
#9554 = EDGE_LOOP('',(#9555,#9561,#9562,#9563));
#9555 = ORIENTED_EDGE('',*,*,#9556,.T.);
#9556 = EDGE_CURVE('',#2263,#9232,#9557,.T.);
#9557 = LINE('',#9558,#9559);
#9558 = CARTESIAN_POINT('',(282.66666694595,171.49999999999,51.5));
#9559 = VECTOR('',#9560,1.);
#9560 = DIRECTION('',(0.,0.,-1.));
#9561 = ORIENTED_EDGE('',*,*,#9231,.F.);
#9562 = ORIENTED_EDGE('',*,*,#9524,.F.);
#9563 = ORIENTED_EDGE('',*,*,#2271,.F.);
#9564 = PLANE('',#9565);
#9565 = AXIS2_PLACEMENT_3D('',#9566,#9567,#9568);
#9566 = CARTESIAN_POINT('',(295.09427971865,171.5,51.5));
#9567 = DIRECTION('',(3.3347E-13,-1.,-0.));
#9568 = DIRECTION('',(-1.,-3.3347E-13,0.));
#9569 = ADVANCED_FACE('',(#9570),#9581,.T.);
#9570 = FACE_BOUND('',#9571,.T.);
#9571 = EDGE_LOOP('',(#9572,#9578,#9579,#9580));
#9572 = ORIENTED_EDGE('',*,*,#9573,.T.);
#9573 = EDGE_CURVE('',#2290,#8726,#9574,.T.);
#9574 = LINE('',#9575,#9576);
#9575 = CARTESIAN_POINT('',(213.77098913411,43.591743393436,51.5));
#9576 = VECTOR('',#9577,1.);
#9577 = DIRECTION('',(0.,0.,-1.));
#9578 = ORIENTED_EDGE('',*,*,#8733,.T.);
#9579 = ORIENTED_EDGE('',*,*,#9541,.F.);
#9580 = ORIENTED_EDGE('',*,*,#2298,.T.);
#9581 = CYLINDRICAL_SURFACE('',#9582,5.499925802067);
#9582 = AXIS2_PLACEMENT_3D('',#9583,#9584,#9585);
#9583 = CARTESIAN_POINT('',(217.68717352366,47.453437795531,51.5));
#9584 = DIRECTION('',(0.,0.,1.));
#9585 = DIRECTION('',(0.690093091711,-0.723720612372,0.));
#9586 = ADVANCED_FACE('',(#9587),#9598,.F.);
#9587 = FACE_BOUND('',#9588,.F.);
#9588 = EDGE_LOOP('',(#9589,#9595,#9596,#9597));
#9589 = ORIENTED_EDGE('',*,*,#9590,.T.);
#9590 = EDGE_CURVE('',#2314,#9240,#9591,.T.);
#9591 = LINE('',#9592,#9593);
#9592 = CARTESIAN_POINT('',(278.1333314327,174.90000117616,51.5));
#9593 = VECTOR('',#9594,1.);
#9594 = DIRECTION('',(0.,0.,-1.));
#9595 = ORIENTED_EDGE('',*,*,#9239,.F.);
#9596 = ORIENTED_EDGE('',*,*,#9556,.F.);
#9597 = ORIENTED_EDGE('',*,*,#2322,.F.);
#9598 = PLANE('',#9599);
#9599 = AXIS2_PLACEMENT_3D('',#9600,#9601,#9602);
#9600 = CARTESIAN_POINT('',(282.66666694595,171.49999999999,51.5));
#9601 = DIRECTION('',(-0.599999948186,-0.80000003886,0.));
#9602 = DIRECTION('',(-0.80000003886,0.599999948186,0.));
#9603 = ADVANCED_FACE('',(#9604),#9615,.F.);
#9604 = FACE_BOUND('',#9605,.F.);
#9605 = EDGE_LOOP('',(#9606,#9607,#9608,#9614));
#9606 = ORIENTED_EDGE('',*,*,#9573,.T.);
#9607 = ORIENTED_EDGE('',*,*,#8725,.F.);
#9608 = ORIENTED_EDGE('',*,*,#9609,.F.);
#9609 = EDGE_CURVE('',#2340,#8717,#9610,.T.);
#9610 = LINE('',#9611,#9612);
#9611 = CARTESIAN_POINT('',(181.04666104851,76.776978144197,51.5));
#9612 = VECTOR('',#9613,1.);
#9613 = DIRECTION('',(0.,0.,-1.));
#9614 = ORIENTED_EDGE('',*,*,#2339,.F.);
#9615 = PLANE('',#9616);
#9616 = AXIS2_PLACEMENT_3D('',#9617,#9618,#9619);
#9617 = CARTESIAN_POINT('',(181.04666104851,76.776978144197,51.5));
#9618 = DIRECTION('',(0.712034180791,0.702144803716,0.));
#9619 = DIRECTION('',(0.702144803716,-0.712034180791,-0.));
#9620 = ADVANCED_FACE('',(#9621),#9632,.T.);
#9621 = FACE_BOUND('',#9622,.T.);
#9622 = EDGE_LOOP('',(#9623,#9624,#9625,#9631));
#9623 = ORIENTED_EDGE('',*,*,#9590,.T.);
#9624 = ORIENTED_EDGE('',*,*,#9247,.T.);
#9625 = ORIENTED_EDGE('',*,*,#9626,.F.);
#9626 = EDGE_CURVE('',#2364,#9248,#9627,.T.);
#9627 = LINE('',#9628,#9629);
#9628 = CARTESIAN_POINT('',(274.83333546193,176.00000000055,51.5));
#9629 = VECTOR('',#9630,1.);
#9630 = DIRECTION('',(0.,0.,-1.));
#9631 = ORIENTED_EDGE('',*,*,#2374,.T.);
#9632 = CYLINDRICAL_SURFACE('',#9633,5.499826507497);
#9633 = AXIS2_PLACEMENT_3D('',#9634,#9635,#9636);
#9634 = CARTESIAN_POINT('',(274.83339083111,170.50017349333,51.5));
#9635 = DIRECTION('',(0.,0.,1.));
#9636 = DIRECTION('',(-1.006744072177E-05,0.999999999949,0.));
#9637 = ADVANCED_FACE('',(#9638),#9649,.T.);
#9638 = FACE_BOUND('',#9639,.T.);
#9639 = EDGE_LOOP('',(#9640,#9646,#9647,#9648));
#9640 = ORIENTED_EDGE('',*,*,#9641,.T.);
#9641 = EDGE_CURVE('',#2392,#8709,#9642,.T.);
#9642 = LINE('',#9643,#9644);
#9643 = CARTESIAN_POINT('',(181.07449549848,84.528646870979,51.5));
#9644 = VECTOR('',#9645,1.);
#9645 = DIRECTION('',(0.,0.,-1.));
#9646 = ORIENTED_EDGE('',*,*,#8716,.T.);
#9647 = ORIENTED_EDGE('',*,*,#9609,.F.);
#9648 = ORIENTED_EDGE('',*,*,#2400,.T.);
#9649 = CYLINDRICAL_SURFACE('',#9650,5.499981858872);
#9650 = AXIS2_PLACEMENT_3D('',#9651,#9652,#9653);
#9651 = CARTESIAN_POINT('',(184.96279795095,80.638800539042,51.5));
#9652 = DIRECTION('',(0.,0.,1.));
#9653 = DIRECTION('',(-0.712027239893,-0.702151842304,0.));
#9654 = ADVANCED_FACE('',(#9655),#9666,.F.);
#9655 = FACE_BOUND('',#9656,.F.);
#9656 = EDGE_LOOP('',(#9657,#9663,#9664,#9665));
#9657 = ORIENTED_EDGE('',*,*,#9658,.T.);
#9658 = EDGE_CURVE('',#2416,#9257,#9659,.T.);
#9659 = LINE('',#9660,#9661);
#9660 = CARTESIAN_POINT('',(252.84810104401,175.99999999999,51.5));
#9661 = VECTOR('',#9662,1.);
#9662 = DIRECTION('',(0.,0.,-1.));
#9663 = ORIENTED_EDGE('',*,*,#9256,.F.);
#9664 = ORIENTED_EDGE('',*,*,#9626,.F.);
#9665 = ORIENTED_EDGE('',*,*,#2424,.F.);
#9666 = PLANE('',#9667);
#9667 = AXIS2_PLACEMENT_3D('',#9668,#9669,#9670);
#9668 = CARTESIAN_POINT('',(274.83333546193,176.00000000055,51.5));
#9669 = DIRECTION('',(2.553108E-11,-1.,-0.));
#9670 = DIRECTION('',(-1.,-2.553108E-11,0.));
#9671 = ADVANCED_FACE('',(#9672),#9683,.F.);
#9672 = FACE_BOUND('',#9673,.F.);
#9673 = EDGE_LOOP('',(#9674,#9675,#9676,#9682));
#9674 = ORIENTED_EDGE('',*,*,#9641,.T.);
#9675 = ORIENTED_EDGE('',*,*,#8708,.F.);
#9676 = ORIENTED_EDGE('',*,*,#9677,.F.);
#9677 = EDGE_CURVE('',#2442,#8701,#9678,.T.);
#9678 = LINE('',#9679,#9680);
#9679 = CARTESIAN_POINT('',(191.5,94.95014143756,51.5));
#9680 = VECTOR('',#9681,1.);
#9681 = DIRECTION('',(0.,0.,-1.));
#9682 = ORIENTED_EDGE('',*,*,#2441,.F.);
#9683 = PLANE('',#9684);
#9684 = AXIS2_PLACEMENT_3D('',#9685,#9686,#9687);
#9685 = CARTESIAN_POINT('',(191.5,94.95014143756,51.5));
#9686 = DIRECTION('',(0.706970755621,-0.70724278059,-0.));
#9687 = DIRECTION('',(-0.70724278059,-0.706970755621,0.));
#9688 = ADVANCED_FACE('',(#9689),#9700,.T.);
#9689 = FACE_BOUND('',#9690,.T.);
#9690 = EDGE_LOOP('',(#9691,#9692,#9693,#9699));
#9691 = ORIENTED_EDGE('',*,*,#9658,.T.);
#9692 = ORIENTED_EDGE('',*,*,#9264,.T.);
#9693 = ORIENTED_EDGE('',*,*,#9694,.F.);
#9694 = EDGE_CURVE('',#2466,#9265,#9695,.T.);
#9695 = LINE('',#9696,#9697);
#9696 = CARTESIAN_POINT('',(250.98984343384,175.67657037331,51.5));
#9697 = VECTOR('',#9698,1.);
#9698 = DIRECTION('',(0.,0.,-1.));
#9699 = ORIENTED_EDGE('',*,*,#2476,.T.);
#9700 = CYLINDRICAL_SURFACE('',#9701,5.499993937506);
#9701 = AXIS2_PLACEMENT_3D('',#9702,#9703,#9704);
#9702 = CARTESIAN_POINT('',(252.84809940342,170.50000606249,51.5));
#9703 = DIRECTION('',(0.,0.,1.));
#9704 = DIRECTION('',(-0.33786509416,0.941194548512,0.));
#9705 = ADVANCED_FACE('',(#9706),#9717,.F.);
#9706 = FACE_BOUND('',#9707,.F.);
#9707 = EDGE_LOOP('',(#9708,#9709,#9710,#9716));
#9708 = ORIENTED_EDGE('',*,*,#9677,.T.);
#9709 = ORIENTED_EDGE('',*,*,#8700,.F.);
#9710 = ORIENTED_EDGE('',*,*,#9711,.F.);
#9711 = EDGE_CURVE('',#2493,#8692,#9712,.T.);
#9712 = LINE('',#9713,#9714);
#9713 = CARTESIAN_POINT('',(191.5,163.5,51.5));
#9714 = VECTOR('',#9715,1.);
#9715 = DIRECTION('',(0.,0.,-1.));
#9716 = ORIENTED_EDGE('',*,*,#2492,.F.);
#9717 = PLANE('',#9718);
#9718 = AXIS2_PLACEMENT_3D('',#9719,#9720,#9721);
#9719 = CARTESIAN_POINT('',(191.5,163.5,51.5));
#9720 = DIRECTION('',(1.,1.0861E-13,0.));
#9721 = DIRECTION('',(1.0861E-13,-1.,-0.));
#9722 = ADVANCED_FACE('',(#9723),#9734,.F.);
#9723 = FACE_BOUND('',#9724,.F.);
#9724 = EDGE_LOOP('',(#9725,#9731,#9732,#9733));
#9725 = ORIENTED_EDGE('',*,*,#9726,.T.);
#9726 = EDGE_CURVE('',#2517,#9274,#9727,.T.);
#9727 = LINE('',#9728,#9729);
#9728 = CARTESIAN_POINT('',(232.39082469637,169.,51.5));
#9729 = VECTOR('',#9730,1.);
#9730 = DIRECTION('',(0.,0.,-1.));
#9731 = ORIENTED_EDGE('',*,*,#9273,.F.);
#9732 = ORIENTED_EDGE('',*,*,#9694,.F.);
#9733 = ORIENTED_EDGE('',*,*,#2525,.F.);
#9734 = PLANE('',#9735);
#9735 = AXIS2_PLACEMENT_3D('',#9736,#9737,#9738);
#9736 = CARTESIAN_POINT('',(250.98984343384,175.67657037331,51.5));
#9737 = DIRECTION('',(0.337864733187,-0.941194678092,-0.));
#9738 = DIRECTION('',(-0.941194678092,-0.337864733187,0.));
#9739 = ADVANCED_FACE('',(#9740),#9751,.T.);
#9740 = FACE_BOUND('',#9741,.T.);
#9741 = EDGE_LOOP('',(#9742,#9748,#9749,#9750));
#9742 = ORIENTED_EDGE('',*,*,#9743,.T.);
#9743 = EDGE_CURVE('',#2544,#8690,#9744,.T.);
#9744 = LINE('',#9745,#9746);
#9745 = CARTESIAN_POINT('',(197.00000261476,168.99999999999,51.5));
#9746 = VECTOR('',#9747,1.);
#9747 = DIRECTION('',(0.,0.,-1.));
#9748 = ORIENTED_EDGE('',*,*,#8689,.T.);
#9749 = ORIENTED_EDGE('',*,*,#9711,.F.);
#9750 = ORIENTED_EDGE('',*,*,#2552,.T.);
#9751 = CYLINDRICAL_SURFACE('',#9752,5.49999850585);
#9752 = AXIS2_PLACEMENT_3D('',#9753,#9754,#9755);
#9753 = CARTESIAN_POINT('',(196.99999850585,163.50000149415,51.5));
#9754 = DIRECTION('',(0.,0.,1.));
#9755 = DIRECTION('',(-1.,-2.7166379543E-07,0.));
#9756 = ADVANCED_FACE('',(#9757),#9763,.F.);
#9757 = FACE_BOUND('',#9758,.F.);
#9758 = EDGE_LOOP('',(#9759,#9760,#9761,#9762));
#9759 = ORIENTED_EDGE('',*,*,#9743,.T.);
#9760 = ORIENTED_EDGE('',*,*,#9281,.F.);
#9761 = ORIENTED_EDGE('',*,*,#9726,.F.);
#9762 = ORIENTED_EDGE('',*,*,#2568,.F.);
#9763 = PLANE('',#9764);
#9764 = AXIS2_PLACEMENT_3D('',#9765,#9766,#9767);
#9765 = CARTESIAN_POINT('',(232.39082469637,169.,51.5));
#9766 = DIRECTION('',(3.413E-14,-1.,-0.));
#9767 = DIRECTION('',(-1.,-3.413E-14,0.));
#9768 = ADVANCED_FACE('',(#9769,#9803),#9809,.F.);
#9769 = FACE_BOUND('',#9770,.F.);
#9770 = EDGE_LOOP('',(#9771,#9781,#9789,#9797));
#9771 = ORIENTED_EDGE('',*,*,#9772,.F.);
#9772 = EDGE_CURVE('',#9773,#9775,#9777,.T.);
#9773 = VERTEX_POINT('',#9774);
#9774 = CARTESIAN_POINT('',(217.35,152.855676,50.));
#9775 = VERTEX_POINT('',#9776);
#9776 = CARTESIAN_POINT('',(217.35,137.255676,50.));
#9777 = LINE('',#9778,#9779);
#9778 = CARTESIAN_POINT('',(217.35,152.855676,50.));
#9779 = VECTOR('',#9780,1.);
#9780 = DIRECTION('',(0.,-1.,0.));
#9781 = ORIENTED_EDGE('',*,*,#9782,.T.);
#9782 = EDGE_CURVE('',#9773,#9783,#9785,.T.);
#9783 = VERTEX_POINT('',#9784);
#9784 = CARTESIAN_POINT('',(201.75,152.855676,50.));
#9785 = LINE('',#9786,#9787);
#9786 = CARTESIAN_POINT('',(217.35,152.855676,50.));
#9787 = VECTOR('',#9788,1.);
#9788 = DIRECTION('',(-1.,0.,0.));
#9789 = ORIENTED_EDGE('',*,*,#9790,.T.);
#9790 = EDGE_CURVE('',#9783,#9791,#9793,.T.);
#9791 = VERTEX_POINT('',#9792);
#9792 = CARTESIAN_POINT('',(201.75,137.255676,50.));
#9793 = LINE('',#9794,#9795);
#9794 = CARTESIAN_POINT('',(201.75,152.855676,50.));
#9795 = VECTOR('',#9796,1.);
#9796 = DIRECTION('',(0.,-1.,0.));
#9797 = ORIENTED_EDGE('',*,*,#9798,.F.);
#9798 = EDGE_CURVE('',#9775,#9791,#9799,.T.);
#9799 = LINE('',#9800,#9801);
#9800 = CARTESIAN_POINT('',(217.35,137.255676,50.));
#9801 = VECTOR('',#9802,1.);
#9802 = DIRECTION('',(-1.,0.,0.));
#9803 = FACE_BOUND('',#9804,.F.);
#9804 = EDGE_LOOP('',(#9805,#9806,#9807,#9808));
#9805 = ORIENTED_EDGE('',*,*,#2625,.F.);
#9806 = ORIENTED_EDGE('',*,*,#2666,.F.);
#9807 = ORIENTED_EDGE('',*,*,#2649,.F.);
#9808 = ORIENTED_EDGE('',*,*,#2601,.F.);
#9809 = PLANE('',#9810);
#9810 = AXIS2_PLACEMENT_3D('',#9811,#9812,#9813);
#9811 = CARTESIAN_POINT('',(217.35,152.855676,50.));
#9812 = DIRECTION('',(0.,0.,1.));
#9813 = DIRECTION('',(-1.,0.,0.));
#9814 = ADVANCED_FACE('',(#9815,#9849),#9855,.F.);
#9815 = FACE_BOUND('',#9816,.F.);
#9816 = EDGE_LOOP('',(#9817,#9827,#9835,#9843));
#9817 = ORIENTED_EDGE('',*,*,#9818,.F.);
#9818 = EDGE_CURVE('',#9819,#9821,#9823,.T.);
#9819 = VERTEX_POINT('',#9820);
#9820 = CARTESIAN_POINT('',(236.4,157.618176,50.));
#9821 = VERTEX_POINT('',#9822);
#9822 = CARTESIAN_POINT('',(236.4,142.018176,50.));
#9823 = LINE('',#9824,#9825);
#9824 = CARTESIAN_POINT('',(236.4,157.618176,50.));
#9825 = VECTOR('',#9826,1.);
#9826 = DIRECTION('',(0.,-1.,0.));
#9827 = ORIENTED_EDGE('',*,*,#9828,.T.);
#9828 = EDGE_CURVE('',#9819,#9829,#9831,.T.);
#9829 = VERTEX_POINT('',#9830);
#9830 = CARTESIAN_POINT('',(220.8,157.618176,50.));
#9831 = LINE('',#9832,#9833);
#9832 = CARTESIAN_POINT('',(236.4,157.618176,50.));
#9833 = VECTOR('',#9834,1.);
#9834 = DIRECTION('',(-1.,0.,0.));
#9835 = ORIENTED_EDGE('',*,*,#9836,.T.);
#9836 = EDGE_CURVE('',#9829,#9837,#9839,.T.);
#9837 = VERTEX_POINT('',#9838);
#9838 = CARTESIAN_POINT('',(220.8,142.018176,50.));
#9839 = LINE('',#9840,#9841);
#9840 = CARTESIAN_POINT('',(220.8,157.618176,50.));
#9841 = VECTOR('',#9842,1.);
#9842 = DIRECTION('',(0.,-1.,0.));
#9843 = ORIENTED_EDGE('',*,*,#9844,.F.);
#9844 = EDGE_CURVE('',#9821,#9837,#9845,.T.);
#9845 = LINE('',#9846,#9847);
#9846 = CARTESIAN_POINT('',(236.4,142.018176,50.));
#9847 = VECTOR('',#9848,1.);
#9848 = DIRECTION('',(-1.,0.,0.));
#9849 = FACE_BOUND('',#9850,.F.);
#9850 = EDGE_LOOP('',(#9851,#9852,#9853,#9854));
#9851 = ORIENTED_EDGE('',*,*,#2721,.F.);
#9852 = ORIENTED_EDGE('',*,*,#2762,.F.);
#9853 = ORIENTED_EDGE('',*,*,#2745,.F.);
#9854 = ORIENTED_EDGE('',*,*,#2697,.F.);
#9855 = PLANE('',#9856);
#9856 = AXIS2_PLACEMENT_3D('',#9857,#9858,#9859);
#9857 = CARTESIAN_POINT('',(236.4,157.618176,50.));
#9858 = DIRECTION('',(0.,0.,1.));
#9859 = DIRECTION('',(-1.,0.,0.));
#9860 = ADVANCED_FACE('',(#9861,#9895),#9901,.F.);
#9861 = FACE_BOUND('',#9862,.F.);
#9862 = EDGE_LOOP('',(#9863,#9873,#9881,#9889));
#9863 = ORIENTED_EDGE('',*,*,#9864,.F.);
#9864 = EDGE_CURVE('',#9865,#9867,#9869,.T.);
#9865 = VERTEX_POINT('',#9866);
#9866 = CARTESIAN_POINT('',(255.45,162.380676,50.));
#9867 = VERTEX_POINT('',#9868);
#9868 = CARTESIAN_POINT('',(255.45,146.780676,50.));
#9869 = LINE('',#9870,#9871);
#9870 = CARTESIAN_POINT('',(255.45,162.380676,50.));
#9871 = VECTOR('',#9872,1.);
#9872 = DIRECTION('',(0.,-1.,0.));
#9873 = ORIENTED_EDGE('',*,*,#9874,.T.);
#9874 = EDGE_CURVE('',#9865,#9875,#9877,.T.);
#9875 = VERTEX_POINT('',#9876);
#9876 = CARTESIAN_POINT('',(239.85,162.380676,50.));
#9877 = LINE('',#9878,#9879);
#9878 = CARTESIAN_POINT('',(255.45,162.380676,50.));
#9879 = VECTOR('',#9880,1.);
#9880 = DIRECTION('',(-1.,0.,0.));
#9881 = ORIENTED_EDGE('',*,*,#9882,.T.);
#9882 = EDGE_CURVE('',#9875,#9883,#9885,.T.);
#9883 = VERTEX_POINT('',#9884);
#9884 = CARTESIAN_POINT('',(239.85,146.780676,50.));
#9885 = LINE('',#9886,#9887);
#9886 = CARTESIAN_POINT('',(239.85,162.380676,50.));
#9887 = VECTOR('',#9888,1.);
#9888 = DIRECTION('',(0.,-1.,0.));
#9889 = ORIENTED_EDGE('',*,*,#9890,.F.);
#9890 = EDGE_CURVE('',#9867,#9883,#9891,.T.);
#9891 = LINE('',#9892,#9893);
#9892 = CARTESIAN_POINT('',(255.45,146.780676,50.));
#9893 = VECTOR('',#9894,1.);
#9894 = DIRECTION('',(-1.,0.,0.));
#9895 = FACE_BOUND('',#9896,.F.);
#9896 = EDGE_LOOP('',(#9897,#9898,#9899,#9900));
#9897 = ORIENTED_EDGE('',*,*,#2817,.F.);
#9898 = ORIENTED_EDGE('',*,*,#2858,.F.);
#9899 = ORIENTED_EDGE('',*,*,#2841,.F.);
#9900 = ORIENTED_EDGE('',*,*,#2793,.F.);
#9901 = PLANE('',#9902);
#9902 = AXIS2_PLACEMENT_3D('',#9903,#9904,#9905);
#9903 = CARTESIAN_POINT('',(255.45,162.380676,50.));
#9904 = DIRECTION('',(0.,0.,1.));
#9905 = DIRECTION('',(-1.,0.,0.));
#9906 = ADVANCED_FACE('',(#9907,#9941),#9947,.F.);
#9907 = FACE_BOUND('',#9908,.F.);
#9908 = EDGE_LOOP('',(#9909,#9919,#9927,#9935));
#9909 = ORIENTED_EDGE('',*,*,#9910,.F.);
#9910 = EDGE_CURVE('',#9911,#9913,#9915,.T.);
#9911 = VERTEX_POINT('',#9912);
#9912 = CARTESIAN_POINT('',(274.5,167.143176,50.));
#9913 = VERTEX_POINT('',#9914);
#9914 = CARTESIAN_POINT('',(274.5,151.543176,50.));
#9915 = LINE('',#9916,#9917);
#9916 = CARTESIAN_POINT('',(274.5,167.143176,50.));
#9917 = VECTOR('',#9918,1.);
#9918 = DIRECTION('',(0.,-1.,0.));
#9919 = ORIENTED_EDGE('',*,*,#9920,.T.);
#9920 = EDGE_CURVE('',#9911,#9921,#9923,.T.);
#9921 = VERTEX_POINT('',#9922);
#9922 = CARTESIAN_POINT('',(258.9,167.143176,50.));
#9923 = LINE('',#9924,#9925);
#9924 = CARTESIAN_POINT('',(274.5,167.143176,50.));
#9925 = VECTOR('',#9926,1.);
#9926 = DIRECTION('',(-1.,0.,0.));
#9927 = ORIENTED_EDGE('',*,*,#9928,.T.);
#9928 = EDGE_CURVE('',#9921,#9929,#9931,.T.);
#9929 = VERTEX_POINT('',#9930);
#9930 = CARTESIAN_POINT('',(258.9,151.543176,50.));
#9931 = LINE('',#9932,#9933);
#9932 = CARTESIAN_POINT('',(258.9,167.143176,50.));
#9933 = VECTOR('',#9934,1.);
#9934 = DIRECTION('',(0.,-1.,0.));
#9935 = ORIENTED_EDGE('',*,*,#9936,.F.);
#9936 = EDGE_CURVE('',#9913,#9929,#9937,.T.);
#9937 = LINE('',#9938,#9939);
#9938 = CARTESIAN_POINT('',(274.5,151.543176,50.));
#9939 = VECTOR('',#9940,1.);
#9940 = DIRECTION('',(-1.,0.,0.));
#9941 = FACE_BOUND('',#9942,.F.);
#9942 = EDGE_LOOP('',(#9943,#9944,#9945,#9946));
#9943 = ORIENTED_EDGE('',*,*,#2913,.F.);
#9944 = ORIENTED_EDGE('',*,*,#2954,.F.);
#9945 = ORIENTED_EDGE('',*,*,#2937,.F.);
#9946 = ORIENTED_EDGE('',*,*,#2889,.F.);
#9947 = PLANE('',#9948);
#9948 = AXIS2_PLACEMENT_3D('',#9949,#9950,#9951);
#9949 = CARTESIAN_POINT('',(274.5,167.143176,50.));
#9950 = DIRECTION('',(0.,0.,1.));
#9951 = DIRECTION('',(-1.,0.,0.));
#9952 = ADVANCED_FACE('',(#9953,#9987),#9993,.F.);
#9953 = FACE_BOUND('',#9954,.F.);
#9954 = EDGE_LOOP('',(#9955,#9965,#9973,#9981));
#9955 = ORIENTED_EDGE('',*,*,#9956,.F.);
#9956 = EDGE_CURVE('',#9957,#9959,#9961,.T.);
#9957 = VERTEX_POINT('',#9958);
#9958 = CARTESIAN_POINT('',(274.5,148.093176,50.));
#9959 = VERTEX_POINT('',#9960);
#9960 = CARTESIAN_POINT('',(274.5,132.493176,50.));
#9961 = LINE('',#9962,#9963);
#9962 = CARTESIAN_POINT('',(274.5,148.093176,50.));
#9963 = VECTOR('',#9964,1.);
#9964 = DIRECTION('',(0.,-1.,0.));
#9965 = ORIENTED_EDGE('',*,*,#9966,.T.);
#9966 = EDGE_CURVE('',#9957,#9967,#9969,.T.);
#9967 = VERTEX_POINT('',#9968);
#9968 = CARTESIAN_POINT('',(258.9,148.093176,50.));
#9969 = LINE('',#9970,#9971);
#9970 = CARTESIAN_POINT('',(274.5,148.093176,50.));
#9971 = VECTOR('',#9972,1.);
#9972 = DIRECTION('',(-1.,0.,0.));
#9973 = ORIENTED_EDGE('',*,*,#9974,.T.);
#9974 = EDGE_CURVE('',#9967,#9975,#9977,.T.);
#9975 = VERTEX_POINT('',#9976);
#9976 = CARTESIAN_POINT('',(258.9,132.493176,50.));
#9977 = LINE('',#9978,#9979);
#9978 = CARTESIAN_POINT('',(258.9,148.093176,50.));
#9979 = VECTOR('',#9980,1.);
#9980 = DIRECTION('',(0.,-1.,0.));
#9981 = ORIENTED_EDGE('',*,*,#9982,.F.);
#9982 = EDGE_CURVE('',#9959,#9975,#9983,.T.);
#9983 = LINE('',#9984,#9985);
#9984 = CARTESIAN_POINT('',(274.5,132.493176,50.));
#9985 = VECTOR('',#9986,1.);
#9986 = DIRECTION('',(-1.,0.,0.));
#9987 = FACE_BOUND('',#9988,.F.);
#9988 = EDGE_LOOP('',(#9989,#9990,#9991,#9992));
#9989 = ORIENTED_EDGE('',*,*,#3009,.F.);
#9990 = ORIENTED_EDGE('',*,*,#3050,.F.);
#9991 = ORIENTED_EDGE('',*,*,#3033,.F.);
#9992 = ORIENTED_EDGE('',*,*,#2985,.F.);
#9993 = PLANE('',#9994);
#9994 = AXIS2_PLACEMENT_3D('',#9995,#9996,#9997);
#9995 = CARTESIAN_POINT('',(274.5,148.093176,50.));
#9996 = DIRECTION('',(0.,0.,1.));
#9997 = DIRECTION('',(-1.,0.,0.));
#9998 = ADVANCED_FACE('',(#9999,#10033),#10039,.F.);
#9999 = FACE_BOUND('',#10000,.F.);
#10000 = EDGE_LOOP('',(#10001,#10011,#10019,#10027));
#10001 = ORIENTED_EDGE('',*,*,#10002,.F.);
#10002 = EDGE_CURVE('',#10003,#10005,#10007,.T.);
#10003 = VERTEX_POINT('',#10004);
#10004 = CARTESIAN_POINT('',(217.35,133.805676,50.));
#10005 = VERTEX_POINT('',#10006);
#10006 = CARTESIAN_POINT('',(217.35,118.205676,50.));
#10007 = LINE('',#10008,#10009);
#10008 = CARTESIAN_POINT('',(217.35,133.805676,50.));
#10009 = VECTOR('',#10010,1.);
#10010 = DIRECTION('',(0.,-1.,0.));
#10011 = ORIENTED_EDGE('',*,*,#10012,.T.);
#10012 = EDGE_CURVE('',#10003,#10013,#10015,.T.);
#10013 = VERTEX_POINT('',#10014);
#10014 = CARTESIAN_POINT('',(201.75,133.805676,50.));
#10015 = LINE('',#10016,#10017);
#10016 = CARTESIAN_POINT('',(217.35,133.805676,50.));
#10017 = VECTOR('',#10018,1.);
#10018 = DIRECTION('',(-1.,0.,0.));
#10019 = ORIENTED_EDGE('',*,*,#10020,.T.);
#10020 = EDGE_CURVE('',#10013,#10021,#10023,.T.);
#10021 = VERTEX_POINT('',#10022);
#10022 = CARTESIAN_POINT('',(201.75,118.205676,50.));
#10023 = LINE('',#10024,#10025);
#10024 = CARTESIAN_POINT('',(201.75,133.805676,50.));
#10025 = VECTOR('',#10026,1.);
#10026 = DIRECTION('',(0.,-1.,0.));
#10027 = ORIENTED_EDGE('',*,*,#10028,.F.);
#10028 = EDGE_CURVE('',#10005,#10021,#10029,.T.);
#10029 = LINE('',#10030,#10031);
#10030 = CARTESIAN_POINT('',(217.35,118.205676,50.));
#10031 = VECTOR('',#10032,1.);
#10032 = DIRECTION('',(-1.,0.,0.));
#10033 = FACE_BOUND('',#10034,.F.);
#10034 = EDGE_LOOP('',(#10035,#10036,#10037,#10038));
#10035 = ORIENTED_EDGE('',*,*,#3105,.F.);
#10036 = ORIENTED_EDGE('',*,*,#3146,.F.);
#10037 = ORIENTED_EDGE('',*,*,#3129,.F.);
#10038 = ORIENTED_EDGE('',*,*,#3081,.F.);
#10039 = PLANE('',#10040);
#10040 = AXIS2_PLACEMENT_3D('',#10041,#10042,#10043);
#10041 = CARTESIAN_POINT('',(217.35,133.805676,50.));
#10042 = DIRECTION('',(0.,0.,1.));
#10043 = DIRECTION('',(-1.,0.,0.));
#10044 = ADVANCED_FACE('',(#10045,#10079),#10085,.F.);
#10045 = FACE_BOUND('',#10046,.F.);
#10046 = EDGE_LOOP('',(#10047,#10057,#10065,#10073));
#10047 = ORIENTED_EDGE('',*,*,#10048,.F.);
#10048 = EDGE_CURVE('',#10049,#10051,#10053,.T.);
#10049 = VERTEX_POINT('',#10050);
#10050 = CARTESIAN_POINT('',(236.4,138.568176,50.));
#10051 = VERTEX_POINT('',#10052);
#10052 = CARTESIAN_POINT('',(236.4,122.968176,50.));
#10053 = LINE('',#10054,#10055);
#10054 = CARTESIAN_POINT('',(236.4,138.568176,50.));
#10055 = VECTOR('',#10056,1.);
#10056 = DIRECTION('',(0.,-1.,0.));
#10057 = ORIENTED_EDGE('',*,*,#10058,.T.);
#10058 = EDGE_CURVE('',#10049,#10059,#10061,.T.);
#10059 = VERTEX_POINT('',#10060);
#10060 = CARTESIAN_POINT('',(220.8,138.568176,50.));
#10061 = LINE('',#10062,#10063);
#10062 = CARTESIAN_POINT('',(236.4,138.568176,50.));
#10063 = VECTOR('',#10064,1.);
#10064 = DIRECTION('',(-1.,0.,0.));
#10065 = ORIENTED_EDGE('',*,*,#10066,.T.);
#10066 = EDGE_CURVE('',#10059,#10067,#10069,.T.);
#10067 = VERTEX_POINT('',#10068);
#10068 = CARTESIAN_POINT('',(220.8,122.968176,50.));
#10069 = LINE('',#10070,#10071);
#10070 = CARTESIAN_POINT('',(220.8,138.568176,50.));
#10071 = VECTOR('',#10072,1.);
#10072 = DIRECTION('',(0.,-1.,0.));
#10073 = ORIENTED_EDGE('',*,*,#10074,.F.);
#10074 = EDGE_CURVE('',#10051,#10067,#10075,.T.);
#10075 = LINE('',#10076,#10077);
#10076 = CARTESIAN_POINT('',(236.4,122.968176,50.));
#10077 = VECTOR('',#10078,1.);
#10078 = DIRECTION('',(-1.,0.,0.));
#10079 = FACE_BOUND('',#10080,.F.);
#10080 = EDGE_LOOP('',(#10081,#10082,#10083,#10084));
#10081 = ORIENTED_EDGE('',*,*,#3201,.F.);
#10082 = ORIENTED_EDGE('',*,*,#3242,.F.);
#10083 = ORIENTED_EDGE('',*,*,#3225,.F.);
#10084 = ORIENTED_EDGE('',*,*,#3177,.F.);
#10085 = PLANE('',#10086);
#10086 = AXIS2_PLACEMENT_3D('',#10087,#10088,#10089);
#10087 = CARTESIAN_POINT('',(236.4,138.568176,50.));
#10088 = DIRECTION('',(0.,0.,1.));
#10089 = DIRECTION('',(-1.,0.,0.));
#10090 = ADVANCED_FACE('',(#10091,#10125),#10131,.F.);
#10091 = FACE_BOUND('',#10092,.F.);
#10092 = EDGE_LOOP('',(#10093,#10103,#10111,#10119));
#10093 = ORIENTED_EDGE('',*,*,#10094,.F.);
#10094 = EDGE_CURVE('',#10095,#10097,#10099,.T.);
#10095 = VERTEX_POINT('',#10096);
#10096 = CARTESIAN_POINT('',(255.45,143.330676,50.));
#10097 = VERTEX_POINT('',#10098);
#10098 = CARTESIAN_POINT('',(255.45,127.730676,50.));
#10099 = LINE('',#10100,#10101);
#10100 = CARTESIAN_POINT('',(255.45,143.330676,50.));
#10101 = VECTOR('',#10102,1.);
#10102 = DIRECTION('',(0.,-1.,0.));
#10103 = ORIENTED_EDGE('',*,*,#10104,.T.);
#10104 = EDGE_CURVE('',#10095,#10105,#10107,.T.);
#10105 = VERTEX_POINT('',#10106);
#10106 = CARTESIAN_POINT('',(239.85,143.330676,50.));
#10107 = LINE('',#10108,#10109);
#10108 = CARTESIAN_POINT('',(255.45,143.330676,50.));
#10109 = VECTOR('',#10110,1.);
#10110 = DIRECTION('',(-1.,0.,0.));
#10111 = ORIENTED_EDGE('',*,*,#10112,.T.);
#10112 = EDGE_CURVE('',#10105,#10113,#10115,.T.);
#10113 = VERTEX_POINT('',#10114);
#10114 = CARTESIAN_POINT('',(239.85,127.730676,50.));
#10115 = LINE('',#10116,#10117);
#10116 = CARTESIAN_POINT('',(239.85,143.330676,50.));
#10117 = VECTOR('',#10118,1.);
#10118 = DIRECTION('',(0.,-1.,0.));
#10119 = ORIENTED_EDGE('',*,*,#10120,.F.);
#10120 = EDGE_CURVE('',#10097,#10113,#10121,.T.);
#10121 = LINE('',#10122,#10123);
#10122 = CARTESIAN_POINT('',(255.45,127.730676,50.));
#10123 = VECTOR('',#10124,1.);
#10124 = DIRECTION('',(-1.,0.,0.));
#10125 = FACE_BOUND('',#10126,.F.);
#10126 = EDGE_LOOP('',(#10127,#10128,#10129,#10130));
#10127 = ORIENTED_EDGE('',*,*,#3297,.F.);
#10128 = ORIENTED_EDGE('',*,*,#3338,.F.);
#10129 = ORIENTED_EDGE('',*,*,#3321,.F.);
#10130 = ORIENTED_EDGE('',*,*,#3273,.F.);
#10131 = PLANE('',#10132);
#10132 = AXIS2_PLACEMENT_3D('',#10133,#10134,#10135);
#10133 = CARTESIAN_POINT('',(255.45,143.330676,50.));
#10134 = DIRECTION('',(0.,0.,1.));
#10135 = DIRECTION('',(-1.,0.,0.));
#10136 = ADVANCED_FACE('',(#10137,#10171),#10177,.F.);
#10137 = FACE_BOUND('',#10138,.F.);
#10138 = EDGE_LOOP('',(#10139,#10149,#10157,#10165));
#10139 = ORIENTED_EDGE('',*,*,#10140,.F.);
#10140 = EDGE_CURVE('',#10141,#10143,#10145,.T.);
#10141 = VERTEX_POINT('',#10142);
#10142 = CARTESIAN_POINT('',(255.45,124.280676,50.));
#10143 = VERTEX_POINT('',#10144);
#10144 = CARTESIAN_POINT('',(255.45,108.680676,50.));
#10145 = LINE('',#10146,#10147);
#10146 = CARTESIAN_POINT('',(255.45,124.280676,50.));
#10147 = VECTOR('',#10148,1.);
#10148 = DIRECTION('',(0.,-1.,0.));
#10149 = ORIENTED_EDGE('',*,*,#10150,.T.);
#10150 = EDGE_CURVE('',#10141,#10151,#10153,.T.);
#10151 = VERTEX_POINT('',#10152);
#10152 = CARTESIAN_POINT('',(239.85,124.280676,50.));
#10153 = LINE('',#10154,#10155);
#10154 = CARTESIAN_POINT('',(255.45,124.280676,50.));
#10155 = VECTOR('',#10156,1.);
#10156 = DIRECTION('',(-1.,0.,0.));
#10157 = ORIENTED_EDGE('',*,*,#10158,.T.);
#10158 = EDGE_CURVE('',#10151,#10159,#10161,.T.);
#10159 = VERTEX_POINT('',#10160);
#10160 = CARTESIAN_POINT('',(239.85,108.680676,50.));
#10161 = LINE('',#10162,#10163);
#10162 = CARTESIAN_POINT('',(239.85,124.280676,50.));
#10163 = VECTOR('',#10164,1.);
#10164 = DIRECTION('',(0.,-1.,0.));
#10165 = ORIENTED_EDGE('',*,*,#10166,.F.);
#10166 = EDGE_CURVE('',#10143,#10159,#10167,.T.);
#10167 = LINE('',#10168,#10169);
#10168 = CARTESIAN_POINT('',(255.45,108.680676,50.));
#10169 = VECTOR('',#10170,1.);
#10170 = DIRECTION('',(-1.,0.,0.));
#10171 = FACE_BOUND('',#10172,.F.);
#10172 = EDGE_LOOP('',(#10173,#10174,#10175,#10176));
#10173 = ORIENTED_EDGE('',*,*,#3393,.F.);
#10174 = ORIENTED_EDGE('',*,*,#3434,.F.);
#10175 = ORIENTED_EDGE('',*,*,#3417,.F.);
#10176 = ORIENTED_EDGE('',*,*,#3369,.F.);
#10177 = PLANE('',#10178);
#10178 = AXIS2_PLACEMENT_3D('',#10179,#10180,#10181);
#10179 = CARTESIAN_POINT('',(255.45,124.280676,50.));
#10180 = DIRECTION('',(0.,0.,1.));
#10181 = DIRECTION('',(-1.,0.,0.));
#10182 = ADVANCED_FACE('',(#10183,#10288,#10294),#10300,.T.);
#10183 = FACE_BOUND('',#10184,.T.);
#10184 = EDGE_LOOP('',(#10185,#10195,#10201,#10202,#10210,#10218,#10226,
    #10234,#10242,#10250,#10258,#10266,#10274,#10282));
#10185 = ORIENTED_EDGE('',*,*,#10186,.T.);
#10186 = EDGE_CURVE('',#10187,#10189,#10191,.T.);
#10187 = VERTEX_POINT('',#10188);
#10188 = CARTESIAN_POINT('',(274.5,113.443176,50.));
#10189 = VERTEX_POINT('',#10190);
#10190 = CARTESIAN_POINT('',(259.,113.443176,50.));
#10191 = LINE('',#10192,#10193);
#10192 = CARTESIAN_POINT('',(274.5,113.443176,50.));
#10193 = VECTOR('',#10194,1.);
#10194 = DIRECTION('',(-1.,0.,0.));
#10195 = ORIENTED_EDGE('',*,*,#10196,.F.);
#10196 = EDGE_CURVE('',#4963,#10189,#10197,.T.);
#10197 = LINE('',#10198,#10199);
#10198 = CARTESIAN_POINT('',(259.,108.,50.));
#10199 = VECTOR('',#10200,1.);
#10200 = DIRECTION('',(0.,1.,0.));
#10201 = ORIENTED_EDGE('',*,*,#4970,.T.);
#10202 = ORIENTED_EDGE('',*,*,#10203,.F.);
#10203 = EDGE_CURVE('',#10204,#4971,#10206,.T.);
#10204 = VERTEX_POINT('',#10205);
#10205 = CARTESIAN_POINT('',(259.,109.993176,50.));
#10206 = LINE('',#10207,#10208);
#10207 = CARTESIAN_POINT('',(259.,108.,50.));
#10208 = VECTOR('',#10209,1.);
#10209 = DIRECTION('',(0.,1.,0.));
#10210 = ORIENTED_EDGE('',*,*,#10211,.F.);
#10211 = EDGE_CURVE('',#10212,#10204,#10214,.T.);
#10212 = VERTEX_POINT('',#10213);
#10213 = CARTESIAN_POINT('',(274.5,109.993176,50.));
#10214 = LINE('',#10215,#10216);
#10215 = CARTESIAN_POINT('',(274.5,109.993176,50.));
#10216 = VECTOR('',#10217,1.);
#10217 = DIRECTION('',(-1.,0.,0.));
#10218 = ORIENTED_EDGE('',*,*,#10219,.T.);
#10219 = EDGE_CURVE('',#10212,#10220,#10222,.T.);
#10220 = VERTEX_POINT('',#10221);
#10221 = CARTESIAN_POINT('',(274.5,94.393176,50.));
#10222 = LINE('',#10223,#10224);
#10223 = CARTESIAN_POINT('',(274.5,109.993176,50.));
#10224 = VECTOR('',#10225,1.);
#10225 = DIRECTION('',(0.,-1.,0.));
#10226 = ORIENTED_EDGE('',*,*,#10227,.T.);
#10227 = EDGE_CURVE('',#10220,#10228,#10230,.T.);
#10228 = VERTEX_POINT('',#10229);
#10229 = CARTESIAN_POINT('',(258.9,94.393176,50.));
#10230 = LINE('',#10231,#10232);
#10231 = CARTESIAN_POINT('',(274.5,94.393176,50.));
#10232 = VECTOR('',#10233,1.);
#10233 = DIRECTION('',(-1.,0.,0.));
#10234 = ORIENTED_EDGE('',*,*,#10235,.F.);
#10235 = EDGE_CURVE('',#10236,#10228,#10238,.T.);
#10236 = VERTEX_POINT('',#10237);
#10237 = CARTESIAN_POINT('',(258.9,108.,50.));
#10238 = LINE('',#10239,#10240);
#10239 = CARTESIAN_POINT('',(258.9,109.993176,50.));
#10240 = VECTOR('',#10241,1.);
#10241 = DIRECTION('',(0.,-1.,0.));
#10242 = ORIENTED_EDGE('',*,*,#10243,.F.);
#10243 = EDGE_CURVE('',#10244,#10236,#10246,.T.);
#10244 = VERTEX_POINT('',#10245);
#10245 = CARTESIAN_POINT('',(257.,108.,50.));
#10246 = LINE('',#10247,#10248);
#10247 = CARTESIAN_POINT('',(257.,108.,50.));
#10248 = VECTOR('',#10249,1.);
#10249 = DIRECTION('',(1.,0.,0.));
#10250 = ORIENTED_EDGE('',*,*,#10251,.T.);
#10251 = EDGE_CURVE('',#10244,#10252,#10254,.T.);
#10252 = VERTEX_POINT('',#10253);
#10253 = CARTESIAN_POINT('',(257.,115.,50.));
#10254 = LINE('',#10255,#10256);
#10255 = CARTESIAN_POINT('',(257.,108.,50.));
#10256 = VECTOR('',#10257,1.);
#10257 = DIRECTION('',(0.,1.,0.));
#10258 = ORIENTED_EDGE('',*,*,#10259,.T.);
#10259 = EDGE_CURVE('',#10252,#10260,#10262,.T.);
#10260 = VERTEX_POINT('',#10261);
#10261 = CARTESIAN_POINT('',(258.9,115.,50.));
#10262 = LINE('',#10263,#10264);
#10263 = CARTESIAN_POINT('',(257.,115.,50.));
#10264 = VECTOR('',#10265,1.);
#10265 = DIRECTION('',(1.,0.,0.));
#10266 = ORIENTED_EDGE('',*,*,#10267,.F.);
#10267 = EDGE_CURVE('',#10268,#10260,#10270,.T.);
#10268 = VERTEX_POINT('',#10269);
#10269 = CARTESIAN_POINT('',(258.9,129.043176,50.));
#10270 = LINE('',#10271,#10272);
#10271 = CARTESIAN_POINT('',(258.9,129.043176,50.));
#10272 = VECTOR('',#10273,1.);
#10273 = DIRECTION('',(0.,-1.,0.));
#10274 = ORIENTED_EDGE('',*,*,#10275,.F.);
#10275 = EDGE_CURVE('',#10276,#10268,#10278,.T.);
#10276 = VERTEX_POINT('',#10277);
#10277 = CARTESIAN_POINT('',(274.5,129.043176,50.));
#10278 = LINE('',#10279,#10280);
#10279 = CARTESIAN_POINT('',(274.5,129.043176,50.));
#10280 = VECTOR('',#10281,1.);
#10281 = DIRECTION('',(-1.,0.,0.));
#10282 = ORIENTED_EDGE('',*,*,#10283,.T.);
#10283 = EDGE_CURVE('',#10276,#10187,#10284,.T.);
#10284 = LINE('',#10285,#10286);
#10285 = CARTESIAN_POINT('',(274.5,129.043176,50.));
#10286 = VECTOR('',#10287,1.);
#10287 = DIRECTION('',(0.,-1.,0.));
#10288 = FACE_BOUND('',#10289,.T.);
#10289 = EDGE_LOOP('',(#10290,#10291,#10292,#10293));
#10290 = ORIENTED_EDGE('',*,*,#3489,.T.);
#10291 = ORIENTED_EDGE('',*,*,#3465,.T.);
#10292 = ORIENTED_EDGE('',*,*,#3513,.T.);
#10293 = ORIENTED_EDGE('',*,*,#3530,.T.);
#10294 = FACE_BOUND('',#10295,.T.);
#10295 = EDGE_LOOP('',(#10296,#10297,#10298,#10299));
#10296 = ORIENTED_EDGE('',*,*,#5043,.T.);
#10297 = ORIENTED_EDGE('',*,*,#5019,.T.);
#10298 = ORIENTED_EDGE('',*,*,#5067,.T.);
#10299 = ORIENTED_EDGE('',*,*,#5084,.T.);
#10300 = PLANE('',#10301);
#10301 = AXIS2_PLACEMENT_3D('',#10302,#10303,#10304);
#10302 = CARTESIAN_POINT('',(265.83357866049,111.70866319907,50.));
#10303 = DIRECTION('',(-0.,-0.,-1.));
#10304 = DIRECTION('',(-1.,0.,0.));
#10305 = ADVANCED_FACE('',(#10306,#10340),#10346,.F.);
#10306 = FACE_BOUND('',#10307,.F.);
#10307 = EDGE_LOOP('',(#10308,#10318,#10326,#10334));
#10308 = ORIENTED_EDGE('',*,*,#10309,.F.);
#10309 = EDGE_CURVE('',#10310,#10312,#10314,.T.);
#10310 = VERTEX_POINT('',#10311);
#10311 = CARTESIAN_POINT('',(293.55,162.380676,50.));
#10312 = VERTEX_POINT('',#10313);
#10313 = CARTESIAN_POINT('',(293.55,146.780676,50.));
#10314 = LINE('',#10315,#10316);
#10315 = CARTESIAN_POINT('',(293.55,162.380676,50.));
#10316 = VECTOR('',#10317,1.);
#10317 = DIRECTION('',(0.,-1.,0.));
#10318 = ORIENTED_EDGE('',*,*,#10319,.T.);
#10319 = EDGE_CURVE('',#10310,#10320,#10322,.T.);
#10320 = VERTEX_POINT('',#10321);
#10321 = CARTESIAN_POINT('',(277.95,162.380676,50.));
#10322 = LINE('',#10323,#10324);
#10323 = CARTESIAN_POINT('',(293.55,162.380676,50.));
#10324 = VECTOR('',#10325,1.);
#10325 = DIRECTION('',(-1.,0.,0.));
#10326 = ORIENTED_EDGE('',*,*,#10327,.T.);
#10327 = EDGE_CURVE('',#10320,#10328,#10330,.T.);
#10328 = VERTEX_POINT('',#10329);
#10329 = CARTESIAN_POINT('',(277.95,146.780676,50.));
#10330 = LINE('',#10331,#10332);
#10331 = CARTESIAN_POINT('',(277.95,162.380676,50.));
#10332 = VECTOR('',#10333,1.);
#10333 = DIRECTION('',(0.,-1.,0.));
#10334 = ORIENTED_EDGE('',*,*,#10335,.F.);
#10335 = EDGE_CURVE('',#10312,#10328,#10336,.T.);
#10336 = LINE('',#10337,#10338);
#10337 = CARTESIAN_POINT('',(293.55,146.780676,50.));
#10338 = VECTOR('',#10339,1.);
#10339 = DIRECTION('',(-1.,0.,0.));
#10340 = FACE_BOUND('',#10341,.F.);
#10341 = EDGE_LOOP('',(#10342,#10343,#10344,#10345));
#10342 = ORIENTED_EDGE('',*,*,#3585,.F.);
#10343 = ORIENTED_EDGE('',*,*,#3626,.F.);
#10344 = ORIENTED_EDGE('',*,*,#3609,.F.);
#10345 = ORIENTED_EDGE('',*,*,#3561,.F.);
#10346 = PLANE('',#10347);
#10347 = AXIS2_PLACEMENT_3D('',#10348,#10349,#10350);
#10348 = CARTESIAN_POINT('',(293.55,162.380676,50.));
#10349 = DIRECTION('',(0.,0.,1.));
#10350 = DIRECTION('',(-1.,0.,0.));
#10351 = ADVANCED_FACE('',(#10352,#10386),#10392,.F.);
#10352 = FACE_BOUND('',#10353,.F.);
#10353 = EDGE_LOOP('',(#10354,#10364,#10372,#10380));
#10354 = ORIENTED_EDGE('',*,*,#10355,.F.);
#10355 = EDGE_CURVE('',#10356,#10358,#10360,.T.);
#10356 = VERTEX_POINT('',#10357);
#10357 = CARTESIAN_POINT('',(312.6,157.618176,50.));
#10358 = VERTEX_POINT('',#10359);
#10359 = CARTESIAN_POINT('',(312.6,142.018176,50.));
#10360 = LINE('',#10361,#10362);
#10361 = CARTESIAN_POINT('',(312.6,157.618176,50.));
#10362 = VECTOR('',#10363,1.);
#10363 = DIRECTION('',(0.,-1.,0.));
#10364 = ORIENTED_EDGE('',*,*,#10365,.T.);
#10365 = EDGE_CURVE('',#10356,#10366,#10368,.T.);
#10366 = VERTEX_POINT('',#10367);
#10367 = CARTESIAN_POINT('',(297.,157.618176,50.));
#10368 = LINE('',#10369,#10370);
#10369 = CARTESIAN_POINT('',(312.6,157.618176,50.));
#10370 = VECTOR('',#10371,1.);
#10371 = DIRECTION('',(-1.,0.,0.));
#10372 = ORIENTED_EDGE('',*,*,#10373,.T.);
#10373 = EDGE_CURVE('',#10366,#10374,#10376,.T.);
#10374 = VERTEX_POINT('',#10375);
#10375 = CARTESIAN_POINT('',(297.,142.018176,50.));
#10376 = LINE('',#10377,#10378);
#10377 = CARTESIAN_POINT('',(297.,157.618176,50.));
#10378 = VECTOR('',#10379,1.);
#10379 = DIRECTION('',(0.,-1.,0.));
#10380 = ORIENTED_EDGE('',*,*,#10381,.F.);
#10381 = EDGE_CURVE('',#10358,#10374,#10382,.T.);
#10382 = LINE('',#10383,#10384);
#10383 = CARTESIAN_POINT('',(312.6,142.018176,50.));
#10384 = VECTOR('',#10385,1.);
#10385 = DIRECTION('',(-1.,0.,0.));
#10386 = FACE_BOUND('',#10387,.F.);
#10387 = EDGE_LOOP('',(#10388,#10389,#10390,#10391));
#10388 = ORIENTED_EDGE('',*,*,#3681,.F.);
#10389 = ORIENTED_EDGE('',*,*,#3722,.F.);
#10390 = ORIENTED_EDGE('',*,*,#3705,.F.);
#10391 = ORIENTED_EDGE('',*,*,#3657,.F.);
#10392 = PLANE('',#10393);
#10393 = AXIS2_PLACEMENT_3D('',#10394,#10395,#10396);
#10394 = CARTESIAN_POINT('',(312.6,157.618176,50.));
#10395 = DIRECTION('',(0.,0.,1.));
#10396 = DIRECTION('',(-1.,0.,0.));
#10397 = ADVANCED_FACE('',(#10398,#10432),#10438,.F.);
#10398 = FACE_BOUND('',#10399,.F.);
#10399 = EDGE_LOOP('',(#10400,#10410,#10418,#10426));
#10400 = ORIENTED_EDGE('',*,*,#10401,.F.);
#10401 = EDGE_CURVE('',#10402,#10404,#10406,.T.);
#10402 = VERTEX_POINT('',#10403);
#10403 = CARTESIAN_POINT('',(331.65,157.618176,50.));
#10404 = VERTEX_POINT('',#10405);
#10405 = CARTESIAN_POINT('',(331.65,142.018176,50.));
#10406 = LINE('',#10407,#10408);
#10407 = CARTESIAN_POINT('',(331.65,157.618176,50.));
#10408 = VECTOR('',#10409,1.);
#10409 = DIRECTION('',(0.,-1.,0.));
#10410 = ORIENTED_EDGE('',*,*,#10411,.T.);
#10411 = EDGE_CURVE('',#10402,#10412,#10414,.T.);
#10412 = VERTEX_POINT('',#10413);
#10413 = CARTESIAN_POINT('',(316.05,157.618176,50.));
#10414 = LINE('',#10415,#10416);
#10415 = CARTESIAN_POINT('',(331.65,157.618176,50.));
#10416 = VECTOR('',#10417,1.);
#10417 = DIRECTION('',(-1.,0.,0.));
#10418 = ORIENTED_EDGE('',*,*,#10419,.T.);
#10419 = EDGE_CURVE('',#10412,#10420,#10422,.T.);
#10420 = VERTEX_POINT('',#10421);
#10421 = CARTESIAN_POINT('',(316.05,142.018176,50.));
#10422 = LINE('',#10423,#10424);
#10423 = CARTESIAN_POINT('',(316.05,157.618176,50.));
#10424 = VECTOR('',#10425,1.);
#10425 = DIRECTION('',(0.,-1.,0.));
#10426 = ORIENTED_EDGE('',*,*,#10427,.F.);
#10427 = EDGE_CURVE('',#10404,#10420,#10428,.T.);
#10428 = LINE('',#10429,#10430);
#10429 = CARTESIAN_POINT('',(331.65,142.018176,50.));
#10430 = VECTOR('',#10431,1.);
#10431 = DIRECTION('',(-1.,0.,0.));
#10432 = FACE_BOUND('',#10433,.F.);
#10433 = EDGE_LOOP('',(#10434,#10435,#10436,#10437));
#10434 = ORIENTED_EDGE('',*,*,#3777,.F.);
#10435 = ORIENTED_EDGE('',*,*,#3818,.F.);
#10436 = ORIENTED_EDGE('',*,*,#3801,.F.);
#10437 = ORIENTED_EDGE('',*,*,#3753,.F.);
#10438 = PLANE('',#10439);
#10439 = AXIS2_PLACEMENT_3D('',#10440,#10441,#10442);
#10440 = CARTESIAN_POINT('',(331.65,157.618176,50.));
#10441 = DIRECTION('',(0.,0.,1.));
#10442 = DIRECTION('',(-1.,0.,0.));
#10443 = ADVANCED_FACE('',(#10444,#10478),#10484,.F.);
#10444 = FACE_BOUND('',#10445,.F.);
#10445 = EDGE_LOOP('',(#10446,#10456,#10464,#10472));
#10446 = ORIENTED_EDGE('',*,*,#10447,.F.);
#10447 = EDGE_CURVE('',#10448,#10450,#10452,.T.);
#10448 = VERTEX_POINT('',#10449);
#10449 = CARTESIAN_POINT('',(293.55,143.330676,50.));
#10450 = VERTEX_POINT('',#10451);
#10451 = CARTESIAN_POINT('',(293.55,127.730676,50.));
#10452 = LINE('',#10453,#10454);
#10453 = CARTESIAN_POINT('',(293.55,143.330676,50.));
#10454 = VECTOR('',#10455,1.);
#10455 = DIRECTION('',(0.,-1.,0.));
#10456 = ORIENTED_EDGE('',*,*,#10457,.T.);
#10457 = EDGE_CURVE('',#10448,#10458,#10460,.T.);
#10458 = VERTEX_POINT('',#10459);
#10459 = CARTESIAN_POINT('',(277.95,143.330676,50.));
#10460 = LINE('',#10461,#10462);
#10461 = CARTESIAN_POINT('',(293.55,143.330676,50.));
#10462 = VECTOR('',#10463,1.);
#10463 = DIRECTION('',(-1.,0.,0.));
#10464 = ORIENTED_EDGE('',*,*,#10465,.T.);
#10465 = EDGE_CURVE('',#10458,#10466,#10468,.T.);
#10466 = VERTEX_POINT('',#10467);
#10467 = CARTESIAN_POINT('',(277.95,127.730676,50.));
#10468 = LINE('',#10469,#10470);
#10469 = CARTESIAN_POINT('',(277.95,143.330676,50.));
#10470 = VECTOR('',#10471,1.);
#10471 = DIRECTION('',(0.,-1.,0.));
#10472 = ORIENTED_EDGE('',*,*,#10473,.F.);
#10473 = EDGE_CURVE('',#10450,#10466,#10474,.T.);
#10474 = LINE('',#10475,#10476);
#10475 = CARTESIAN_POINT('',(293.55,127.730676,50.));
#10476 = VECTOR('',#10477,1.);
#10477 = DIRECTION('',(-1.,0.,0.));
#10478 = FACE_BOUND('',#10479,.F.);
#10479 = EDGE_LOOP('',(#10480,#10481,#10482,#10483));
#10480 = ORIENTED_EDGE('',*,*,#3898,.F.);
#10481 = ORIENTED_EDGE('',*,*,#3939,.F.);
#10482 = ORIENTED_EDGE('',*,*,#3922,.F.);
#10483 = ORIENTED_EDGE('',*,*,#3874,.F.);
#10484 = PLANE('',#10485);
#10485 = AXIS2_PLACEMENT_3D('',#10486,#10487,#10488);
#10486 = CARTESIAN_POINT('',(293.55,143.330676,50.));
#10487 = DIRECTION('',(0.,0.,1.));
#10488 = DIRECTION('',(-1.,0.,0.));
#10489 = ADVANCED_FACE('',(#10490,#10524),#10530,.F.);
#10490 = FACE_BOUND('',#10491,.F.);
#10491 = EDGE_LOOP('',(#10492,#10502,#10510,#10518));
#10492 = ORIENTED_EDGE('',*,*,#10493,.F.);
#10493 = EDGE_CURVE('',#10494,#10496,#10498,.T.);
#10494 = VERTEX_POINT('',#10495);
#10495 = CARTESIAN_POINT('',(312.6,138.568176,50.));
#10496 = VERTEX_POINT('',#10497);
#10497 = CARTESIAN_POINT('',(312.6,122.968176,50.));
#10498 = LINE('',#10499,#10500);
#10499 = CARTESIAN_POINT('',(312.6,138.568176,50.));
#10500 = VECTOR('',#10501,1.);
#10501 = DIRECTION('',(0.,-1.,0.));
#10502 = ORIENTED_EDGE('',*,*,#10503,.T.);
#10503 = EDGE_CURVE('',#10494,#10504,#10506,.T.);
#10504 = VERTEX_POINT('',#10505);
#10505 = CARTESIAN_POINT('',(297.,138.568176,50.));
#10506 = LINE('',#10507,#10508);
#10507 = CARTESIAN_POINT('',(312.6,138.568176,50.));
#10508 = VECTOR('',#10509,1.);
#10509 = DIRECTION('',(-1.,0.,0.));
#10510 = ORIENTED_EDGE('',*,*,#10511,.T.);
#10511 = EDGE_CURVE('',#10504,#10512,#10514,.T.);
#10512 = VERTEX_POINT('',#10513);
#10513 = CARTESIAN_POINT('',(297.,122.968176,50.));
#10514 = LINE('',#10515,#10516);
#10515 = CARTESIAN_POINT('',(297.,138.568176,50.));
#10516 = VECTOR('',#10517,1.);
#10517 = DIRECTION('',(0.,-1.,0.));
#10518 = ORIENTED_EDGE('',*,*,#10519,.F.);
#10519 = EDGE_CURVE('',#10496,#10512,#10520,.T.);
#10520 = LINE('',#10521,#10522);
#10521 = CARTESIAN_POINT('',(312.6,122.968176,50.));
#10522 = VECTOR('',#10523,1.);
#10523 = DIRECTION('',(-1.,0.,0.));
#10524 = FACE_BOUND('',#10525,.F.);
#10525 = EDGE_LOOP('',(#10526,#10527,#10528,#10529));
#10526 = ORIENTED_EDGE('',*,*,#3994,.F.);
#10527 = ORIENTED_EDGE('',*,*,#4035,.F.);
#10528 = ORIENTED_EDGE('',*,*,#4018,.F.);
#10529 = ORIENTED_EDGE('',*,*,#3970,.F.);
#10530 = PLANE('',#10531);
#10531 = AXIS2_PLACEMENT_3D('',#10532,#10533,#10534);
#10532 = CARTESIAN_POINT('',(312.6,138.568176,50.));
#10533 = DIRECTION('',(0.,0.,1.));
#10534 = DIRECTION('',(-1.,0.,0.));
#10535 = ADVANCED_FACE('',(#10536,#10570),#10576,.F.);
#10536 = FACE_BOUND('',#10537,.F.);
#10537 = EDGE_LOOP('',(#10538,#10548,#10556,#10564));
#10538 = ORIENTED_EDGE('',*,*,#10539,.F.);
#10539 = EDGE_CURVE('',#10540,#10542,#10544,.T.);
#10540 = VERTEX_POINT('',#10541);
#10541 = CARTESIAN_POINT('',(293.55,124.280676,50.));
#10542 = VERTEX_POINT('',#10543);
#10543 = CARTESIAN_POINT('',(293.55,108.680676,50.));
#10544 = LINE('',#10545,#10546);
#10545 = CARTESIAN_POINT('',(293.55,124.280676,50.));
#10546 = VECTOR('',#10547,1.);
#10547 = DIRECTION('',(0.,-1.,0.));
#10548 = ORIENTED_EDGE('',*,*,#10549,.T.);
#10549 = EDGE_CURVE('',#10540,#10550,#10552,.T.);
#10550 = VERTEX_POINT('',#10551);
#10551 = CARTESIAN_POINT('',(277.95,124.280676,50.));
#10552 = LINE('',#10553,#10554);
#10553 = CARTESIAN_POINT('',(293.55,124.280676,50.));
#10554 = VECTOR('',#10555,1.);
#10555 = DIRECTION('',(-1.,0.,0.));
#10556 = ORIENTED_EDGE('',*,*,#10557,.T.);
#10557 = EDGE_CURVE('',#10550,#10558,#10560,.T.);
#10558 = VERTEX_POINT('',#10559);
#10559 = CARTESIAN_POINT('',(277.95,108.680676,50.));
#10560 = LINE('',#10561,#10562);
#10561 = CARTESIAN_POINT('',(277.95,124.280676,50.));
#10562 = VECTOR('',#10563,1.);
#10563 = DIRECTION('',(0.,-1.,0.));
#10564 = ORIENTED_EDGE('',*,*,#10565,.F.);
#10565 = EDGE_CURVE('',#10542,#10558,#10566,.T.);
#10566 = LINE('',#10567,#10568);
#10567 = CARTESIAN_POINT('',(293.55,108.680676,50.));
#10568 = VECTOR('',#10569,1.);
#10569 = DIRECTION('',(-1.,0.,0.));
#10570 = FACE_BOUND('',#10571,.F.);
#10571 = EDGE_LOOP('',(#10572,#10573,#10574,#10575));
#10572 = ORIENTED_EDGE('',*,*,#4090,.F.);
#10573 = ORIENTED_EDGE('',*,*,#4131,.F.);
#10574 = ORIENTED_EDGE('',*,*,#4114,.F.);
#10575 = ORIENTED_EDGE('',*,*,#4066,.F.);
#10576 = PLANE('',#10577);
#10577 = AXIS2_PLACEMENT_3D('',#10578,#10579,#10580);
#10578 = CARTESIAN_POINT('',(293.55,124.280676,50.));
#10579 = DIRECTION('',(0.,0.,1.));
#10580 = DIRECTION('',(-1.,0.,0.));
#10581 = ADVANCED_FACE('',(#10582,#10616),#10622,.F.);
#10582 = FACE_BOUND('',#10583,.F.);
#10583 = EDGE_LOOP('',(#10584,#10594,#10602,#10610));
#10584 = ORIENTED_EDGE('',*,*,#10585,.F.);
#10585 = EDGE_CURVE('',#10586,#10588,#10590,.T.);
#10586 = VERTEX_POINT('',#10587);
#10587 = CARTESIAN_POINT('',(331.65,138.568176,50.));
#10588 = VERTEX_POINT('',#10589);
#10589 = CARTESIAN_POINT('',(331.65,122.968176,50.));
#10590 = LINE('',#10591,#10592);
#10591 = CARTESIAN_POINT('',(331.65,138.568176,50.));
#10592 = VECTOR('',#10593,1.);
#10593 = DIRECTION('',(0.,-1.,0.));
#10594 = ORIENTED_EDGE('',*,*,#10595,.T.);
#10595 = EDGE_CURVE('',#10586,#10596,#10598,.T.);
#10596 = VERTEX_POINT('',#10597);
#10597 = CARTESIAN_POINT('',(316.05,138.568176,50.));
#10598 = LINE('',#10599,#10600);
#10599 = CARTESIAN_POINT('',(331.65,138.568176,50.));
#10600 = VECTOR('',#10601,1.);
#10601 = DIRECTION('',(-1.,0.,0.));
#10602 = ORIENTED_EDGE('',*,*,#10603,.T.);
#10603 = EDGE_CURVE('',#10596,#10604,#10606,.T.);
#10604 = VERTEX_POINT('',#10605);
#10605 = CARTESIAN_POINT('',(316.05,122.968176,50.));
#10606 = LINE('',#10607,#10608);
#10607 = CARTESIAN_POINT('',(316.05,138.568176,50.));
#10608 = VECTOR('',#10609,1.);
#10609 = DIRECTION('',(0.,-1.,0.));
#10610 = ORIENTED_EDGE('',*,*,#10611,.F.);
#10611 = EDGE_CURVE('',#10588,#10604,#10612,.T.);
#10612 = LINE('',#10613,#10614);
#10613 = CARTESIAN_POINT('',(331.65,122.968176,50.));
#10614 = VECTOR('',#10615,1.);
#10615 = DIRECTION('',(-1.,0.,0.));
#10616 = FACE_BOUND('',#10617,.F.);
#10617 = EDGE_LOOP('',(#10618,#10619,#10620,#10621));
#10618 = ORIENTED_EDGE('',*,*,#4211,.F.);
#10619 = ORIENTED_EDGE('',*,*,#4252,.F.);
#10620 = ORIENTED_EDGE('',*,*,#4235,.F.);
#10621 = ORIENTED_EDGE('',*,*,#4187,.F.);
#10622 = PLANE('',#10623);
#10623 = AXIS2_PLACEMENT_3D('',#10624,#10625,#10626);
#10624 = CARTESIAN_POINT('',(331.65,138.568176,50.));
#10625 = DIRECTION('',(0.,0.,1.));
#10626 = DIRECTION('',(-1.,0.,0.));
#10627 = ADVANCED_FACE('',(#10628,#10646),#10656,.F.);
#10628 = FACE_BOUND('',#10629,.F.);
#10629 = EDGE_LOOP('',(#10630,#10638,#10644,#10645));
#10630 = ORIENTED_EDGE('',*,*,#10631,.F.);
#10631 = EDGE_CURVE('',#10632,#4292,#10634,.T.);
#10632 = VERTEX_POINT('',#10633);
#10633 = CARTESIAN_POINT('',(334.85,100.,49.5));
#10634 = LINE('',#10635,#10636);
#10635 = CARTESIAN_POINT('',(334.85,100.,49.5));
#10636 = VECTOR('',#10637,1.);
#10637 = DIRECTION('',(0.,1.,0.));
#10638 = ORIENTED_EDGE('',*,*,#10639,.T.);
#10639 = EDGE_CURVE('',#10632,#4355,#10640,.T.);
#10640 = LINE('',#10641,#10642);
#10641 = CARTESIAN_POINT('',(334.85,100.,49.5));
#10642 = VECTOR('',#10643,1.);
#10643 = DIRECTION('',(1.,0.,0.));
#10644 = ORIENTED_EDGE('',*,*,#4364,.T.);
#10645 = ORIENTED_EDGE('',*,*,#4291,.F.);
#10646 = FACE_BOUND('',#10647,.F.);
#10647 = EDGE_LOOP('',(#10648,#10649,#10650,#10651,#10652,#10653,#10654,
    #10655));
#10648 = ORIENTED_EDGE('',*,*,#4565,.F.);
#10649 = ORIENTED_EDGE('',*,*,#4524,.T.);
#10650 = ORIENTED_EDGE('',*,*,#4467,.F.);
#10651 = ORIENTED_EDGE('',*,*,#4491,.F.);
#10652 = ORIENTED_EDGE('',*,*,#4547,.F.);
#10653 = ORIENTED_EDGE('',*,*,#4598,.F.);
#10654 = ORIENTED_EDGE('',*,*,#4638,.F.);
#10655 = ORIENTED_EDGE('',*,*,#4613,.T.);
#10656 = PLANE('',#10657);
#10657 = AXIS2_PLACEMENT_3D('',#10658,#10659,#10660);
#10658 = CARTESIAN_POINT('',(334.85,100.,49.5));
#10659 = DIRECTION('',(0.,0.,1.));
#10660 = DIRECTION('',(1.,0.,0.));
#10661 = ADVANCED_FACE('',(#10662),#10673,.F.);
#10662 = FACE_BOUND('',#10663,.F.);
#10663 = EDGE_LOOP('',(#10664,#10670,#10671,#10672));
#10664 = ORIENTED_EDGE('',*,*,#10665,.F.);
#10665 = EDGE_CURVE('',#10632,#7894,#10666,.T.);
#10666 = LINE('',#10667,#10668);
#10667 = CARTESIAN_POINT('',(334.85,100.,49.5));
#10668 = VECTOR('',#10669,1.);
#10669 = DIRECTION('',(0.,0.,1.));
#10670 = ORIENTED_EDGE('',*,*,#10631,.T.);
#10671 = ORIENTED_EDGE('',*,*,#4301,.T.);
#10672 = ORIENTED_EDGE('',*,*,#7893,.F.);
#10673 = PLANE('',#10674);
#10674 = AXIS2_PLACEMENT_3D('',#10675,#10676,#10677);
#10675 = CARTESIAN_POINT('',(334.85,100.,49.5));
#10676 = DIRECTION('',(1.,0.,0.));
#10677 = DIRECTION('',(0.,0.,1.));
#10678 = ADVANCED_FACE('',(#10679),#10685,.F.);
#10679 = FACE_BOUND('',#10680,.F.);
#10680 = EDGE_LOOP('',(#10681,#10682,#10683,#10684));
#10681 = ORIENTED_EDGE('',*,*,#4354,.F.);
#10682 = ORIENTED_EDGE('',*,*,#10639,.F.);
#10683 = ORIENTED_EDGE('',*,*,#10665,.T.);
#10684 = ORIENTED_EDGE('',*,*,#7901,.F.);
#10685 = PLANE('',#10686);
#10686 = AXIS2_PLACEMENT_3D('',#10687,#10688,#10689);
#10687 = CARTESIAN_POINT('',(334.85,100.,49.5));
#10688 = DIRECTION('',(0.,1.,0.));
#10689 = DIRECTION('',(0.,0.,1.));
#10690 = ADVANCED_FACE('',(#10691,#10725),#10731,.F.);
#10691 = FACE_BOUND('',#10692,.F.);
#10692 = EDGE_LOOP('',(#10693,#10703,#10711,#10719));
#10693 = ORIENTED_EDGE('',*,*,#10694,.F.);
#10694 = EDGE_CURVE('',#10695,#10697,#10699,.T.);
#10695 = VERTEX_POINT('',#10696);
#10696 = CARTESIAN_POINT('',(236.4,119.518176,50.));
#10697 = VERTEX_POINT('',#10698);
#10698 = CARTESIAN_POINT('',(236.4,103.918176,50.));
#10699 = LINE('',#10700,#10701);
#10700 = CARTESIAN_POINT('',(236.4,119.518176,50.));
#10701 = VECTOR('',#10702,1.);
#10702 = DIRECTION('',(0.,-1.,0.));
#10703 = ORIENTED_EDGE('',*,*,#10704,.T.);
#10704 = EDGE_CURVE('',#10695,#10705,#10707,.T.);
#10705 = VERTEX_POINT('',#10706);
#10706 = CARTESIAN_POINT('',(220.8,119.518176,50.));
#10707 = LINE('',#10708,#10709);
#10708 = CARTESIAN_POINT('',(236.4,119.518176,50.));
#10709 = VECTOR('',#10710,1.);
#10710 = DIRECTION('',(-1.,0.,0.));
#10711 = ORIENTED_EDGE('',*,*,#10712,.T.);
#10712 = EDGE_CURVE('',#10705,#10713,#10715,.T.);
#10713 = VERTEX_POINT('',#10714);
#10714 = CARTESIAN_POINT('',(220.8,103.918176,50.));
#10715 = LINE('',#10716,#10717);
#10716 = CARTESIAN_POINT('',(220.8,119.518176,50.));
#10717 = VECTOR('',#10718,1.);
#10718 = DIRECTION('',(0.,-1.,0.));
#10719 = ORIENTED_EDGE('',*,*,#10720,.F.);
#10720 = EDGE_CURVE('',#10697,#10713,#10721,.T.);
#10721 = LINE('',#10722,#10723);
#10722 = CARTESIAN_POINT('',(236.4,103.918176,50.));
#10723 = VECTOR('',#10724,1.);
#10724 = DIRECTION('',(-1.,0.,0.));
#10725 = FACE_BOUND('',#10726,.F.);
#10726 = EDGE_LOOP('',(#10727,#10728,#10729,#10730));
#10727 = ORIENTED_EDGE('',*,*,#4792,.F.);
#10728 = ORIENTED_EDGE('',*,*,#4833,.F.);
#10729 = ORIENTED_EDGE('',*,*,#4816,.F.);
#10730 = ORIENTED_EDGE('',*,*,#4768,.F.);
#10731 = PLANE('',#10732);
#10732 = AXIS2_PLACEMENT_3D('',#10733,#10734,#10735);
#10733 = CARTESIAN_POINT('',(236.4,119.518176,50.));
#10734 = DIRECTION('',(0.,0.,1.));
#10735 = DIRECTION('',(-1.,0.,0.));
#10736 = ADVANCED_FACE('',(#10737,#10771),#10777,.F.);
#10737 = FACE_BOUND('',#10738,.F.);
#10738 = EDGE_LOOP('',(#10739,#10749,#10757,#10765));
#10739 = ORIENTED_EDGE('',*,*,#10740,.F.);
#10740 = EDGE_CURVE('',#10741,#10743,#10745,.T.);
#10741 = VERTEX_POINT('',#10742);
#10742 = CARTESIAN_POINT('',(236.4,100.468176,50.));
#10743 = VERTEX_POINT('',#10744);
#10744 = CARTESIAN_POINT('',(236.4,84.868176,50.));
#10745 = LINE('',#10746,#10747);
#10746 = CARTESIAN_POINT('',(236.4,100.468176,50.));
#10747 = VECTOR('',#10748,1.);
#10748 = DIRECTION('',(0.,-1.,0.));
#10749 = ORIENTED_EDGE('',*,*,#10750,.T.);
#10750 = EDGE_CURVE('',#10741,#10751,#10753,.T.);
#10751 = VERTEX_POINT('',#10752);
#10752 = CARTESIAN_POINT('',(220.8,100.468176,50.));
#10753 = LINE('',#10754,#10755);
#10754 = CARTESIAN_POINT('',(236.4,100.468176,50.));
#10755 = VECTOR('',#10756,1.);
#10756 = DIRECTION('',(-1.,0.,0.));
#10757 = ORIENTED_EDGE('',*,*,#10758,.T.);
#10758 = EDGE_CURVE('',#10751,#10759,#10761,.T.);
#10759 = VERTEX_POINT('',#10760);
#10760 = CARTESIAN_POINT('',(220.8,84.868176,50.));
#10761 = LINE('',#10762,#10763);
#10762 = CARTESIAN_POINT('',(220.8,100.468176,50.));
#10763 = VECTOR('',#10764,1.);
#10764 = DIRECTION('',(0.,-1.,0.));
#10765 = ORIENTED_EDGE('',*,*,#10766,.F.);
#10766 = EDGE_CURVE('',#10743,#10759,#10767,.T.);
#10767 = LINE('',#10768,#10769);
#10768 = CARTESIAN_POINT('',(236.4,84.868176,50.));
#10769 = VECTOR('',#10770,1.);
#10770 = DIRECTION('',(-1.,0.,0.));
#10771 = FACE_BOUND('',#10772,.F.);
#10772 = EDGE_LOOP('',(#10773,#10774,#10775,#10776));
#10773 = ORIENTED_EDGE('',*,*,#4888,.F.);
#10774 = ORIENTED_EDGE('',*,*,#4929,.F.);
#10775 = ORIENTED_EDGE('',*,*,#4912,.F.);
#10776 = ORIENTED_EDGE('',*,*,#4864,.F.);
#10777 = PLANE('',#10778);
#10778 = AXIS2_PLACEMENT_3D('',#10779,#10780,#10781);
#10779 = CARTESIAN_POINT('',(236.4,100.468176,50.));
#10780 = DIRECTION('',(0.,0.,1.));
#10781 = DIRECTION('',(-1.,0.,0.));
#10782 = ADVANCED_FACE('',(#10783),#10794,.F.);
#10783 = FACE_BOUND('',#10784,.F.);
#10784 = EDGE_LOOP('',(#10785,#10786,#10792,#10793));
#10785 = ORIENTED_EDGE('',*,*,#10203,.F.);
#10786 = ORIENTED_EDGE('',*,*,#10787,.F.);
#10787 = EDGE_CURVE('',#8071,#10204,#10788,.T.);
#10788 = LINE('',#10789,#10790);
#10789 = CARTESIAN_POINT('',(259.,109.993176,48.9));
#10790 = VECTOR('',#10791,1.);
#10791 = DIRECTION('',(0.,0.,1.));
#10792 = ORIENTED_EDGE('',*,*,#8078,.F.);
#10793 = ORIENTED_EDGE('',*,*,#4979,.T.);
#10794 = PLANE('',#10795);
#10795 = AXIS2_PLACEMENT_3D('',#10796,#10797,#10798);
#10796 = CARTESIAN_POINT('',(259.,108.,48.5));
#10797 = DIRECTION('',(1.,0.,0.));
#10798 = DIRECTION('',(0.,0.,1.));
#10799 = ADVANCED_FACE('',(#10800),#10811,.F.);
#10800 = FACE_BOUND('',#10801,.F.);
#10801 = EDGE_LOOP('',(#10802,#10808,#10809,#10810));
#10802 = ORIENTED_EDGE('',*,*,#10803,.T.);
#10803 = EDGE_CURVE('',#7991,#10189,#10804,.T.);
#10804 = LINE('',#10805,#10806);
#10805 = CARTESIAN_POINT('',(259.,113.443176,48.9));
#10806 = VECTOR('',#10807,1.);
#10807 = DIRECTION('',(0.,0.,1.));
#10808 = ORIENTED_EDGE('',*,*,#10196,.F.);
#10809 = ORIENTED_EDGE('',*,*,#4962,.F.);
#10810 = ORIENTED_EDGE('',*,*,#8086,.F.);
#10811 = PLANE('',#10812);
#10812 = AXIS2_PLACEMENT_3D('',#10813,#10814,#10815);
#10813 = CARTESIAN_POINT('',(259.,108.,48.5));
#10814 = DIRECTION('',(1.,0.,0.));
#10815 = DIRECTION('',(0.,0.,1.));
#10816 = ADVANCED_FACE('',(#10817,#10851),#10857,.F.);
#10817 = FACE_BOUND('',#10818,.F.);
#10818 = EDGE_LOOP('',(#10819,#10829,#10837,#10845));
#10819 = ORIENTED_EDGE('',*,*,#10820,.F.);
#10820 = EDGE_CURVE('',#10821,#10823,#10825,.T.);
#10821 = VERTEX_POINT('',#10822);
#10822 = CARTESIAN_POINT('',(255.45,105.230676,50.));
#10823 = VERTEX_POINT('',#10824);
#10824 = CARTESIAN_POINT('',(255.45,89.630676,50.));
#10825 = LINE('',#10826,#10827);
#10826 = CARTESIAN_POINT('',(255.45,105.230676,50.));
#10827 = VECTOR('',#10828,1.);
#10828 = DIRECTION('',(0.,-1.,0.));
#10829 = ORIENTED_EDGE('',*,*,#10830,.T.);
#10830 = EDGE_CURVE('',#10821,#10831,#10833,.T.);
#10831 = VERTEX_POINT('',#10832);
#10832 = CARTESIAN_POINT('',(239.85,105.230676,50.));
#10833 = LINE('',#10834,#10835);
#10834 = CARTESIAN_POINT('',(255.45,105.230676,50.));
#10835 = VECTOR('',#10836,1.);
#10836 = DIRECTION('',(-1.,0.,0.));
#10837 = ORIENTED_EDGE('',*,*,#10838,.T.);
#10838 = EDGE_CURVE('',#10831,#10839,#10841,.T.);
#10839 = VERTEX_POINT('',#10840);
#10840 = CARTESIAN_POINT('',(239.85,89.630676,50.));
#10841 = LINE('',#10842,#10843);
#10842 = CARTESIAN_POINT('',(239.85,105.230676,50.));
#10843 = VECTOR('',#10844,1.);
#10844 = DIRECTION('',(0.,-1.,0.));
#10845 = ORIENTED_EDGE('',*,*,#10846,.F.);
#10846 = EDGE_CURVE('',#10823,#10839,#10847,.T.);
#10847 = LINE('',#10848,#10849);
#10848 = CARTESIAN_POINT('',(255.45,89.630676,50.));
#10849 = VECTOR('',#10850,1.);
#10850 = DIRECTION('',(-1.,0.,0.));
#10851 = FACE_BOUND('',#10852,.F.);
#10852 = EDGE_LOOP('',(#10853,#10854,#10855,#10856));
#10853 = ORIENTED_EDGE('',*,*,#5139,.F.);
#10854 = ORIENTED_EDGE('',*,*,#5180,.F.);
#10855 = ORIENTED_EDGE('',*,*,#5163,.F.);
#10856 = ORIENTED_EDGE('',*,*,#5115,.F.);
#10857 = PLANE('',#10858);
#10858 = AXIS2_PLACEMENT_3D('',#10859,#10860,#10861);
#10859 = CARTESIAN_POINT('',(255.45,105.230676,50.));
#10860 = DIRECTION('',(0.,0.,1.));
#10861 = DIRECTION('',(-1.,0.,0.));
#10862 = ADVANCED_FACE('',(#10863,#11121),#11163,.T.);
#10863 = FACE_BOUND('',#10864,.T.);
#10864 = EDGE_LOOP('',(#10865,#10875,#10883,#10891,#10899,#10907,#10915,
    #10923,#10931,#10939,#10947,#10955,#10963,#10971,#10979,#10987,
    #10995,#11003,#11011,#11019,#11027,#11035,#11043,#11051,#11059,
    #11067,#11075,#11083,#11091,#11099,#11107,#11115));
#10865 = ORIENTED_EDGE('',*,*,#10866,.F.);
#10866 = EDGE_CURVE('',#10867,#10869,#10871,.T.);
#10867 = VERTEX_POINT('',#10868);
#10868 = CARTESIAN_POINT('',(208.06358475411,63.363636667401,50.));
#10869 = VERTEX_POINT('',#10870);
#10870 = CARTESIAN_POINT('',(209.19996659695,62.227254824563,50.));
#10871 = LINE('',#10872,#10873);
#10872 = CARTESIAN_POINT('',(167.22419847307,104.20302294844,50.));
#10873 = VECTOR('',#10874,1.);
#10874 = DIRECTION('',(0.707106781187,-0.707106781187,0.));
#10875 = ORIENTED_EDGE('',*,*,#10876,.T.);
#10876 = EDGE_CURVE('',#10867,#10877,#10879,.T.);
#10877 = VERTEX_POINT('',#10878);
#10878 = CARTESIAN_POINT('',(208.4186291501,63.718681063388,50.));
#10879 = LINE('',#10880,#10881);
#10880 = CARTESIAN_POINT('',(140.6671443092,-4.03280377751,50.));
#10881 = VECTOR('',#10882,1.);
#10882 = DIRECTION('',(0.707106781187,0.707106781187,0.));
#10883 = ORIENTED_EDGE('',*,*,#10884,.T.);
#10884 = EDGE_CURVE('',#10877,#10885,#10887,.T.);
#10885 = VERTEX_POINT('',#10886);
#10886 = CARTESIAN_POINT('',(198.51913421349,73.618176,50.));
#10887 = LINE('',#10888,#10889);
#10888 = CARTESIAN_POINT('',(209.55,62.58731021349,50.));
#10889 = VECTOR('',#10890,1.);
#10890 = DIRECTION('',(-0.707106781187,0.707106781187,0.));
#10891 = ORIENTED_EDGE('',*,*,#10892,.F.);
#10892 = EDGE_CURVE('',#10893,#10885,#10895,.T.);
#10893 = VERTEX_POINT('',#10894);
#10894 = CARTESIAN_POINT('',(199.20353678584,74.302578572357,50.));
#10895 = LINE('',#10896,#10897);
#10896 = CARTESIAN_POINT('',(209.55,84.64904178651,50.));
#10897 = VECTOR('',#10898,1.);
#10898 = DIRECTION('',(-0.707106781187,-0.707106781187,0.));
#10899 = ORIENTED_EDGE('',*,*,#10900,.F.);
#10900 = EDGE_CURVE('',#10901,#10893,#10903,.T.);
#10901 = VERTEX_POINT('',#10902);
#10902 = CARTESIAN_POINT('',(193.35723916446,80.148876193736,50.));
#10903 = LINE('',#10904,#10905);
#10904 = CARTESIAN_POINT('',(165.33799113426,108.16812422394,50.));
#10905 = VECTOR('',#10906,1.);
#10906 = DIRECTION('',(0.707106781187,-0.707106781187,0.));
#10907 = ORIENTED_EDGE('',*,*,#10908,.F.);
#10908 = EDGE_CURVE('',#10909,#10901,#10911,.T.);
#10909 = VERTEX_POINT('',#10910);
#10910 = CARTESIAN_POINT('',(195.6411940677,82.432831096968,50.));
#10911 = LINE('',#10912,#10913);
#10912 = CARTESIAN_POINT('',(126.405530489,13.197167518276,50.));
#10913 = VECTOR('',#10914,1.);
#10914 = DIRECTION('',(-0.707106781187,-0.707106781187,0.));
#10915 = ORIENTED_EDGE('',*,*,#10916,.F.);
#10916 = EDGE_CURVE('',#10917,#10909,#10919,.T.);
#10917 = VERTEX_POINT('',#10918);
#10918 = CARTESIAN_POINT('',(195.05783097322,83.016194191447,50.));
#10919 = LINE('',#10920,#10921);
#10920 = CARTESIAN_POINT('',(167.33026449025,110.74376067441,50.));
#10921 = VECTOR('',#10922,1.);
#10922 = DIRECTION('',(0.707106781187,-0.707106781187,0.));
#10923 = ORIENTED_EDGE('',*,*,#10924,.F.);
#10924 = EDGE_CURVE('',#10925,#10917,#10927,.T.);
#10925 = VERTEX_POINT('',#10926);
#10926 = CARTESIAN_POINT('',(198.15849420872,86.116857426951,50.));
#10927 = LINE('',#10928,#10929);
#10928 = CARTESIAN_POINT('',(126.80681358733,14.765176805557,50.));
#10929 = VECTOR('',#10930,1.);
#10930 = DIRECTION('',(-0.707106781187,-0.707106781187,0.));
#10931 = ORIENTED_EDGE('',*,*,#10932,.F.);
#10932 = EDGE_CURVE('',#10933,#10925,#10935,.T.);
#10933 = VERTEX_POINT('',#10934);
#10934 = CARTESIAN_POINT('',(198.7418573032,85.533494332472,50.));
#10935 = LINE('',#10936,#10937);
#10936 = CARTESIAN_POINT('',(170.72260927299,113.55274236268,50.));
#10937 = VECTOR('',#10938,1.);
#10938 = DIRECTION('',(-0.707106781187,0.707106781187,0.));
#10939 = ORIENTED_EDGE('',*,*,#10940,.F.);
#10940 = EDGE_CURVE('',#10941,#10933,#10943,.T.);
#10941 = VERTEX_POINT('',#10942);
#10942 = CARTESIAN_POINT('',(203.18602342296,89.977660452229,50.));
#10943 = LINE('',#10944,#10945);
#10944 = CARTESIAN_POINT('',(129.61225974168,16.403896770957,50.));
#10945 = VECTOR('',#10946,1.);
#10946 = DIRECTION('',(-0.707106781187,-0.707106781187,0.));
#10947 = ORIENTED_EDGE('',*,*,#10948,.F.);
#10948 = EDGE_CURVE('',#10949,#10941,#10951,.T.);
#10949 = VERTEX_POINT('',#10950);
#10950 = CARTESIAN_POINT('',(204.4057826205,88.757901254682,50.));
#10951 = LINE('',#10952,#10953);
#10952 = CARTESIAN_POINT('',(175.77665499152,117.38702888366,50.));
#10953 = VECTOR('',#10954,1.);
#10954 = DIRECTION('',(-0.707106781187,0.707106781187,0.));
#10955 = ORIENTED_EDGE('',*,*,#10956,.F.);
#10956 = EDGE_CURVE('',#10957,#10949,#10959,.T.);
#10957 = VERTEX_POINT('',#10958);
#10958 = CARTESIAN_POINT('',(205.25431075793,89.606429392106,50.));
#10959 = LINE('',#10960,#10961);
#10960 = CARTESIAN_POINT('',(131.25628300794,15.608401642122,50.));
#10961 = VECTOR('',#10962,1.);
#10962 = DIRECTION('',(-0.707106781187,-0.707106781187,0.));
#10963 = ORIENTED_EDGE('',*,*,#10964,.F.);
#10964 = EDGE_CURVE('',#10965,#10957,#10967,.T.);
#10965 = VERTEX_POINT('',#10966);
#10966 = CARTESIAN_POINT('',(208.71913398574,86.141606164292,50.));
#10967 = LINE('',#10968,#10969);
#10968 = CARTESIAN_POINT('',(177.7919093179,117.06883083213,50.));
#10969 = VECTOR('',#10970,1.);
#10970 = DIRECTION('',(-0.707106781187,0.707106781187,0.));
#10971 = ORIENTED_EDGE('',*,*,#10972,.F.);
#10972 = EDGE_CURVE('',#10973,#10965,#10975,.T.);
#10973 = VERTEX_POINT('',#10974);
#10974 = CARTESIAN_POINT('',(207.87060584832,85.293078026868,50.));
#10975 = LINE('',#10976,#10977);
#10976 = CARTESIAN_POINT('',(134.29684216704,11.719314345596,50.));
#10977 = VECTOR('',#10978,1.);
#10978 = DIRECTION('',(0.707106781187,0.707106781187,0.));
#10979 = ORIENTED_EDGE('',*,*,#10980,.F.);
#10980 = EDGE_CURVE('',#10981,#10973,#10983,.T.);
#10981 = VERTEX_POINT('',#10982);
#10982 = CARTESIAN_POINT('',(209.03232104433,84.131362830849,50.));
#10983 = LINE('',#10984,#10985);
#10984 = CARTESIAN_POINT('',(177.55326077925,115.61042309593,50.));
#10985 = VECTOR('',#10986,1.);
#10986 = DIRECTION('',(-0.707106781187,0.707106781187,0.));
#10987 = ORIENTED_EDGE('',*,*,#10988,.F.);
#10988 = EDGE_CURVE('',#10989,#10981,#10991,.T.);
#10989 = VERTEX_POINT('',#10990);
#10990 = CARTESIAN_POINT('',(209.55,84.64904178651,50.));
#10991 = LINE('',#10992,#10993);
#10992 = CARTESIAN_POINT('',(209.55,84.64904178651,50.));
#10993 = VECTOR('',#10994,1.);
#10994 = DIRECTION('',(-0.707106781187,-0.707106781187,0.));
#10995 = ORIENTED_EDGE('',*,*,#10996,.F.);
#10996 = EDGE_CURVE('',#10997,#10989,#10999,.T.);
#10997 = VERTEX_POINT('',#10998);
#10998 = CARTESIAN_POINT('',(220.58086578651,73.618176,50.));
#10999 = LINE('',#11000,#11001);
#11000 = CARTESIAN_POINT('',(220.58086578651,73.618176,50.));
#11001 = VECTOR('',#11002,1.);
#11002 = DIRECTION('',(-0.707106781187,0.707106781187,0.));
#11003 = ORIENTED_EDGE('',*,*,#11004,.T.);
#11004 = EDGE_CURVE('',#10997,#11005,#11007,.T.);
#11005 = VERTEX_POINT('',#11006);
#11006 = CARTESIAN_POINT('',(220.22582139052,73.263131604012,50.));
#11007 = LINE('',#11008,#11009);
#11008 = CARTESIAN_POINT('',(220.58086578651,73.618176,50.));
#11009 = VECTOR('',#11010,1.);
#11010 = DIRECTION('',(-0.707106781187,-0.707106781187,0.));
#11011 = ORIENTED_EDGE('',*,*,#11012,.F.);
#11012 = EDGE_CURVE('',#11013,#11005,#11015,.T.);
#11013 = VERTEX_POINT('',#11014);
#11014 = CARTESIAN_POINT('',(220.23083238346,73.258120611073,50.));
#11015 = LINE('',#11016,#11017);
#11016 = CARTESIAN_POINT('',(183.20481172789,110.28414126664,50.));
#11017 = VECTOR('',#11018,1.);
#11018 = DIRECTION('',(-0.707106781187,0.707106781187,0.));
#11019 = ORIENTED_EDGE('',*,*,#11020,.F.);
#11020 = EDGE_CURVE('',#11021,#11013,#11023,.T.);
#11021 = VERTEX_POINT('',#11022);
#11022 = CARTESIAN_POINT('',(220.06819782378,73.0954860514,50.));
#11023 = LINE('',#11024,#11025);
#11024 = CARTESIAN_POINT('',(144.91405048656,-2.058661285824,50.));
#11025 = VECTOR('',#11026,1.);
#11026 = DIRECTION('',(0.707106781187,0.707106781187,0.));
#11027 = ORIENTED_EDGE('',*,*,#11028,.F.);
#11028 = EDGE_CURVE('',#11029,#11021,#11031,.T.);
#11029 = VERTEX_POINT('',#11030);
#11030 = CARTESIAN_POINT('',(221.23492401274,71.928759862442,50.));
#11031 = LINE('',#11032,#11033);
#11032 = CARTESIAN_POINT('',(184.19122568764,108.97245818754,50.));
#11033 = VECTOR('',#11034,1.);
#11034 = DIRECTION('',(-0.707106781187,0.707106781187,0.));
#11035 = ORIENTED_EDGE('',*,*,#11036,.F.);
#11036 = EDGE_CURVE('',#11037,#11029,#11039,.T.);
#11037 = VERTEX_POINT('',#11038);
#11038 = CARTESIAN_POINT('',(222.08345215017,72.777287999866,50.));
#11039 = LINE('',#11040,#11041);
#11040 = CARTESIAN_POINT('',(148.08542440018,-1.220739750118,50.));
#11041 = VECTOR('',#11042,1.);
#11042 = DIRECTION('',(-0.707106781187,-0.707106781187,0.));
#11043 = ORIENTED_EDGE('',*,*,#11044,.F.);
#11044 = EDGE_CURVE('',#11045,#11037,#11047,.T.);
#11045 = VERTEX_POINT('',#11046);
#11046 = CARTESIAN_POINT('',(225.54827537798,69.312464772052,50.));
#11047 = LINE('',#11048,#11049);
#11048 = CARTESIAN_POINT('',(186.20648001402,108.65426013601,50.));
#11049 = VECTOR('',#11050,1.);
#11050 = DIRECTION('',(-0.707106781187,0.707106781187,0.));
#11051 = ORIENTED_EDGE('',*,*,#11052,.F.);
#11052 = EDGE_CURVE('',#11053,#11045,#11055,.T.);
#11053 = VERTEX_POINT('',#11054);
#11054 = CARTESIAN_POINT('',(224.69974724056,68.463936634628,50.));
#11055 = LINE('',#11056,#11057);
#11056 = CARTESIAN_POINT('',(151.12598355928,-5.109827046643,50.));
#11057 = VECTOR('',#11058,1.);
#11058 = DIRECTION('',(0.707106781187,0.707106781187,0.));
#11059 = ORIENTED_EDGE('',*,*,#11060,.F.);
#11060 = EDGE_CURVE('',#11061,#11053,#11063,.T.);
#11061 = VERTEX_POINT('',#11062);
#11062 = CARTESIAN_POINT('',(225.9195064381,67.244177437081,50.));
#11063 = LINE('',#11064,#11065);
#11064 = CARTESIAN_POINT('',(185.96783147537,107.19585239981,50.));
#11065 = VECTOR('',#11066,1.);
#11066 = DIRECTION('',(-0.707106781187,0.707106781187,0.));
#11067 = ORIENTED_EDGE('',*,*,#11068,.F.);
#11068 = EDGE_CURVE('',#11069,#11061,#11071,.T.);
#11069 = VERTEX_POINT('',#11070);
#11070 = CARTESIAN_POINT('',(221.47534031835,62.800011317324,50.));
#11071 = LINE('',#11072,#11073);
#11072 = CARTESIAN_POINT('',(150.12365969695,-8.551669304069,50.));
#11073 = VECTOR('',#11074,1.);
#11074 = DIRECTION('',(0.707106781187,0.707106781187,0.));
#11075 = ORIENTED_EDGE('',*,*,#11076,.F.);
#11076 = EDGE_CURVE('',#11077,#11069,#11079,.T.);
#11077 = VERTEX_POINT('',#11078);
#11078 = CARTESIAN_POINT('',(222.05870341282,62.216648222845,50.));
#11079 = LINE('',#11080,#11081);
#11080 = CARTESIAN_POINT('',(181.81534690285,102.46000473281,50.));
#11081 = VECTOR('',#11082,1.);
#11082 = DIRECTION('',(-0.707106781187,0.707106781187,0.));
#11083 = ORIENTED_EDGE('',*,*,#11084,.F.);
#11084 = EDGE_CURVE('',#11085,#11077,#11087,.T.);
#11085 = VERTEX_POINT('',#11086);
#11086 = CARTESIAN_POINT('',(218.95804017732,59.115984987342,50.));
#11087 = LINE('',#11088,#11089);
#11088 = CARTESIAN_POINT('',(149.72237659863,-10.11967859135,50.));
#11089 = VECTOR('',#11090,1.);
#11090 = DIRECTION('',(0.707106781187,0.707106781187,0.));
#11091 = ORIENTED_EDGE('',*,*,#11092,.F.);
#11092 = EDGE_CURVE('',#11093,#11085,#11095,.T.);
#11093 = VERTEX_POINT('',#11094);
#11094 = CARTESIAN_POINT('',(218.37467708284,59.699348081821,50.));
#11095 = LINE('',#11096,#11097);
#11096 = CARTESIAN_POINT('',(178.42300212011,99.651023044552,50.));
#11097 = VECTOR('',#11098,1.);
#11098 = DIRECTION('',(0.707106781187,-0.707106781187,0.));
#11099 = ORIENTED_EDGE('',*,*,#11100,.F.);
#11100 = EDGE_CURVE('',#11101,#11093,#11103,.T.);
#11101 = VERTEX_POINT('',#11102);
#11102 = CARTESIAN_POINT('',(216.09072217961,57.415393178588,50.));
#11103 = LINE('',#11104,#11105);
#11104 = CARTESIAN_POINT('',(147.99703605253,-10.67829294848,50.));
#11105 = VECTOR('',#11106,1.);
#11106 = DIRECTION('',(0.707106781187,0.707106781187,0.));
#11107 = ORIENTED_EDGE('',*,*,#11108,.F.);
#11108 = EDGE_CURVE('',#11109,#11101,#11111,.T.);
#11109 = VERTEX_POINT('',#11110);
#11110 = CARTESIAN_POINT('',(210.23941356529,63.266701792907,50.));
#11111 = LINE('',#11112,#11113);
#11112 = CARTESIAN_POINT('',(173.75256183037,99.753553527824,50.));
#11113 = VECTOR('',#11114,1.);
#11114 = DIRECTION('',(0.707106781187,-0.707106781187,0.));
#11115 = ORIENTED_EDGE('',*,*,#11116,.F.);
#11116 = EDGE_CURVE('',#10869,#11109,#11117,.T.);
#11117 = LINE('',#11118,#11119);
#11118 = CARTESIAN_POINT('',(141.62600395404,-5.346707818341,50.));
#11119 = VECTOR('',#11120,1.);
#11120 = DIRECTION('',(0.707106781187,0.707106781187,0.));
#11121 = FACE_BOUND('',#11122,.T.);
#11122 = EDGE_LOOP('',(#11123,#11124,#11125,#11126,#11127,#11128,#11129,
    #11130,#11131,#11132,#11133,#11134,#11135,#11136,#11137,#11138,
    #11139,#11140,#11141,#11142,#11143,#11144,#11145,#11146,#11147,
    #11148,#11149,#11150,#11151,#11152,#11153,#11154,#11155,#11156,
    #11157,#11158,#11159,#11160,#11161,#11162));
#11123 = ORIENTED_EDGE('',*,*,#5235,.T.);
#11124 = ORIENTED_EDGE('',*,*,#5211,.T.);
#11125 = ORIENTED_EDGE('',*,*,#5259,.T.);
#11126 = ORIENTED_EDGE('',*,*,#5307,.T.);
#11127 = ORIENTED_EDGE('',*,*,#5355,.T.);
#11128 = ORIENTED_EDGE('',*,*,#5403,.T.);
#11129 = ORIENTED_EDGE('',*,*,#5451,.T.);
#11130 = ORIENTED_EDGE('',*,*,#5499,.T.);
#11131 = ORIENTED_EDGE('',*,*,#5547,.T.);
#11132 = ORIENTED_EDGE('',*,*,#5595,.T.);
#11133 = ORIENTED_EDGE('',*,*,#5643,.T.);
#11134 = ORIENTED_EDGE('',*,*,#5691,.T.);
#11135 = ORIENTED_EDGE('',*,*,#5739,.T.);
#11136 = ORIENTED_EDGE('',*,*,#5787,.T.);
#11137 = ORIENTED_EDGE('',*,*,#5835,.T.);
#11138 = ORIENTED_EDGE('',*,*,#5883,.T.);
#11139 = ORIENTED_EDGE('',*,*,#5931,.T.);
#11140 = ORIENTED_EDGE('',*,*,#5977,.T.);
#11141 = ORIENTED_EDGE('',*,*,#6025,.T.);
#11142 = ORIENTED_EDGE('',*,*,#6066,.F.);
#11143 = ORIENTED_EDGE('',*,*,#6123,.T.);
#11144 = ORIENTED_EDGE('',*,*,#6140,.T.);
#11145 = ORIENTED_EDGE('',*,*,#6099,.T.);
#11146 = ORIENTED_EDGE('',*,*,#6051,.T.);
#11147 = ORIENTED_EDGE('',*,*,#6003,.T.);
#11148 = ORIENTED_EDGE('',*,*,#5955,.T.);
#11149 = ORIENTED_EDGE('',*,*,#5907,.T.);
#11150 = ORIENTED_EDGE('',*,*,#5859,.T.);
#11151 = ORIENTED_EDGE('',*,*,#5811,.T.);
#11152 = ORIENTED_EDGE('',*,*,#5763,.T.);
#11153 = ORIENTED_EDGE('',*,*,#5715,.T.);
#11154 = ORIENTED_EDGE('',*,*,#5667,.T.);
#11155 = ORIENTED_EDGE('',*,*,#5619,.T.);
#11156 = ORIENTED_EDGE('',*,*,#5571,.T.);
#11157 = ORIENTED_EDGE('',*,*,#5523,.T.);
#11158 = ORIENTED_EDGE('',*,*,#5465,.F.);
#11159 = ORIENTED_EDGE('',*,*,#5417,.T.);
#11160 = ORIENTED_EDGE('',*,*,#5378,.F.);
#11161 = ORIENTED_EDGE('',*,*,#5321,.T.);
#11162 = ORIENTED_EDGE('',*,*,#5283,.T.);
#11163 = PLANE('',#11164);
#11164 = AXIS2_PLACEMENT_3D('',#11165,#11166,#11167);
#11165 = CARTESIAN_POINT('',(209.86548706175,73.828863429937,50.));
#11166 = DIRECTION('',(-0.,-0.,-1.));
#11167 = DIRECTION('',(-1.,0.,0.));
#11168 = ADVANCED_FACE('',(#11169,#11203),#11209,.F.);
#11169 = FACE_BOUND('',#11170,.F.);
#11170 = EDGE_LOOP('',(#11171,#11181,#11189,#11197));
#11171 = ORIENTED_EDGE('',*,*,#11172,.F.);
#11172 = EDGE_CURVE('',#11173,#11175,#11177,.T.);
#11173 = VERTEX_POINT('',#11174);
#11174 = CARTESIAN_POINT('',(274.5,81.418176,50.));
#11175 = VERTEX_POINT('',#11176);
#11176 = CARTESIAN_POINT('',(274.5,65.818176,50.));
#11177 = LINE('',#11178,#11179);
#11178 = CARTESIAN_POINT('',(274.5,81.418176,50.));
#11179 = VECTOR('',#11180,1.);
#11180 = DIRECTION('',(0.,-1.,0.));
#11181 = ORIENTED_EDGE('',*,*,#11182,.T.);
#11182 = EDGE_CURVE('',#11173,#11183,#11185,.T.);
#11183 = VERTEX_POINT('',#11184);
#11184 = CARTESIAN_POINT('',(258.9,81.418176,50.));
#11185 = LINE('',#11186,#11187);
#11186 = CARTESIAN_POINT('',(274.5,81.418176,50.));
#11187 = VECTOR('',#11188,1.);
#11188 = DIRECTION('',(-1.,0.,0.));
#11189 = ORIENTED_EDGE('',*,*,#11190,.T.);
#11190 = EDGE_CURVE('',#11183,#11191,#11193,.T.);
#11191 = VERTEX_POINT('',#11192);
#11192 = CARTESIAN_POINT('',(258.9,65.818176,50.));
#11193 = LINE('',#11194,#11195);
#11194 = CARTESIAN_POINT('',(258.9,81.418176,50.));
#11195 = VECTOR('',#11196,1.);
#11196 = DIRECTION('',(0.,-1.,0.));
#11197 = ORIENTED_EDGE('',*,*,#11198,.F.);
#11198 = EDGE_CURVE('',#11175,#11191,#11199,.T.);
#11199 = LINE('',#11200,#11201);
#11200 = CARTESIAN_POINT('',(274.5,65.818176,50.));
#11201 = VECTOR('',#11202,1.);
#11202 = DIRECTION('',(-1.,0.,0.));
#11203 = FACE_BOUND('',#11204,.F.);
#11204 = EDGE_LOOP('',(#11205,#11206,#11207,#11208));
#11205 = ORIENTED_EDGE('',*,*,#6220,.F.);
#11206 = ORIENTED_EDGE('',*,*,#6261,.F.);
#11207 = ORIENTED_EDGE('',*,*,#6244,.F.);
#11208 = ORIENTED_EDGE('',*,*,#6196,.F.);
#11209 = PLANE('',#11210);
#11210 = AXIS2_PLACEMENT_3D('',#11211,#11212,#11213);
#11211 = CARTESIAN_POINT('',(274.5,81.418176,50.));
#11212 = DIRECTION('',(0.,0.,1.));
#11213 = DIRECTION('',(-1.,0.,0.));
#11214 = ADVANCED_FACE('',(#11215,#11249),#11255,.F.);
#11215 = FACE_BOUND('',#11216,.F.);
#11216 = EDGE_LOOP('',(#11217,#11227,#11235,#11243));
#11217 = ORIENTED_EDGE('',*,*,#11218,.F.);
#11218 = EDGE_CURVE('',#11219,#11221,#11223,.T.);
#11219 = VERTEX_POINT('',#11220);
#11220 = CARTESIAN_POINT('',(247.54934532419,78.85303556007,50.));
#11221 = VERTEX_POINT('',#11222);
#11222 = CARTESIAN_POINT('',(252.88485956007,64.19383067581,50.));
#11223 = LINE('',#11224,#11225);
#11224 = CARTESIAN_POINT('',(247.54934532419,78.85303556007,50.));
#11225 = VECTOR('',#11226,1.);
#11226 = DIRECTION('',(0.342020143326,-0.939692620786,0.));
#11227 = ORIENTED_EDGE('',*,*,#11228,.T.);
#11228 = EDGE_CURVE('',#11219,#11229,#11231,.T.);
#11229 = VERTEX_POINT('',#11230);
#11230 = CARTESIAN_POINT('',(232.89014043993,73.51752132419,50.));
#11231 = LINE('',#11232,#11233);
#11232 = CARTESIAN_POINT('',(247.54934532419,78.85303556007,50.));
#11233 = VECTOR('',#11234,1.);
#11234 = DIRECTION('',(-0.939692620786,-0.342020143326,0.));
#11235 = ORIENTED_EDGE('',*,*,#11236,.T.);
#11236 = EDGE_CURVE('',#11229,#11237,#11239,.T.);
#11237 = VERTEX_POINT('',#11238);
#11238 = CARTESIAN_POINT('',(238.22565467581,58.85831643993,50.));
#11239 = LINE('',#11240,#11241);
#11240 = CARTESIAN_POINT('',(232.89014043993,73.51752132419,50.));
#11241 = VECTOR('',#11242,1.);
#11242 = DIRECTION('',(0.342020143326,-0.939692620786,0.));
#11243 = ORIENTED_EDGE('',*,*,#11244,.F.);
#11244 = EDGE_CURVE('',#11221,#11237,#11245,.T.);
#11245 = LINE('',#11246,#11247);
#11246 = CARTESIAN_POINT('',(252.88485956007,64.19383067581,50.));
#11247 = VECTOR('',#11248,1.);
#11248 = DIRECTION('',(-0.939692620786,-0.342020143326,0.));
#11249 = FACE_BOUND('',#11250,.F.);
#11250 = EDGE_LOOP('',(#11251,#11252,#11253,#11254));
#11251 = ORIENTED_EDGE('',*,*,#6316,.F.);
#11252 = ORIENTED_EDGE('',*,*,#6357,.F.);
#11253 = ORIENTED_EDGE('',*,*,#6340,.F.);
#11254 = ORIENTED_EDGE('',*,*,#6292,.F.);
#11255 = PLANE('',#11256);
#11256 = AXIS2_PLACEMENT_3D('',#11257,#11258,#11259);
#11257 = CARTESIAN_POINT('',(247.54934532419,78.85303556007,50.));
#11258 = DIRECTION('',(0.,0.,1.));
#11259 = DIRECTION('',(-0.939692620786,-0.342020143326,0.));
#11260 = ADVANCED_FACE('',(#11261,#11295),#11301,.F.);
#11261 = FACE_BOUND('',#11262,.F.);
#11262 = EDGE_LOOP('',(#11263,#11273,#11281,#11289));
#11263 = ORIENTED_EDGE('',*,*,#11264,.F.);
#11264 = EDGE_CURVE('',#11265,#11267,#11269,.T.);
#11265 = VERTEX_POINT('',#11266);
#11266 = CARTESIAN_POINT('',(312.6,119.518176,50.));
#11267 = VERTEX_POINT('',#11268);
#11268 = CARTESIAN_POINT('',(312.6,103.918176,50.));
#11269 = LINE('',#11270,#11271);
#11270 = CARTESIAN_POINT('',(312.6,119.518176,50.));
#11271 = VECTOR('',#11272,1.);
#11272 = DIRECTION('',(0.,-1.,0.));
#11273 = ORIENTED_EDGE('',*,*,#11274,.T.);
#11274 = EDGE_CURVE('',#11265,#11275,#11277,.T.);
#11275 = VERTEX_POINT('',#11276);
#11276 = CARTESIAN_POINT('',(297.,119.518176,50.));
#11277 = LINE('',#11278,#11279);
#11278 = CARTESIAN_POINT('',(312.6,119.518176,50.));
#11279 = VECTOR('',#11280,1.);
#11280 = DIRECTION('',(-1.,0.,0.));
#11281 = ORIENTED_EDGE('',*,*,#11282,.T.);
#11282 = EDGE_CURVE('',#11275,#11283,#11285,.T.);
#11283 = VERTEX_POINT('',#11284);
#11284 = CARTESIAN_POINT('',(297.,103.918176,50.));
#11285 = LINE('',#11286,#11287);
#11286 = CARTESIAN_POINT('',(297.,119.518176,50.));
#11287 = VECTOR('',#11288,1.);
#11288 = DIRECTION('',(0.,-1.,0.));
#11289 = ORIENTED_EDGE('',*,*,#11290,.F.);
#11290 = EDGE_CURVE('',#11267,#11283,#11291,.T.);
#11291 = LINE('',#11292,#11293);
#11292 = CARTESIAN_POINT('',(312.6,103.918176,50.));
#11293 = VECTOR('',#11294,1.);
#11294 = DIRECTION('',(-1.,0.,0.));
#11295 = FACE_BOUND('',#11296,.F.);
#11296 = EDGE_LOOP('',(#11297,#11298,#11299,#11300));
#11297 = ORIENTED_EDGE('',*,*,#6412,.F.);
#11298 = ORIENTED_EDGE('',*,*,#6453,.F.);
#11299 = ORIENTED_EDGE('',*,*,#6436,.F.);
#11300 = ORIENTED_EDGE('',*,*,#6388,.F.);
#11301 = PLANE('',#11302);
#11302 = AXIS2_PLACEMENT_3D('',#11303,#11304,#11305);
#11303 = CARTESIAN_POINT('',(312.6,119.518176,50.));
#11304 = DIRECTION('',(0.,0.,1.));
#11305 = DIRECTION('',(-1.,0.,0.));
#11306 = ADVANCED_FACE('',(#11307,#11341),#11347,.F.);
#11307 = FACE_BOUND('',#11308,.F.);
#11308 = EDGE_LOOP('',(#11309,#11319,#11327,#11335));
#11309 = ORIENTED_EDGE('',*,*,#11310,.F.);
#11310 = EDGE_CURVE('',#11311,#11313,#11315,.T.);
#11311 = VERTEX_POINT('',#11312);
#11312 = CARTESIAN_POINT('',(293.55,105.230676,50.));
#11313 = VERTEX_POINT('',#11314);
#11314 = CARTESIAN_POINT('',(293.55,89.630676,50.));
#11315 = LINE('',#11316,#11317);
#11316 = CARTESIAN_POINT('',(293.55,105.230676,50.));
#11317 = VECTOR('',#11318,1.);
#11318 = DIRECTION('',(0.,-1.,0.));
#11319 = ORIENTED_EDGE('',*,*,#11320,.T.);
#11320 = EDGE_CURVE('',#11311,#11321,#11323,.T.);
#11321 = VERTEX_POINT('',#11322);
#11322 = CARTESIAN_POINT('',(277.95,105.230676,50.));
#11323 = LINE('',#11324,#11325);
#11324 = CARTESIAN_POINT('',(293.55,105.230676,50.));
#11325 = VECTOR('',#11326,1.);
#11326 = DIRECTION('',(-1.,0.,0.));
#11327 = ORIENTED_EDGE('',*,*,#11328,.T.);
#11328 = EDGE_CURVE('',#11321,#11329,#11331,.T.);
#11329 = VERTEX_POINT('',#11330);
#11330 = CARTESIAN_POINT('',(277.95,89.630676,50.));
#11331 = LINE('',#11332,#11333);
#11332 = CARTESIAN_POINT('',(277.95,105.230676,50.));
#11333 = VECTOR('',#11334,1.);
#11334 = DIRECTION('',(0.,-1.,0.));
#11335 = ORIENTED_EDGE('',*,*,#11336,.F.);
#11336 = EDGE_CURVE('',#11313,#11329,#11337,.T.);
#11337 = LINE('',#11338,#11339);
#11338 = CARTESIAN_POINT('',(293.55,89.630676,50.));
#11339 = VECTOR('',#11340,1.);
#11340 = DIRECTION('',(-1.,0.,0.));
#11341 = FACE_BOUND('',#11342,.F.);
#11342 = EDGE_LOOP('',(#11343,#11344,#11345,#11346));
#11343 = ORIENTED_EDGE('',*,*,#6508,.F.);
#11344 = ORIENTED_EDGE('',*,*,#6549,.F.);
#11345 = ORIENTED_EDGE('',*,*,#6532,.F.);
#11346 = ORIENTED_EDGE('',*,*,#6484,.F.);
#11347 = PLANE('',#11348);
#11348 = AXIS2_PLACEMENT_3D('',#11349,#11350,#11351);
#11349 = CARTESIAN_POINT('',(293.55,105.230676,50.));
#11350 = DIRECTION('',(0.,0.,1.));
#11351 = DIRECTION('',(-1.,0.,0.));
#11352 = ADVANCED_FACE('',(#11353,#11387),#11393,.F.);
#11353 = FACE_BOUND('',#11354,.F.);
#11354 = EDGE_LOOP('',(#11355,#11365,#11373,#11381));
#11355 = ORIENTED_EDGE('',*,*,#11356,.F.);
#11356 = EDGE_CURVE('',#11357,#11359,#11361,.T.);
#11357 = VERTEX_POINT('',#11358);
#11358 = CARTESIAN_POINT('',(312.6,100.468176,50.));
#11359 = VERTEX_POINT('',#11360);
#11360 = CARTESIAN_POINT('',(312.6,84.868176,50.));
#11361 = LINE('',#11362,#11363);
#11362 = CARTESIAN_POINT('',(312.6,100.468176,50.));
#11363 = VECTOR('',#11364,1.);
#11364 = DIRECTION('',(0.,-1.,0.));
#11365 = ORIENTED_EDGE('',*,*,#11366,.T.);
#11366 = EDGE_CURVE('',#11357,#11367,#11369,.T.);
#11367 = VERTEX_POINT('',#11368);
#11368 = CARTESIAN_POINT('',(297.,100.468176,50.));
#11369 = LINE('',#11370,#11371);
#11370 = CARTESIAN_POINT('',(312.6,100.468176,50.));
#11371 = VECTOR('',#11372,1.);
#11372 = DIRECTION('',(-1.,0.,0.));
#11373 = ORIENTED_EDGE('',*,*,#11374,.T.);
#11374 = EDGE_CURVE('',#11367,#11375,#11377,.T.);
#11375 = VERTEX_POINT('',#11376);
#11376 = CARTESIAN_POINT('',(297.,84.868176,50.));
#11377 = LINE('',#11378,#11379);
#11378 = CARTESIAN_POINT('',(297.,100.468176,50.));
#11379 = VECTOR('',#11380,1.);
#11380 = DIRECTION('',(0.,-1.,0.));
#11381 = ORIENTED_EDGE('',*,*,#11382,.F.);
#11382 = EDGE_CURVE('',#11359,#11375,#11383,.T.);
#11383 = LINE('',#11384,#11385);
#11384 = CARTESIAN_POINT('',(312.6,84.868176,50.));
#11385 = VECTOR('',#11386,1.);
#11386 = DIRECTION('',(-1.,0.,0.));
#11387 = FACE_BOUND('',#11388,.F.);
#11388 = EDGE_LOOP('',(#11389,#11390,#11391,#11392));
#11389 = ORIENTED_EDGE('',*,*,#6604,.F.);
#11390 = ORIENTED_EDGE('',*,*,#6645,.F.);
#11391 = ORIENTED_EDGE('',*,*,#6628,.F.);
#11392 = ORIENTED_EDGE('',*,*,#6580,.F.);
#11393 = PLANE('',#11394);
#11394 = AXIS2_PLACEMENT_3D('',#11395,#11396,#11397);
#11395 = CARTESIAN_POINT('',(312.6,100.468176,50.));
#11396 = DIRECTION('',(0.,0.,1.));
#11397 = DIRECTION('',(-1.,0.,0.));
#11398 = ADVANCED_FACE('',(#11399,#11433),#11439,.F.);
#11399 = FACE_BOUND('',#11400,.F.);
#11400 = EDGE_LOOP('',(#11401,#11411,#11419,#11427));
#11401 = ORIENTED_EDGE('',*,*,#11402,.F.);
#11402 = EDGE_CURVE('',#11403,#11405,#11407,.T.);
#11403 = VERTEX_POINT('',#11404);
#11404 = CARTESIAN_POINT('',(331.65,119.518176,50.));
#11405 = VERTEX_POINT('',#11406);
#11406 = CARTESIAN_POINT('',(331.65,103.918176,50.));
#11407 = LINE('',#11408,#11409);
#11408 = CARTESIAN_POINT('',(331.65,119.518176,50.));
#11409 = VECTOR('',#11410,1.);
#11410 = DIRECTION('',(0.,-1.,0.));
#11411 = ORIENTED_EDGE('',*,*,#11412,.T.);
#11412 = EDGE_CURVE('',#11403,#11413,#11415,.T.);
#11413 = VERTEX_POINT('',#11414);
#11414 = CARTESIAN_POINT('',(316.05,119.518176,50.));
#11415 = LINE('',#11416,#11417);
#11416 = CARTESIAN_POINT('',(331.65,119.518176,50.));
#11417 = VECTOR('',#11418,1.);
#11418 = DIRECTION('',(-1.,0.,0.));
#11419 = ORIENTED_EDGE('',*,*,#11420,.T.);
#11420 = EDGE_CURVE('',#11413,#11421,#11423,.T.);
#11421 = VERTEX_POINT('',#11422);
#11422 = CARTESIAN_POINT('',(316.05,103.918176,50.));
#11423 = LINE('',#11424,#11425);
#11424 = CARTESIAN_POINT('',(316.05,119.518176,50.));
#11425 = VECTOR('',#11426,1.);
#11426 = DIRECTION('',(0.,-1.,0.));
#11427 = ORIENTED_EDGE('',*,*,#11428,.F.);
#11428 = EDGE_CURVE('',#11405,#11421,#11429,.T.);
#11429 = LINE('',#11430,#11431);
#11430 = CARTESIAN_POINT('',(331.65,103.918176,50.));
#11431 = VECTOR('',#11432,1.);
#11432 = DIRECTION('',(-1.,0.,0.));
#11433 = FACE_BOUND('',#11434,.F.);
#11434 = EDGE_LOOP('',(#11435,#11436,#11437,#11438));
#11435 = ORIENTED_EDGE('',*,*,#6700,.F.);
#11436 = ORIENTED_EDGE('',*,*,#6741,.F.);
#11437 = ORIENTED_EDGE('',*,*,#6724,.F.);
#11438 = ORIENTED_EDGE('',*,*,#6676,.F.);
#11439 = PLANE('',#11440);
#11440 = AXIS2_PLACEMENT_3D('',#11441,#11442,#11443);
#11441 = CARTESIAN_POINT('',(331.65,119.518176,50.));
#11442 = DIRECTION('',(0.,0.,1.));
#11443 = DIRECTION('',(-1.,0.,0.));
#11444 = ADVANCED_FACE('',(#11445,#11479),#11485,.F.);
#11445 = FACE_BOUND('',#11446,.F.);
#11446 = EDGE_LOOP('',(#11447,#11457,#11465,#11473));
#11447 = ORIENTED_EDGE('',*,*,#11448,.F.);
#11448 = EDGE_CURVE('',#11449,#11451,#11453,.T.);
#11449 = VERTEX_POINT('',#11450);
#11450 = CARTESIAN_POINT('',(331.65,100.468176,50.));
#11451 = VERTEX_POINT('',#11452);
#11452 = CARTESIAN_POINT('',(331.65,84.868176,50.));
#11453 = LINE('',#11454,#11455);
#11454 = CARTESIAN_POINT('',(331.65,100.468176,50.));
#11455 = VECTOR('',#11456,1.);
#11456 = DIRECTION('',(0.,-1.,0.));
#11457 = ORIENTED_EDGE('',*,*,#11458,.T.);
#11458 = EDGE_CURVE('',#11449,#11459,#11461,.T.);
#11459 = VERTEX_POINT('',#11460);
#11460 = CARTESIAN_POINT('',(316.05,100.468176,50.));
#11461 = LINE('',#11462,#11463);
#11462 = CARTESIAN_POINT('',(331.65,100.468176,50.));
#11463 = VECTOR('',#11464,1.);
#11464 = DIRECTION('',(-1.,0.,0.));
#11465 = ORIENTED_EDGE('',*,*,#11466,.T.);
#11466 = EDGE_CURVE('',#11459,#11467,#11469,.T.);
#11467 = VERTEX_POINT('',#11468);
#11468 = CARTESIAN_POINT('',(316.05,84.868176,50.));
#11469 = LINE('',#11470,#11471);
#11470 = CARTESIAN_POINT('',(316.05,100.468176,50.));
#11471 = VECTOR('',#11472,1.);
#11472 = DIRECTION('',(0.,-1.,0.));
#11473 = ORIENTED_EDGE('',*,*,#11474,.F.);
#11474 = EDGE_CURVE('',#11451,#11467,#11475,.T.);
#11475 = LINE('',#11476,#11477);
#11476 = CARTESIAN_POINT('',(331.65,84.868176,50.));
#11477 = VECTOR('',#11478,1.);
#11478 = DIRECTION('',(-1.,0.,0.));
#11479 = FACE_BOUND('',#11480,.F.);
#11480 = EDGE_LOOP('',(#11481,#11482,#11483,#11484));
#11481 = ORIENTED_EDGE('',*,*,#6821,.F.);
#11482 = ORIENTED_EDGE('',*,*,#6862,.F.);
#11483 = ORIENTED_EDGE('',*,*,#6845,.F.);
#11484 = ORIENTED_EDGE('',*,*,#6797,.F.);
#11485 = PLANE('',#11486);
#11486 = AXIS2_PLACEMENT_3D('',#11487,#11488,#11489);
#11487 = CARTESIAN_POINT('',(331.65,100.468176,50.));
#11488 = DIRECTION('',(0.,0.,1.));
#11489 = DIRECTION('',(-1.,0.,0.));
#11490 = ADVANCED_FACE('',(#11491),#11509,.T.);
#11491 = FACE_BOUND('',#11492,.T.);
#11492 = EDGE_LOOP('',(#11493,#11494,#11501,#11508));
#11493 = ORIENTED_EDGE('',*,*,#7300,.F.);
#11494 = ORIENTED_EDGE('',*,*,#11495,.T.);
#11495 = EDGE_CURVE('',#7293,#11496,#11498,.T.);
#11496 = VERTEX_POINT('',#11497);
#11497 = CARTESIAN_POINT('',(357.6115943461,165.43249011988,49.81));
#11498 = B_SPLINE_CURVE_WITH_KNOTS('',1,(#11499,#11500),.UNSPECIFIED.,
  .F.,.F.,(2,2),(0.,1.),.PIECEWISE_BEZIER_KNOTS.);
#11499 = CARTESIAN_POINT('',(357.61728727015,165.13254414038,49.51));
#11500 = CARTESIAN_POINT('',(357.6115943461,165.43249011988,49.81));
#11501 = ORIENTED_EDGE('',*,*,#11502,.T.);
#11502 = EDGE_CURVE('',#11496,#9331,#11503,.T.);
#11503 = CIRCLE('',#11504,4.);
#11504 = AXIS2_PLACEMENT_3D('',#11505,#11506,#11507);
#11505 = CARTESIAN_POINT('',(357.6875,161.43321039326,49.81));
#11506 = DIRECTION('',(-0.,0.,-1.));
#11507 = DIRECTION('',(-0.999819931654,-1.897641347271E-02,0.));
#11508 = ORIENTED_EDGE('',*,*,#9330,.F.);
#11509 = CONICAL_SURFACE('',#11510,3.7,0.785398163397);
#11510 = AXIS2_PLACEMENT_3D('',#11511,#11512,#11513);
#11511 = CARTESIAN_POINT('',(357.6875,161.43321039326,49.51));
#11512 = DIRECTION('',(0.,-0.,1.));
#11513 = DIRECTION('',(-0.999819931654,-1.897641347271E-02,0.));
#11514 = ADVANCED_FACE('',(#11515),#11532,.T.);
#11515 = FACE_BOUND('',#11516,.T.);
#11516 = EDGE_LOOP('',(#11517,#11518,#11525,#11531));
#11517 = ORIENTED_EDGE('',*,*,#7292,.F.);
#11518 = ORIENTED_EDGE('',*,*,#11519,.T.);
#11519 = EDGE_CURVE('',#7284,#11520,#11522,.T.);
#11520 = VERTEX_POINT('',#11521);
#11521 = CARTESIAN_POINT('',(309.2064804859,164.51376923252,49.81));
#11522 = B_SPLINE_CURVE_WITH_KNOTS('',1,(#11523,#11524),.UNSPECIFIED.,
  .F.,.F.,(2,2),(0.,1.),.PIECEWISE_BEZIER_KNOTS.);
#11523 = CARTESIAN_POINT('',(309.21217340994,164.21382325303,49.51));
#11524 = CARTESIAN_POINT('',(309.2064804859,164.51376923252,49.81));
#11525 = ORIENTED_EDGE('',*,*,#11526,.T.);
#11526 = EDGE_CURVE('',#11520,#11496,#11527,.T.);
#11527 = LINE('',#11528,#11529);
#11528 = CARTESIAN_POINT('',(165.19953241725,161.78054167526,49.81));
#11529 = VECTOR('',#11530,1.);
#11530 = DIRECTION('',(0.999819931654,1.897641347271E-02,0.));
#11531 = ORIENTED_EDGE('',*,*,#11495,.F.);
#11532 = PLANE('',#11533);
#11533 = AXIS2_PLACEMENT_3D('',#11534,#11535,#11536);
#11534 = CARTESIAN_POINT('',(165.19953241725,161.78054167526,49.81));
#11535 = DIRECTION('',(-1.341835064915E-02,0.706979453638,
    -0.707106781187));
#11536 = DIRECTION('',(-0.999819931654,-1.897641347271E-02,0.));
#11537 = ADVANCED_FACE('',(#11538),#11556,.F.);
#11538 = FACE_BOUND('',#11539,.T.);
#11539 = EDGE_LOOP('',(#11540,#11541,#11548,#11555));
#11540 = ORIENTED_EDGE('',*,*,#7283,.T.);
#11541 = ORIENTED_EDGE('',*,*,#11542,.T.);
#11542 = EDGE_CURVE('',#7276,#11543,#11545,.T.);
#11543 = VERTEX_POINT('',#11544);
#11544 = CARTESIAN_POINT('',(308.59355581683,164.63204827988,49.81));
#11545 = B_SPLINE_CURVE_WITH_KNOTS('',1,(#11546,#11547),.UNSPECIFIED.,
  .F.,.F.,(2,2),(0.,1.),.PIECEWISE_BEZIER_KNOTS.);
#11546 = CARTESIAN_POINT('',(308.47666380706,164.35575810986,49.51));
#11547 = CARTESIAN_POINT('',(308.59355581683,164.63204827988,49.81));
#11548 = ORIENTED_EDGE('',*,*,#11549,.F.);
#11549 = EDGE_CURVE('',#11520,#11543,#11550,.T.);
#11550 = CIRCLE('',#11551,1.5);
#11551 = AXIS2_PLACEMENT_3D('',#11552,#11553,#11554);
#11552 = CARTESIAN_POINT('',(309.17801586569,166.01349913,49.81));
#11553 = DIRECTION('',(0.,0.,-1.));
#11554 = DIRECTION('',(0.999819931654,1.897641347271E-02,0.));
#11555 = ORIENTED_EDGE('',*,*,#11519,.F.);
#11556 = CONICAL_SURFACE('',#11557,1.8,0.785398163397);
#11557 = AXIS2_PLACEMENT_3D('',#11558,#11559,#11560);
#11558 = CARTESIAN_POINT('',(309.17801586569,166.01349913,49.51));
#11559 = DIRECTION('',(0.,0.,-1.));
#11560 = DIRECTION('',(0.999819931654,1.897641347271E-02,0.));
#11561 = ADVANCED_FACE('',(#11562),#11579,.T.);
#11562 = FACE_BOUND('',#11563,.T.);
#11563 = EDGE_LOOP('',(#11564,#11565,#11572,#11578));
#11564 = ORIENTED_EDGE('',*,*,#7275,.F.);
#11565 = ORIENTED_EDGE('',*,*,#11566,.T.);
#11566 = EDGE_CURVE('',#7267,#11567,#11569,.T.);
#11567 = VERTEX_POINT('',#11568);
#11568 = CARTESIAN_POINT('',(296.65291902388,169.683856792,49.81));
#11569 = B_SPLINE_CURVE_WITH_KNOTS('',1,(#11570,#11571),.UNSPECIFIED.,
  .F.,.F.,(2,2),(0.,1.),.PIECEWISE_BEZIER_KNOTS.);
#11570 = CARTESIAN_POINT('',(296.53603941444,169.40756137544,49.51));
#11571 = CARTESIAN_POINT('',(296.65293142421,169.68385154546,49.81));
#11572 = ORIENTED_EDGE('',*,*,#11573,.T.);
#11573 = EDGE_CURVE('',#11567,#11543,#11574,.T.);
#11574 = LINE('',#11575,#11576);
#11575 = CARTESIAN_POINT('',(204.27561064397,208.76656911853,49.81));
#11576 = VECTOR('',#11577,1.);
#11577 = DIRECTION('',(0.920967233412,-0.38964003257,0.));
#11578 = ORIENTED_EDGE('',*,*,#11542,.F.);
#11579 = PLANE('',#11580);
#11580 = AXIS2_PLACEMENT_3D('',#11581,#11582,#11583);
#11581 = CARTESIAN_POINT('',(204.27561064397,208.76656911853,49.81));
#11582 = DIRECTION('',(0.275517109252,0.651222175996,-0.707106781187));
#11583 = DIRECTION('',(-0.920967233412,0.38964003257,-5.551115123126E-17
    ));
#11584 = ADVANCED_FACE('',(#11585),#11594,.F.);
#11585 = FACE_BOUND('',#11586,.T.);
#11586 = EDGE_LOOP('',(#11587,#11588,#11593));
#11587 = ORIENTED_EDGE('',*,*,#7266,.T.);
#11588 = ORIENTED_EDGE('',*,*,#11589,.T.);
#11589 = EDGE_CURVE('',#7258,#11567,#11590,.T.);
#11590 = B_SPLINE_CURVE_WITH_KNOTS('',1,(#11591,#11592),.UNSPECIFIED.,
  .F.,.F.,(2,2),(0.,1.),.PIECEWISE_BEZIER_KNOTS.);
#11591 = CARTESIAN_POINT('',(296.5360097089,169.40757394371,49.51));
#11592 = CARTESIAN_POINT('',(296.65290666961,169.68386201906,49.81));
#11593 = ORIENTED_EDGE('',*,*,#11566,.F.);
#11594 = CONICAL_SURFACE('',#11595,1.8,0.785398163397);
#11595 = AXIS2_PLACEMENT_3D('',#11596,#11597,#11598);
#11596 = CARTESIAN_POINT('',(297.23739147307,171.06530239558,49.51));
#11597 = DIRECTION('',(-0.,0.,-1.));
#11598 = DIRECTION('',(0.920967233412,-0.38964003257,-0.));
#11599 = ADVANCED_FACE('',(#11600),#11618,.T.);
#11600 = FACE_BOUND('',#11601,.T.);
#11601 = EDGE_LOOP('',(#11602,#11603,#11610,#11617));
#11602 = ORIENTED_EDGE('',*,*,#7257,.T.);
#11603 = ORIENTED_EDGE('',*,*,#11604,.T.);
#11604 = EDGE_CURVE('',#7249,#11605,#11607,.T.);
#11605 = VERTEX_POINT('',#11606);
#11606 = CARTESIAN_POINT('',(295.09429488275,170.00000000013,49.81));
#11607 = B_SPLINE_CURVE_WITH_KNOTS('',1,(#11608,#11609),.UNSPECIFIED.,
  .F.,.F.,(2,2),(0.,1.),.PIECEWISE_BEZIER_KNOTS.);
#11608 = CARTESIAN_POINT('',(295.09431459071,169.70000000031,49.51));
#11609 = CARTESIAN_POINT('',(295.09430895272,170.00000000026,49.81));
#11610 = ORIENTED_EDGE('',*,*,#11611,.F.);
#11611 = EDGE_CURVE('',#11567,#11605,#11612,.T.);
#11612 = CIRCLE('',#11613,3.999734139991);
#11613 = AXIS2_PLACEMENT_3D('',#11614,#11615,#11616);
#11614 = CARTESIAN_POINT('',(295.09438412091,166.00026586098,49.81));
#11615 = DIRECTION('',(0.,0.,1.));
#11616 = DIRECTION('',(-1.879329642379E-05,0.999999999823,0.));
#11617 = ORIENTED_EDGE('',*,*,#11589,.F.);
#11618 = CONICAL_SURFACE('',#11619,3.699734139991,0.785398163397);
#11619 = AXIS2_PLACEMENT_3D('',#11620,#11621,#11622);
#11620 = CARTESIAN_POINT('',(295.09438412091,166.00026586098,49.51));
#11621 = DIRECTION('',(0.,0.,1.));
#11622 = DIRECTION('',(-1.879329642379E-05,0.999999999823,0.));
#11623 = ADVANCED_FACE('',(#11624),#11633,.F.);
#11624 = FACE_BOUND('',#11625,.T.);
#11625 = EDGE_LOOP('',(#11626,#11627,#11632));
#11626 = ORIENTED_EDGE('',*,*,#7248,.T.);
#11627 = ORIENTED_EDGE('',*,*,#11628,.T.);
#11628 = EDGE_CURVE('',#7241,#11605,#11629,.T.);
#11629 = B_SPLINE_CURVE_WITH_KNOTS('',1,(#11630,#11631),.UNSPECIFIED.,
  .F.,.F.,(2,2),(0.,1.),.PIECEWISE_BEZIER_KNOTS.);
#11630 = CARTESIAN_POINT('',(295.09428076278,169.7,49.51));
#11631 = CARTESIAN_POINT('',(295.09428076278,170.,49.81));
#11632 = ORIENTED_EDGE('',*,*,#11604,.F.);
#11633 = CONICAL_SURFACE('',#11634,1.8,0.785398163397);
#11634 = AXIS2_PLACEMENT_3D('',#11635,#11636,#11637);
#11635 = CARTESIAN_POINT('',(295.09428076278,171.5,49.51));
#11636 = DIRECTION('',(0.,0.,-1.));
#11637 = DIRECTION('',(0.999999999823,1.879329642799E-05,0.));
#11638 = ADVANCED_FACE('',(#11639),#11656,.T.);
#11639 = FACE_BOUND('',#11640,.T.);
#11640 = EDGE_LOOP('',(#11641,#11642,#11649,#11655));
#11641 = ORIENTED_EDGE('',*,*,#7240,.F.);
#11642 = ORIENTED_EDGE('',*,*,#11643,.T.);
#11643 = EDGE_CURVE('',#7232,#11644,#11646,.T.);
#11644 = VERTEX_POINT('',#11645);
#11645 = CARTESIAN_POINT('',(282.66666694595,169.99999999999,49.81));
#11646 = B_SPLINE_CURVE_WITH_KNOTS('',1,(#11647,#11648),.UNSPECIFIED.,
  .F.,.F.,(2,2),(0.,1.),.PIECEWISE_BEZIER_KNOTS.);
#11647 = CARTESIAN_POINT('',(282.66666694595,169.69999999999,49.51));
#11648 = CARTESIAN_POINT('',(282.66666694595,169.99999999999,49.81));
#11649 = ORIENTED_EDGE('',*,*,#11650,.T.);
#11650 = EDGE_CURVE('',#11644,#11605,#11651,.T.);
#11651 = LINE('',#11652,#11653);
#11652 = CARTESIAN_POINT('',(144.44023692715,169.99999999995,49.81));
#11653 = VECTOR('',#11654,1.);
#11654 = DIRECTION('',(1.,3.2768E-13,0.));
#11655 = ORIENTED_EDGE('',*,*,#11628,.F.);
#11656 = PLANE('',#11657);
#11657 = AXIS2_PLACEMENT_3D('',#11658,#11659,#11660);
#11658 = CARTESIAN_POINT('',(144.44023692715,169.99999999995,49.81));
#11659 = DIRECTION('',(-2.317E-13,0.707106781187,-0.707106781187));
#11660 = DIRECTION('',(-1.,-3.276766412009E-13,-3.358799073071E-18));
#11661 = ADVANCED_FACE('',(#11662),#11680,.F.);
#11662 = FACE_BOUND('',#11663,.T.);
#11663 = EDGE_LOOP('',(#11664,#11665,#11672,#11679));
#11664 = ORIENTED_EDGE('',*,*,#7231,.T.);
#11665 = ORIENTED_EDGE('',*,*,#11666,.T.);
#11666 = EDGE_CURVE('',#7224,#11667,#11669,.T.);
#11667 = VERTEX_POINT('',#11668);
#11668 = CARTESIAN_POINT('',(281.76666702367,170.2999999417,49.81));
#11669 = B_SPLINE_CURVE_WITH_KNOTS('',1,(#11670,#11671),.UNSPECIFIED.,
  .F.,.F.,(2,2),(0.,1.),.PIECEWISE_BEZIER_KNOTS.);
#11670 = CARTESIAN_POINT('',(281.58666703921,170.05999993004,49.51));
#11671 = CARTESIAN_POINT('',(281.76666702367,170.2999999417,49.81));
#11672 = ORIENTED_EDGE('',*,*,#11673,.F.);
#11673 = EDGE_CURVE('',#11644,#11667,#11674,.T.);
#11674 = CIRCLE('',#11675,1.5);
#11675 = AXIS2_PLACEMENT_3D('',#11676,#11677,#11678);
#11676 = CARTESIAN_POINT('',(282.66666694595,171.49999999999,49.81));
#11677 = DIRECTION('',(0.,0.,-1.));
#11678 = DIRECTION('',(1.,3.2768E-13,0.));
#11679 = ORIENTED_EDGE('',*,*,#11643,.F.);
#11680 = CONICAL_SURFACE('',#11681,1.8,0.785398163397);
#11681 = AXIS2_PLACEMENT_3D('',#11682,#11683,#11684);
#11682 = CARTESIAN_POINT('',(282.66666694595,171.49999999999,49.51));
#11683 = DIRECTION('',(0.,0.,-1.));
#11684 = DIRECTION('',(1.,3.2768E-13,0.));
#11685 = ADVANCED_FACE('',(#11686),#11703,.T.);
#11686 = FACE_BOUND('',#11687,.T.);
#11687 = EDGE_LOOP('',(#11688,#11689,#11696,#11702));
#11688 = ORIENTED_EDGE('',*,*,#7223,.F.);
#11689 = ORIENTED_EDGE('',*,*,#11690,.T.);
#11690 = EDGE_CURVE('',#7215,#11691,#11693,.T.);
#11691 = VERTEX_POINT('',#11692);
#11692 = CARTESIAN_POINT('',(277.23332496781,173.70000602489,49.81));
#11693 = B_SPLINE_CURVE_WITH_KNOTS('',1,(#11694,#11695),.UNSPECIFIED.,
  .F.,.F.,(2,2),(0.,1.),.PIECEWISE_BEZIER_KNOTS.);
#11694 = CARTESIAN_POINT('',(277.05333107611,173.46000144361,49.51));
#11695 = CARTESIAN_POINT('',(277.23333106057,173.70000145526,49.81));
#11696 = ORIENTED_EDGE('',*,*,#11697,.T.);
#11697 = EDGE_CURVE('',#11691,#11667,#11698,.T.);
#11698 = LINE('',#11699,#11700);
#11699 = CARTESIAN_POINT('',(231.33998926769,208.12000315566,49.81));
#11700 = VECTOR('',#11701,1.);
#11701 = DIRECTION('',(0.80000003886,-0.599999948187,0.));
#11702 = ORIENTED_EDGE('',*,*,#11666,.F.);
#11703 = PLANE('',#11704);
#11704 = AXIS2_PLACEMENT_3D('',#11705,#11706,#11707);
#11705 = CARTESIAN_POINT('',(231.33998926769,208.12000315566,49.81));
#11706 = DIRECTION('',(0.424264032075,0.565685452427,-0.707106781187));
#11707 = DIRECTION('',(-0.80000003886,0.599999948187,-8.326672684689E-17
    ));
#11708 = ADVANCED_FACE('',(#11709),#11718,.F.);
#11709 = FACE_BOUND('',#11710,.T.);
#11710 = EDGE_LOOP('',(#11711,#11712,#11717));
#11711 = ORIENTED_EDGE('',*,*,#7214,.T.);
#11712 = ORIENTED_EDGE('',*,*,#11713,.T.);
#11713 = EDGE_CURVE('',#7206,#11691,#11714,.T.);
#11714 = B_SPLINE_CURVE_WITH_KNOTS('',1,(#11715,#11716),.UNSPECIFIED.,
  .F.,.F.,(2,2),(0.,1.),.PIECEWISE_BEZIER_KNOTS.);
#11715 = CARTESIAN_POINT('',(277.05331650148,173.4600123747,49.51));
#11716 = CARTESIAN_POINT('',(277.23331891504,173.70001056451,49.81));
#11717 = ORIENTED_EDGE('',*,*,#11690,.F.);
#11718 = CONICAL_SURFACE('',#11719,1.8,0.785398163397);
#11719 = AXIS2_PLACEMENT_3D('',#11720,#11721,#11722);
#11720 = CARTESIAN_POINT('',(278.13333098285,174.90000151355,49.51));
#11721 = DIRECTION('',(-0.,0.,-1.));
#11722 = DIRECTION('',(0.80000003886,-0.599999948187,-0.));
#11723 = ADVANCED_FACE('',(#11724),#11742,.T.);
#11724 = FACE_BOUND('',#11725,.T.);
#11725 = EDGE_LOOP('',(#11726,#11727,#11734,#11741));
#11726 = ORIENTED_EDGE('',*,*,#7205,.T.);
#11727 = ORIENTED_EDGE('',*,*,#11728,.T.);
#11728 = EDGE_CURVE('',#7197,#11729,#11731,.T.);
#11729 = VERTEX_POINT('',#11730);
#11730 = CARTESIAN_POINT('',(274.83334303643,174.50000000059,49.81));
#11731 = B_SPLINE_CURVE_WITH_KNOTS('',1,(#11732,#11733),.UNSPECIFIED.,
  .F.,.F.,(2,2),(0.,1.),.PIECEWISE_BEZIER_KNOTS.);
#11732 = CARTESIAN_POINT('',(274.83335358247,174.20000000064,49.51));
#11733 = CARTESIAN_POINT('',(274.83335056216,174.50000000063,49.81));
#11734 = ORIENTED_EDGE('',*,*,#11735,.F.);
#11735 = EDGE_CURVE('',#11691,#11729,#11736,.T.);
#11736 = CIRCLE('',#11737,3.999826507497);
#11737 = AXIS2_PLACEMENT_3D('',#11738,#11739,#11740);
#11738 = CARTESIAN_POINT('',(274.83339083111,170.50017349334,49.81));
#11739 = DIRECTION('',(0.,0.,1.));
#11740 = DIRECTION('',(-1.006767330689E-05,0.999999999949,0.));
#11741 = ORIENTED_EDGE('',*,*,#11713,.F.);
#11742 = CONICAL_SURFACE('',#11743,3.699826507497,0.785398163397);
#11743 = AXIS2_PLACEMENT_3D('',#11744,#11745,#11746);
#11744 = CARTESIAN_POINT('',(274.83339083111,170.50017349334,49.51));
#11745 = DIRECTION('',(0.,0.,1.));
#11746 = DIRECTION('',(-1.006767330689E-05,0.999999999949,0.));
#11747 = ADVANCED_FACE('',(#11748),#11757,.F.);
#11748 = FACE_BOUND('',#11749,.T.);
#11749 = EDGE_LOOP('',(#11750,#11751,#11756));
#11750 = ORIENTED_EDGE('',*,*,#7196,.T.);
#11751 = ORIENTED_EDGE('',*,*,#11752,.T.);
#11752 = EDGE_CURVE('',#7189,#11729,#11753,.T.);
#11753 = B_SPLINE_CURVE_WITH_KNOTS('',1,(#11754,#11755),.UNSPECIFIED.,
  .F.,.F.,(2,2),(0.,1.),.PIECEWISE_BEZIER_KNOTS.);
#11754 = CARTESIAN_POINT('',(274.8333354607,174.20000000055,49.51));
#11755 = CARTESIAN_POINT('',(274.83333546069,174.50000000055,49.81));
#11756 = ORIENTED_EDGE('',*,*,#11728,.F.);
#11757 = CONICAL_SURFACE('',#11758,1.8,0.785398163397);
#11758 = AXIS2_PLACEMENT_3D('',#11759,#11760,#11761);
#11759 = CARTESIAN_POINT('',(274.83333546065,176.00000000055,49.51));
#11760 = DIRECTION('',(0.,0.,-1.));
#11761 = DIRECTION('',(0.999999999949,1.006767339457E-05,0.));
#11762 = ADVANCED_FACE('',(#11763),#11780,.T.);
#11763 = FACE_BOUND('',#11764,.T.);
#11764 = EDGE_LOOP('',(#11765,#11766,#11773,#11779));
#11765 = ORIENTED_EDGE('',*,*,#7188,.F.);
#11766 = ORIENTED_EDGE('',*,*,#11767,.T.);
#11767 = EDGE_CURVE('',#7180,#11768,#11770,.T.);
#11768 = VERTEX_POINT('',#11769);
#11769 = CARTESIAN_POINT('',(252.84810079531,174.49999999999,49.81));
#11770 = B_SPLINE_CURVE_WITH_KNOTS('',1,(#11771,#11772),.UNSPECIFIED.,
  .F.,.F.,(2,2),(0.,1.),.PIECEWISE_BEZIER_KNOTS.);
#11771 = CARTESIAN_POINT('',(252.84810104406,174.19999999999,49.51));
#11772 = CARTESIAN_POINT('',(252.84810104405,174.49999999999,49.81));
#11773 = ORIENTED_EDGE('',*,*,#11774,.T.);
#11774 = EDGE_CURVE('',#11768,#11729,#11775,.T.);
#11775 = LINE('',#11776,#11777);
#11776 = CARTESIAN_POINT('',(131.92035912396,174.49999999691,49.81));
#11777 = VECTOR('',#11778,1.);
#11778 = DIRECTION('',(1.,2.549193E-11,0.));
#11779 = ORIENTED_EDGE('',*,*,#11752,.F.);
#11780 = PLANE('',#11781);
#11781 = AXIS2_PLACEMENT_3D('',#11782,#11783,#11784);
#11782 = CARTESIAN_POINT('',(131.92035912396,174.49999999691,49.81));
#11783 = DIRECTION('',(-1.802552E-11,0.707106781187,-0.707106781187));
#11784 = DIRECTION('',(-1.,-2.549193242641E-11,2.426414038384E-18));
#11785 = ADVANCED_FACE('',(#11786),#11795,.F.);
#11786 = FACE_BOUND('',#11787,.T.);
#11787 = EDGE_LOOP('',(#11788,#11789,#11794));
#11788 = ORIENTED_EDGE('',*,*,#7179,.T.);
#11789 = ORIENTED_EDGE('',*,*,#11790,.T.);
#11790 = EDGE_CURVE('',#7171,#11768,#11791,.T.);
#11791 = B_SPLINE_CURVE_WITH_KNOTS('',1,(#11792,#11793),.UNSPECIFIED.,
  .F.,.F.,(2,2),(0.,1.),.PIECEWISE_BEZIER_KNOTS.);
#11792 = CARTESIAN_POINT('',(252.84810050709,174.19999999999,49.51));
#11793 = CARTESIAN_POINT('',(252.84810059658,174.49999999999,49.81));
#11794 = ORIENTED_EDGE('',*,*,#11767,.F.);
#11795 = CONICAL_SURFACE('',#11796,1.8,0.785398163397);
#11796 = AXIS2_PLACEMENT_3D('',#11797,#11798,#11799);
#11797 = CARTESIAN_POINT('',(252.84810104401,175.99999999999,49.51));
#11798 = DIRECTION('',(0.,0.,-1.));
#11799 = DIRECTION('',(1.,2.549193E-11,0.));
#11800 = ADVANCED_FACE('',(#11801),#11819,.T.);
#11801 = FACE_BOUND('',#11802,.T.);
#11802 = EDGE_LOOP('',(#11803,#11804,#11811,#11818));
#11803 = ORIENTED_EDGE('',*,*,#7170,.T.);
#11804 = ORIENTED_EDGE('',*,*,#11805,.T.);
#11805 = EDGE_CURVE('',#7162,#11806,#11808,.T.);
#11806 = VERTEX_POINT('',#11807);
#11807 = CARTESIAN_POINT('',(251.49664082788,174.26477846181,49.81));
#11808 = B_SPLINE_CURVE_WITH_KNOTS('',1,(#11809,#11810),.UNSPECIFIED.,
  .F.,.F.,(2,2),(0.,1.),.PIECEWISE_BEZIER_KNOTS.);
#11809 = CARTESIAN_POINT('',(251.59800060333,173.98242018599,49.51));
#11810 = CARTESIAN_POINT('',(251.49664107508,174.26477855055,49.81));
#11811 = ORIENTED_EDGE('',*,*,#11812,.F.);
#11812 = EDGE_CURVE('',#11768,#11806,#11813,.T.);
#11813 = CIRCLE('',#11814,3.999993937507);
#11814 = AXIS2_PLACEMENT_3D('',#11815,#11816,#11817);
#11815 = CARTESIAN_POINT('',(252.84809940342,170.50000606248,49.81));
#11816 = DIRECTION('',(0.,0.,1.));
#11817 = DIRECTION('',(-0.33786509416,0.941194548512,0.));
#11818 = ORIENTED_EDGE('',*,*,#11790,.F.);
#11819 = CONICAL_SURFACE('',#11820,3.699993937507,0.785398163397);
#11820 = AXIS2_PLACEMENT_3D('',#11821,#11822,#11823);
#11821 = CARTESIAN_POINT('',(252.84809940342,170.50000606248,49.51));
#11822 = DIRECTION('',(0.,0.,1.));
#11823 = DIRECTION('',(-0.33786509416,0.941194548512,0.));
#11824 = ADVANCED_FACE('',(#11825),#11834,.F.);
#11825 = FACE_BOUND('',#11826,.T.);
#11826 = EDGE_LOOP('',(#11827,#11828,#11833));
#11827 = ORIENTED_EDGE('',*,*,#7161,.T.);
#11828 = ORIENTED_EDGE('',*,*,#11829,.T.);
#11829 = EDGE_CURVE('',#7154,#11806,#11830,.T.);
#11830 = B_SPLINE_CURVE_WITH_KNOTS('',1,(#11831,#11832),.UNSPECIFIED.,
  .F.,.F.,(2,2),(0.,1.),.PIECEWISE_BEZIER_KNOTS.);
#11831 = CARTESIAN_POINT('',(251.59799995358,173.98241995275,49.51));
#11832 = CARTESIAN_POINT('',(251.49664053362,174.26477835618,49.81));
#11833 = ORIENTED_EDGE('',*,*,#11805,.F.);
#11834 = CONICAL_SURFACE('',#11835,1.8,0.785398163397);
#11835 = AXIS2_PLACEMENT_3D('',#11836,#11837,#11838);
#11836 = CARTESIAN_POINT('',(250.98984343384,175.67657037331,49.51));
#11837 = DIRECTION('',(0.,0.,-1.));
#11838 = DIRECTION('',(0.941194548512,0.33786509416,0.));
#11839 = ADVANCED_FACE('',(#11840),#11857,.T.);
#11840 = FACE_BOUND('',#11841,.T.);
#11841 = EDGE_LOOP('',(#11842,#11843,#11850,#11856));
#11842 = ORIENTED_EDGE('',*,*,#7153,.F.);
#11843 = ORIENTED_EDGE('',*,*,#11844,.T.);
#11844 = EDGE_CURVE('',#7145,#11845,#11847,.T.);
#11845 = VERTEX_POINT('',#11846);
#11846 = CARTESIAN_POINT('',(232.89762179615,167.58820798286,49.81));
#11847 = B_SPLINE_CURVE_WITH_KNOTS('',1,(#11848,#11849),.UNSPECIFIED.,
  .F.,.F.,(2,2),(0.,1.),.PIECEWISE_BEZIER_KNOTS.);
#11848 = CARTESIAN_POINT('',(232.99898121611,167.30584957943,49.51));
#11849 = CARTESIAN_POINT('',(232.89762179615,167.58820798286,49.81));
#11850 = ORIENTED_EDGE('',*,*,#11851,.T.);
#11851 = EDGE_CURVE('',#11845,#11806,#11852,.T.);
#11852 = LINE('',#11853,#11854);
#11853 = CARTESIAN_POINT('',(107.74526669289,122.66172460069,49.81));
#11854 = VECTOR('',#11855,1.);
#11855 = DIRECTION('',(0.941194678092,0.337864733187,0.));
#11856 = ORIENTED_EDGE('',*,*,#11829,.F.);
#11857 = PLANE('',#11858);
#11858 = AXIS2_PLACEMENT_3D('',#11859,#11860,#11861);
#11859 = CARTESIAN_POINT('',(107.74526669289,122.66172460069,49.81));
#11860 = DIRECTION('',(-0.23890644396,0.665525139295,-0.707106781187));
#11861 = DIRECTION('',(-0.941194678092,-0.337864733187,0.));
#11862 = ADVANCED_FACE('',(#11863),#11881,.F.);
#11863 = FACE_BOUND('',#11864,.T.);
#11864 = EDGE_LOOP('',(#11865,#11866,#11873,#11880));
#11865 = ORIENTED_EDGE('',*,*,#7144,.T.);
#11866 = ORIENTED_EDGE('',*,*,#11867,.T.);
#11867 = EDGE_CURVE('',#7137,#11868,#11870,.T.);
#11868 = VERTEX_POINT('',#11869);
#11869 = CARTESIAN_POINT('',(232.39082469637,167.5,49.81));
#11870 = B_SPLINE_CURVE_WITH_KNOTS('',1,(#11871,#11872),.UNSPECIFIED.,
  .F.,.F.,(2,2),(0.,1.),.PIECEWISE_BEZIER_KNOTS.);
#11871 = CARTESIAN_POINT('',(232.39082469637,167.2,49.51));
#11872 = CARTESIAN_POINT('',(232.39082469637,167.5,49.81));
#11873 = ORIENTED_EDGE('',*,*,#11874,.F.);
#11874 = EDGE_CURVE('',#11845,#11868,#11875,.T.);
#11875 = CIRCLE('',#11876,1.5);
#11876 = AXIS2_PLACEMENT_3D('',#11877,#11878,#11879);
#11877 = CARTESIAN_POINT('',(232.39082469637,169.,49.81));
#11878 = DIRECTION('',(0.,0.,-1.));
#11879 = DIRECTION('',(0.941194678092,0.337864733187,0.));
#11880 = ORIENTED_EDGE('',*,*,#11844,.F.);
#11881 = CONICAL_SURFACE('',#11882,1.8,0.785398163397);
#11882 = AXIS2_PLACEMENT_3D('',#11883,#11884,#11885);
#11883 = CARTESIAN_POINT('',(232.39082469637,169.,49.51));
#11884 = DIRECTION('',(0.,0.,-1.));
#11885 = DIRECTION('',(0.941194678092,0.337864733187,0.));
#11886 = ADVANCED_FACE('',(#11887),#11904,.T.);
#11887 = FACE_BOUND('',#11888,.T.);
#11888 = EDGE_LOOP('',(#11889,#11890,#11897,#11903));
#11889 = ORIENTED_EDGE('',*,*,#7136,.F.);
#11890 = ORIENTED_EDGE('',*,*,#11891,.T.);
#11891 = EDGE_CURVE('',#7128,#11892,#11894,.T.);
#11892 = VERTEX_POINT('',#11893);
#11893 = CARTESIAN_POINT('',(197.00000202945,167.49999999999,49.81));
#11894 = B_SPLINE_CURVE_WITH_KNOTS('',1,(#11895,#11896),.UNSPECIFIED.,
  .F.,.F.,(2,2),(0.,1.),.PIECEWISE_BEZIER_KNOTS.);
#11895 = CARTESIAN_POINT('',(197.00000261476,167.19999999999,49.51));
#11896 = CARTESIAN_POINT('',(197.00000261476,167.49999999999,49.81));
#11897 = ORIENTED_EDGE('',*,*,#11898,.T.);
#11898 = EDGE_CURVE('',#11892,#11868,#11899,.T.);
#11899 = LINE('',#11900,#11901);
#11900 = CARTESIAN_POINT('',(107.34770682778,167.49999999999,49.81));
#11901 = VECTOR('',#11902,1.);
#11902 = DIRECTION('',(1.,3.094E-14,0.));
#11903 = ORIENTED_EDGE('',*,*,#11867,.F.);
#11904 = PLANE('',#11905);
#11905 = AXIS2_PLACEMENT_3D('',#11906,#11907,#11908);
#11906 = CARTESIAN_POINT('',(107.34770682778,167.49999999999,49.81));
#11907 = DIRECTION('',(-2.188E-14,0.707106781187,-0.707106781187));
#11908 = DIRECTION('',(-1.,-3.094149637236E-14,1.496372362027E-18));
#11909 = ADVANCED_FACE('',(#11910),#11919,.F.);
#11910 = FACE_BOUND('',#11911,.T.);
#11911 = EDGE_LOOP('',(#11912,#11913,#11918));
#11912 = ORIENTED_EDGE('',*,*,#7127,.T.);
#11913 = ORIENTED_EDGE('',*,*,#11914,.T.);
#11914 = EDGE_CURVE('',#7119,#11892,#11915,.T.);
#11915 = B_SPLINE_CURVE_WITH_KNOTS('',1,(#11916,#11917),.UNSPECIFIED.,
  .F.,.F.,(2,2),(0.,1.),.PIECEWISE_BEZIER_KNOTS.);
#11916 = CARTESIAN_POINT('',(197.00000127002,167.19999999999,49.51));
#11917 = CARTESIAN_POINT('',(197.00000149415,167.49999999999,49.81));
#11918 = ORIENTED_EDGE('',*,*,#11891,.F.);
#11919 = CONICAL_SURFACE('',#11920,1.8,0.785398163397);
#11920 = AXIS2_PLACEMENT_3D('',#11921,#11922,#11923);
#11921 = CARTESIAN_POINT('',(197.00000261476,168.99999999999,49.51));
#11922 = DIRECTION('',(0.,0.,-1.));
#11923 = DIRECTION('',(1.,3.094E-14,0.));
#11924 = ADVANCED_FACE('',(#11925),#11943,.T.);
#11925 = FACE_BOUND('',#11926,.T.);
#11926 = EDGE_LOOP('',(#11927,#11928,#11935,#11942));
#11927 = ORIENTED_EDGE('',*,*,#7118,.T.);
#11928 = ORIENTED_EDGE('',*,*,#11929,.T.);
#11929 = EDGE_CURVE('',#7110,#11930,#11932,.T.);
#11930 = VERTEX_POINT('',#11931);
#11931 = CARTESIAN_POINT('',(193.,163.50000022874,49.81));
#11932 = B_SPLINE_CURVE_WITH_KNOTS('',1,(#11933,#11934),.UNSPECIFIED.,
  .F.,.F.,(2,2),(0.,1.),.PIECEWISE_BEZIER_KNOTS.);
#11933 = CARTESIAN_POINT('',(193.3,163.50000048899,49.51));
#11934 = CARTESIAN_POINT('',(193.,163.50000040749,49.81));
#11935 = ORIENTED_EDGE('',*,*,#11936,.F.);
#11936 = EDGE_CURVE('',#11892,#11930,#11937,.T.);
#11937 = CIRCLE('',#11938,3.99999850585);
#11938 = AXIS2_PLACEMENT_3D('',#11939,#11940,#11941);
#11939 = CARTESIAN_POINT('',(196.99999850585,163.50000149415,49.81));
#11940 = DIRECTION('',(0.,0.,1.));
#11941 = DIRECTION('',(-1.,-2.7166378997E-07,0.));
#11942 = ORIENTED_EDGE('',*,*,#11914,.F.);
#11943 = CONICAL_SURFACE('',#11944,3.69999850585,0.785398163397);
#11944 = AXIS2_PLACEMENT_3D('',#11945,#11946,#11947);
#11945 = CARTESIAN_POINT('',(196.99999850585,163.50000149415,49.51));
#11946 = DIRECTION('',(0.,0.,1.));
#11947 = DIRECTION('',(-1.,-2.7166378997E-07,0.));
#11948 = ADVANCED_FACE('',(#11949),#11958,.F.);
#11949 = FACE_BOUND('',#11950,.T.);
#11950 = EDGE_LOOP('',(#11951,#11952,#11957));
#11951 = ORIENTED_EDGE('',*,*,#7109,.T.);
#11952 = ORIENTED_EDGE('',*,*,#11953,.T.);
#11953 = EDGE_CURVE('',#7102,#11930,#11954,.T.);
#11954 = B_SPLINE_CURVE_WITH_KNOTS('',1,(#11955,#11956),.UNSPECIFIED.,
  .F.,.F.,(2,2),(0.,1.),.PIECEWISE_BEZIER_KNOTS.);
#11955 = CARTESIAN_POINT('',(193.3,163.5,49.51));
#11956 = CARTESIAN_POINT('',(193.,163.5,49.81));
#11957 = ORIENTED_EDGE('',*,*,#11929,.F.);
#11958 = CONICAL_SURFACE('',#11959,1.8,0.785398163397);
#11959 = AXIS2_PLACEMENT_3D('',#11960,#11961,#11962);
#11960 = CARTESIAN_POINT('',(191.5,163.5,49.51));
#11961 = DIRECTION('',(0.,0.,-1.));
#11962 = DIRECTION('',(-2.7166378973E-07,1.,0.));
#11963 = ADVANCED_FACE('',(#11964),#11981,.T.);
#11964 = FACE_BOUND('',#11965,.T.);
#11965 = EDGE_LOOP('',(#11966,#11967,#11974,#11980));
#11966 = ORIENTED_EDGE('',*,*,#7101,.F.);
#11967 = ORIENTED_EDGE('',*,*,#11968,.T.);
#11968 = EDGE_CURVE('',#7093,#11969,#11971,.T.);
#11969 = VERTEX_POINT('',#11970);
#11970 = CARTESIAN_POINT('',(193.,94.950141437558,49.81));
#11971 = B_SPLINE_CURVE_WITH_KNOTS('',1,(#11972,#11973),.UNSPECIFIED.,
  .F.,.F.,(2,2),(0.,1.),.PIECEWISE_BEZIER_KNOTS.);
#11972 = CARTESIAN_POINT('',(193.3,94.950141437558,49.51));
#11973 = CARTESIAN_POINT('',(193.,94.950141437558,49.81));
#11974 = ORIENTED_EDGE('',*,*,#11975,.T.);
#11975 = EDGE_CURVE('',#11969,#11930,#11976,.T.);
#11976 = LINE('',#11977,#11978);
#11977 = CARTESIAN_POINT('',(193.00000000001,64.6125353594,49.81));
#11978 = VECTOR('',#11979,1.);
#11979 = DIRECTION('',(-1.1071E-13,1.,0.));
#11980 = ORIENTED_EDGE('',*,*,#11953,.F.);
#11981 = PLANE('',#11982);
#11982 = AXIS2_PLACEMENT_3D('',#11983,#11984,#11985);
#11983 = CARTESIAN_POINT('',(193.00000000001,64.6125353594,49.81));
#11984 = DIRECTION('',(-0.707106781187,-7.828E-14,-0.707106781187));
#11985 = DIRECTION('',(1.107073188313E-13,-1.,-2.681168715755E-18));
#11986 = ADVANCED_FACE('',(#11987),#12005,.F.);
#11987 = FACE_BOUND('',#11988,.T.);
#11988 = EDGE_LOOP('',(#11989,#11990,#11997,#12004));
#11989 = ORIENTED_EDGE('',*,*,#7092,.T.);
#11990 = ORIENTED_EDGE('',*,*,#11991,.T.);
#11991 = EDGE_CURVE('',#7085,#11992,#11994,.T.);
#11992 = VERTEX_POINT('',#11993);
#11993 = CARTESIAN_POINT('',(192.56045613344,93.889277266676,49.81));
#11994 = B_SPLINE_CURVE_WITH_KNOTS('',1,(#11995,#11996),.UNSPECIFIED.,
  .F.,.F.,(2,2),(0.,1.),.PIECEWISE_BEZIER_KNOTS.);
#11995 = CARTESIAN_POINT('',(192.77254736013,93.6771044325,49.51));
#11996 = CARTESIAN_POINT('',(192.56045613344,93.889277266676,49.81));
#11997 = ORIENTED_EDGE('',*,*,#11998,.F.);
#11998 = EDGE_CURVE('',#11969,#11992,#11999,.T.);
#11999 = CIRCLE('',#12000,1.5);
#12000 = AXIS2_PLACEMENT_3D('',#12001,#12002,#12003);
#12001 = CARTESIAN_POINT('',(191.5,94.950141437558,49.81));
#12002 = DIRECTION('',(0.,0.,-1.));
#12003 = DIRECTION('',(-1.1071E-13,1.,0.));
#12004 = ORIENTED_EDGE('',*,*,#11968,.F.);
#12005 = CONICAL_SURFACE('',#12006,1.8,0.785398163397);
#12006 = AXIS2_PLACEMENT_3D('',#12007,#12008,#12009);
#12007 = CARTESIAN_POINT('',(191.5,94.950141437558,49.51));
#12008 = DIRECTION('',(0.,0.,-1.));
#12009 = DIRECTION('',(-1.1071E-13,1.,0.));
#12010 = ADVANCED_FACE('',(#12011),#12028,.T.);
#12011 = FACE_BOUND('',#12012,.T.);
#12012 = EDGE_LOOP('',(#12013,#12014,#12021,#12027));
#12013 = ORIENTED_EDGE('',*,*,#7084,.F.);
#12014 = ORIENTED_EDGE('',*,*,#12015,.T.);
#12015 = EDGE_CURVE('',#7076,#12016,#12018,.T.);
#12016 = VERTEX_POINT('',#12017);
#12017 = CARTESIAN_POINT('',(182.13494835814,83.46777942753,49.81));
#12018 = B_SPLINE_CURVE_WITH_KNOTS('',1,(#12019,#12020),.UNSPECIFIED.,
  .F.,.F.,(2,2),(0.,1.),.PIECEWISE_BEZIER_KNOTS.);
#12019 = CARTESIAN_POINT('',(182.34704285864,83.255609865887,49.51));
#12020 = CARTESIAN_POINT('',(182.13495163195,83.467782700063,49.81));
#12021 = ORIENTED_EDGE('',*,*,#12022,.T.);
#12022 = EDGE_CURVE('',#12016,#11992,#12023,.T.);
#12023 = LINE('',#12024,#12025);
#12024 = CARTESIAN_POINT('',(118.32312882632,19.68050367103,49.81));
#12025 = VECTOR('',#12026,1.);
#12026 = DIRECTION('',(0.707242780588,0.706970755623,0.));
#12027 = ORIENTED_EDGE('',*,*,#11991,.F.);
#12028 = PLANE('',#12029);
#12029 = AXIS2_PLACEMENT_3D('',#12030,#12031,#12032);
#12030 = CARTESIAN_POINT('',(118.32312882632,19.68050367103,49.81));
#12031 = DIRECTION('',(-0.499903815402,0.500096166099,-0.707106781187));
#12032 = DIRECTION('',(-0.707242780588,-0.706970755623,
    -8.326672684689E-17));
#12033 = ADVANCED_FACE('',(#12034),#12043,.F.);
#12034 = FACE_BOUND('',#12035,.T.);
#12035 = EDGE_LOOP('',(#12036,#12037,#12042));
#12036 = ORIENTED_EDGE('',*,*,#7075,.T.);
#12037 = ORIENTED_EDGE('',*,*,#12038,.T.);
#12038 = EDGE_CURVE('',#7067,#12016,#12039,.T.);
#12039 = B_SPLINE_CURVE_WITH_KNOTS('',1,(#12040,#12041),.UNSPECIFIED.,
  .F.,.F.,(2,2),(0.,1.),.PIECEWISE_BEZIER_KNOTS.);
#12040 = CARTESIAN_POINT('',(182.34703504393,83.255602054225,49.51));
#12041 = CARTESIAN_POINT('',(182.13494511969,83.467776190345,49.81));
#12042 = ORIENTED_EDGE('',*,*,#12015,.F.);
#12043 = CONICAL_SURFACE('',#12044,1.8,0.785398163397);
#12044 = AXIS2_PLACEMENT_3D('',#12045,#12046,#12047);
#12045 = CARTESIAN_POINT('',(181.07449549852,84.528646870945,49.51));
#12046 = DIRECTION('',(0.,0.,-1.));
#12047 = DIRECTION('',(0.707242780588,0.706970755623,0.));
#12048 = ADVANCED_FACE('',(#12049),#12067,.T.);
#12049 = FACE_BOUND('',#12050,.T.);
#12050 = EDGE_LOOP('',(#12051,#12052,#12059,#12066));
#12051 = ORIENTED_EDGE('',*,*,#7066,.T.);
#12052 = ORIENTED_EDGE('',*,*,#12053,.T.);
#12053 = EDGE_CURVE('',#7058,#12054,#12056,.T.);
#12054 = VERTEX_POINT('',#12055);
#12055 = CARTESIAN_POINT('',(182.11470379956,77.830203989867,49.81));
#12056 = B_SPLINE_CURVE_WITH_KNOTS('',1,(#12057,#12058),.UNSPECIFIED.,
  .F.,.F.,(2,2),(0.,1.),.PIECEWISE_BEZIER_KNOTS.);
#12057 = CARTESIAN_POINT('',(182.32830751222,78.040854064642,49.51));
#12058 = CARTESIAN_POINT('',(182.11469913202,77.830208723108,49.81));
#12059 = ORIENTED_EDGE('',*,*,#12060,.F.);
#12060 = EDGE_CURVE('',#12016,#12054,#12061,.T.);
#12061 = CIRCLE('',#12062,3.999981858821);
#12062 = AXIS2_PLACEMENT_3D('',#12063,#12064,#12065);
#12063 = CARTESIAN_POINT('',(184.96279795095,80.638800539042,49.81));
#12064 = DIRECTION('',(0.,0.,1.));
#12065 = DIRECTION('',(-0.712027933988,-0.702151138446,0.));
#12066 = ORIENTED_EDGE('',*,*,#12038,.F.);
#12067 = CONICAL_SURFACE('',#12068,3.699981858821,0.785398163397);
#12068 = AXIS2_PLACEMENT_3D('',#12069,#12070,#12071);
#12069 = CARTESIAN_POINT('',(184.96279795095,80.638800539042,49.51));
#12070 = DIRECTION('',(0.,0.,1.));
#12071 = DIRECTION('',(-0.712027933988,-0.702151138446,0.));
#12072 = ADVANCED_FACE('',(#12073),#12082,.F.);
#12073 = FACE_BOUND('',#12074,.T.);
#12074 = EDGE_LOOP('',(#12075,#12076,#12081));
#12075 = ORIENTED_EDGE('',*,*,#7057,.T.);
#12076 = ORIENTED_EDGE('',*,*,#12077,.T.);
#12077 = EDGE_CURVE('',#7050,#12054,#12078,.T.);
#12078 = B_SPLINE_CURVE_WITH_KNOTS('',1,(#12079,#12080),.UNSPECIFIED.,
  .F.,.F.,(2,2),(0.,1.),.PIECEWISE_BEZIER_KNOTS.);
#12079 = CARTESIAN_POINT('',(182.32831875645,78.04084266214,49.51));
#12080 = CARTESIAN_POINT('',(182.11470850221,77.830199221023,49.81));
#12081 = ORIENTED_EDGE('',*,*,#12053,.F.);
#12082 = CONICAL_SURFACE('',#12083,1.8,0.785398163397);
#12083 = AXIS2_PLACEMENT_3D('',#12084,#12085,#12086);
#12084 = CARTESIAN_POINT('',(181.04665723104,76.77698201544,49.51));
#12085 = DIRECTION('',(0.,0.,-1.));
#12086 = DIRECTION('',(-0.702151138446,0.712027933988,0.));
#12087 = ADVANCED_FACE('',(#12088),#12105,.T.);
#12088 = FACE_BOUND('',#12089,.T.);
#12089 = EDGE_LOOP('',(#12090,#12091,#12098,#12104));
#12090 = ORIENTED_EDGE('',*,*,#7049,.F.);
#12091 = ORIENTED_EDGE('',*,*,#12092,.T.);
#12092 = EDGE_CURVE('',#7041,#12093,#12095,.T.);
#12093 = VERTEX_POINT('',#12094);
#12094 = CARTESIAN_POINT('',(214.83904756096,44.644953342758,49.81));
#12095 = B_SPLINE_CURVE_WITH_KNOTS('',1,(#12096,#12097),.UNSPECIFIED.,
  .F.,.F.,(2,2),(0.,1.),.PIECEWISE_BEZIER_KNOTS.);
#12096 = CARTESIAN_POINT('',(215.05265115208,44.855603541186,49.51));
#12097 = CARTESIAN_POINT('',(214.83904089785,44.64496010007,49.81));
#12098 = ORIENTED_EDGE('',*,*,#12099,.T.);
#12099 = EDGE_CURVE('',#12093,#12054,#12100,.T.);
#12100 = LINE('',#12101,#12102);
#12101 = CARTESIAN_POINT('',(164.85949578551,95.328443437703,49.81));
#12102 = VECTOR('',#12103,1.);
#12103 = DIRECTION('',(-0.702144803722,0.712034180785,0.));
#12104 = ORIENTED_EDGE('',*,*,#12077,.F.);
#12105 = PLANE('',#12106);
#12106 = AXIS2_PLACEMENT_3D('',#12107,#12108,#12109);
#12107 = CARTESIAN_POINT('',(164.85949578551,95.328443437703,49.81));
#12108 = DIRECTION('',(-0.50348419767,-0.496491352087,-0.707106781187));
#12109 = DIRECTION('',(0.702144803722,-0.712034180785,0.));
#12110 = ADVANCED_FACE('',(#12111),#12120,.F.);
#12111 = FACE_BOUND('',#12112,.T.);
#12112 = EDGE_LOOP('',(#12113,#12114,#12119));
#12113 = ORIENTED_EDGE('',*,*,#7040,.T.);
#12114 = ORIENTED_EDGE('',*,*,#12115,.T.);
#12115 = EDGE_CURVE('',#7032,#12093,#12116,.T.);
#12116 = B_SPLINE_CURVE_WITH_KNOTS('',1,(#12117,#12118),.UNSPECIFIED.,
  .F.,.F.,(2,2),(0.,1.),.PIECEWISE_BEZIER_KNOTS.);
#12117 = CARTESIAN_POINT('',(215.05266710148,44.855587366414,49.51));
#12118 = CARTESIAN_POINT('',(214.83905418897,44.644946621049,49.81));
#12119 = ORIENTED_EDGE('',*,*,#12092,.F.);
#12120 = CONICAL_SURFACE('',#12121,1.8,0.785398163397);
#12121 = AXIS2_PLACEMENT_3D('',#12122,#12123,#12124);
#12122 = CARTESIAN_POINT('',(213.77098962667,43.591742894486,49.51));
#12123 = DIRECTION('',(0.,0.,-1.));
#12124 = DIRECTION('',(-0.702144803722,0.712034180785,0.));
#12125 = ADVANCED_FACE('',(#12126),#12144,.T.);
#12126 = FACE_BOUND('',#12127,.T.);
#12127 = EDGE_LOOP('',(#12128,#12129,#12136,#12143));
#12128 = ORIENTED_EDGE('',*,*,#7031,.T.);
#12129 = ORIENTED_EDGE('',*,*,#12130,.T.);
#12130 = EDGE_CURVE('',#7023,#12131,#12133,.T.);
#12131 = VERTEX_POINT('',#12132);
#12132 = CARTESIAN_POINT('',(220.44750748895,44.558621251428,49.81));
#12133 = B_SPLINE_CURVE_WITH_KNOTS('',1,(#12134,#12135),.UNSPECIFIED.,
  .F.,.F.,(2,2),(0.,1.),.PIECEWISE_BEZIER_KNOTS.);
#12134 = CARTESIAN_POINT('',(220.24046608426,44.775724584508,49.51));
#12135 = CARTESIAN_POINT('',(220.44749395703,44.558608348592,49.81));
#12136 = ORIENTED_EDGE('',*,*,#12137,.F.);
#12137 = EDGE_CURVE('',#12093,#12131,#12138,.T.);
#12138 = CIRCLE('',#12139,3.999925802032);
#12139 = AXIS2_PLACEMENT_3D('',#12140,#12141,#12142);
#12140 = CARTESIAN_POINT('',(217.68717352366,47.453437795531,49.81));
#12141 = DIRECTION('',(-0.,0.,1.));
#12142 = DIRECTION('',(0.690092909216,-0.723720786388,0.));
#12143 = ORIENTED_EDGE('',*,*,#12115,.F.);
#12144 = CONICAL_SURFACE('',#12145,3.699925802032,0.785398163397);
#12145 = AXIS2_PLACEMENT_3D('',#12146,#12147,#12148);
#12146 = CARTESIAN_POINT('',(217.68717352366,47.453437795531,49.51));
#12147 = DIRECTION('',(0.,-0.,1.));
#12148 = DIRECTION('',(0.690092909216,-0.723720786388,-0.));
#12149 = ADVANCED_FACE('',(#12150),#12159,.F.);
#12150 = FACE_BOUND('',#12151,.T.);
#12151 = EDGE_LOOP('',(#12152,#12153,#12158));
#12152 = ORIENTED_EDGE('',*,*,#7022,.T.);
#12153 = ORIENTED_EDGE('',*,*,#12154,.T.);
#12154 = EDGE_CURVE('',#7015,#12131,#12155,.T.);
#12155 = B_SPLINE_CURVE_WITH_KNOTS('',1,(#12156,#12157),.UNSPECIFIED.,
  .F.,.F.,(2,2),(0.,1.),.PIECEWISE_BEZIER_KNOTS.);
#12156 = CARTESIAN_POINT('',(220.2404986043,44.775755592721,49.51));
#12157 = CARTESIAN_POINT('',(220.44752105706,44.558634188769,49.81));
#12158 = ORIENTED_EDGE('',*,*,#12130,.F.);
#12159 = CONICAL_SURFACE('',#12160,1.8,0.785398163397);
#12160 = AXIS2_PLACEMENT_3D('',#12161,#12162,#12163);
#12161 = CARTESIAN_POINT('',(221.48263332085,43.473027169011,49.51));
#12162 = DIRECTION('',(-0.,0.,-1.));
#12163 = DIRECTION('',(-0.723720786388,-0.690092909216,0.));
#12164 = ADVANCED_FACE('',(#12165),#12182,.T.);
#12165 = FACE_BOUND('',#12166,.T.);
#12166 = EDGE_LOOP('',(#12167,#12168,#12175,#12181));
#12167 = ORIENTED_EDGE('',*,*,#7014,.F.);
#12168 = ORIENTED_EDGE('',*,*,#12169,.T.);
#12169 = EDGE_CURVE('',#7006,#12170,#12172,.T.);
#12170 = VERTEX_POINT('',#12171);
#12171 = CARTESIAN_POINT('',(228.4854942094,52.222737712959,49.81));
#12172 = B_SPLINE_CURVE_WITH_KNOTS('',1,(#12173,#12174),.UNSPECIFIED.,
  .F.,.F.,(2,2),(0.,1.),.PIECEWISE_BEZIER_KNOTS.);
#12173 = CARTESIAN_POINT('',(228.27847175664,52.43985911691,49.51));
#12174 = CARTESIAN_POINT('',(228.4854942094,52.222737712959,49.81));
#12175 = ORIENTED_EDGE('',*,*,#12176,.T.);
#12176 = EDGE_CURVE('',#12170,#12131,#12177,.T.);
#12177 = LINE('',#12178,#12179);
#12178 = CARTESIAN_POINT('',(153.59513604274,-19.18425097373,49.81));
#12179 = VECTOR('',#12180,1.);
#12180 = DIRECTION('',(-0.723738013172,-0.690074842528,0.));
#12181 = ORIENTED_EDGE('',*,*,#12154,.F.);
#12182 = PLANE('',#12183);
#12183 = AXIS2_PLACEMENT_3D('',#12184,#12185,#12186);
#12184 = CARTESIAN_POINT('',(153.59513604274,-19.18425097373,49.81));
#12185 = DIRECTION('',(0.487956600678,-0.511760056916,-0.707106781187));
#12186 = DIRECTION('',(0.723738013172,0.690074842528,-5.551115123126E-17
    ));
#12187 = ADVANCED_FACE('',(#12188),#12206,.F.);
#12188 = FACE_BOUND('',#12189,.T.);
#12189 = EDGE_LOOP('',(#12190,#12191,#12198,#12205));
#12190 = ORIENTED_EDGE('',*,*,#7005,.T.);
#12191 = ORIENTED_EDGE('',*,*,#12192,.T.);
#12192 = EDGE_CURVE('',#6998,#12193,#12195,.T.);
#12193 = VERTEX_POINT('',#12194);
#12194 = CARTESIAN_POINT('',(229.88440993839,52.592344436508,49.81));
#12195 = B_SPLINE_CURVE_WITH_KNOTS('',1,(#12196,#12197),.UNSPECIFIED.,
  .F.,.F.,(2,2),(0.,1.),.PIECEWISE_BEZIER_KNOTS.);
#12196 = CARTESIAN_POINT('',(229.95717063143,52.883387185169,49.51));
#12197 = CARTESIAN_POINT('',(229.88440993839,52.592344436508,49.81));
#12198 = ORIENTED_EDGE('',*,*,#12199,.F.);
#12199 = EDGE_CURVE('',#12170,#12193,#12200,.T.);
#12200 = CIRCLE('',#12201,1.5);
#12201 = AXIS2_PLACEMENT_3D('',#12202,#12203,#12204);
#12202 = CARTESIAN_POINT('',(229.52060647319,51.137130693201,49.81));
#12203 = DIRECTION('',(-0.,0.,-1.));
#12204 = DIRECTION('',(-0.723738013172,-0.690074842528,0.));
#12205 = ORIENTED_EDGE('',*,*,#12169,.F.);
#12206 = CONICAL_SURFACE('',#12207,1.8,0.785398163397);
#12207 = AXIS2_PLACEMENT_3D('',#12208,#12209,#12210);
#12208 = CARTESIAN_POINT('',(229.52060647319,51.137130693201,49.51));
#12209 = DIRECTION('',(-0.,0.,-1.));
#12210 = DIRECTION('',(-0.723738013172,-0.690074842528,0.));
#12211 = ADVANCED_FACE('',(#12212),#12229,.T.);
#12212 = FACE_BOUND('',#12213,.T.);
#12213 = EDGE_LOOP('',(#12214,#12215,#12222,#12228));
#12214 = ORIENTED_EDGE('',*,*,#6997,.F.);
#12215 = ORIENTED_EDGE('',*,*,#12216,.T.);
#12216 = EDGE_CURVE('',#6989,#12217,#12219,.T.);
#12217 = VERTEX_POINT('',#12218);
#12218 = CARTESIAN_POINT('',(241.53581155521,49.679493796496,49.81));
#12219 = B_SPLINE_CURVE_WITH_KNOTS('',1,(#12220,#12221),.UNSPECIFIED.,
  .F.,.F.,(2,2),(0.,1.),.PIECEWISE_BEZIER_KNOTS.);
#12220 = CARTESIAN_POINT('',(241.60857224825,49.970536545157,49.51));
#12221 = CARTESIAN_POINT('',(241.53581155521,49.679493796496,49.81));
#12222 = ORIENTED_EDGE('',*,*,#12223,.T.);
#12223 = EDGE_CURVE('',#12217,#12193,#12224,.T.);
#12224 = LINE('',#12225,#12226);
#12225 = CARTESIAN_POINT('',(130.8037175618,77.362519530529,49.81));
#12226 = VECTOR('',#12227,1.);
#12227 = DIRECTION('',(-0.970142495538,0.242535643466,0.));
#12228 = ORIENTED_EDGE('',*,*,#12192,.F.);
#12229 = PLANE('',#12230);
#12230 = AXIS2_PLACEMENT_3D('',#12231,#12232,#12233);
#12231 = CARTESIAN_POINT('',(130.8037175618,77.362519530529,49.81));
#12232 = DIRECTION('',(-0.171498598174,-0.685994337312,-0.707106781187)
  );
#12233 = DIRECTION('',(0.970142495538,-0.242535643466,0.));
#12234 = ADVANCED_FACE('',(#12235),#12253,.T.);
#12235 = FACE_BOUND('',#12236,.T.);
#12236 = EDGE_LOOP('',(#12237,#12238,#12245,#12252));
#12237 = ORIENTED_EDGE('',*,*,#6988,.T.);
#12238 = ORIENTED_EDGE('',*,*,#12239,.T.);
#12239 = EDGE_CURVE('',#6981,#12240,#12242,.T.);
#12240 = VERTEX_POINT('',#12241);
#12241 = CARTESIAN_POINT('',(243.4535002949,49.673873406132,49.81));
#12242 = B_SPLINE_CURVE_WITH_KNOTS('',1,(#12243,#12244),.UNSPECIFIED.,
  .F.,.F.,(2,2),(0.,1.),.PIECEWISE_BEZIER_KNOTS.);
#12243 = CARTESIAN_POINT('',(243.3824468221,49.965337647511,49.51));
#12244 = CARTESIAN_POINT('',(243.4535002949,49.673873406132,49.81));
#12245 = ORIENTED_EDGE('',*,*,#12246,.F.);
#12246 = EDGE_CURVE('',#12217,#12240,#12247,.T.);
#12247 = CIRCLE('',#12248,4.000347382847);
#12248 = AXIS2_PLACEMENT_3D('',#12249,#12250,#12251);
#12249 = CARTESIAN_POINT('',(242.5060383818,53.560400789509,49.81));
#12250 = DIRECTION('',(-0.,0.,1.));
#12251 = DIRECTION('',(0.236830379702,-0.9715510132,0.));
#12252 = ORIENTED_EDGE('',*,*,#12216,.F.);
#12253 = CONICAL_SURFACE('',#12254,3.700347382847,0.785398163397);
#12254 = AXIS2_PLACEMENT_3D('',#12255,#12256,#12257);
#12255 = CARTESIAN_POINT('',(242.5060383818,53.560400789509,49.51));
#12256 = DIRECTION('',(0.,-0.,1.));
#12257 = DIRECTION('',(0.236830379702,-0.9715510132,-0.));
#12258 = ADVANCED_FACE('',(#12259),#12276,.T.);
#12259 = FACE_BOUND('',#12260,.T.);
#12260 = EDGE_LOOP('',(#12261,#12262,#12269,#12275));
#12261 = ORIENTED_EDGE('',*,*,#6980,.F.);
#12262 = ORIENTED_EDGE('',*,*,#12263,.T.);
#12263 = EDGE_CURVE('',#6972,#12264,#12266,.T.);
#12264 = VERTEX_POINT('',#12265);
#12265 = CARTESIAN_POINT('',(342.78284595683,73.888490359807,49.81));
#12266 = B_SPLINE_CURVE_WITH_KNOTS('',1,(#12267,#12268),.UNSPECIFIED.,
  .F.,.F.,(2,2),(0.,1.),.PIECEWISE_BEZIER_KNOTS.);
#12267 = CARTESIAN_POINT('',(342.71179167261,74.179954403377,49.51));
#12268 = CARTESIAN_POINT('',(342.78284514541,73.888490161999,49.81));
#12269 = ORIENTED_EDGE('',*,*,#12270,.T.);
#12270 = EDGE_CURVE('',#12264,#12240,#12271,.T.);
#12271 = LINE('',#12272,#12273);
#12272 = CARTESIAN_POINT('',(147.67226067863,26.324217640251,49.81));
#12273 = VECTOR('',#12274,1.);
#12274 = DIRECTION('',(-0.971547471262,-0.236844909348,0.));
#12275 = ORIENTED_EDGE('',*,*,#12239,.F.);
#12276 = PLANE('',#12277);
#12277 = AXIS2_PLACEMENT_3D('',#12278,#12279,#12280);
#12278 = CARTESIAN_POINT('',(147.67226067863,26.324217640251,49.81));
#12279 = DIRECTION('',(0.16747464149,-0.686987805174,-0.707106781187));
#12280 = DIRECTION('',(0.971547471262,0.236844909348,0.));
#12281 = ADVANCED_FACE('',(#12282),#12291,.F.);
#12282 = FACE_BOUND('',#12283,.T.);
#12283 = EDGE_LOOP('',(#12284,#12285,#12290));
#12284 = ORIENTED_EDGE('',*,*,#6971,.T.);
#12285 = ORIENTED_EDGE('',*,*,#12286,.T.);
#12286 = EDGE_CURVE('',#6963,#12264,#12287,.T.);
#12287 = B_SPLINE_CURVE_WITH_KNOTS('',1,(#12288,#12289),.UNSPECIFIED.,
  .F.,.F.,(2,2),(0.,1.),.PIECEWISE_BEZIER_KNOTS.);
#12288 = CARTESIAN_POINT('',(342.71179356172,74.179954863908,49.51));
#12289 = CARTESIAN_POINT('',(342.78284671967,73.888490545774,49.81));
#12290 = ORIENTED_EDGE('',*,*,#12263,.F.);
#12291 = CONICAL_SURFACE('',#12292,1.8,0.785398163397);
#12292 = AXIS2_PLACEMENT_3D('',#12293,#12294,#12295);
#12293 = CARTESIAN_POINT('',(343.13811250943,72.431168955105,49.51));
#12294 = DIRECTION('',(-0.,0.,-1.));
#12295 = DIRECTION('',(-0.971547471262,-0.236844909348,0.));
#12296 = ADVANCED_FACE('',(#12297),#12315,.T.);
#12297 = FACE_BOUND('',#12298,.T.);
#12298 = EDGE_LOOP('',(#12299,#12300,#12307,#12314));
#12299 = ORIENTED_EDGE('',*,*,#6962,.T.);
#12300 = ORIENTED_EDGE('',*,*,#12301,.T.);
#12301 = EDGE_CURVE('',#6954,#12302,#12304,.T.);
#12302 = VERTEX_POINT('',#12303);
#12303 = CARTESIAN_POINT('',(345.02347442037,75.358770585324,49.81));
#12304 = B_SPLINE_CURVE_WITH_KNOTS('',1,(#12305,#12306),.UNSPECIFIED.,
  .F.,.F.,(2,2),(0.,1.),.PIECEWISE_BEZIER_KNOTS.);
#12305 = CARTESIAN_POINT('',(344.78437377115,75.539963519909,49.51));
#12306 = CARTESIAN_POINT('',(345.02347424257,75.358770350699,49.81));
#12307 = ORIENTED_EDGE('',*,*,#12308,.F.);
#12308 = EDGE_CURVE('',#12264,#12302,#12309,.T.);
#12309 = CIRCLE('',#12310,3.999994067197);
#12310 = AXIS2_PLACEMENT_3D('',#12311,#12312,#12313);
#12311 = CARTESIAN_POINT('',(341.83547268547,77.774675690221,49.81));
#12312 = DIRECTION('',(-0.,0.,1.));
#12313 = DIRECTION('',(0.797001571389,-0.6039772307,0.));
#12314 = ORIENTED_EDGE('',*,*,#12286,.F.);
#12315 = CONICAL_SURFACE('',#12316,3.699994067197,0.785398163397);
#12316 = AXIS2_PLACEMENT_3D('',#12317,#12318,#12319);
#12317 = CARTESIAN_POINT('',(341.83547268547,77.774675690221,49.51));
#12318 = DIRECTION('',(0.,-0.,1.));
#12319 = DIRECTION('',(0.797001571389,-0.6039772307,-0.));
#12320 = ADVANCED_FACE('',(#12321),#12330,.F.);
#12321 = FACE_BOUND('',#12322,.T.);
#12322 = EDGE_LOOP('',(#12323,#12324,#12329));
#12323 = ORIENTED_EDGE('',*,*,#6953,.T.);
#12324 = ORIENTED_EDGE('',*,*,#12325,.T.);
#12325 = EDGE_CURVE('',#6946,#12302,#12326,.T.);
#12326 = B_SPLINE_CURVE_WITH_KNOTS('',1,(#12327,#12328),.UNSPECIFIED.,
  .F.,.F.,(2,2),(0.,1.),.PIECEWISE_BEZIER_KNOTS.);
#12327 = CARTESIAN_POINT('',(344.78437423411,75.539964130829,49.51));
#12328 = CARTESIAN_POINT('',(345.02347462837,75.358770859799,49.81));
#12329 = ORIENTED_EDGE('',*,*,#12301,.F.);
#12330 = CONICAL_SURFACE('',#12331,1.8,0.785398163397);
#12331 = AXIS2_PLACEMENT_3D('',#12332,#12333,#12334);
#12332 = CARTESIAN_POINT('',(346.21897659965,74.452804504648,49.51));
#12333 = DIRECTION('',(-0.,0.,-1.));
#12334 = DIRECTION('',(-0.6039772307,-0.797001571389,0.));
#12335 = ADVANCED_FACE('',(#12336),#12353,.T.);
#12336 = FACE_BOUND('',#12337,.T.);
#12337 = EDGE_LOOP('',(#12338,#12339,#12346,#12352));
#12338 = ORIENTED_EDGE('',*,*,#6945,.F.);
#12339 = ORIENTED_EDGE('',*,*,#12340,.T.);
#12340 = EDGE_CURVE('',#6937,#12341,#12343,.T.);
#12341 = VERTEX_POINT('',#12342);
#12342 = CARTESIAN_POINT('',(360.87550525674,96.276913964434,49.81));
#12343 = B_SPLINE_CURVE_WITH_KNOTS('',1,(#12344,#12345),.UNSPECIFIED.,
  .F.,.F.,(2,2),(0.,1.),.PIECEWISE_BEZIER_KNOTS.);
#12344 = CARTESIAN_POINT('',(360.63640486249,96.458107235464,49.51));
#12345 = CARTESIAN_POINT('',(360.87550525674,96.276913964434,49.81));
#12346 = ORIENTED_EDGE('',*,*,#12347,.T.);
#12347 = EDGE_CURVE('',#12341,#12302,#12348,.T.);
#12348 = LINE('',#12349,#12350);
#12349 = CARTESIAN_POINT('',(267.91835417869,-26.38819023801,49.81));
#12350 = VECTOR('',#12351,1.);
#12351 = DIRECTION('',(-0.6039775701,-0.797001314187,0.));
#12352 = ORIENTED_EDGE('',*,*,#12325,.F.);
#12353 = PLANE('',#12354);
#12354 = AXIS2_PLACEMENT_3D('',#12355,#12356,#12357);
#12355 = CARTESIAN_POINT('',(267.91835417869,-26.38819023801,49.81));
#12356 = DIRECTION('',(0.563565033876,-0.427076635502,-0.707106781187));
#12357 = DIRECTION('',(0.6039775701,0.797001314187,0.));
#12358 = ADVANCED_FACE('',(#12359),#12371,.T.);
#12359 = FACE_BOUND('',#12360,.T.);
#12360 = EDGE_LOOP('',(#12361,#12362,#12363,#12370));
#12361 = ORIENTED_EDGE('',*,*,#6936,.F.);
#12362 = ORIENTED_EDGE('',*,*,#8652,.T.);
#12363 = ORIENTED_EDGE('',*,*,#12364,.T.);
#12364 = EDGE_CURVE('',#8645,#12341,#12365,.T.);
#12365 = CIRCLE('',#12366,4.);
#12366 = AXIS2_PLACEMENT_3D('',#12367,#12368,#12369);
#12367 = CARTESIAN_POINT('',(357.6875,98.692824244835,49.81));
#12368 = DIRECTION('',(0.,0.,-1.));
#12369 = DIRECTION('',(0.,1.,0.));
#12370 = ORIENTED_EDGE('',*,*,#12340,.F.);
#12371 = CONICAL_SURFACE('',#12372,3.7,0.785398163397);
#12372 = AXIS2_PLACEMENT_3D('',#12373,#12374,#12375);
#12373 = CARTESIAN_POINT('',(357.6875,98.692824244835,49.51));
#12374 = DIRECTION('',(0.,-0.,1.));
#12375 = DIRECTION('',(0.,1.,0.));
#12376 = ADVANCED_FACE('',(#12377),#12396,.T.);
#12377 = FACE_BOUND('',#12378,.T.);
#12378 = EDGE_LOOP('',(#12379,#12388,#12394,#12395));
#12379 = ORIENTED_EDGE('',*,*,#12380,.F.);
#12380 = EDGE_CURVE('',#12381,#12381,#12383,.T.);
#12381 = VERTEX_POINT('',#12382);
#12382 = CARTESIAN_POINT('',(196.23223315653,165.26776793772,49.5));
#12383 = CIRCLE('',#12384,1.);
#12384 = AXIS2_PLACEMENT_3D('',#12385,#12386,#12387);
#12385 = CARTESIAN_POINT('',(195.23223315653,165.26776793772,49.5));
#12386 = DIRECTION('',(0.,0.,-1.));
#12387 = DIRECTION('',(-1.,6.E-17,0.));
#12388 = ORIENTED_EDGE('',*,*,#12389,.T.);
#12389 = EDGE_CURVE('',#12381,#7319,#12390,.T.);
#12390 = LINE('',#12391,#12392);
#12391 = CARTESIAN_POINT('',(196.23223315653,165.26776793772,51.5));
#12392 = VECTOR('',#12393,1.);
#12393 = DIRECTION('',(0.,0.,1.));
#12394 = ORIENTED_EDGE('',*,*,#7318,.T.);
#12395 = ORIENTED_EDGE('',*,*,#12389,.F.);
#12396 = CYLINDRICAL_SURFACE('',#12397,1.);
#12397 = AXIS2_PLACEMENT_3D('',#12398,#12399,#12400);
#12398 = CARTESIAN_POINT('',(195.23223315653,165.26776793772,51.5));
#12399 = DIRECTION('',(0.,0.,-1.));
#12400 = DIRECTION('',(-1.,6.E-17,0.));
#12401 = ADVANCED_FACE('',(#12402),#12418,.F.);
#12402 = FACE_BOUND('',#12403,.F.);
#12403 = EDGE_LOOP('',(#12404,#12410,#12411,#12417));
#12404 = ORIENTED_EDGE('',*,*,#12405,.F.);
#12405 = EDGE_CURVE('',#7332,#9791,#12406,.T.);
#12406 = LINE('',#12407,#12408);
#12407 = CARTESIAN_POINT('',(201.75,137.255676,49.3));
#12408 = VECTOR('',#12409,1.);
#12409 = DIRECTION('',(0.,0.,1.));
#12410 = ORIENTED_EDGE('',*,*,#7329,.F.);
#12411 = ORIENTED_EDGE('',*,*,#12412,.T.);
#12412 = EDGE_CURVE('',#7330,#9775,#12413,.T.);
#12413 = LINE('',#12414,#12415);
#12414 = CARTESIAN_POINT('',(217.35,137.255676,49.3));
#12415 = VECTOR('',#12416,1.);
#12416 = DIRECTION('',(0.,0.,1.));
#12417 = ORIENTED_EDGE('',*,*,#9798,.T.);
#12418 = PLANE('',#12419);
#12419 = AXIS2_PLACEMENT_3D('',#12420,#12421,#12422);
#12420 = CARTESIAN_POINT('',(217.35,137.255676,49.3));
#12421 = DIRECTION('',(0.,-1.,0.));
#12422 = DIRECTION('',(0.,0.,1.));
#12423 = ADVANCED_FACE('',(#12424),#12435,.T.);
#12424 = FACE_BOUND('',#12425,.T.);
#12425 = EDGE_LOOP('',(#12426,#12432,#12433,#12434));
#12426 = ORIENTED_EDGE('',*,*,#12427,.F.);
#12427 = EDGE_CURVE('',#7340,#9773,#12428,.T.);
#12428 = LINE('',#12429,#12430);
#12429 = CARTESIAN_POINT('',(217.35,152.855676,49.3));
#12430 = VECTOR('',#12431,1.);
#12431 = DIRECTION('',(0.,0.,1.));
#12432 = ORIENTED_EDGE('',*,*,#7339,.F.);
#12433 = ORIENTED_EDGE('',*,*,#12412,.T.);
#12434 = ORIENTED_EDGE('',*,*,#9772,.F.);
#12435 = PLANE('',#12436);
#12436 = AXIS2_PLACEMENT_3D('',#12437,#12438,#12439);
#12437 = CARTESIAN_POINT('',(217.35,152.855676,49.3));
#12438 = DIRECTION('',(-1.,0.,0.));
#12439 = DIRECTION('',(0.,0.,1.));
#12440 = ADVANCED_FACE('',(#12441),#12452,.F.);
#12441 = FACE_BOUND('',#12442,.F.);
#12442 = EDGE_LOOP('',(#12443,#12449,#12450,#12451));
#12443 = ORIENTED_EDGE('',*,*,#12444,.F.);
#12444 = EDGE_CURVE('',#7348,#9783,#12445,.T.);
#12445 = LINE('',#12446,#12447);
#12446 = CARTESIAN_POINT('',(201.75,152.855676,49.3));
#12447 = VECTOR('',#12448,1.);
#12448 = DIRECTION('',(0.,0.,1.));
#12449 = ORIENTED_EDGE('',*,*,#7355,.F.);
#12450 = ORIENTED_EDGE('',*,*,#12405,.T.);
#12451 = ORIENTED_EDGE('',*,*,#9790,.F.);
#12452 = PLANE('',#12453);
#12453 = AXIS2_PLACEMENT_3D('',#12454,#12455,#12456);
#12454 = CARTESIAN_POINT('',(201.75,152.855676,49.3));
#12455 = DIRECTION('',(-1.,0.,0.));
#12456 = DIRECTION('',(0.,0.,1.));
#12457 = ADVANCED_FACE('',(#12458),#12464,.T.);
#12458 = FACE_BOUND('',#12459,.T.);
#12459 = EDGE_LOOP('',(#12460,#12461,#12462,#12463));
#12460 = ORIENTED_EDGE('',*,*,#12444,.F.);
#12461 = ORIENTED_EDGE('',*,*,#7347,.F.);
#12462 = ORIENTED_EDGE('',*,*,#12427,.T.);
#12463 = ORIENTED_EDGE('',*,*,#9782,.T.);
#12464 = PLANE('',#12465);
#12465 = AXIS2_PLACEMENT_3D('',#12466,#12467,#12468);
#12466 = CARTESIAN_POINT('',(217.35,152.855676,49.3));
#12467 = DIRECTION('',(0.,-1.,0.));
#12468 = DIRECTION('',(0.,0.,1.));
#12469 = ADVANCED_FACE('',(#12470),#12486,.F.);
#12470 = FACE_BOUND('',#12471,.F.);
#12471 = EDGE_LOOP('',(#12472,#12478,#12479,#12485));
#12472 = ORIENTED_EDGE('',*,*,#12473,.F.);
#12473 = EDGE_CURVE('',#7366,#9837,#12474,.T.);
#12474 = LINE('',#12475,#12476);
#12475 = CARTESIAN_POINT('',(220.8,142.018176,49.3));
#12476 = VECTOR('',#12477,1.);
#12477 = DIRECTION('',(0.,0.,1.));
#12478 = ORIENTED_EDGE('',*,*,#7363,.F.);
#12479 = ORIENTED_EDGE('',*,*,#12480,.T.);
#12480 = EDGE_CURVE('',#7364,#9821,#12481,.T.);
#12481 = LINE('',#12482,#12483);
#12482 = CARTESIAN_POINT('',(236.4,142.018176,49.3));
#12483 = VECTOR('',#12484,1.);
#12484 = DIRECTION('',(0.,0.,1.));
#12485 = ORIENTED_EDGE('',*,*,#9844,.T.);
#12486 = PLANE('',#12487);
#12487 = AXIS2_PLACEMENT_3D('',#12488,#12489,#12490);
#12488 = CARTESIAN_POINT('',(236.4,142.018176,49.3));
#12489 = DIRECTION('',(0.,-1.,0.));
#12490 = DIRECTION('',(0.,0.,1.));
#12491 = ADVANCED_FACE('',(#12492),#12503,.T.);
#12492 = FACE_BOUND('',#12493,.T.);
#12493 = EDGE_LOOP('',(#12494,#12500,#12501,#12502));
#12494 = ORIENTED_EDGE('',*,*,#12495,.F.);
#12495 = EDGE_CURVE('',#7374,#9819,#12496,.T.);
#12496 = LINE('',#12497,#12498);
#12497 = CARTESIAN_POINT('',(236.4,157.618176,49.3));
#12498 = VECTOR('',#12499,1.);
#12499 = DIRECTION('',(0.,0.,1.));
#12500 = ORIENTED_EDGE('',*,*,#7373,.F.);
#12501 = ORIENTED_EDGE('',*,*,#12480,.T.);
#12502 = ORIENTED_EDGE('',*,*,#9818,.F.);
#12503 = PLANE('',#12504);
#12504 = AXIS2_PLACEMENT_3D('',#12505,#12506,#12507);
#12505 = CARTESIAN_POINT('',(236.4,157.618176,49.3));
#12506 = DIRECTION('',(-1.,0.,0.));
#12507 = DIRECTION('',(0.,0.,1.));
#12508 = ADVANCED_FACE('',(#12509),#12520,.F.);
#12509 = FACE_BOUND('',#12510,.F.);
#12510 = EDGE_LOOP('',(#12511,#12517,#12518,#12519));
#12511 = ORIENTED_EDGE('',*,*,#12512,.F.);
#12512 = EDGE_CURVE('',#7382,#9829,#12513,.T.);
#12513 = LINE('',#12514,#12515);
#12514 = CARTESIAN_POINT('',(220.8,157.618176,49.3));
#12515 = VECTOR('',#12516,1.);
#12516 = DIRECTION('',(0.,0.,1.));
#12517 = ORIENTED_EDGE('',*,*,#7389,.F.);
#12518 = ORIENTED_EDGE('',*,*,#12473,.T.);
#12519 = ORIENTED_EDGE('',*,*,#9836,.F.);
#12520 = PLANE('',#12521);
#12521 = AXIS2_PLACEMENT_3D('',#12522,#12523,#12524);
#12522 = CARTESIAN_POINT('',(220.8,157.618176,49.3));
#12523 = DIRECTION('',(-1.,0.,0.));
#12524 = DIRECTION('',(0.,0.,1.));
#12525 = ADVANCED_FACE('',(#12526),#12532,.T.);
#12526 = FACE_BOUND('',#12527,.T.);
#12527 = EDGE_LOOP('',(#12528,#12529,#12530,#12531));
#12528 = ORIENTED_EDGE('',*,*,#12512,.F.);
#12529 = ORIENTED_EDGE('',*,*,#7381,.F.);
#12530 = ORIENTED_EDGE('',*,*,#12495,.T.);
#12531 = ORIENTED_EDGE('',*,*,#9828,.T.);
#12532 = PLANE('',#12533);
#12533 = AXIS2_PLACEMENT_3D('',#12534,#12535,#12536);
#12534 = CARTESIAN_POINT('',(236.4,157.618176,49.3));
#12535 = DIRECTION('',(0.,-1.,0.));
#12536 = DIRECTION('',(0.,0.,1.));
#12537 = ADVANCED_FACE('',(#12538),#12554,.F.);
#12538 = FACE_BOUND('',#12539,.F.);
#12539 = EDGE_LOOP('',(#12540,#12546,#12547,#12553));
#12540 = ORIENTED_EDGE('',*,*,#12541,.F.);
#12541 = EDGE_CURVE('',#7400,#9883,#12542,.T.);
#12542 = LINE('',#12543,#12544);
#12543 = CARTESIAN_POINT('',(239.85,146.780676,49.3));
#12544 = VECTOR('',#12545,1.);
#12545 = DIRECTION('',(0.,0.,1.));
#12546 = ORIENTED_EDGE('',*,*,#7397,.F.);
#12547 = ORIENTED_EDGE('',*,*,#12548,.T.);
#12548 = EDGE_CURVE('',#7398,#9867,#12549,.T.);
#12549 = LINE('',#12550,#12551);
#12550 = CARTESIAN_POINT('',(255.45,146.780676,49.3));
#12551 = VECTOR('',#12552,1.);
#12552 = DIRECTION('',(0.,0.,1.));
#12553 = ORIENTED_EDGE('',*,*,#9890,.T.);
#12554 = PLANE('',#12555);
#12555 = AXIS2_PLACEMENT_3D('',#12556,#12557,#12558);
#12556 = CARTESIAN_POINT('',(255.45,146.780676,49.3));
#12557 = DIRECTION('',(0.,-1.,0.));
#12558 = DIRECTION('',(0.,0.,1.));
#12559 = ADVANCED_FACE('',(#12560),#12571,.T.);
#12560 = FACE_BOUND('',#12561,.T.);
#12561 = EDGE_LOOP('',(#12562,#12568,#12569,#12570));
#12562 = ORIENTED_EDGE('',*,*,#12563,.F.);
#12563 = EDGE_CURVE('',#7408,#9865,#12564,.T.);
#12564 = LINE('',#12565,#12566);
#12565 = CARTESIAN_POINT('',(255.45,162.380676,49.3));
#12566 = VECTOR('',#12567,1.);
#12567 = DIRECTION('',(0.,0.,1.));
#12568 = ORIENTED_EDGE('',*,*,#7407,.F.);
#12569 = ORIENTED_EDGE('',*,*,#12548,.T.);
#12570 = ORIENTED_EDGE('',*,*,#9864,.F.);
#12571 = PLANE('',#12572);
#12572 = AXIS2_PLACEMENT_3D('',#12573,#12574,#12575);
#12573 = CARTESIAN_POINT('',(255.45,162.380676,49.3));
#12574 = DIRECTION('',(-1.,0.,0.));
#12575 = DIRECTION('',(0.,0.,1.));
#12576 = ADVANCED_FACE('',(#12577),#12588,.F.);
#12577 = FACE_BOUND('',#12578,.F.);
#12578 = EDGE_LOOP('',(#12579,#12585,#12586,#12587));
#12579 = ORIENTED_EDGE('',*,*,#12580,.F.);
#12580 = EDGE_CURVE('',#7416,#9875,#12581,.T.);
#12581 = LINE('',#12582,#12583);
#12582 = CARTESIAN_POINT('',(239.85,162.380676,49.3));
#12583 = VECTOR('',#12584,1.);
#12584 = DIRECTION('',(0.,0.,1.));
#12585 = ORIENTED_EDGE('',*,*,#7423,.F.);
#12586 = ORIENTED_EDGE('',*,*,#12541,.T.);
#12587 = ORIENTED_EDGE('',*,*,#9882,.F.);
#12588 = PLANE('',#12589);
#12589 = AXIS2_PLACEMENT_3D('',#12590,#12591,#12592);
#12590 = CARTESIAN_POINT('',(239.85,162.380676,49.3));
#12591 = DIRECTION('',(-1.,0.,0.));
#12592 = DIRECTION('',(0.,0.,1.));
#12593 = ADVANCED_FACE('',(#12594),#12600,.T.);
#12594 = FACE_BOUND('',#12595,.T.);
#12595 = EDGE_LOOP('',(#12596,#12597,#12598,#12599));
#12596 = ORIENTED_EDGE('',*,*,#12580,.F.);
#12597 = ORIENTED_EDGE('',*,*,#7415,.F.);
#12598 = ORIENTED_EDGE('',*,*,#12563,.T.);
#12599 = ORIENTED_EDGE('',*,*,#9874,.T.);
#12600 = PLANE('',#12601);
#12601 = AXIS2_PLACEMENT_3D('',#12602,#12603,#12604);
#12602 = CARTESIAN_POINT('',(255.45,162.380676,49.3));
#12603 = DIRECTION('',(0.,-1.,0.));
#12604 = DIRECTION('',(0.,0.,1.));
#12605 = ADVANCED_FACE('',(#12606),#12622,.F.);
#12606 = FACE_BOUND('',#12607,.F.);
#12607 = EDGE_LOOP('',(#12608,#12614,#12615,#12621));
#12608 = ORIENTED_EDGE('',*,*,#12609,.F.);
#12609 = EDGE_CURVE('',#7434,#9929,#12610,.T.);
#12610 = LINE('',#12611,#12612);
#12611 = CARTESIAN_POINT('',(258.9,151.543176,49.3));
#12612 = VECTOR('',#12613,1.);
#12613 = DIRECTION('',(0.,0.,1.));
#12614 = ORIENTED_EDGE('',*,*,#7431,.F.);
#12615 = ORIENTED_EDGE('',*,*,#12616,.T.);
#12616 = EDGE_CURVE('',#7432,#9913,#12617,.T.);
#12617 = LINE('',#12618,#12619);
#12618 = CARTESIAN_POINT('',(274.5,151.543176,49.3));
#12619 = VECTOR('',#12620,1.);
#12620 = DIRECTION('',(0.,0.,1.));
#12621 = ORIENTED_EDGE('',*,*,#9936,.T.);
#12622 = PLANE('',#12623);
#12623 = AXIS2_PLACEMENT_3D('',#12624,#12625,#12626);
#12624 = CARTESIAN_POINT('',(274.5,151.543176,49.3));
#12625 = DIRECTION('',(0.,-1.,0.));
#12626 = DIRECTION('',(0.,0.,1.));
#12627 = ADVANCED_FACE('',(#12628),#12639,.T.);
#12628 = FACE_BOUND('',#12629,.T.);
#12629 = EDGE_LOOP('',(#12630,#12636,#12637,#12638));
#12630 = ORIENTED_EDGE('',*,*,#12631,.F.);
#12631 = EDGE_CURVE('',#7442,#9911,#12632,.T.);
#12632 = LINE('',#12633,#12634);
#12633 = CARTESIAN_POINT('',(274.5,167.143176,49.3));
#12634 = VECTOR('',#12635,1.);
#12635 = DIRECTION('',(0.,0.,1.));
#12636 = ORIENTED_EDGE('',*,*,#7441,.F.);
#12637 = ORIENTED_EDGE('',*,*,#12616,.T.);
#12638 = ORIENTED_EDGE('',*,*,#9910,.F.);
#12639 = PLANE('',#12640);
#12640 = AXIS2_PLACEMENT_3D('',#12641,#12642,#12643);
#12641 = CARTESIAN_POINT('',(274.5,167.143176,49.3));
#12642 = DIRECTION('',(-1.,0.,0.));
#12643 = DIRECTION('',(0.,0.,1.));
#12644 = ADVANCED_FACE('',(#12645),#12656,.F.);
#12645 = FACE_BOUND('',#12646,.F.);
#12646 = EDGE_LOOP('',(#12647,#12653,#12654,#12655));
#12647 = ORIENTED_EDGE('',*,*,#12648,.F.);
#12648 = EDGE_CURVE('',#7450,#9921,#12649,.T.);
#12649 = LINE('',#12650,#12651);
#12650 = CARTESIAN_POINT('',(258.9,167.143176,49.3));
#12651 = VECTOR('',#12652,1.);
#12652 = DIRECTION('',(0.,0.,1.));
#12653 = ORIENTED_EDGE('',*,*,#7457,.F.);
#12654 = ORIENTED_EDGE('',*,*,#12609,.T.);
#12655 = ORIENTED_EDGE('',*,*,#9928,.F.);
#12656 = PLANE('',#12657);
#12657 = AXIS2_PLACEMENT_3D('',#12658,#12659,#12660);
#12658 = CARTESIAN_POINT('',(258.9,167.143176,49.3));
#12659 = DIRECTION('',(-1.,0.,0.));
#12660 = DIRECTION('',(0.,0.,1.));
#12661 = ADVANCED_FACE('',(#12662),#12668,.T.);
#12662 = FACE_BOUND('',#12663,.T.);
#12663 = EDGE_LOOP('',(#12664,#12665,#12666,#12667));
#12664 = ORIENTED_EDGE('',*,*,#12648,.F.);
#12665 = ORIENTED_EDGE('',*,*,#7449,.F.);
#12666 = ORIENTED_EDGE('',*,*,#12631,.T.);
#12667 = ORIENTED_EDGE('',*,*,#9920,.T.);
#12668 = PLANE('',#12669);
#12669 = AXIS2_PLACEMENT_3D('',#12670,#12671,#12672);
#12670 = CARTESIAN_POINT('',(274.5,167.143176,49.3));
#12671 = DIRECTION('',(0.,-1.,0.));
#12672 = DIRECTION('',(0.,0.,1.));
#12673 = ADVANCED_FACE('',(#12674),#12690,.F.);
#12674 = FACE_BOUND('',#12675,.F.);
#12675 = EDGE_LOOP('',(#12676,#12682,#12683,#12689));
#12676 = ORIENTED_EDGE('',*,*,#12677,.F.);
#12677 = EDGE_CURVE('',#7468,#9975,#12678,.T.);
#12678 = LINE('',#12679,#12680);
#12679 = CARTESIAN_POINT('',(258.9,132.493176,49.3));
#12680 = VECTOR('',#12681,1.);
#12681 = DIRECTION('',(0.,0.,1.));
#12682 = ORIENTED_EDGE('',*,*,#7465,.F.);
#12683 = ORIENTED_EDGE('',*,*,#12684,.T.);
#12684 = EDGE_CURVE('',#7466,#9959,#12685,.T.);
#12685 = LINE('',#12686,#12687);
#12686 = CARTESIAN_POINT('',(274.5,132.493176,49.3));
#12687 = VECTOR('',#12688,1.);
#12688 = DIRECTION('',(0.,0.,1.));
#12689 = ORIENTED_EDGE('',*,*,#9982,.T.);
#12690 = PLANE('',#12691);
#12691 = AXIS2_PLACEMENT_3D('',#12692,#12693,#12694);
#12692 = CARTESIAN_POINT('',(274.5,132.493176,49.3));
#12693 = DIRECTION('',(0.,-1.,0.));
#12694 = DIRECTION('',(0.,0.,1.));
#12695 = ADVANCED_FACE('',(#12696),#12707,.T.);
#12696 = FACE_BOUND('',#12697,.T.);
#12697 = EDGE_LOOP('',(#12698,#12704,#12705,#12706));
#12698 = ORIENTED_EDGE('',*,*,#12699,.F.);
#12699 = EDGE_CURVE('',#7476,#9957,#12700,.T.);
#12700 = LINE('',#12701,#12702);
#12701 = CARTESIAN_POINT('',(274.5,148.093176,49.3));
#12702 = VECTOR('',#12703,1.);
#12703 = DIRECTION('',(0.,0.,1.));
#12704 = ORIENTED_EDGE('',*,*,#7475,.F.);
#12705 = ORIENTED_EDGE('',*,*,#12684,.T.);
#12706 = ORIENTED_EDGE('',*,*,#9956,.F.);
#12707 = PLANE('',#12708);
#12708 = AXIS2_PLACEMENT_3D('',#12709,#12710,#12711);
#12709 = CARTESIAN_POINT('',(274.5,148.093176,49.3));
#12710 = DIRECTION('',(-1.,0.,0.));
#12711 = DIRECTION('',(0.,0.,1.));
#12712 = ADVANCED_FACE('',(#12713),#12724,.F.);
#12713 = FACE_BOUND('',#12714,.F.);
#12714 = EDGE_LOOP('',(#12715,#12721,#12722,#12723));
#12715 = ORIENTED_EDGE('',*,*,#12716,.F.);
#12716 = EDGE_CURVE('',#7484,#9967,#12717,.T.);
#12717 = LINE('',#12718,#12719);
#12718 = CARTESIAN_POINT('',(258.9,148.093176,49.3));
#12719 = VECTOR('',#12720,1.);
#12720 = DIRECTION('',(0.,0.,1.));
#12721 = ORIENTED_EDGE('',*,*,#7491,.F.);
#12722 = ORIENTED_EDGE('',*,*,#12677,.T.);
#12723 = ORIENTED_EDGE('',*,*,#9974,.F.);
#12724 = PLANE('',#12725);
#12725 = AXIS2_PLACEMENT_3D('',#12726,#12727,#12728);
#12726 = CARTESIAN_POINT('',(258.9,148.093176,49.3));
#12727 = DIRECTION('',(-1.,0.,0.));
#12728 = DIRECTION('',(0.,0.,1.));
#12729 = ADVANCED_FACE('',(#12730),#12736,.T.);
#12730 = FACE_BOUND('',#12731,.T.);
#12731 = EDGE_LOOP('',(#12732,#12733,#12734,#12735));
#12732 = ORIENTED_EDGE('',*,*,#12716,.F.);
#12733 = ORIENTED_EDGE('',*,*,#7483,.F.);
#12734 = ORIENTED_EDGE('',*,*,#12699,.T.);
#12735 = ORIENTED_EDGE('',*,*,#9966,.T.);
#12736 = PLANE('',#12737);
#12737 = AXIS2_PLACEMENT_3D('',#12738,#12739,#12740);
#12738 = CARTESIAN_POINT('',(274.5,148.093176,49.3));
#12739 = DIRECTION('',(0.,-1.,0.));
#12740 = DIRECTION('',(0.,0.,1.));
#12741 = ADVANCED_FACE('',(#12742),#12758,.F.);
#12742 = FACE_BOUND('',#12743,.F.);
#12743 = EDGE_LOOP('',(#12744,#12750,#12751,#12757));
#12744 = ORIENTED_EDGE('',*,*,#12745,.F.);
#12745 = EDGE_CURVE('',#7502,#10021,#12746,.T.);
#12746 = LINE('',#12747,#12748);
#12747 = CARTESIAN_POINT('',(201.75,118.205676,49.3));
#12748 = VECTOR('',#12749,1.);
#12749 = DIRECTION('',(0.,0.,1.));
#12750 = ORIENTED_EDGE('',*,*,#7499,.F.);
#12751 = ORIENTED_EDGE('',*,*,#12752,.T.);
#12752 = EDGE_CURVE('',#7500,#10005,#12753,.T.);
#12753 = LINE('',#12754,#12755);
#12754 = CARTESIAN_POINT('',(217.35,118.205676,49.3));
#12755 = VECTOR('',#12756,1.);
#12756 = DIRECTION('',(0.,0.,1.));
#12757 = ORIENTED_EDGE('',*,*,#10028,.T.);
#12758 = PLANE('',#12759);
#12759 = AXIS2_PLACEMENT_3D('',#12760,#12761,#12762);
#12760 = CARTESIAN_POINT('',(217.35,118.205676,49.3));
#12761 = DIRECTION('',(0.,-1.,0.));
#12762 = DIRECTION('',(0.,0.,1.));
#12763 = ADVANCED_FACE('',(#12764),#12775,.T.);
#12764 = FACE_BOUND('',#12765,.T.);
#12765 = EDGE_LOOP('',(#12766,#12772,#12773,#12774));
#12766 = ORIENTED_EDGE('',*,*,#12767,.F.);
#12767 = EDGE_CURVE('',#7510,#10003,#12768,.T.);
#12768 = LINE('',#12769,#12770);
#12769 = CARTESIAN_POINT('',(217.35,133.805676,49.3));
#12770 = VECTOR('',#12771,1.);
#12771 = DIRECTION('',(0.,0.,1.));
#12772 = ORIENTED_EDGE('',*,*,#7509,.F.);
#12773 = ORIENTED_EDGE('',*,*,#12752,.T.);
#12774 = ORIENTED_EDGE('',*,*,#10002,.F.);
#12775 = PLANE('',#12776);
#12776 = AXIS2_PLACEMENT_3D('',#12777,#12778,#12779);
#12777 = CARTESIAN_POINT('',(217.35,133.805676,49.3));
#12778 = DIRECTION('',(-1.,0.,0.));
#12779 = DIRECTION('',(0.,0.,1.));
#12780 = ADVANCED_FACE('',(#12781),#12792,.F.);
#12781 = FACE_BOUND('',#12782,.F.);
#12782 = EDGE_LOOP('',(#12783,#12789,#12790,#12791));
#12783 = ORIENTED_EDGE('',*,*,#12784,.F.);
#12784 = EDGE_CURVE('',#7518,#10013,#12785,.T.);
#12785 = LINE('',#12786,#12787);
#12786 = CARTESIAN_POINT('',(201.75,133.805676,49.3));
#12787 = VECTOR('',#12788,1.);
#12788 = DIRECTION('',(0.,0.,1.));
#12789 = ORIENTED_EDGE('',*,*,#7525,.F.);
#12790 = ORIENTED_EDGE('',*,*,#12745,.T.);
#12791 = ORIENTED_EDGE('',*,*,#10020,.F.);
#12792 = PLANE('',#12793);
#12793 = AXIS2_PLACEMENT_3D('',#12794,#12795,#12796);
#12794 = CARTESIAN_POINT('',(201.75,133.805676,49.3));
#12795 = DIRECTION('',(-1.,0.,0.));
#12796 = DIRECTION('',(0.,0.,1.));
#12797 = ADVANCED_FACE('',(#12798),#12804,.T.);
#12798 = FACE_BOUND('',#12799,.T.);
#12799 = EDGE_LOOP('',(#12800,#12801,#12802,#12803));
#12800 = ORIENTED_EDGE('',*,*,#12784,.F.);
#12801 = ORIENTED_EDGE('',*,*,#7517,.F.);
#12802 = ORIENTED_EDGE('',*,*,#12767,.T.);
#12803 = ORIENTED_EDGE('',*,*,#10012,.T.);
#12804 = PLANE('',#12805);
#12805 = AXIS2_PLACEMENT_3D('',#12806,#12807,#12808);
#12806 = CARTESIAN_POINT('',(217.35,133.805676,49.3));
#12807 = DIRECTION('',(0.,-1.,0.));
#12808 = DIRECTION('',(0.,0.,1.));
#12809 = ADVANCED_FACE('',(#12810),#12826,.F.);
#12810 = FACE_BOUND('',#12811,.F.);
#12811 = EDGE_LOOP('',(#12812,#12818,#12819,#12825));
#12812 = ORIENTED_EDGE('',*,*,#12813,.F.);
#12813 = EDGE_CURVE('',#7536,#10067,#12814,.T.);
#12814 = LINE('',#12815,#12816);
#12815 = CARTESIAN_POINT('',(220.8,122.968176,49.3));
#12816 = VECTOR('',#12817,1.);
#12817 = DIRECTION('',(0.,0.,1.));
#12818 = ORIENTED_EDGE('',*,*,#7533,.F.);
#12819 = ORIENTED_EDGE('',*,*,#12820,.T.);
#12820 = EDGE_CURVE('',#7534,#10051,#12821,.T.);
#12821 = LINE('',#12822,#12823);
#12822 = CARTESIAN_POINT('',(236.4,122.968176,49.3));
#12823 = VECTOR('',#12824,1.);
#12824 = DIRECTION('',(0.,0.,1.));
#12825 = ORIENTED_EDGE('',*,*,#10074,.T.);
#12826 = PLANE('',#12827);
#12827 = AXIS2_PLACEMENT_3D('',#12828,#12829,#12830);
#12828 = CARTESIAN_POINT('',(236.4,122.968176,49.3));
#12829 = DIRECTION('',(0.,-1.,0.));
#12830 = DIRECTION('',(0.,0.,1.));
#12831 = ADVANCED_FACE('',(#12832),#12843,.T.);
#12832 = FACE_BOUND('',#12833,.T.);
#12833 = EDGE_LOOP('',(#12834,#12840,#12841,#12842));
#12834 = ORIENTED_EDGE('',*,*,#12835,.F.);
#12835 = EDGE_CURVE('',#7544,#10049,#12836,.T.);
#12836 = LINE('',#12837,#12838);
#12837 = CARTESIAN_POINT('',(236.4,138.568176,49.3));
#12838 = VECTOR('',#12839,1.);
#12839 = DIRECTION('',(0.,0.,1.));
#12840 = ORIENTED_EDGE('',*,*,#7543,.F.);
#12841 = ORIENTED_EDGE('',*,*,#12820,.T.);
#12842 = ORIENTED_EDGE('',*,*,#10048,.F.);
#12843 = PLANE('',#12844);
#12844 = AXIS2_PLACEMENT_3D('',#12845,#12846,#12847);
#12845 = CARTESIAN_POINT('',(236.4,138.568176,49.3));
#12846 = DIRECTION('',(-1.,0.,0.));
#12847 = DIRECTION('',(0.,0.,1.));
#12848 = ADVANCED_FACE('',(#12849),#12860,.F.);
#12849 = FACE_BOUND('',#12850,.F.);
#12850 = EDGE_LOOP('',(#12851,#12857,#12858,#12859));
#12851 = ORIENTED_EDGE('',*,*,#12852,.F.);
#12852 = EDGE_CURVE('',#7552,#10059,#12853,.T.);
#12853 = LINE('',#12854,#12855);
#12854 = CARTESIAN_POINT('',(220.8,138.568176,49.3));
#12855 = VECTOR('',#12856,1.);
#12856 = DIRECTION('',(0.,0.,1.));
#12857 = ORIENTED_EDGE('',*,*,#7559,.F.);
#12858 = ORIENTED_EDGE('',*,*,#12813,.T.);
#12859 = ORIENTED_EDGE('',*,*,#10066,.F.);
#12860 = PLANE('',#12861);
#12861 = AXIS2_PLACEMENT_3D('',#12862,#12863,#12864);
#12862 = CARTESIAN_POINT('',(220.8,138.568176,49.3));
#12863 = DIRECTION('',(-1.,0.,0.));
#12864 = DIRECTION('',(0.,0.,1.));
#12865 = ADVANCED_FACE('',(#12866),#12872,.T.);
#12866 = FACE_BOUND('',#12867,.T.);
#12867 = EDGE_LOOP('',(#12868,#12869,#12870,#12871));
#12868 = ORIENTED_EDGE('',*,*,#12852,.F.);
#12869 = ORIENTED_EDGE('',*,*,#7551,.F.);
#12870 = ORIENTED_EDGE('',*,*,#12835,.T.);
#12871 = ORIENTED_EDGE('',*,*,#10058,.T.);
#12872 = PLANE('',#12873);
#12873 = AXIS2_PLACEMENT_3D('',#12874,#12875,#12876);
#12874 = CARTESIAN_POINT('',(236.4,138.568176,49.3));
#12875 = DIRECTION('',(0.,-1.,0.));
#12876 = DIRECTION('',(0.,0.,1.));
#12877 = ADVANCED_FACE('',(#12878),#12894,.F.);
#12878 = FACE_BOUND('',#12879,.F.);
#12879 = EDGE_LOOP('',(#12880,#12886,#12887,#12893));
#12880 = ORIENTED_EDGE('',*,*,#12881,.F.);
#12881 = EDGE_CURVE('',#7570,#10113,#12882,.T.);
#12882 = LINE('',#12883,#12884);
#12883 = CARTESIAN_POINT('',(239.85,127.730676,49.3));
#12884 = VECTOR('',#12885,1.);
#12885 = DIRECTION('',(0.,0.,1.));
#12886 = ORIENTED_EDGE('',*,*,#7567,.F.);
#12887 = ORIENTED_EDGE('',*,*,#12888,.T.);
#12888 = EDGE_CURVE('',#7568,#10097,#12889,.T.);
#12889 = LINE('',#12890,#12891);
#12890 = CARTESIAN_POINT('',(255.45,127.730676,49.3));
#12891 = VECTOR('',#12892,1.);
#12892 = DIRECTION('',(0.,0.,1.));
#12893 = ORIENTED_EDGE('',*,*,#10120,.T.);
#12894 = PLANE('',#12895);
#12895 = AXIS2_PLACEMENT_3D('',#12896,#12897,#12898);
#12896 = CARTESIAN_POINT('',(255.45,127.730676,49.3));
#12897 = DIRECTION('',(0.,-1.,0.));
#12898 = DIRECTION('',(0.,0.,1.));
#12899 = ADVANCED_FACE('',(#12900),#12911,.T.);
#12900 = FACE_BOUND('',#12901,.T.);
#12901 = EDGE_LOOP('',(#12902,#12908,#12909,#12910));
#12902 = ORIENTED_EDGE('',*,*,#12903,.F.);
#12903 = EDGE_CURVE('',#7578,#10095,#12904,.T.);
#12904 = LINE('',#12905,#12906);
#12905 = CARTESIAN_POINT('',(255.45,143.330676,49.3));
#12906 = VECTOR('',#12907,1.);
#12907 = DIRECTION('',(0.,0.,1.));
#12908 = ORIENTED_EDGE('',*,*,#7577,.F.);
#12909 = ORIENTED_EDGE('',*,*,#12888,.T.);
#12910 = ORIENTED_EDGE('',*,*,#10094,.F.);
#12911 = PLANE('',#12912);
#12912 = AXIS2_PLACEMENT_3D('',#12913,#12914,#12915);
#12913 = CARTESIAN_POINT('',(255.45,143.330676,49.3));
#12914 = DIRECTION('',(-1.,0.,0.));
#12915 = DIRECTION('',(0.,0.,1.));
#12916 = ADVANCED_FACE('',(#12917),#12928,.F.);
#12917 = FACE_BOUND('',#12918,.F.);
#12918 = EDGE_LOOP('',(#12919,#12925,#12926,#12927));
#12919 = ORIENTED_EDGE('',*,*,#12920,.F.);
#12920 = EDGE_CURVE('',#7586,#10105,#12921,.T.);
#12921 = LINE('',#12922,#12923);
#12922 = CARTESIAN_POINT('',(239.85,143.330676,49.3));
#12923 = VECTOR('',#12924,1.);
#12924 = DIRECTION('',(0.,0.,1.));
#12925 = ORIENTED_EDGE('',*,*,#7593,.F.);
#12926 = ORIENTED_EDGE('',*,*,#12881,.T.);
#12927 = ORIENTED_EDGE('',*,*,#10112,.F.);
#12928 = PLANE('',#12929);
#12929 = AXIS2_PLACEMENT_3D('',#12930,#12931,#12932);
#12930 = CARTESIAN_POINT('',(239.85,143.330676,49.3));
#12931 = DIRECTION('',(-1.,0.,0.));
#12932 = DIRECTION('',(0.,0.,1.));
#12933 = ADVANCED_FACE('',(#12934),#12940,.T.);
#12934 = FACE_BOUND('',#12935,.T.);
#12935 = EDGE_LOOP('',(#12936,#12937,#12938,#12939));
#12936 = ORIENTED_EDGE('',*,*,#12920,.F.);
#12937 = ORIENTED_EDGE('',*,*,#7585,.F.);
#12938 = ORIENTED_EDGE('',*,*,#12903,.T.);
#12939 = ORIENTED_EDGE('',*,*,#10104,.T.);
#12940 = PLANE('',#12941);
#12941 = AXIS2_PLACEMENT_3D('',#12942,#12943,#12944);
#12942 = CARTESIAN_POINT('',(255.45,143.330676,49.3));
#12943 = DIRECTION('',(0.,-1.,0.));
#12944 = DIRECTION('',(0.,0.,1.));
#12945 = ADVANCED_FACE('',(#12946),#12962,.F.);
#12946 = FACE_BOUND('',#12947,.F.);
#12947 = EDGE_LOOP('',(#12948,#12954,#12955,#12961));
#12948 = ORIENTED_EDGE('',*,*,#12949,.F.);
#12949 = EDGE_CURVE('',#7604,#10159,#12950,.T.);
#12950 = LINE('',#12951,#12952);
#12951 = CARTESIAN_POINT('',(239.85,108.680676,49.3));
#12952 = VECTOR('',#12953,1.);
#12953 = DIRECTION('',(0.,0.,1.));
#12954 = ORIENTED_EDGE('',*,*,#7601,.F.);
#12955 = ORIENTED_EDGE('',*,*,#12956,.T.);
#12956 = EDGE_CURVE('',#7602,#10143,#12957,.T.);
#12957 = LINE('',#12958,#12959);
#12958 = CARTESIAN_POINT('',(255.45,108.680676,49.3));
#12959 = VECTOR('',#12960,1.);
#12960 = DIRECTION('',(0.,0.,1.));
#12961 = ORIENTED_EDGE('',*,*,#10166,.T.);
#12962 = PLANE('',#12963);
#12963 = AXIS2_PLACEMENT_3D('',#12964,#12965,#12966);
#12964 = CARTESIAN_POINT('',(255.45,108.680676,49.3));
#12965 = DIRECTION('',(0.,-1.,0.));
#12966 = DIRECTION('',(0.,0.,1.));
#12967 = ADVANCED_FACE('',(#12968),#12979,.T.);
#12968 = FACE_BOUND('',#12969,.T.);
#12969 = EDGE_LOOP('',(#12970,#12976,#12977,#12978));
#12970 = ORIENTED_EDGE('',*,*,#12971,.F.);
#12971 = EDGE_CURVE('',#7612,#10141,#12972,.T.);
#12972 = LINE('',#12973,#12974);
#12973 = CARTESIAN_POINT('',(255.45,124.280676,49.3));
#12974 = VECTOR('',#12975,1.);
#12975 = DIRECTION('',(0.,0.,1.));
#12976 = ORIENTED_EDGE('',*,*,#7611,.F.);
#12977 = ORIENTED_EDGE('',*,*,#12956,.T.);
#12978 = ORIENTED_EDGE('',*,*,#10140,.F.);
#12979 = PLANE('',#12980);
#12980 = AXIS2_PLACEMENT_3D('',#12981,#12982,#12983);
#12981 = CARTESIAN_POINT('',(255.45,124.280676,49.3));
#12982 = DIRECTION('',(-1.,0.,0.));
#12983 = DIRECTION('',(0.,0.,1.));
#12984 = ADVANCED_FACE('',(#12985),#12996,.F.);
#12985 = FACE_BOUND('',#12986,.F.);
#12986 = EDGE_LOOP('',(#12987,#12993,#12994,#12995));
#12987 = ORIENTED_EDGE('',*,*,#12988,.F.);
#12988 = EDGE_CURVE('',#7620,#10151,#12989,.T.);
#12989 = LINE('',#12990,#12991);
#12990 = CARTESIAN_POINT('',(239.85,124.280676,49.3));
#12991 = VECTOR('',#12992,1.);
#12992 = DIRECTION('',(0.,0.,1.));
#12993 = ORIENTED_EDGE('',*,*,#7627,.F.);
#12994 = ORIENTED_EDGE('',*,*,#12949,.T.);
#12995 = ORIENTED_EDGE('',*,*,#10158,.F.);
#12996 = PLANE('',#12997);
#12997 = AXIS2_PLACEMENT_3D('',#12998,#12999,#13000);
#12998 = CARTESIAN_POINT('',(239.85,124.280676,49.3));
#12999 = DIRECTION('',(-1.,0.,0.));
#13000 = DIRECTION('',(0.,0.,1.));
#13001 = ADVANCED_FACE('',(#13002),#13008,.T.);
#13002 = FACE_BOUND('',#13003,.T.);
#13003 = EDGE_LOOP('',(#13004,#13005,#13006,#13007));
#13004 = ORIENTED_EDGE('',*,*,#12988,.F.);
#13005 = ORIENTED_EDGE('',*,*,#7619,.F.);
#13006 = ORIENTED_EDGE('',*,*,#12971,.T.);
#13007 = ORIENTED_EDGE('',*,*,#10150,.T.);
#13008 = PLANE('',#13009);
#13009 = AXIS2_PLACEMENT_3D('',#13010,#13011,#13012);
#13010 = CARTESIAN_POINT('',(255.45,124.280676,49.3));
#13011 = DIRECTION('',(0.,-1.,0.));
#13012 = DIRECTION('',(0.,0.,1.));
#13013 = ADVANCED_FACE('',(#13014),#13030,.F.);
#13014 = FACE_BOUND('',#13015,.F.);
#13015 = EDGE_LOOP('',(#13016,#13022,#13023,#13029));
#13016 = ORIENTED_EDGE('',*,*,#13017,.F.);
#13017 = EDGE_CURVE('',#7638,#10328,#13018,.T.);
#13018 = LINE('',#13019,#13020);
#13019 = CARTESIAN_POINT('',(277.95,146.780676,49.3));
#13020 = VECTOR('',#13021,1.);
#13021 = DIRECTION('',(0.,0.,1.));
#13022 = ORIENTED_EDGE('',*,*,#7635,.F.);
#13023 = ORIENTED_EDGE('',*,*,#13024,.T.);
#13024 = EDGE_CURVE('',#7636,#10312,#13025,.T.);
#13025 = LINE('',#13026,#13027);
#13026 = CARTESIAN_POINT('',(293.55,146.780676,49.3));
#13027 = VECTOR('',#13028,1.);
#13028 = DIRECTION('',(0.,0.,1.));
#13029 = ORIENTED_EDGE('',*,*,#10335,.T.);
#13030 = PLANE('',#13031);
#13031 = AXIS2_PLACEMENT_3D('',#13032,#13033,#13034);
#13032 = CARTESIAN_POINT('',(293.55,146.780676,49.3));
#13033 = DIRECTION('',(0.,-1.,0.));
#13034 = DIRECTION('',(0.,0.,1.));
#13035 = ADVANCED_FACE('',(#13036),#13047,.T.);
#13036 = FACE_BOUND('',#13037,.T.);
#13037 = EDGE_LOOP('',(#13038,#13044,#13045,#13046));
#13038 = ORIENTED_EDGE('',*,*,#13039,.F.);
#13039 = EDGE_CURVE('',#7646,#10310,#13040,.T.);
#13040 = LINE('',#13041,#13042);
#13041 = CARTESIAN_POINT('',(293.55,162.380676,49.3));
#13042 = VECTOR('',#13043,1.);
#13043 = DIRECTION('',(0.,0.,1.));
#13044 = ORIENTED_EDGE('',*,*,#7645,.F.);
#13045 = ORIENTED_EDGE('',*,*,#13024,.T.);
#13046 = ORIENTED_EDGE('',*,*,#10309,.F.);
#13047 = PLANE('',#13048);
#13048 = AXIS2_PLACEMENT_3D('',#13049,#13050,#13051);
#13049 = CARTESIAN_POINT('',(293.55,162.380676,49.3));
#13050 = DIRECTION('',(-1.,0.,0.));
#13051 = DIRECTION('',(0.,0.,1.));
#13052 = ADVANCED_FACE('',(#13053),#13064,.F.);
#13053 = FACE_BOUND('',#13054,.F.);
#13054 = EDGE_LOOP('',(#13055,#13061,#13062,#13063));
#13055 = ORIENTED_EDGE('',*,*,#13056,.F.);
#13056 = EDGE_CURVE('',#7654,#10320,#13057,.T.);
#13057 = LINE('',#13058,#13059);
#13058 = CARTESIAN_POINT('',(277.95,162.380676,49.3));
#13059 = VECTOR('',#13060,1.);
#13060 = DIRECTION('',(0.,0.,1.));
#13061 = ORIENTED_EDGE('',*,*,#7661,.F.);
#13062 = ORIENTED_EDGE('',*,*,#13017,.T.);
#13063 = ORIENTED_EDGE('',*,*,#10327,.F.);
#13064 = PLANE('',#13065);
#13065 = AXIS2_PLACEMENT_3D('',#13066,#13067,#13068);
#13066 = CARTESIAN_POINT('',(277.95,162.380676,49.3));
#13067 = DIRECTION('',(-1.,0.,0.));
#13068 = DIRECTION('',(0.,0.,1.));
#13069 = ADVANCED_FACE('',(#13070),#13076,.T.);
#13070 = FACE_BOUND('',#13071,.T.);
#13071 = EDGE_LOOP('',(#13072,#13073,#13074,#13075));
#13072 = ORIENTED_EDGE('',*,*,#13056,.F.);
#13073 = ORIENTED_EDGE('',*,*,#7653,.F.);
#13074 = ORIENTED_EDGE('',*,*,#13039,.T.);
#13075 = ORIENTED_EDGE('',*,*,#10319,.T.);
#13076 = PLANE('',#13077);
#13077 = AXIS2_PLACEMENT_3D('',#13078,#13079,#13080);
#13078 = CARTESIAN_POINT('',(293.55,162.380676,49.3));
#13079 = DIRECTION('',(0.,-1.,0.));
#13080 = DIRECTION('',(0.,0.,1.));
#13081 = ADVANCED_FACE('',(#13082),#13098,.F.);
#13082 = FACE_BOUND('',#13083,.F.);
#13083 = EDGE_LOOP('',(#13084,#13090,#13091,#13097));
#13084 = ORIENTED_EDGE('',*,*,#13085,.F.);
#13085 = EDGE_CURVE('',#7672,#10374,#13086,.T.);
#13086 = LINE('',#13087,#13088);
#13087 = CARTESIAN_POINT('',(297.,142.018176,49.3));
#13088 = VECTOR('',#13089,1.);
#13089 = DIRECTION('',(0.,0.,1.));
#13090 = ORIENTED_EDGE('',*,*,#7669,.F.);
#13091 = ORIENTED_EDGE('',*,*,#13092,.T.);
#13092 = EDGE_CURVE('',#7670,#10358,#13093,.T.);
#13093 = LINE('',#13094,#13095);
#13094 = CARTESIAN_POINT('',(312.6,142.018176,49.3));
#13095 = VECTOR('',#13096,1.);
#13096 = DIRECTION('',(0.,0.,1.));
#13097 = ORIENTED_EDGE('',*,*,#10381,.T.);
#13098 = PLANE('',#13099);
#13099 = AXIS2_PLACEMENT_3D('',#13100,#13101,#13102);
#13100 = CARTESIAN_POINT('',(312.6,142.018176,49.3));
#13101 = DIRECTION('',(0.,-1.,0.));
#13102 = DIRECTION('',(0.,0.,1.));
#13103 = ADVANCED_FACE('',(#13104),#13115,.T.);
#13104 = FACE_BOUND('',#13105,.T.);
#13105 = EDGE_LOOP('',(#13106,#13112,#13113,#13114));
#13106 = ORIENTED_EDGE('',*,*,#13107,.F.);
#13107 = EDGE_CURVE('',#7680,#10356,#13108,.T.);
#13108 = LINE('',#13109,#13110);
#13109 = CARTESIAN_POINT('',(312.6,157.618176,49.3));
#13110 = VECTOR('',#13111,1.);
#13111 = DIRECTION('',(0.,0.,1.));
#13112 = ORIENTED_EDGE('',*,*,#7679,.F.);
#13113 = ORIENTED_EDGE('',*,*,#13092,.T.);
#13114 = ORIENTED_EDGE('',*,*,#10355,.F.);
#13115 = PLANE('',#13116);
#13116 = AXIS2_PLACEMENT_3D('',#13117,#13118,#13119);
#13117 = CARTESIAN_POINT('',(312.6,157.618176,49.3));
#13118 = DIRECTION('',(-1.,0.,0.));
#13119 = DIRECTION('',(0.,0.,1.));
#13120 = ADVANCED_FACE('',(#13121),#13132,.F.);
#13121 = FACE_BOUND('',#13122,.F.);
#13122 = EDGE_LOOP('',(#13123,#13129,#13130,#13131));
#13123 = ORIENTED_EDGE('',*,*,#13124,.F.);
#13124 = EDGE_CURVE('',#7688,#10366,#13125,.T.);
#13125 = LINE('',#13126,#13127);
#13126 = CARTESIAN_POINT('',(297.,157.618176,49.3));
#13127 = VECTOR('',#13128,1.);
#13128 = DIRECTION('',(0.,0.,1.));
#13129 = ORIENTED_EDGE('',*,*,#7695,.F.);
#13130 = ORIENTED_EDGE('',*,*,#13085,.T.);
#13131 = ORIENTED_EDGE('',*,*,#10373,.F.);
#13132 = PLANE('',#13133);
#13133 = AXIS2_PLACEMENT_3D('',#13134,#13135,#13136);
#13134 = CARTESIAN_POINT('',(297.,157.618176,49.3));
#13135 = DIRECTION('',(-1.,0.,0.));
#13136 = DIRECTION('',(0.,0.,1.));
#13137 = ADVANCED_FACE('',(#13138),#13144,.T.);
#13138 = FACE_BOUND('',#13139,.T.);
#13139 = EDGE_LOOP('',(#13140,#13141,#13142,#13143));
#13140 = ORIENTED_EDGE('',*,*,#13124,.F.);
#13141 = ORIENTED_EDGE('',*,*,#7687,.F.);
#13142 = ORIENTED_EDGE('',*,*,#13107,.T.);
#13143 = ORIENTED_EDGE('',*,*,#10365,.T.);
#13144 = PLANE('',#13145);
#13145 = AXIS2_PLACEMENT_3D('',#13146,#13147,#13148);
#13146 = CARTESIAN_POINT('',(312.6,157.618176,49.3));
#13147 = DIRECTION('',(0.,-1.,0.));
#13148 = DIRECTION('',(0.,0.,1.));
#13149 = ADVANCED_FACE('',(#13150),#13169,.T.);
#13150 = FACE_BOUND('',#13151,.T.);
#13151 = EDGE_LOOP('',(#13152,#13161,#13167,#13168));
#13152 = ORIENTED_EDGE('',*,*,#13153,.F.);
#13153 = EDGE_CURVE('',#13154,#13154,#13156,.T.);
#13154 = VERTEX_POINT('',#13155);
#13155 = CARTESIAN_POINT('',(359.45,158.5,49.5));
#13156 = CIRCLE('',#13157,1.1);
#13157 = AXIS2_PLACEMENT_3D('',#13158,#13159,#13160);
#13158 = CARTESIAN_POINT('',(358.35,158.5,49.5));
#13159 = DIRECTION('',(0.,0.,-1.));
#13160 = DIRECTION('',(-1.,6.E-17,0.));
#13161 = ORIENTED_EDGE('',*,*,#13162,.T.);
#13162 = EDGE_CURVE('',#13154,#7704,#13163,.T.);
#13163 = LINE('',#13164,#13165);
#13164 = CARTESIAN_POINT('',(359.45,158.5,51.5));
#13165 = VECTOR('',#13166,1.);
#13166 = DIRECTION('',(0.,0.,1.));
#13167 = ORIENTED_EDGE('',*,*,#7703,.T.);
#13168 = ORIENTED_EDGE('',*,*,#13162,.F.);
#13169 = CYLINDRICAL_SURFACE('',#13170,1.1);
#13170 = AXIS2_PLACEMENT_3D('',#13171,#13172,#13173);
#13171 = CARTESIAN_POINT('',(358.35,158.5,51.5));
#13172 = DIRECTION('',(0.,0.,-1.));
#13173 = DIRECTION('',(-1.,6.E-17,0.));
#13174 = ADVANCED_FACE('',(#13175),#13191,.F.);
#13175 = FACE_BOUND('',#13176,.F.);
#13176 = EDGE_LOOP('',(#13177,#13183,#13184,#13190));
#13177 = ORIENTED_EDGE('',*,*,#13178,.F.);
#13178 = EDGE_CURVE('',#7717,#10420,#13179,.T.);
#13179 = LINE('',#13180,#13181);
#13180 = CARTESIAN_POINT('',(316.05,142.018176,49.3));
#13181 = VECTOR('',#13182,1.);
#13182 = DIRECTION('',(0.,0.,1.));
#13183 = ORIENTED_EDGE('',*,*,#7714,.F.);
#13184 = ORIENTED_EDGE('',*,*,#13185,.T.);
#13185 = EDGE_CURVE('',#7715,#10404,#13186,.T.);
#13186 = LINE('',#13187,#13188);
#13187 = CARTESIAN_POINT('',(331.65,142.018176,49.3));
#13188 = VECTOR('',#13189,1.);
#13189 = DIRECTION('',(0.,0.,1.));
#13190 = ORIENTED_EDGE('',*,*,#10427,.T.);
#13191 = PLANE('',#13192);
#13192 = AXIS2_PLACEMENT_3D('',#13193,#13194,#13195);
#13193 = CARTESIAN_POINT('',(331.65,142.018176,49.3));
#13194 = DIRECTION('',(0.,-1.,0.));
#13195 = DIRECTION('',(0.,0.,1.));
#13196 = ADVANCED_FACE('',(#13197),#13208,.T.);
#13197 = FACE_BOUND('',#13198,.T.);
#13198 = EDGE_LOOP('',(#13199,#13205,#13206,#13207));
#13199 = ORIENTED_EDGE('',*,*,#13200,.F.);
#13200 = EDGE_CURVE('',#7725,#10402,#13201,.T.);
#13201 = LINE('',#13202,#13203);
#13202 = CARTESIAN_POINT('',(331.65,157.618176,49.3));
#13203 = VECTOR('',#13204,1.);
#13204 = DIRECTION('',(0.,0.,1.));
#13205 = ORIENTED_EDGE('',*,*,#7724,.F.);
#13206 = ORIENTED_EDGE('',*,*,#13185,.T.);
#13207 = ORIENTED_EDGE('',*,*,#10401,.F.);
#13208 = PLANE('',#13209);
#13209 = AXIS2_PLACEMENT_3D('',#13210,#13211,#13212);
#13210 = CARTESIAN_POINT('',(331.65,157.618176,49.3));
#13211 = DIRECTION('',(-1.,0.,0.));
#13212 = DIRECTION('',(0.,0.,1.));
#13213 = ADVANCED_FACE('',(#13214),#13225,.F.);
#13214 = FACE_BOUND('',#13215,.F.);
#13215 = EDGE_LOOP('',(#13216,#13222,#13223,#13224));
#13216 = ORIENTED_EDGE('',*,*,#13217,.F.);
#13217 = EDGE_CURVE('',#7733,#10412,#13218,.T.);
#13218 = LINE('',#13219,#13220);
#13219 = CARTESIAN_POINT('',(316.05,157.618176,49.3));
#13220 = VECTOR('',#13221,1.);
#13221 = DIRECTION('',(0.,0.,1.));
#13222 = ORIENTED_EDGE('',*,*,#7740,.F.);
#13223 = ORIENTED_EDGE('',*,*,#13178,.T.);
#13224 = ORIENTED_EDGE('',*,*,#10419,.F.);
#13225 = PLANE('',#13226);
#13226 = AXIS2_PLACEMENT_3D('',#13227,#13228,#13229);
#13227 = CARTESIAN_POINT('',(316.05,157.618176,49.3));
#13228 = DIRECTION('',(-1.,0.,0.));
#13229 = DIRECTION('',(0.,0.,1.));
#13230 = ADVANCED_FACE('',(#13231),#13237,.T.);
#13231 = FACE_BOUND('',#13232,.T.);
#13232 = EDGE_LOOP('',(#13233,#13234,#13235,#13236));
#13233 = ORIENTED_EDGE('',*,*,#13217,.F.);
#13234 = ORIENTED_EDGE('',*,*,#7732,.F.);
#13235 = ORIENTED_EDGE('',*,*,#13200,.T.);
#13236 = ORIENTED_EDGE('',*,*,#10411,.T.);
#13237 = PLANE('',#13238);
#13238 = AXIS2_PLACEMENT_3D('',#13239,#13240,#13241);
#13239 = CARTESIAN_POINT('',(331.65,157.618176,49.3));
#13240 = DIRECTION('',(0.,-1.,0.));
#13241 = DIRECTION('',(0.,0.,1.));
#13242 = ADVANCED_FACE('',(#13243),#13259,.F.);
#13243 = FACE_BOUND('',#13244,.F.);
#13244 = EDGE_LOOP('',(#13245,#13251,#13252,#13258));
#13245 = ORIENTED_EDGE('',*,*,#13246,.F.);
#13246 = EDGE_CURVE('',#7754,#10466,#13247,.T.);
#13247 = LINE('',#13248,#13249);
#13248 = CARTESIAN_POINT('',(277.95,127.730676,49.3));
#13249 = VECTOR('',#13250,1.);
#13250 = DIRECTION('',(0.,0.,1.));
#13251 = ORIENTED_EDGE('',*,*,#7751,.F.);
#13252 = ORIENTED_EDGE('',*,*,#13253,.T.);
#13253 = EDGE_CURVE('',#7752,#10450,#13254,.T.);
#13254 = LINE('',#13255,#13256);
#13255 = CARTESIAN_POINT('',(293.55,127.730676,49.3));
#13256 = VECTOR('',#13257,1.);
#13257 = DIRECTION('',(0.,0.,1.));
#13258 = ORIENTED_EDGE('',*,*,#10473,.T.);
#13259 = PLANE('',#13260);
#13260 = AXIS2_PLACEMENT_3D('',#13261,#13262,#13263);
#13261 = CARTESIAN_POINT('',(293.55,127.730676,49.3));
#13262 = DIRECTION('',(0.,-1.,0.));
#13263 = DIRECTION('',(0.,0.,1.));
#13264 = ADVANCED_FACE('',(#13265),#13276,.T.);
#13265 = FACE_BOUND('',#13266,.T.);
#13266 = EDGE_LOOP('',(#13267,#13273,#13274,#13275));
#13267 = ORIENTED_EDGE('',*,*,#13268,.F.);
#13268 = EDGE_CURVE('',#7762,#10448,#13269,.T.);
#13269 = LINE('',#13270,#13271);
#13270 = CARTESIAN_POINT('',(293.55,143.330676,49.3));
#13271 = VECTOR('',#13272,1.);
#13272 = DIRECTION('',(0.,0.,1.));
#13273 = ORIENTED_EDGE('',*,*,#7761,.F.);
#13274 = ORIENTED_EDGE('',*,*,#13253,.T.);
#13275 = ORIENTED_EDGE('',*,*,#10447,.F.);
#13276 = PLANE('',#13277);
#13277 = AXIS2_PLACEMENT_3D('',#13278,#13279,#13280);
#13278 = CARTESIAN_POINT('',(293.55,143.330676,49.3));
#13279 = DIRECTION('',(-1.,0.,0.));
#13280 = DIRECTION('',(0.,0.,1.));
#13281 = ADVANCED_FACE('',(#13282),#13293,.F.);
#13282 = FACE_BOUND('',#13283,.F.);
#13283 = EDGE_LOOP('',(#13284,#13290,#13291,#13292));
#13284 = ORIENTED_EDGE('',*,*,#13285,.F.);
#13285 = EDGE_CURVE('',#7770,#10458,#13286,.T.);
#13286 = LINE('',#13287,#13288);
#13287 = CARTESIAN_POINT('',(277.95,143.330676,49.3));
#13288 = VECTOR('',#13289,1.);
#13289 = DIRECTION('',(0.,0.,1.));
#13290 = ORIENTED_EDGE('',*,*,#7777,.F.);
#13291 = ORIENTED_EDGE('',*,*,#13246,.T.);
#13292 = ORIENTED_EDGE('',*,*,#10465,.F.);
#13293 = PLANE('',#13294);
#13294 = AXIS2_PLACEMENT_3D('',#13295,#13296,#13297);
#13295 = CARTESIAN_POINT('',(277.95,143.330676,49.3));
#13296 = DIRECTION('',(-1.,0.,0.));
#13297 = DIRECTION('',(0.,0.,1.));
#13298 = ADVANCED_FACE('',(#13299),#13305,.T.);
#13299 = FACE_BOUND('',#13300,.T.);
#13300 = EDGE_LOOP('',(#13301,#13302,#13303,#13304));
#13301 = ORIENTED_EDGE('',*,*,#13285,.F.);
#13302 = ORIENTED_EDGE('',*,*,#7769,.F.);
#13303 = ORIENTED_EDGE('',*,*,#13268,.T.);
#13304 = ORIENTED_EDGE('',*,*,#10457,.T.);
#13305 = PLANE('',#13306);
#13306 = AXIS2_PLACEMENT_3D('',#13307,#13308,#13309);
#13307 = CARTESIAN_POINT('',(293.55,143.330676,49.3));
#13308 = DIRECTION('',(0.,-1.,0.));
#13309 = DIRECTION('',(0.,0.,1.));
#13310 = ADVANCED_FACE('',(#13311),#13327,.F.);
#13311 = FACE_BOUND('',#13312,.F.);
#13312 = EDGE_LOOP('',(#13313,#13319,#13320,#13326));
#13313 = ORIENTED_EDGE('',*,*,#13314,.F.);
#13314 = EDGE_CURVE('',#7788,#10512,#13315,.T.);
#13315 = LINE('',#13316,#13317);
#13316 = CARTESIAN_POINT('',(297.,122.968176,49.3));
#13317 = VECTOR('',#13318,1.);
#13318 = DIRECTION('',(0.,0.,1.));
#13319 = ORIENTED_EDGE('',*,*,#7785,.F.);
#13320 = ORIENTED_EDGE('',*,*,#13321,.T.);
#13321 = EDGE_CURVE('',#7786,#10496,#13322,.T.);
#13322 = LINE('',#13323,#13324);
#13323 = CARTESIAN_POINT('',(312.6,122.968176,49.3));
#13324 = VECTOR('',#13325,1.);
#13325 = DIRECTION('',(0.,0.,1.));
#13326 = ORIENTED_EDGE('',*,*,#10519,.T.);
#13327 = PLANE('',#13328);
#13328 = AXIS2_PLACEMENT_3D('',#13329,#13330,#13331);
#13329 = CARTESIAN_POINT('',(312.6,122.968176,49.3));
#13330 = DIRECTION('',(0.,-1.,0.));
#13331 = DIRECTION('',(0.,0.,1.));
#13332 = ADVANCED_FACE('',(#13333),#13344,.T.);
#13333 = FACE_BOUND('',#13334,.T.);
#13334 = EDGE_LOOP('',(#13335,#13341,#13342,#13343));
#13335 = ORIENTED_EDGE('',*,*,#13336,.F.);
#13336 = EDGE_CURVE('',#7796,#10494,#13337,.T.);
#13337 = LINE('',#13338,#13339);
#13338 = CARTESIAN_POINT('',(312.6,138.568176,49.3));
#13339 = VECTOR('',#13340,1.);
#13340 = DIRECTION('',(0.,0.,1.));
#13341 = ORIENTED_EDGE('',*,*,#7795,.F.);
#13342 = ORIENTED_EDGE('',*,*,#13321,.T.);
#13343 = ORIENTED_EDGE('',*,*,#10493,.F.);
#13344 = PLANE('',#13345);
#13345 = AXIS2_PLACEMENT_3D('',#13346,#13347,#13348);
#13346 = CARTESIAN_POINT('',(312.6,138.568176,49.3));
#13347 = DIRECTION('',(-1.,0.,0.));
#13348 = DIRECTION('',(0.,0.,1.));
#13349 = ADVANCED_FACE('',(#13350),#13361,.F.);
#13350 = FACE_BOUND('',#13351,.F.);
#13351 = EDGE_LOOP('',(#13352,#13358,#13359,#13360));
#13352 = ORIENTED_EDGE('',*,*,#13353,.F.);
#13353 = EDGE_CURVE('',#7804,#10504,#13354,.T.);
#13354 = LINE('',#13355,#13356);
#13355 = CARTESIAN_POINT('',(297.,138.568176,49.3));
#13356 = VECTOR('',#13357,1.);
#13357 = DIRECTION('',(0.,0.,1.));
#13358 = ORIENTED_EDGE('',*,*,#7811,.F.);
#13359 = ORIENTED_EDGE('',*,*,#13314,.T.);
#13360 = ORIENTED_EDGE('',*,*,#10511,.F.);
#13361 = PLANE('',#13362);
#13362 = AXIS2_PLACEMENT_3D('',#13363,#13364,#13365);
#13363 = CARTESIAN_POINT('',(297.,138.568176,49.3));
#13364 = DIRECTION('',(-1.,0.,0.));
#13365 = DIRECTION('',(0.,0.,1.));
#13366 = ADVANCED_FACE('',(#13367),#13373,.T.);
#13367 = FACE_BOUND('',#13368,.T.);
#13368 = EDGE_LOOP('',(#13369,#13370,#13371,#13372));
#13369 = ORIENTED_EDGE('',*,*,#13353,.F.);
#13370 = ORIENTED_EDGE('',*,*,#7803,.F.);
#13371 = ORIENTED_EDGE('',*,*,#13336,.T.);
#13372 = ORIENTED_EDGE('',*,*,#10503,.T.);
#13373 = PLANE('',#13374);
#13374 = AXIS2_PLACEMENT_3D('',#13375,#13376,#13377);
#13375 = CARTESIAN_POINT('',(312.6,138.568176,49.3));
#13376 = DIRECTION('',(0.,-1.,0.));
#13377 = DIRECTION('',(0.,0.,1.));
#13378 = ADVANCED_FACE('',(#13379),#13395,.F.);
#13379 = FACE_BOUND('',#13380,.F.);
#13380 = EDGE_LOOP('',(#13381,#13387,#13388,#13394));
#13381 = ORIENTED_EDGE('',*,*,#13382,.F.);
#13382 = EDGE_CURVE('',#7822,#10558,#13383,.T.);
#13383 = LINE('',#13384,#13385);
#13384 = CARTESIAN_POINT('',(277.95,108.680676,49.3));
#13385 = VECTOR('',#13386,1.);
#13386 = DIRECTION('',(0.,0.,1.));
#13387 = ORIENTED_EDGE('',*,*,#7819,.F.);
#13388 = ORIENTED_EDGE('',*,*,#13389,.T.);
#13389 = EDGE_CURVE('',#7820,#10542,#13390,.T.);
#13390 = LINE('',#13391,#13392);
#13391 = CARTESIAN_POINT('',(293.55,108.680676,49.3));
#13392 = VECTOR('',#13393,1.);
#13393 = DIRECTION('',(0.,0.,1.));
#13394 = ORIENTED_EDGE('',*,*,#10565,.T.);
#13395 = PLANE('',#13396);
#13396 = AXIS2_PLACEMENT_3D('',#13397,#13398,#13399);
#13397 = CARTESIAN_POINT('',(293.55,108.680676,49.3));
#13398 = DIRECTION('',(0.,-1.,0.));
#13399 = DIRECTION('',(0.,0.,1.));
#13400 = ADVANCED_FACE('',(#13401),#13412,.T.);
#13401 = FACE_BOUND('',#13402,.T.);
#13402 = EDGE_LOOP('',(#13403,#13409,#13410,#13411));
#13403 = ORIENTED_EDGE('',*,*,#13404,.F.);
#13404 = EDGE_CURVE('',#7830,#10540,#13405,.T.);
#13405 = LINE('',#13406,#13407);
#13406 = CARTESIAN_POINT('',(293.55,124.280676,49.3));
#13407 = VECTOR('',#13408,1.);
#13408 = DIRECTION('',(0.,0.,1.));
#13409 = ORIENTED_EDGE('',*,*,#7829,.F.);
#13410 = ORIENTED_EDGE('',*,*,#13389,.T.);
#13411 = ORIENTED_EDGE('',*,*,#10539,.F.);
#13412 = PLANE('',#13413);
#13413 = AXIS2_PLACEMENT_3D('',#13414,#13415,#13416);
#13414 = CARTESIAN_POINT('',(293.55,124.280676,49.3));
#13415 = DIRECTION('',(-1.,0.,0.));
#13416 = DIRECTION('',(0.,0.,1.));
#13417 = ADVANCED_FACE('',(#13418),#13429,.F.);
#13418 = FACE_BOUND('',#13419,.F.);
#13419 = EDGE_LOOP('',(#13420,#13426,#13427,#13428));
#13420 = ORIENTED_EDGE('',*,*,#13421,.F.);
#13421 = EDGE_CURVE('',#7838,#10550,#13422,.T.);
#13422 = LINE('',#13423,#13424);
#13423 = CARTESIAN_POINT('',(277.95,124.280676,49.3));
#13424 = VECTOR('',#13425,1.);
#13425 = DIRECTION('',(0.,0.,1.));
#13426 = ORIENTED_EDGE('',*,*,#7845,.F.);
#13427 = ORIENTED_EDGE('',*,*,#13382,.T.);
#13428 = ORIENTED_EDGE('',*,*,#10557,.F.);
#13429 = PLANE('',#13430);
#13430 = AXIS2_PLACEMENT_3D('',#13431,#13432,#13433);
#13431 = CARTESIAN_POINT('',(277.95,124.280676,49.3));
#13432 = DIRECTION('',(-1.,0.,0.));
#13433 = DIRECTION('',(0.,0.,1.));
#13434 = ADVANCED_FACE('',(#13435),#13441,.T.);
#13435 = FACE_BOUND('',#13436,.T.);
#13436 = EDGE_LOOP('',(#13437,#13438,#13439,#13440));
#13437 = ORIENTED_EDGE('',*,*,#13421,.F.);
#13438 = ORIENTED_EDGE('',*,*,#7837,.F.);
#13439 = ORIENTED_EDGE('',*,*,#13404,.T.);
#13440 = ORIENTED_EDGE('',*,*,#10549,.T.);
#13441 = PLANE('',#13442);
#13442 = AXIS2_PLACEMENT_3D('',#13443,#13444,#13445);
#13443 = CARTESIAN_POINT('',(293.55,124.280676,49.3));
#13444 = DIRECTION('',(0.,-1.,0.));
#13445 = DIRECTION('',(0.,0.,1.));
#13446 = ADVANCED_FACE('',(#13447),#13463,.F.);
#13447 = FACE_BOUND('',#13448,.F.);
#13448 = EDGE_LOOP('',(#13449,#13455,#13456,#13462));
#13449 = ORIENTED_EDGE('',*,*,#13450,.F.);
#13450 = EDGE_CURVE('',#7859,#10604,#13451,.T.);
#13451 = LINE('',#13452,#13453);
#13452 = CARTESIAN_POINT('',(316.05,122.968176,49.3));
#13453 = VECTOR('',#13454,1.);
#13454 = DIRECTION('',(0.,0.,1.));
#13455 = ORIENTED_EDGE('',*,*,#7856,.F.);
#13456 = ORIENTED_EDGE('',*,*,#13457,.T.);
#13457 = EDGE_CURVE('',#7857,#10588,#13458,.T.);
#13458 = LINE('',#13459,#13460);
#13459 = CARTESIAN_POINT('',(331.65,122.968176,49.3));
#13460 = VECTOR('',#13461,1.);
#13461 = DIRECTION('',(0.,0.,1.));
#13462 = ORIENTED_EDGE('',*,*,#10611,.T.);
#13463 = PLANE('',#13464);
#13464 = AXIS2_PLACEMENT_3D('',#13465,#13466,#13467);
#13465 = CARTESIAN_POINT('',(331.65,122.968176,49.3));
#13466 = DIRECTION('',(0.,-1.,0.));
#13467 = DIRECTION('',(0.,0.,1.));
#13468 = ADVANCED_FACE('',(#13469),#13480,.T.);
#13469 = FACE_BOUND('',#13470,.T.);
#13470 = EDGE_LOOP('',(#13471,#13477,#13478,#13479));
#13471 = ORIENTED_EDGE('',*,*,#13472,.F.);
#13472 = EDGE_CURVE('',#7867,#10586,#13473,.T.);
#13473 = LINE('',#13474,#13475);
#13474 = CARTESIAN_POINT('',(331.65,138.568176,49.3));
#13475 = VECTOR('',#13476,1.);
#13476 = DIRECTION('',(0.,0.,1.));
#13477 = ORIENTED_EDGE('',*,*,#7866,.F.);
#13478 = ORIENTED_EDGE('',*,*,#13457,.T.);
#13479 = ORIENTED_EDGE('',*,*,#10585,.F.);
#13480 = PLANE('',#13481);
#13481 = AXIS2_PLACEMENT_3D('',#13482,#13483,#13484);
#13482 = CARTESIAN_POINT('',(331.65,138.568176,49.3));
#13483 = DIRECTION('',(-1.,0.,0.));
#13484 = DIRECTION('',(0.,0.,1.));
#13485 = ADVANCED_FACE('',(#13486),#13497,.F.);
#13486 = FACE_BOUND('',#13487,.F.);
#13487 = EDGE_LOOP('',(#13488,#13494,#13495,#13496));
#13488 = ORIENTED_EDGE('',*,*,#13489,.F.);
#13489 = EDGE_CURVE('',#7875,#10596,#13490,.T.);
#13490 = LINE('',#13491,#13492);
#13491 = CARTESIAN_POINT('',(316.05,138.568176,49.3));
#13492 = VECTOR('',#13493,1.);
#13493 = DIRECTION('',(0.,0.,1.));
#13494 = ORIENTED_EDGE('',*,*,#7882,.F.);
#13495 = ORIENTED_EDGE('',*,*,#13450,.T.);
#13496 = ORIENTED_EDGE('',*,*,#10603,.F.);
#13497 = PLANE('',#13498);
#13498 = AXIS2_PLACEMENT_3D('',#13499,#13500,#13501);
#13499 = CARTESIAN_POINT('',(316.05,138.568176,49.3));
#13500 = DIRECTION('',(-1.,0.,0.));
#13501 = DIRECTION('',(0.,0.,1.));
#13502 = ADVANCED_FACE('',(#13503),#13509,.T.);
#13503 = FACE_BOUND('',#13504,.T.);
#13504 = EDGE_LOOP('',(#13505,#13506,#13507,#13508));
#13505 = ORIENTED_EDGE('',*,*,#13489,.F.);
#13506 = ORIENTED_EDGE('',*,*,#7874,.F.);
#13507 = ORIENTED_EDGE('',*,*,#13472,.T.);
#13508 = ORIENTED_EDGE('',*,*,#10595,.T.);
#13509 = PLANE('',#13510);
#13510 = AXIS2_PLACEMENT_3D('',#13511,#13512,#13513);
#13511 = CARTESIAN_POINT('',(331.65,138.568176,49.3));
#13512 = DIRECTION('',(0.,-1.,0.));
#13513 = DIRECTION('',(0.,0.,1.));
#13514 = ADVANCED_FACE('',(#13515),#13531,.F.);
#13515 = FACE_BOUND('',#13516,.F.);
#13516 = EDGE_LOOP('',(#13517,#13523,#13524,#13530));
#13517 = ORIENTED_EDGE('',*,*,#13518,.F.);
#13518 = EDGE_CURVE('',#7923,#10713,#13519,.T.);
#13519 = LINE('',#13520,#13521);
#13520 = CARTESIAN_POINT('',(220.8,103.918176,49.3));
#13521 = VECTOR('',#13522,1.);
#13522 = DIRECTION('',(0.,0.,1.));
#13523 = ORIENTED_EDGE('',*,*,#7920,.F.);
#13524 = ORIENTED_EDGE('',*,*,#13525,.T.);
#13525 = EDGE_CURVE('',#7921,#10697,#13526,.T.);
#13526 = LINE('',#13527,#13528);
#13527 = CARTESIAN_POINT('',(236.4,103.918176,49.3));
#13528 = VECTOR('',#13529,1.);
#13529 = DIRECTION('',(0.,0.,1.));
#13530 = ORIENTED_EDGE('',*,*,#10720,.T.);
#13531 = PLANE('',#13532);
#13532 = AXIS2_PLACEMENT_3D('',#13533,#13534,#13535);
#13533 = CARTESIAN_POINT('',(236.4,103.918176,49.3));
#13534 = DIRECTION('',(0.,-1.,0.));
#13535 = DIRECTION('',(0.,0.,1.));
#13536 = ADVANCED_FACE('',(#13537),#13548,.T.);
#13537 = FACE_BOUND('',#13538,.T.);
#13538 = EDGE_LOOP('',(#13539,#13545,#13546,#13547));
#13539 = ORIENTED_EDGE('',*,*,#13540,.F.);
#13540 = EDGE_CURVE('',#7931,#10695,#13541,.T.);
#13541 = LINE('',#13542,#13543);
#13542 = CARTESIAN_POINT('',(236.4,119.518176,49.3));
#13543 = VECTOR('',#13544,1.);
#13544 = DIRECTION('',(0.,0.,1.));
#13545 = ORIENTED_EDGE('',*,*,#7930,.F.);
#13546 = ORIENTED_EDGE('',*,*,#13525,.T.);
#13547 = ORIENTED_EDGE('',*,*,#10694,.F.);
#13548 = PLANE('',#13549);
#13549 = AXIS2_PLACEMENT_3D('',#13550,#13551,#13552);
#13550 = CARTESIAN_POINT('',(236.4,119.518176,49.3));
#13551 = DIRECTION('',(-1.,0.,0.));
#13552 = DIRECTION('',(0.,0.,1.));
#13553 = ADVANCED_FACE('',(#13554),#13565,.F.);
#13554 = FACE_BOUND('',#13555,.F.);
#13555 = EDGE_LOOP('',(#13556,#13562,#13563,#13564));
#13556 = ORIENTED_EDGE('',*,*,#13557,.F.);
#13557 = EDGE_CURVE('',#7939,#10705,#13558,.T.);
#13558 = LINE('',#13559,#13560);
#13559 = CARTESIAN_POINT('',(220.8,119.518176,49.3));
#13560 = VECTOR('',#13561,1.);
#13561 = DIRECTION('',(0.,0.,1.));
#13562 = ORIENTED_EDGE('',*,*,#7946,.F.);
#13563 = ORIENTED_EDGE('',*,*,#13518,.T.);
#13564 = ORIENTED_EDGE('',*,*,#10712,.F.);
#13565 = PLANE('',#13566);
#13566 = AXIS2_PLACEMENT_3D('',#13567,#13568,#13569);
#13567 = CARTESIAN_POINT('',(220.8,119.518176,49.3));
#13568 = DIRECTION('',(-1.,0.,0.));
#13569 = DIRECTION('',(0.,0.,1.));
#13570 = ADVANCED_FACE('',(#13571),#13577,.T.);
#13571 = FACE_BOUND('',#13572,.T.);
#13572 = EDGE_LOOP('',(#13573,#13574,#13575,#13576));
#13573 = ORIENTED_EDGE('',*,*,#13557,.F.);
#13574 = ORIENTED_EDGE('',*,*,#7938,.F.);
#13575 = ORIENTED_EDGE('',*,*,#13540,.T.);
#13576 = ORIENTED_EDGE('',*,*,#10704,.T.);
#13577 = PLANE('',#13578);
#13578 = AXIS2_PLACEMENT_3D('',#13579,#13580,#13581);
#13579 = CARTESIAN_POINT('',(236.4,119.518176,49.3));
#13580 = DIRECTION('',(0.,-1.,0.));
#13581 = DIRECTION('',(0.,0.,1.));
#13582 = ADVANCED_FACE('',(#13583),#13599,.F.);
#13583 = FACE_BOUND('',#13584,.F.);
#13584 = EDGE_LOOP('',(#13585,#13591,#13592,#13598));
#13585 = ORIENTED_EDGE('',*,*,#13586,.F.);
#13586 = EDGE_CURVE('',#7957,#10759,#13587,.T.);
#13587 = LINE('',#13588,#13589);
#13588 = CARTESIAN_POINT('',(220.8,84.868176,49.3));
#13589 = VECTOR('',#13590,1.);
#13590 = DIRECTION('',(0.,0.,1.));
#13591 = ORIENTED_EDGE('',*,*,#7954,.F.);
#13592 = ORIENTED_EDGE('',*,*,#13593,.T.);
#13593 = EDGE_CURVE('',#7955,#10743,#13594,.T.);
#13594 = LINE('',#13595,#13596);
#13595 = CARTESIAN_POINT('',(236.4,84.868176,49.3));
#13596 = VECTOR('',#13597,1.);
#13597 = DIRECTION('',(0.,0.,1.));
#13598 = ORIENTED_EDGE('',*,*,#10766,.T.);
#13599 = PLANE('',#13600);
#13600 = AXIS2_PLACEMENT_3D('',#13601,#13602,#13603);
#13601 = CARTESIAN_POINT('',(236.4,84.868176,49.3));
#13602 = DIRECTION('',(0.,-1.,0.));
#13603 = DIRECTION('',(0.,0.,1.));
#13604 = ADVANCED_FACE('',(#13605),#13616,.T.);
#13605 = FACE_BOUND('',#13606,.T.);
#13606 = EDGE_LOOP('',(#13607,#13613,#13614,#13615));
#13607 = ORIENTED_EDGE('',*,*,#13608,.F.);
#13608 = EDGE_CURVE('',#7965,#10741,#13609,.T.);
#13609 = LINE('',#13610,#13611);
#13610 = CARTESIAN_POINT('',(236.4,100.468176,49.3));
#13611 = VECTOR('',#13612,1.);
#13612 = DIRECTION('',(0.,0.,1.));
#13613 = ORIENTED_EDGE('',*,*,#7964,.F.);
#13614 = ORIENTED_EDGE('',*,*,#13593,.T.);
#13615 = ORIENTED_EDGE('',*,*,#10740,.F.);
#13616 = PLANE('',#13617);
#13617 = AXIS2_PLACEMENT_3D('',#13618,#13619,#13620);
#13618 = CARTESIAN_POINT('',(236.4,100.468176,49.3));
#13619 = DIRECTION('',(-1.,0.,0.));
#13620 = DIRECTION('',(0.,0.,1.));
#13621 = ADVANCED_FACE('',(#13622),#13633,.F.);
#13622 = FACE_BOUND('',#13623,.F.);
#13623 = EDGE_LOOP('',(#13624,#13630,#13631,#13632));
#13624 = ORIENTED_EDGE('',*,*,#13625,.F.);
#13625 = EDGE_CURVE('',#7973,#10751,#13626,.T.);
#13626 = LINE('',#13627,#13628);
#13627 = CARTESIAN_POINT('',(220.8,100.468176,49.3));
#13628 = VECTOR('',#13629,1.);
#13629 = DIRECTION('',(0.,0.,1.));
#13630 = ORIENTED_EDGE('',*,*,#7980,.F.);
#13631 = ORIENTED_EDGE('',*,*,#13586,.T.);
#13632 = ORIENTED_EDGE('',*,*,#10758,.F.);
#13633 = PLANE('',#13634);
#13634 = AXIS2_PLACEMENT_3D('',#13635,#13636,#13637);
#13635 = CARTESIAN_POINT('',(220.8,100.468176,49.3));
#13636 = DIRECTION('',(-1.,0.,0.));
#13637 = DIRECTION('',(0.,0.,1.));
#13638 = ADVANCED_FACE('',(#13639),#13645,.T.);
#13639 = FACE_BOUND('',#13640,.T.);
#13640 = EDGE_LOOP('',(#13641,#13642,#13643,#13644));
#13641 = ORIENTED_EDGE('',*,*,#13625,.F.);
#13642 = ORIENTED_EDGE('',*,*,#7972,.F.);
#13643 = ORIENTED_EDGE('',*,*,#13608,.T.);
#13644 = ORIENTED_EDGE('',*,*,#10750,.T.);
#13645 = PLANE('',#13646);
#13646 = AXIS2_PLACEMENT_3D('',#13647,#13648,#13649);
#13647 = CARTESIAN_POINT('',(236.4,100.468176,49.3));
#13648 = DIRECTION('',(0.,-1.,0.));
#13649 = DIRECTION('',(0.,0.,1.));
#13650 = ADVANCED_FACE('',(#13651),#13662,.F.);
#13651 = FACE_BOUND('',#13652,.F.);
#13652 = EDGE_LOOP('',(#13653,#13654,#13655,#13661));
#13653 = ORIENTED_EDGE('',*,*,#10803,.F.);
#13654 = ORIENTED_EDGE('',*,*,#7988,.F.);
#13655 = ORIENTED_EDGE('',*,*,#13656,.T.);
#13656 = EDGE_CURVE('',#7989,#10187,#13657,.T.);
#13657 = LINE('',#13658,#13659);
#13658 = CARTESIAN_POINT('',(274.5,113.443176,49.3));
#13659 = VECTOR('',#13660,1.);
#13660 = DIRECTION('',(0.,0.,1.));
#13661 = ORIENTED_EDGE('',*,*,#10186,.T.);
#13662 = PLANE('',#13663);
#13663 = AXIS2_PLACEMENT_3D('',#13664,#13665,#13666);
#13664 = CARTESIAN_POINT('',(274.5,113.443176,49.3));
#13665 = DIRECTION('',(0.,-1.,0.));
#13666 = DIRECTION('',(0.,0.,1.));
#13667 = ADVANCED_FACE('',(#13668),#13679,.T.);
#13668 = FACE_BOUND('',#13669,.T.);
#13669 = EDGE_LOOP('',(#13670,#13676,#13677,#13678));
#13670 = ORIENTED_EDGE('',*,*,#13671,.F.);
#13671 = EDGE_CURVE('',#7999,#10276,#13672,.T.);
#13672 = LINE('',#13673,#13674);
#13673 = CARTESIAN_POINT('',(274.5,129.043176,49.3));
#13674 = VECTOR('',#13675,1.);
#13675 = DIRECTION('',(0.,0.,1.));
#13676 = ORIENTED_EDGE('',*,*,#7998,.F.);
#13677 = ORIENTED_EDGE('',*,*,#13656,.T.);
#13678 = ORIENTED_EDGE('',*,*,#10283,.F.);
#13679 = PLANE('',#13680);
#13680 = AXIS2_PLACEMENT_3D('',#13681,#13682,#13683);
#13681 = CARTESIAN_POINT('',(274.5,129.043176,49.3));
#13682 = DIRECTION('',(-1.,0.,0.));
#13683 = DIRECTION('',(0.,0.,1.));
#13684 = ADVANCED_FACE('',(#13685),#13696,.T.);
#13685 = FACE_BOUND('',#13686,.T.);
#13686 = EDGE_LOOP('',(#13687,#13693,#13694,#13695));
#13687 = ORIENTED_EDGE('',*,*,#13688,.F.);
#13688 = EDGE_CURVE('',#8007,#10268,#13689,.T.);
#13689 = LINE('',#13690,#13691);
#13690 = CARTESIAN_POINT('',(258.9,129.043176,49.3));
#13691 = VECTOR('',#13692,1.);
#13692 = DIRECTION('',(0.,0.,1.));
#13693 = ORIENTED_EDGE('',*,*,#8006,.F.);
#13694 = ORIENTED_EDGE('',*,*,#13671,.T.);
#13695 = ORIENTED_EDGE('',*,*,#10275,.T.);
#13696 = PLANE('',#13697);
#13697 = AXIS2_PLACEMENT_3D('',#13698,#13699,#13700);
#13698 = CARTESIAN_POINT('',(274.5,129.043176,49.3));
#13699 = DIRECTION('',(0.,-1.,0.));
#13700 = DIRECTION('',(0.,0.,1.));
#13701 = ADVANCED_FACE('',(#13702),#13713,.F.);
#13702 = FACE_BOUND('',#13703,.F.);
#13703 = EDGE_LOOP('',(#13704,#13705,#13706,#13712));
#13704 = ORIENTED_EDGE('',*,*,#13688,.F.);
#13705 = ORIENTED_EDGE('',*,*,#8014,.F.);
#13706 = ORIENTED_EDGE('',*,*,#13707,.F.);
#13707 = EDGE_CURVE('',#10260,#8015,#13708,.T.);
#13708 = LINE('',#13709,#13710);
#13709 = CARTESIAN_POINT('',(258.9,115.,48.9));
#13710 = VECTOR('',#13711,1.);
#13711 = DIRECTION('',(0.,0.,-1.));
#13712 = ORIENTED_EDGE('',*,*,#10267,.F.);
#13713 = PLANE('',#13714);
#13714 = AXIS2_PLACEMENT_3D('',#13715,#13716,#13717);
#13715 = CARTESIAN_POINT('',(258.9,129.043176,49.3));
#13716 = DIRECTION('',(-1.,0.,0.));
#13717 = DIRECTION('',(0.,0.,1.));
#13718 = ADVANCED_FACE('',(#13719),#13730,.F.);
#13719 = FACE_BOUND('',#13720,.F.);
#13720 = EDGE_LOOP('',(#13721,#13722,#13728,#13729));
#13721 = ORIENTED_EDGE('',*,*,#8022,.F.);
#13722 = ORIENTED_EDGE('',*,*,#13723,.T.);
#13723 = EDGE_CURVE('',#8023,#10252,#13724,.T.);
#13724 = LINE('',#13725,#13726);
#13725 = CARTESIAN_POINT('',(257.,115.,48.5));
#13726 = VECTOR('',#13727,1.);
#13727 = DIRECTION('',(0.,0.,1.));
#13728 = ORIENTED_EDGE('',*,*,#10259,.T.);
#13729 = ORIENTED_EDGE('',*,*,#13707,.T.);
#13730 = PLANE('',#13731);
#13731 = AXIS2_PLACEMENT_3D('',#13732,#13733,#13734);
#13732 = CARTESIAN_POINT('',(257.,115.,48.5));
#13733 = DIRECTION('',(0.,1.,0.));
#13734 = DIRECTION('',(0.,0.,1.));
#13735 = ADVANCED_FACE('',(#13736),#13747,.T.);
#13736 = FACE_BOUND('',#13737,.T.);
#13737 = EDGE_LOOP('',(#13738,#13744,#13745,#13746));
#13738 = ORIENTED_EDGE('',*,*,#13739,.F.);
#13739 = EDGE_CURVE('',#8031,#10244,#13740,.T.);
#13740 = LINE('',#13741,#13742);
#13741 = CARTESIAN_POINT('',(257.,108.,48.5));
#13742 = VECTOR('',#13743,1.);
#13743 = DIRECTION('',(0.,0.,1.));
#13744 = ORIENTED_EDGE('',*,*,#8030,.F.);
#13745 = ORIENTED_EDGE('',*,*,#13723,.T.);
#13746 = ORIENTED_EDGE('',*,*,#10251,.F.);
#13747 = PLANE('',#13748);
#13748 = AXIS2_PLACEMENT_3D('',#13749,#13750,#13751);
#13749 = CARTESIAN_POINT('',(257.,108.,48.5));
#13750 = DIRECTION('',(1.,0.,0.));
#13751 = DIRECTION('',(0.,0.,1.));
#13752 = ADVANCED_FACE('',(#13753),#13764,.T.);
#13753 = FACE_BOUND('',#13754,.T.);
#13754 = EDGE_LOOP('',(#13755,#13756,#13757,#13763));
#13755 = ORIENTED_EDGE('',*,*,#10787,.F.);
#13756 = ORIENTED_EDGE('',*,*,#8070,.F.);
#13757 = ORIENTED_EDGE('',*,*,#13758,.T.);
#13758 = EDGE_CURVE('',#8063,#10212,#13759,.T.);
#13759 = LINE('',#13760,#13761);
#13760 = CARTESIAN_POINT('',(274.5,109.993176,49.3));
#13761 = VECTOR('',#13762,1.);
#13762 = DIRECTION('',(0.,0.,1.));
#13763 = ORIENTED_EDGE('',*,*,#10211,.T.);
#13764 = PLANE('',#13765);
#13765 = AXIS2_PLACEMENT_3D('',#13766,#13767,#13768);
#13766 = CARTESIAN_POINT('',(274.5,109.993176,49.3));
#13767 = DIRECTION('',(0.,-1.,0.));
#13768 = DIRECTION('',(0.,0.,1.));
#13769 = ADVANCED_FACE('',(#13770),#13781,.T.);
#13770 = FACE_BOUND('',#13771,.T.);
#13771 = EDGE_LOOP('',(#13772,#13773,#13774,#13775));
#13772 = ORIENTED_EDGE('',*,*,#8038,.F.);
#13773 = ORIENTED_EDGE('',*,*,#13739,.T.);
#13774 = ORIENTED_EDGE('',*,*,#10243,.T.);
#13775 = ORIENTED_EDGE('',*,*,#13776,.T.);
#13776 = EDGE_CURVE('',#10236,#8039,#13777,.T.);
#13777 = LINE('',#13778,#13779);
#13778 = CARTESIAN_POINT('',(258.9,108.,48.9));
#13779 = VECTOR('',#13780,1.);
#13780 = DIRECTION('',(0.,0.,-1.));
#13781 = PLANE('',#13782);
#13782 = AXIS2_PLACEMENT_3D('',#13783,#13784,#13785);
#13783 = CARTESIAN_POINT('',(257.,108.,48.5));
#13784 = DIRECTION('',(0.,1.,0.));
#13785 = DIRECTION('',(0.,0.,1.));
#13786 = ADVANCED_FACE('',(#13787),#13798,.T.);
#13787 = FACE_BOUND('',#13788,.T.);
#13788 = EDGE_LOOP('',(#13789,#13790,#13791,#13797));
#13789 = ORIENTED_EDGE('',*,*,#13758,.F.);
#13790 = ORIENTED_EDGE('',*,*,#8062,.F.);
#13791 = ORIENTED_EDGE('',*,*,#13792,.T.);
#13792 = EDGE_CURVE('',#8055,#10220,#13793,.T.);
#13793 = LINE('',#13794,#13795);
#13794 = CARTESIAN_POINT('',(274.5,94.393176,49.3));
#13795 = VECTOR('',#13796,1.);
#13796 = DIRECTION('',(0.,0.,1.));
#13797 = ORIENTED_EDGE('',*,*,#10219,.F.);
#13798 = PLANE('',#13799);
#13799 = AXIS2_PLACEMENT_3D('',#13800,#13801,#13802);
#13800 = CARTESIAN_POINT('',(274.5,109.993176,49.3));
#13801 = DIRECTION('',(-1.,0.,0.));
#13802 = DIRECTION('',(0.,0.,1.));
#13803 = ADVANCED_FACE('',(#13804),#13815,.F.);
#13804 = FACE_BOUND('',#13805,.F.);
#13805 = EDGE_LOOP('',(#13806,#13807,#13808,#13814));
#13806 = ORIENTED_EDGE('',*,*,#13776,.T.);
#13807 = ORIENTED_EDGE('',*,*,#8046,.F.);
#13808 = ORIENTED_EDGE('',*,*,#13809,.T.);
#13809 = EDGE_CURVE('',#8047,#10228,#13810,.T.);
#13810 = LINE('',#13811,#13812);
#13811 = CARTESIAN_POINT('',(258.9,94.393176,49.3));
#13812 = VECTOR('',#13813,1.);
#13813 = DIRECTION('',(0.,0.,1.));
#13814 = ORIENTED_EDGE('',*,*,#10235,.F.);
#13815 = PLANE('',#13816);
#13816 = AXIS2_PLACEMENT_3D('',#13817,#13818,#13819);
#13817 = CARTESIAN_POINT('',(258.9,109.993176,49.3));
#13818 = DIRECTION('',(-1.,0.,0.));
#13819 = DIRECTION('',(0.,0.,1.));
#13820 = ADVANCED_FACE('',(#13821),#13827,.F.);
#13821 = FACE_BOUND('',#13822,.F.);
#13822 = EDGE_LOOP('',(#13823,#13824,#13825,#13826));
#13823 = ORIENTED_EDGE('',*,*,#13809,.F.);
#13824 = ORIENTED_EDGE('',*,*,#8054,.F.);
#13825 = ORIENTED_EDGE('',*,*,#13792,.T.);
#13826 = ORIENTED_EDGE('',*,*,#10227,.T.);
#13827 = PLANE('',#13828);
#13828 = AXIS2_PLACEMENT_3D('',#13829,#13830,#13831);
#13829 = CARTESIAN_POINT('',(274.5,94.393176,49.3));
#13830 = DIRECTION('',(0.,-1.,0.));
#13831 = DIRECTION('',(0.,0.,1.));
#13832 = ADVANCED_FACE('',(#13833),#13849,.F.);
#13833 = FACE_BOUND('',#13834,.F.);
#13834 = EDGE_LOOP('',(#13835,#13841,#13842,#13848));
#13835 = ORIENTED_EDGE('',*,*,#13836,.F.);
#13836 = EDGE_CURVE('',#8097,#10839,#13837,.T.);
#13837 = LINE('',#13838,#13839);
#13838 = CARTESIAN_POINT('',(239.85,89.630676,49.3));
#13839 = VECTOR('',#13840,1.);
#13840 = DIRECTION('',(0.,0.,1.));
#13841 = ORIENTED_EDGE('',*,*,#8094,.F.);
#13842 = ORIENTED_EDGE('',*,*,#13843,.T.);
#13843 = EDGE_CURVE('',#8095,#10823,#13844,.T.);
#13844 = LINE('',#13845,#13846);
#13845 = CARTESIAN_POINT('',(255.45,89.630676,49.3));
#13846 = VECTOR('',#13847,1.);
#13847 = DIRECTION('',(0.,0.,1.));
#13848 = ORIENTED_EDGE('',*,*,#10846,.T.);
#13849 = PLANE('',#13850);
#13850 = AXIS2_PLACEMENT_3D('',#13851,#13852,#13853);
#13851 = CARTESIAN_POINT('',(255.45,89.630676,49.3));
#13852 = DIRECTION('',(0.,-1.,0.));
#13853 = DIRECTION('',(0.,0.,1.));
#13854 = ADVANCED_FACE('',(#13855),#13866,.T.);
#13855 = FACE_BOUND('',#13856,.T.);
#13856 = EDGE_LOOP('',(#13857,#13863,#13864,#13865));
#13857 = ORIENTED_EDGE('',*,*,#13858,.F.);
#13858 = EDGE_CURVE('',#8105,#10821,#13859,.T.);
#13859 = LINE('',#13860,#13861);
#13860 = CARTESIAN_POINT('',(255.45,105.230676,49.3));
#13861 = VECTOR('',#13862,1.);
#13862 = DIRECTION('',(0.,0.,1.));
#13863 = ORIENTED_EDGE('',*,*,#8104,.F.);
#13864 = ORIENTED_EDGE('',*,*,#13843,.T.);
#13865 = ORIENTED_EDGE('',*,*,#10820,.F.);
#13866 = PLANE('',#13867);
#13867 = AXIS2_PLACEMENT_3D('',#13868,#13869,#13870);
#13868 = CARTESIAN_POINT('',(255.45,105.230676,49.3));
#13869 = DIRECTION('',(-1.,0.,0.));
#13870 = DIRECTION('',(0.,0.,1.));
#13871 = ADVANCED_FACE('',(#13872),#13883,.F.);
#13872 = FACE_BOUND('',#13873,.F.);
#13873 = EDGE_LOOP('',(#13874,#13880,#13881,#13882));
#13874 = ORIENTED_EDGE('',*,*,#13875,.F.);
#13875 = EDGE_CURVE('',#8113,#10831,#13876,.T.);
#13876 = LINE('',#13877,#13878);
#13877 = CARTESIAN_POINT('',(239.85,105.230676,49.3));
#13878 = VECTOR('',#13879,1.);
#13879 = DIRECTION('',(0.,0.,1.));
#13880 = ORIENTED_EDGE('',*,*,#8120,.F.);
#13881 = ORIENTED_EDGE('',*,*,#13836,.T.);
#13882 = ORIENTED_EDGE('',*,*,#10838,.F.);
#13883 = PLANE('',#13884);
#13884 = AXIS2_PLACEMENT_3D('',#13885,#13886,#13887);
#13885 = CARTESIAN_POINT('',(239.85,105.230676,49.3));
#13886 = DIRECTION('',(-1.,0.,0.));
#13887 = DIRECTION('',(0.,0.,1.));
#13888 = ADVANCED_FACE('',(#13889),#13895,.T.);
#13889 = FACE_BOUND('',#13890,.T.);
#13890 = EDGE_LOOP('',(#13891,#13892,#13893,#13894));
#13891 = ORIENTED_EDGE('',*,*,#13875,.F.);
#13892 = ORIENTED_EDGE('',*,*,#8112,.F.);
#13893 = ORIENTED_EDGE('',*,*,#13858,.T.);
#13894 = ORIENTED_EDGE('',*,*,#10830,.T.);
#13895 = PLANE('',#13896);
#13896 = AXIS2_PLACEMENT_3D('',#13897,#13898,#13899);
#13897 = CARTESIAN_POINT('',(255.45,105.230676,49.3));
#13898 = DIRECTION('',(0.,-1.,0.));
#13899 = DIRECTION('',(0.,0.,1.));
#13900 = ADVANCED_FACE('',(#13901),#13917,.F.);
#13901 = FACE_BOUND('',#13902,.F.);
#13902 = EDGE_LOOP('',(#13903,#13904,#13910,#13911));
#13903 = ORIENTED_EDGE('',*,*,#8128,.T.);
#13904 = ORIENTED_EDGE('',*,*,#13905,.T.);
#13905 = EDGE_CURVE('',#8131,#10877,#13906,.T.);
#13906 = LINE('',#13907,#13908);
#13907 = CARTESIAN_POINT('',(208.4186291501,63.718681063388,49.3));
#13908 = VECTOR('',#13909,1.);
#13909 = DIRECTION('',(0.,0.,1.));
#13910 = ORIENTED_EDGE('',*,*,#10884,.T.);
#13911 = ORIENTED_EDGE('',*,*,#13912,.F.);
#13912 = EDGE_CURVE('',#8129,#10885,#13913,.T.);
#13913 = LINE('',#13914,#13915);
#13914 = CARTESIAN_POINT('',(198.51913421349,73.618176,49.3));
#13915 = VECTOR('',#13916,1.);
#13916 = DIRECTION('',(0.,0.,1.));
#13917 = PLANE('',#13918);
#13918 = AXIS2_PLACEMENT_3D('',#13919,#13920,#13921);
#13919 = CARTESIAN_POINT('',(209.55,62.58731021349,49.3));
#13920 = DIRECTION('',(-0.707106781187,-0.707106781187,0.));
#13921 = DIRECTION('',(0.,0.,1.));
#13922 = ADVANCED_FACE('',(#13923),#13934,.F.);
#13923 = FACE_BOUND('',#13924,.F.);
#13924 = EDGE_LOOP('',(#13925,#13931,#13932,#13933));
#13925 = ORIENTED_EDGE('',*,*,#13926,.F.);
#13926 = EDGE_CURVE('',#8371,#10893,#13927,.T.);
#13927 = LINE('',#13928,#13929);
#13928 = CARTESIAN_POINT('',(199.20353678584,74.302578572357,49.3));
#13929 = VECTOR('',#13930,1.);
#13930 = DIRECTION('',(0.,0.,1.));
#13931 = ORIENTED_EDGE('',*,*,#8378,.F.);
#13932 = ORIENTED_EDGE('',*,*,#13912,.T.);
#13933 = ORIENTED_EDGE('',*,*,#10892,.F.);
#13934 = PLANE('',#13935);
#13935 = AXIS2_PLACEMENT_3D('',#13936,#13937,#13938);
#13936 = CARTESIAN_POINT('',(209.55,84.64904178651,49.3));
#13937 = DIRECTION('',(-0.707106781187,0.707106781187,0.));
#13938 = DIRECTION('',(0.,0.,1.));
#13939 = ADVANCED_FACE('',(#13940),#13951,.F.);
#13940 = FACE_BOUND('',#13941,.F.);
#13941 = EDGE_LOOP('',(#13942,#13943,#13949,#13950));
#13942 = ORIENTED_EDGE('',*,*,#8138,.F.);
#13943 = ORIENTED_EDGE('',*,*,#13944,.T.);
#13944 = EDGE_CURVE('',#8139,#10867,#13945,.T.);
#13945 = LINE('',#13946,#13947);
#13946 = CARTESIAN_POINT('',(208.06358475411,63.363636667401,49.3));
#13947 = VECTOR('',#13948,1.);
#13948 = DIRECTION('',(0.,0.,1.));
#13949 = ORIENTED_EDGE('',*,*,#10876,.T.);
#13950 = ORIENTED_EDGE('',*,*,#13905,.F.);
#13951 = PLANE('',#13952);
#13952 = AXIS2_PLACEMENT_3D('',#13953,#13954,#13955);
#13953 = CARTESIAN_POINT('',(208.06358475411,63.363636667401,49.3));
#13954 = DIRECTION('',(-0.707106781187,0.707106781187,0.));
#13955 = DIRECTION('',(0.707106781187,0.707106781187,0.));
#13956 = ADVANCED_FACE('',(#13957),#13968,.T.);
#13957 = FACE_BOUND('',#13958,.T.);
#13958 = EDGE_LOOP('',(#13959,#13960,#13966,#13967));
#13959 = ORIENTED_EDGE('',*,*,#8370,.F.);
#13960 = ORIENTED_EDGE('',*,*,#13961,.T.);
#13961 = EDGE_CURVE('',#8363,#10901,#13962,.T.);
#13962 = LINE('',#13963,#13964);
#13963 = CARTESIAN_POINT('',(193.35723916446,80.148876193736,49.3));
#13964 = VECTOR('',#13965,1.);
#13965 = DIRECTION('',(0.,0.,1.));
#13966 = ORIENTED_EDGE('',*,*,#10900,.T.);
#13967 = ORIENTED_EDGE('',*,*,#13926,.F.);
#13968 = PLANE('',#13969);
#13969 = AXIS2_PLACEMENT_3D('',#13970,#13971,#13972);
#13970 = CARTESIAN_POINT('',(193.35723916446,80.148876193736,49.3));
#13971 = DIRECTION('',(0.707106781187,0.707106781187,0.));
#13972 = DIRECTION('',(0.707106781187,-0.707106781187,0.));
#13973 = ADVANCED_FACE('',(#13974),#13985,.T.);
#13974 = FACE_BOUND('',#13975,.T.);
#13975 = EDGE_LOOP('',(#13976,#13977,#13978,#13979));
#13976 = ORIENTED_EDGE('',*,*,#8146,.F.);
#13977 = ORIENTED_EDGE('',*,*,#13944,.T.);
#13978 = ORIENTED_EDGE('',*,*,#10866,.T.);
#13979 = ORIENTED_EDGE('',*,*,#13980,.F.);
#13980 = EDGE_CURVE('',#8147,#10869,#13981,.T.);
#13981 = LINE('',#13982,#13983);
#13982 = CARTESIAN_POINT('',(209.19996659695,62.227254824563,49.3));
#13983 = VECTOR('',#13984,1.);
#13984 = DIRECTION('',(0.,0.,1.));
#13985 = PLANE('',#13986);
#13986 = AXIS2_PLACEMENT_3D('',#13987,#13988,#13989);
#13987 = CARTESIAN_POINT('',(208.06358475411,63.363636667401,49.3));
#13988 = DIRECTION('',(0.707106781187,0.707106781187,0.));
#13989 = DIRECTION('',(0.707106781187,-0.707106781187,0.));
#13990 = ADVANCED_FACE('',(#13991),#14002,.T.);
#13991 = FACE_BOUND('',#13992,.T.);
#13992 = EDGE_LOOP('',(#13993,#13994,#14000,#14001));
#13993 = ORIENTED_EDGE('',*,*,#8362,.F.);
#13994 = ORIENTED_EDGE('',*,*,#13995,.T.);
#13995 = EDGE_CURVE('',#8355,#10909,#13996,.T.);
#13996 = LINE('',#13997,#13998);
#13997 = CARTESIAN_POINT('',(195.6411940677,82.432831096968,49.3));
#13998 = VECTOR('',#13999,1.);
#13999 = DIRECTION('',(0.,0.,1.));
#14000 = ORIENTED_EDGE('',*,*,#10908,.T.);
#14001 = ORIENTED_EDGE('',*,*,#13961,.F.);
#14002 = PLANE('',#14003);
#14003 = AXIS2_PLACEMENT_3D('',#14004,#14005,#14006);
#14004 = CARTESIAN_POINT('',(195.6411940677,82.432831096968,49.3));
#14005 = DIRECTION('',(0.707106781187,-0.707106781187,0.));
#14006 = DIRECTION('',(-0.707106781187,-0.707106781187,0.));
#14007 = ADVANCED_FACE('',(#14008),#14019,.T.);
#14008 = FACE_BOUND('',#14009,.T.);
#14009 = EDGE_LOOP('',(#14010,#14011,#14012,#14013));
#14010 = ORIENTED_EDGE('',*,*,#8154,.F.);
#14011 = ORIENTED_EDGE('',*,*,#13980,.T.);
#14012 = ORIENTED_EDGE('',*,*,#11116,.T.);
#14013 = ORIENTED_EDGE('',*,*,#14014,.F.);
#14014 = EDGE_CURVE('',#8155,#11109,#14015,.T.);
#14015 = LINE('',#14016,#14017);
#14016 = CARTESIAN_POINT('',(210.23941356529,63.266701792907,49.3));
#14017 = VECTOR('',#14018,1.);
#14018 = DIRECTION('',(0.,0.,1.));
#14019 = PLANE('',#14020);
#14020 = AXIS2_PLACEMENT_3D('',#14021,#14022,#14023);
#14021 = CARTESIAN_POINT('',(209.19996659695,62.227254824563,49.3));
#14022 = DIRECTION('',(-0.707106781187,0.707106781187,0.));
#14023 = DIRECTION('',(0.707106781187,0.707106781187,0.));
#14024 = ADVANCED_FACE('',(#14025),#14036,.T.);
#14025 = FACE_BOUND('',#14026,.T.);
#14026 = EDGE_LOOP('',(#14027,#14028,#14034,#14035));
#14027 = ORIENTED_EDGE('',*,*,#8354,.F.);
#14028 = ORIENTED_EDGE('',*,*,#14029,.T.);
#14029 = EDGE_CURVE('',#8347,#10917,#14030,.T.);
#14030 = LINE('',#14031,#14032);
#14031 = CARTESIAN_POINT('',(195.05783097322,83.016194191447,49.3));
#14032 = VECTOR('',#14033,1.);
#14033 = DIRECTION('',(0.,0.,1.));
#14034 = ORIENTED_EDGE('',*,*,#10916,.T.);
#14035 = ORIENTED_EDGE('',*,*,#13995,.F.);
#14036 = PLANE('',#14037);
#14037 = AXIS2_PLACEMENT_3D('',#14038,#14039,#14040);
#14038 = CARTESIAN_POINT('',(195.05783097322,83.016194191447,49.3));
#14039 = DIRECTION('',(0.707106781187,0.707106781187,0.));
#14040 = DIRECTION('',(0.707106781187,-0.707106781187,0.));
#14041 = ADVANCED_FACE('',(#14042),#14053,.T.);
#14042 = FACE_BOUND('',#14043,.T.);
#14043 = EDGE_LOOP('',(#14044,#14045,#14046,#14047));
#14044 = ORIENTED_EDGE('',*,*,#8162,.F.);
#14045 = ORIENTED_EDGE('',*,*,#14014,.T.);
#14046 = ORIENTED_EDGE('',*,*,#11108,.T.);
#14047 = ORIENTED_EDGE('',*,*,#14048,.F.);
#14048 = EDGE_CURVE('',#8163,#11101,#14049,.T.);
#14049 = LINE('',#14050,#14051);
#14050 = CARTESIAN_POINT('',(216.09072217961,57.415393178588,49.3));
#14051 = VECTOR('',#14052,1.);
#14052 = DIRECTION('',(0.,0.,1.));
#14053 = PLANE('',#14054);
#14054 = AXIS2_PLACEMENT_3D('',#14055,#14056,#14057);
#14055 = CARTESIAN_POINT('',(210.23941356529,63.266701792907,49.3));
#14056 = DIRECTION('',(0.707106781187,0.707106781187,0.));
#14057 = DIRECTION('',(0.707106781187,-0.707106781187,0.));
#14058 = ADVANCED_FACE('',(#14059),#14070,.T.);
#14059 = FACE_BOUND('',#14060,.T.);
#14060 = EDGE_LOOP('',(#14061,#14062,#14068,#14069));
#14061 = ORIENTED_EDGE('',*,*,#8346,.F.);
#14062 = ORIENTED_EDGE('',*,*,#14063,.T.);
#14063 = EDGE_CURVE('',#8339,#10925,#14064,.T.);
#14064 = LINE('',#14065,#14066);
#14065 = CARTESIAN_POINT('',(198.15849420872,86.116857426951,49.3));
#14066 = VECTOR('',#14067,1.);
#14067 = DIRECTION('',(0.,0.,1.));
#14068 = ORIENTED_EDGE('',*,*,#10924,.T.);
#14069 = ORIENTED_EDGE('',*,*,#14029,.F.);
#14070 = PLANE('',#14071);
#14071 = AXIS2_PLACEMENT_3D('',#14072,#14073,#14074);
#14072 = CARTESIAN_POINT('',(198.15849420872,86.116857426951,49.3));
#14073 = DIRECTION('',(0.707106781187,-0.707106781187,0.));
#14074 = DIRECTION('',(-0.707106781187,-0.707106781187,0.));
#14075 = ADVANCED_FACE('',(#14076),#14087,.T.);
#14076 = FACE_BOUND('',#14077,.T.);
#14077 = EDGE_LOOP('',(#14078,#14079,#14080,#14081));
#14078 = ORIENTED_EDGE('',*,*,#8170,.F.);
#14079 = ORIENTED_EDGE('',*,*,#14048,.T.);
#14080 = ORIENTED_EDGE('',*,*,#11100,.T.);
#14081 = ORIENTED_EDGE('',*,*,#14082,.F.);
#14082 = EDGE_CURVE('',#8171,#11093,#14083,.T.);
#14083 = LINE('',#14084,#14085);
#14084 = CARTESIAN_POINT('',(218.37467708284,59.699348081821,49.3));
#14085 = VECTOR('',#14086,1.);
#14086 = DIRECTION('',(0.,0.,1.));
#14087 = PLANE('',#14088);
#14088 = AXIS2_PLACEMENT_3D('',#14089,#14090,#14091);
#14089 = CARTESIAN_POINT('',(216.09072217961,57.415393178588,49.3));
#14090 = DIRECTION('',(-0.707106781187,0.707106781187,0.));
#14091 = DIRECTION('',(0.707106781187,0.707106781187,0.));
#14092 = ADVANCED_FACE('',(#14093),#14104,.T.);
#14093 = FACE_BOUND('',#14094,.T.);
#14094 = EDGE_LOOP('',(#14095,#14096,#14102,#14103));
#14095 = ORIENTED_EDGE('',*,*,#8338,.F.);
#14096 = ORIENTED_EDGE('',*,*,#14097,.T.);
#14097 = EDGE_CURVE('',#8331,#10933,#14098,.T.);
#14098 = LINE('',#14099,#14100);
#14099 = CARTESIAN_POINT('',(198.7418573032,85.533494332472,49.3));
#14100 = VECTOR('',#14101,1.);
#14101 = DIRECTION('',(0.,0.,1.));
#14102 = ORIENTED_EDGE('',*,*,#10932,.T.);
#14103 = ORIENTED_EDGE('',*,*,#14063,.F.);
#14104 = PLANE('',#14105);
#14105 = AXIS2_PLACEMENT_3D('',#14106,#14107,#14108);
#14106 = CARTESIAN_POINT('',(198.7418573032,85.533494332472,49.3));
#14107 = DIRECTION('',(-0.707106781187,-0.707106781187,0.));
#14108 = DIRECTION('',(-0.707106781187,0.707106781187,0.));
#14109 = ADVANCED_FACE('',(#14110),#14121,.T.);
#14110 = FACE_BOUND('',#14111,.T.);
#14111 = EDGE_LOOP('',(#14112,#14113,#14114,#14115));
#14112 = ORIENTED_EDGE('',*,*,#8178,.F.);
#14113 = ORIENTED_EDGE('',*,*,#14082,.T.);
#14114 = ORIENTED_EDGE('',*,*,#11092,.T.);
#14115 = ORIENTED_EDGE('',*,*,#14116,.F.);
#14116 = EDGE_CURVE('',#8179,#11085,#14117,.T.);
#14117 = LINE('',#14118,#14119);
#14118 = CARTESIAN_POINT('',(218.95804017732,59.115984987342,49.3));
#14119 = VECTOR('',#14120,1.);
#14120 = DIRECTION('',(0.,0.,1.));
#14121 = PLANE('',#14122);
#14122 = AXIS2_PLACEMENT_3D('',#14123,#14124,#14125);
#14123 = CARTESIAN_POINT('',(218.37467708284,59.699348081821,49.3));
#14124 = DIRECTION('',(0.707106781187,0.707106781187,0.));
#14125 = DIRECTION('',(0.707106781187,-0.707106781187,0.));
#14126 = ADVANCED_FACE('',(#14127),#14138,.T.);
#14127 = FACE_BOUND('',#14128,.T.);
#14128 = EDGE_LOOP('',(#14129,#14130,#14136,#14137));
#14129 = ORIENTED_EDGE('',*,*,#8330,.F.);
#14130 = ORIENTED_EDGE('',*,*,#14131,.T.);
#14131 = EDGE_CURVE('',#8323,#10941,#14132,.T.);
#14132 = LINE('',#14133,#14134);
#14133 = CARTESIAN_POINT('',(203.18602342296,89.977660452229,49.3));
#14134 = VECTOR('',#14135,1.);
#14135 = DIRECTION('',(0.,0.,1.));
#14136 = ORIENTED_EDGE('',*,*,#10940,.T.);
#14137 = ORIENTED_EDGE('',*,*,#14097,.F.);
#14138 = PLANE('',#14139);
#14139 = AXIS2_PLACEMENT_3D('',#14140,#14141,#14142);
#14140 = CARTESIAN_POINT('',(203.18602342296,89.977660452229,49.3));
#14141 = DIRECTION('',(0.707106781187,-0.707106781187,0.));
#14142 = DIRECTION('',(-0.707106781187,-0.707106781187,0.));
#14143 = ADVANCED_FACE('',(#14144),#14155,.T.);
#14144 = FACE_BOUND('',#14145,.T.);
#14145 = EDGE_LOOP('',(#14146,#14147,#14148,#14149));
#14146 = ORIENTED_EDGE('',*,*,#8186,.F.);
#14147 = ORIENTED_EDGE('',*,*,#14116,.T.);
#14148 = ORIENTED_EDGE('',*,*,#11084,.T.);
#14149 = ORIENTED_EDGE('',*,*,#14150,.F.);
#14150 = EDGE_CURVE('',#8187,#11077,#14151,.T.);
#14151 = LINE('',#14152,#14153);
#14152 = CARTESIAN_POINT('',(222.05870341282,62.216648222845,49.3));
#14153 = VECTOR('',#14154,1.);
#14154 = DIRECTION('',(0.,0.,1.));
#14155 = PLANE('',#14156);
#14156 = AXIS2_PLACEMENT_3D('',#14157,#14158,#14159);
#14157 = CARTESIAN_POINT('',(218.95804017732,59.115984987342,49.3));
#14158 = DIRECTION('',(-0.707106781187,0.707106781187,0.));
#14159 = DIRECTION('',(0.707106781187,0.707106781187,0.));
#14160 = ADVANCED_FACE('',(#14161),#14172,.T.);
#14161 = FACE_BOUND('',#14162,.T.);
#14162 = EDGE_LOOP('',(#14163,#14164,#14170,#14171));
#14163 = ORIENTED_EDGE('',*,*,#8322,.F.);
#14164 = ORIENTED_EDGE('',*,*,#14165,.T.);
#14165 = EDGE_CURVE('',#8315,#10949,#14166,.T.);
#14166 = LINE('',#14167,#14168);
#14167 = CARTESIAN_POINT('',(204.4057826205,88.757901254682,49.3));
#14168 = VECTOR('',#14169,1.);
#14169 = DIRECTION('',(0.,0.,1.));
#14170 = ORIENTED_EDGE('',*,*,#10948,.T.);
#14171 = ORIENTED_EDGE('',*,*,#14131,.F.);
#14172 = PLANE('',#14173);
#14173 = AXIS2_PLACEMENT_3D('',#14174,#14175,#14176);
#14174 = CARTESIAN_POINT('',(204.4057826205,88.757901254682,49.3));
#14175 = DIRECTION('',(-0.707106781187,-0.707106781187,0.));
#14176 = DIRECTION('',(-0.707106781187,0.707106781187,0.));
#14177 = ADVANCED_FACE('',(#14178),#14189,.T.);
#14178 = FACE_BOUND('',#14179,.T.);
#14179 = EDGE_LOOP('',(#14180,#14181,#14182,#14183));
#14180 = ORIENTED_EDGE('',*,*,#8194,.F.);
#14181 = ORIENTED_EDGE('',*,*,#14150,.T.);
#14182 = ORIENTED_EDGE('',*,*,#11076,.T.);
#14183 = ORIENTED_EDGE('',*,*,#14184,.F.);
#14184 = EDGE_CURVE('',#8195,#11069,#14185,.T.);
#14185 = LINE('',#14186,#14187);
#14186 = CARTESIAN_POINT('',(221.47534031835,62.800011317324,49.3));
#14187 = VECTOR('',#14188,1.);
#14188 = DIRECTION('',(0.,0.,1.));
#14189 = PLANE('',#14190);
#14190 = AXIS2_PLACEMENT_3D('',#14191,#14192,#14193);
#14191 = CARTESIAN_POINT('',(222.05870341282,62.216648222845,49.3));
#14192 = DIRECTION('',(-0.707106781187,-0.707106781187,0.));
#14193 = DIRECTION('',(-0.707106781187,0.707106781187,0.));
#14194 = ADVANCED_FACE('',(#14195),#14206,.T.);
#14195 = FACE_BOUND('',#14196,.T.);
#14196 = EDGE_LOOP('',(#14197,#14198,#14204,#14205));
#14197 = ORIENTED_EDGE('',*,*,#8314,.F.);
#14198 = ORIENTED_EDGE('',*,*,#14199,.T.);
#14199 = EDGE_CURVE('',#8307,#10957,#14200,.T.);
#14200 = LINE('',#14201,#14202);
#14201 = CARTESIAN_POINT('',(205.25431075793,89.606429392106,49.3));
#14202 = VECTOR('',#14203,1.);
#14203 = DIRECTION('',(0.,0.,1.));
#14204 = ORIENTED_EDGE('',*,*,#10956,.T.);
#14205 = ORIENTED_EDGE('',*,*,#14165,.F.);
#14206 = PLANE('',#14207);
#14207 = AXIS2_PLACEMENT_3D('',#14208,#14209,#14210);
#14208 = CARTESIAN_POINT('',(205.25431075793,89.606429392106,49.3));
#14209 = DIRECTION('',(0.707106781187,-0.707106781187,0.));
#14210 = DIRECTION('',(-0.707106781187,-0.707106781187,0.));
#14211 = ADVANCED_FACE('',(#14212),#14223,.T.);
#14212 = FACE_BOUND('',#14213,.T.);
#14213 = EDGE_LOOP('',(#14214,#14215,#14216,#14217));
#14214 = ORIENTED_EDGE('',*,*,#8202,.F.);
#14215 = ORIENTED_EDGE('',*,*,#14184,.T.);
#14216 = ORIENTED_EDGE('',*,*,#11068,.T.);
#14217 = ORIENTED_EDGE('',*,*,#14218,.F.);
#14218 = EDGE_CURVE('',#8203,#11061,#14219,.T.);
#14219 = LINE('',#14220,#14221);
#14220 = CARTESIAN_POINT('',(225.9195064381,67.244177437081,49.3));
#14221 = VECTOR('',#14222,1.);
#14222 = DIRECTION('',(0.,0.,1.));
#14223 = PLANE('',#14224);
#14224 = AXIS2_PLACEMENT_3D('',#14225,#14226,#14227);
#14225 = CARTESIAN_POINT('',(221.47534031835,62.800011317324,49.3));
#14226 = DIRECTION('',(-0.707106781187,0.707106781187,0.));
#14227 = DIRECTION('',(0.707106781187,0.707106781187,0.));
#14228 = ADVANCED_FACE('',(#14229),#14240,.T.);
#14229 = FACE_BOUND('',#14230,.T.);
#14230 = EDGE_LOOP('',(#14231,#14232,#14238,#14239));
#14231 = ORIENTED_EDGE('',*,*,#8306,.F.);
#14232 = ORIENTED_EDGE('',*,*,#14233,.T.);
#14233 = EDGE_CURVE('',#8299,#10965,#14234,.T.);
#14234 = LINE('',#14235,#14236);
#14235 = CARTESIAN_POINT('',(208.71913398574,86.141606164292,49.3));
#14236 = VECTOR('',#14237,1.);
#14237 = DIRECTION('',(0.,0.,1.));
#14238 = ORIENTED_EDGE('',*,*,#10964,.T.);
#14239 = ORIENTED_EDGE('',*,*,#14199,.F.);
#14240 = PLANE('',#14241);
#14241 = AXIS2_PLACEMENT_3D('',#14242,#14243,#14244);
#14242 = CARTESIAN_POINT('',(208.71913398574,86.141606164292,49.3));
#14243 = DIRECTION('',(-0.707106781187,-0.707106781187,0.));
#14244 = DIRECTION('',(-0.707106781187,0.707106781187,0.));
#14245 = ADVANCED_FACE('',(#14246),#14257,.T.);
#14246 = FACE_BOUND('',#14247,.T.);
#14247 = EDGE_LOOP('',(#14248,#14249,#14250,#14251));
#14248 = ORIENTED_EDGE('',*,*,#8210,.F.);
#14249 = ORIENTED_EDGE('',*,*,#14218,.T.);
#14250 = ORIENTED_EDGE('',*,*,#11060,.T.);
#14251 = ORIENTED_EDGE('',*,*,#14252,.F.);
#14252 = EDGE_CURVE('',#8211,#11053,#14253,.T.);
#14253 = LINE('',#14254,#14255);
#14254 = CARTESIAN_POINT('',(224.69974724056,68.463936634628,49.3));
#14255 = VECTOR('',#14256,1.);
#14256 = DIRECTION('',(0.,0.,1.));
#14257 = PLANE('',#14258);
#14258 = AXIS2_PLACEMENT_3D('',#14259,#14260,#14261);
#14259 = CARTESIAN_POINT('',(225.9195064381,67.244177437081,49.3));
#14260 = DIRECTION('',(-0.707106781187,-0.707106781187,0.));
#14261 = DIRECTION('',(-0.707106781187,0.707106781187,0.));
#14262 = ADVANCED_FACE('',(#14263),#14274,.T.);
#14263 = FACE_BOUND('',#14264,.T.);
#14264 = EDGE_LOOP('',(#14265,#14266,#14272,#14273));
#14265 = ORIENTED_EDGE('',*,*,#8298,.F.);
#14266 = ORIENTED_EDGE('',*,*,#14267,.T.);
#14267 = EDGE_CURVE('',#8291,#10973,#14268,.T.);
#14268 = LINE('',#14269,#14270);
#14269 = CARTESIAN_POINT('',(207.87060584832,85.293078026868,49.3));
#14270 = VECTOR('',#14271,1.);
#14271 = DIRECTION('',(0.,0.,1.));
#14272 = ORIENTED_EDGE('',*,*,#10972,.T.);
#14273 = ORIENTED_EDGE('',*,*,#14233,.F.);
#14274 = PLANE('',#14275);
#14275 = AXIS2_PLACEMENT_3D('',#14276,#14277,#14278);
#14276 = CARTESIAN_POINT('',(207.87060584832,85.293078026868,49.3));
#14277 = DIRECTION('',(-0.707106781187,0.707106781187,0.));
#14278 = DIRECTION('',(0.707106781187,0.707106781187,0.));
#14279 = ADVANCED_FACE('',(#14280),#14291,.T.);
#14280 = FACE_BOUND('',#14281,.T.);
#14281 = EDGE_LOOP('',(#14282,#14283,#14284,#14285));
#14282 = ORIENTED_EDGE('',*,*,#8218,.F.);
#14283 = ORIENTED_EDGE('',*,*,#14252,.T.);
#14284 = ORIENTED_EDGE('',*,*,#11052,.T.);
#14285 = ORIENTED_EDGE('',*,*,#14286,.F.);
#14286 = EDGE_CURVE('',#8219,#11045,#14287,.T.);
#14287 = LINE('',#14288,#14289);
#14288 = CARTESIAN_POINT('',(225.54827537798,69.312464772052,49.3));
#14289 = VECTOR('',#14290,1.);
#14290 = DIRECTION('',(0.,0.,1.));
#14291 = PLANE('',#14292);
#14292 = AXIS2_PLACEMENT_3D('',#14293,#14294,#14295);
#14293 = CARTESIAN_POINT('',(224.69974724056,68.463936634628,49.3));
#14294 = DIRECTION('',(-0.707106781187,0.707106781187,0.));
#14295 = DIRECTION('',(0.707106781187,0.707106781187,0.));
#14296 = ADVANCED_FACE('',(#14297),#14308,.T.);
#14297 = FACE_BOUND('',#14298,.T.);
#14298 = EDGE_LOOP('',(#14299,#14300,#14306,#14307));
#14299 = ORIENTED_EDGE('',*,*,#8290,.F.);
#14300 = ORIENTED_EDGE('',*,*,#14301,.T.);
#14301 = EDGE_CURVE('',#8283,#10981,#14302,.T.);
#14302 = LINE('',#14303,#14304);
#14303 = CARTESIAN_POINT('',(209.03232104433,84.131362830849,49.3));
#14304 = VECTOR('',#14305,1.);
#14305 = DIRECTION('',(0.,0.,1.));
#14306 = ORIENTED_EDGE('',*,*,#10980,.T.);
#14307 = ORIENTED_EDGE('',*,*,#14267,.F.);
#14308 = PLANE('',#14309);
#14309 = AXIS2_PLACEMENT_3D('',#14310,#14311,#14312);
#14310 = CARTESIAN_POINT('',(209.03232104433,84.13136283085,49.3));
#14311 = DIRECTION('',(-0.707106781187,-0.707106781187,0.));
#14312 = DIRECTION('',(-0.707106781187,0.707106781187,0.));
#14313 = ADVANCED_FACE('',(#14314),#14325,.T.);
#14314 = FACE_BOUND('',#14315,.T.);
#14315 = EDGE_LOOP('',(#14316,#14317,#14318,#14319));
#14316 = ORIENTED_EDGE('',*,*,#8226,.F.);
#14317 = ORIENTED_EDGE('',*,*,#14286,.T.);
#14318 = ORIENTED_EDGE('',*,*,#11044,.T.);
#14319 = ORIENTED_EDGE('',*,*,#14320,.F.);
#14320 = EDGE_CURVE('',#8227,#11037,#14321,.T.);
#14321 = LINE('',#14322,#14323);
#14322 = CARTESIAN_POINT('',(222.08345215017,72.777287999866,49.3));
#14323 = VECTOR('',#14324,1.);
#14324 = DIRECTION('',(0.,0.,1.));
#14325 = PLANE('',#14326);
#14326 = AXIS2_PLACEMENT_3D('',#14327,#14328,#14329);
#14327 = CARTESIAN_POINT('',(225.54827537798,69.312464772052,49.3));
#14328 = DIRECTION('',(-0.707106781187,-0.707106781187,0.));
#14329 = DIRECTION('',(-0.707106781187,0.707106781187,0.));
#14330 = ADVANCED_FACE('',(#14331),#14342,.F.);
#14331 = FACE_BOUND('',#14332,.F.);
#14332 = EDGE_LOOP('',(#14333,#14339,#14340,#14341));
#14333 = ORIENTED_EDGE('',*,*,#14334,.F.);
#14334 = EDGE_CURVE('',#8275,#10989,#14335,.T.);
#14335 = LINE('',#14336,#14337);
#14336 = CARTESIAN_POINT('',(209.55,84.64904178651,49.3));
#14337 = VECTOR('',#14338,1.);
#14338 = DIRECTION('',(0.,0.,1.));
#14339 = ORIENTED_EDGE('',*,*,#8282,.F.);
#14340 = ORIENTED_EDGE('',*,*,#14301,.T.);
#14341 = ORIENTED_EDGE('',*,*,#10988,.F.);
#14342 = PLANE('',#14343);
#14343 = AXIS2_PLACEMENT_3D('',#14344,#14345,#14346);
#14344 = CARTESIAN_POINT('',(209.55,84.64904178651,49.3));
#14345 = DIRECTION('',(-0.707106781187,0.707106781187,0.));
#14346 = DIRECTION('',(0.,0.,1.));
#14347 = ADVANCED_FACE('',(#14348),#14359,.T.);
#14348 = FACE_BOUND('',#14349,.T.);
#14349 = EDGE_LOOP('',(#14350,#14351,#14352,#14353));
#14350 = ORIENTED_EDGE('',*,*,#8234,.F.);
#14351 = ORIENTED_EDGE('',*,*,#14320,.T.);
#14352 = ORIENTED_EDGE('',*,*,#11036,.T.);
#14353 = ORIENTED_EDGE('',*,*,#14354,.F.);
#14354 = EDGE_CURVE('',#8235,#11029,#14355,.T.);
#14355 = LINE('',#14356,#14357);
#14356 = CARTESIAN_POINT('',(221.23492401274,71.928759862442,49.3));
#14357 = VECTOR('',#14358,1.);
#14358 = DIRECTION('',(0.,0.,1.));
#14359 = PLANE('',#14360);
#14360 = AXIS2_PLACEMENT_3D('',#14361,#14362,#14363);
#14361 = CARTESIAN_POINT('',(222.08345215017,72.777287999866,49.3));
#14362 = DIRECTION('',(0.707106781187,-0.707106781187,0.));
#14363 = DIRECTION('',(-0.707106781187,-0.707106781187,0.));
#14364 = ADVANCED_FACE('',(#14365),#14376,.T.);
#14365 = FACE_BOUND('',#14366,.T.);
#14366 = EDGE_LOOP('',(#14367,#14368,#14374,#14375));
#14367 = ORIENTED_EDGE('',*,*,#8274,.F.);
#14368 = ORIENTED_EDGE('',*,*,#14369,.T.);
#14369 = EDGE_CURVE('',#8267,#10997,#14370,.T.);
#14370 = LINE('',#14371,#14372);
#14371 = CARTESIAN_POINT('',(220.58086578651,73.618176,49.3));
#14372 = VECTOR('',#14373,1.);
#14373 = DIRECTION('',(0.,0.,1.));
#14374 = ORIENTED_EDGE('',*,*,#10996,.T.);
#14375 = ORIENTED_EDGE('',*,*,#14334,.F.);
#14376 = PLANE('',#14377);
#14377 = AXIS2_PLACEMENT_3D('',#14378,#14379,#14380);
#14378 = CARTESIAN_POINT('',(220.58086578651,73.618176,49.3));
#14379 = DIRECTION('',(-0.707106781187,-0.707106781187,0.));
#14380 = DIRECTION('',(0.,0.,1.));
#14381 = ADVANCED_FACE('',(#14382),#14393,.T.);
#14382 = FACE_BOUND('',#14383,.T.);
#14383 = EDGE_LOOP('',(#14384,#14385,#14386,#14387));
#14384 = ORIENTED_EDGE('',*,*,#8242,.F.);
#14385 = ORIENTED_EDGE('',*,*,#14354,.T.);
#14386 = ORIENTED_EDGE('',*,*,#11028,.T.);
#14387 = ORIENTED_EDGE('',*,*,#14388,.F.);
#14388 = EDGE_CURVE('',#8243,#11021,#14389,.T.);
#14389 = LINE('',#14390,#14391);
#14390 = CARTESIAN_POINT('',(220.06819782378,73.0954860514,49.3));
#14391 = VECTOR('',#14392,1.);
#14392 = DIRECTION('',(0.,0.,1.));
#14393 = PLANE('',#14394);
#14394 = AXIS2_PLACEMENT_3D('',#14395,#14396,#14397);
#14395 = CARTESIAN_POINT('',(221.23492401274,71.928759862442,49.3));
#14396 = DIRECTION('',(-0.707106781187,-0.707106781187,0.));
#14397 = DIRECTION('',(-0.707106781187,0.707106781187,0.));
#14398 = ADVANCED_FACE('',(#14399),#14410,.T.);
#14399 = FACE_BOUND('',#14400,.T.);
#14400 = EDGE_LOOP('',(#14401,#14402,#14403,#14409));
#14401 = ORIENTED_EDGE('',*,*,#14369,.F.);
#14402 = ORIENTED_EDGE('',*,*,#8266,.F.);
#14403 = ORIENTED_EDGE('',*,*,#14404,.T.);
#14404 = EDGE_CURVE('',#8259,#11005,#14405,.T.);
#14405 = LINE('',#14406,#14407);
#14406 = CARTESIAN_POINT('',(220.22582139052,73.263131604012,49.3));
#14407 = VECTOR('',#14408,1.);
#14408 = DIRECTION('',(0.,0.,1.));
#14409 = ORIENTED_EDGE('',*,*,#11004,.F.);
#14410 = PLANE('',#14411);
#14411 = AXIS2_PLACEMENT_3D('',#14412,#14413,#14414);
#14412 = CARTESIAN_POINT('',(220.58086578651,73.618176,49.3));
#14413 = DIRECTION('',(-0.707106781187,0.707106781187,0.));
#14414 = DIRECTION('',(0.,0.,1.));
#14415 = ADVANCED_FACE('',(#14416),#14427,.T.);
#14416 = FACE_BOUND('',#14417,.T.);
#14417 = EDGE_LOOP('',(#14418,#14419,#14420,#14421));
#14418 = ORIENTED_EDGE('',*,*,#8250,.F.);
#14419 = ORIENTED_EDGE('',*,*,#14388,.T.);
#14420 = ORIENTED_EDGE('',*,*,#11020,.T.);
#14421 = ORIENTED_EDGE('',*,*,#14422,.F.);
#14422 = EDGE_CURVE('',#8251,#11013,#14423,.T.);
#14423 = LINE('',#14424,#14425);
#14424 = CARTESIAN_POINT('',(220.23083238346,73.258120611073,49.3));
#14425 = VECTOR('',#14426,1.);
#14426 = DIRECTION('',(0.,0.,1.));
#14427 = PLANE('',#14428);
#14428 = AXIS2_PLACEMENT_3D('',#14429,#14430,#14431);
#14429 = CARTESIAN_POINT('',(220.06819782378,73.0954860514,49.3));
#14430 = DIRECTION('',(-0.707106781187,0.707106781187,0.));
#14431 = DIRECTION('',(0.707106781187,0.707106781187,0.));
#14432 = ADVANCED_FACE('',(#14433),#14439,.T.);
#14433 = FACE_BOUND('',#14434,.T.);
#14434 = EDGE_LOOP('',(#14435,#14436,#14437,#14438));
#14435 = ORIENTED_EDGE('',*,*,#8258,.F.);
#14436 = ORIENTED_EDGE('',*,*,#14422,.T.);
#14437 = ORIENTED_EDGE('',*,*,#11012,.T.);
#14438 = ORIENTED_EDGE('',*,*,#14404,.F.);
#14439 = PLANE('',#14440);
#14440 = AXIS2_PLACEMENT_3D('',#14441,#14442,#14443);
#14441 = CARTESIAN_POINT('',(220.23083238346,73.258120611073,49.3));
#14442 = DIRECTION('',(-0.707106781187,-0.707106781187,0.));
#14443 = DIRECTION('',(-0.707106781187,0.707106781187,0.));
#14444 = ADVANCED_FACE('',(#14445),#14461,.F.);
#14445 = FACE_BOUND('',#14446,.F.);
#14446 = EDGE_LOOP('',(#14447,#14453,#14454,#14460));
#14447 = ORIENTED_EDGE('',*,*,#14448,.F.);
#14448 = EDGE_CURVE('',#8392,#11191,#14449,.T.);
#14449 = LINE('',#14450,#14451);
#14450 = CARTESIAN_POINT('',(258.9,65.818176,49.3));
#14451 = VECTOR('',#14452,1.);
#14452 = DIRECTION('',(0.,0.,1.));
#14453 = ORIENTED_EDGE('',*,*,#8389,.F.);
#14454 = ORIENTED_EDGE('',*,*,#14455,.T.);
#14455 = EDGE_CURVE('',#8390,#11175,#14456,.T.);
#14456 = LINE('',#14457,#14458);
#14457 = CARTESIAN_POINT('',(274.5,65.818176,49.3));
#14458 = VECTOR('',#14459,1.);
#14459 = DIRECTION('',(0.,0.,1.));
#14460 = ORIENTED_EDGE('',*,*,#11198,.T.);
#14461 = PLANE('',#14462);
#14462 = AXIS2_PLACEMENT_3D('',#14463,#14464,#14465);
#14463 = CARTESIAN_POINT('',(274.5,65.818176,49.3));
#14464 = DIRECTION('',(0.,-1.,0.));
#14465 = DIRECTION('',(0.,0.,1.));
#14466 = ADVANCED_FACE('',(#14467),#14478,.T.);
#14467 = FACE_BOUND('',#14468,.T.);
#14468 = EDGE_LOOP('',(#14469,#14475,#14476,#14477));
#14469 = ORIENTED_EDGE('',*,*,#14470,.F.);
#14470 = EDGE_CURVE('',#8400,#11173,#14471,.T.);
#14471 = LINE('',#14472,#14473);
#14472 = CARTESIAN_POINT('',(274.5,81.418176,49.3));
#14473 = VECTOR('',#14474,1.);
#14474 = DIRECTION('',(0.,0.,1.));
#14475 = ORIENTED_EDGE('',*,*,#8399,.F.);
#14476 = ORIENTED_EDGE('',*,*,#14455,.T.);
#14477 = ORIENTED_EDGE('',*,*,#11172,.F.);
#14478 = PLANE('',#14479);
#14479 = AXIS2_PLACEMENT_3D('',#14480,#14481,#14482);
#14480 = CARTESIAN_POINT('',(274.5,81.418176,49.3));
#14481 = DIRECTION('',(-1.,0.,0.));
#14482 = DIRECTION('',(0.,0.,1.));
#14483 = ADVANCED_FACE('',(#14484),#14495,.F.);
#14484 = FACE_BOUND('',#14485,.F.);
#14485 = EDGE_LOOP('',(#14486,#14492,#14493,#14494));
#14486 = ORIENTED_EDGE('',*,*,#14487,.F.);
#14487 = EDGE_CURVE('',#8408,#11183,#14488,.T.);
#14488 = LINE('',#14489,#14490);
#14489 = CARTESIAN_POINT('',(258.9,81.418176,49.3));
#14490 = VECTOR('',#14491,1.);
#14491 = DIRECTION('',(0.,0.,1.));
#14492 = ORIENTED_EDGE('',*,*,#8415,.F.);
#14493 = ORIENTED_EDGE('',*,*,#14448,.T.);
#14494 = ORIENTED_EDGE('',*,*,#11190,.F.);
#14495 = PLANE('',#14496);
#14496 = AXIS2_PLACEMENT_3D('',#14497,#14498,#14499);
#14497 = CARTESIAN_POINT('',(258.9,81.418176,49.3));
#14498 = DIRECTION('',(-1.,0.,0.));
#14499 = DIRECTION('',(0.,0.,1.));
#14500 = ADVANCED_FACE('',(#14501),#14507,.T.);
#14501 = FACE_BOUND('',#14502,.T.);
#14502 = EDGE_LOOP('',(#14503,#14504,#14505,#14506));
#14503 = ORIENTED_EDGE('',*,*,#14487,.F.);
#14504 = ORIENTED_EDGE('',*,*,#8407,.F.);
#14505 = ORIENTED_EDGE('',*,*,#14470,.T.);
#14506 = ORIENTED_EDGE('',*,*,#11182,.T.);
#14507 = PLANE('',#14508);
#14508 = AXIS2_PLACEMENT_3D('',#14509,#14510,#14511);
#14509 = CARTESIAN_POINT('',(274.5,81.418176,49.3));
#14510 = DIRECTION('',(0.,-1.,0.));
#14511 = DIRECTION('',(0.,0.,1.));
#14512 = ADVANCED_FACE('',(#14513),#14529,.F.);
#14513 = FACE_BOUND('',#14514,.F.);
#14514 = EDGE_LOOP('',(#14515,#14521,#14522,#14528));
#14515 = ORIENTED_EDGE('',*,*,#14516,.F.);
#14516 = EDGE_CURVE('',#8426,#11237,#14517,.T.);
#14517 = LINE('',#14518,#14519);
#14518 = CARTESIAN_POINT('',(238.22565467581,58.85831643993,49.3));
#14519 = VECTOR('',#14520,1.);
#14520 = DIRECTION('',(0.,0.,1.));
#14521 = ORIENTED_EDGE('',*,*,#8423,.F.);
#14522 = ORIENTED_EDGE('',*,*,#14523,.T.);
#14523 = EDGE_CURVE('',#8424,#11221,#14524,.T.);
#14524 = LINE('',#14525,#14526);
#14525 = CARTESIAN_POINT('',(252.88485956007,64.19383067581,49.3));
#14526 = VECTOR('',#14527,1.);
#14527 = DIRECTION('',(0.,0.,1.));
#14528 = ORIENTED_EDGE('',*,*,#11244,.T.);
#14529 = PLANE('',#14530);
#14530 = AXIS2_PLACEMENT_3D('',#14531,#14532,#14533);
#14531 = CARTESIAN_POINT('',(252.88485956007,64.19383067581,49.3));
#14532 = DIRECTION('',(0.342020143326,-0.939692620786,0.));
#14533 = DIRECTION('',(0.,0.,1.));
#14534 = ADVANCED_FACE('',(#14535),#14546,.T.);
#14535 = FACE_BOUND('',#14536,.T.);
#14536 = EDGE_LOOP('',(#14537,#14543,#14544,#14545));
#14537 = ORIENTED_EDGE('',*,*,#14538,.F.);
#14538 = EDGE_CURVE('',#8434,#11219,#14539,.T.);
#14539 = LINE('',#14540,#14541);
#14540 = CARTESIAN_POINT('',(247.54934532419,78.85303556007,49.3));
#14541 = VECTOR('',#14542,1.);
#14542 = DIRECTION('',(0.,0.,1.));
#14543 = ORIENTED_EDGE('',*,*,#8433,.F.);
#14544 = ORIENTED_EDGE('',*,*,#14523,.T.);
#14545 = ORIENTED_EDGE('',*,*,#11218,.F.);
#14546 = PLANE('',#14547);
#14547 = AXIS2_PLACEMENT_3D('',#14548,#14549,#14550);
#14548 = CARTESIAN_POINT('',(247.54934532419,78.85303556007,49.3));
#14549 = DIRECTION('',(-0.939692620786,-0.342020143326,0.));
#14550 = DIRECTION('',(0.,0.,1.));
#14551 = ADVANCED_FACE('',(#14552),#14563,.F.);
#14552 = FACE_BOUND('',#14553,.F.);
#14553 = EDGE_LOOP('',(#14554,#14560,#14561,#14562));
#14554 = ORIENTED_EDGE('',*,*,#14555,.F.);
#14555 = EDGE_CURVE('',#8442,#11229,#14556,.T.);
#14556 = LINE('',#14557,#14558);
#14557 = CARTESIAN_POINT('',(232.89014043993,73.51752132419,49.3));
#14558 = VECTOR('',#14559,1.);
#14559 = DIRECTION('',(0.,0.,1.));
#14560 = ORIENTED_EDGE('',*,*,#8449,.F.);
#14561 = ORIENTED_EDGE('',*,*,#14516,.T.);
#14562 = ORIENTED_EDGE('',*,*,#11236,.F.);
#14563 = PLANE('',#14564);
#14564 = AXIS2_PLACEMENT_3D('',#14565,#14566,#14567);
#14565 = CARTESIAN_POINT('',(232.89014043993,73.51752132419,49.3));
#14566 = DIRECTION('',(-0.939692620786,-0.342020143326,0.));
#14567 = DIRECTION('',(0.,0.,1.));
#14568 = ADVANCED_FACE('',(#14569),#14575,.T.);
#14569 = FACE_BOUND('',#14570,.T.);
#14570 = EDGE_LOOP('',(#14571,#14572,#14573,#14574));
#14571 = ORIENTED_EDGE('',*,*,#14555,.F.);
#14572 = ORIENTED_EDGE('',*,*,#8441,.F.);
#14573 = ORIENTED_EDGE('',*,*,#14538,.T.);
#14574 = ORIENTED_EDGE('',*,*,#11228,.T.);
#14575 = PLANE('',#14576);
#14576 = AXIS2_PLACEMENT_3D('',#14577,#14578,#14579);
#14577 = CARTESIAN_POINT('',(247.54934532419,78.85303556007,49.3));
#14578 = DIRECTION('',(0.342020143326,-0.939692620786,0.));
#14579 = DIRECTION('',(0.,0.,1.));
#14580 = ADVANCED_FACE('',(#14581),#14597,.F.);
#14581 = FACE_BOUND('',#14582,.F.);
#14582 = EDGE_LOOP('',(#14583,#14589,#14590,#14596));
#14583 = ORIENTED_EDGE('',*,*,#14584,.F.);
#14584 = EDGE_CURVE('',#8460,#11283,#14585,.T.);
#14585 = LINE('',#14586,#14587);
#14586 = CARTESIAN_POINT('',(297.,103.918176,49.3));
#14587 = VECTOR('',#14588,1.);
#14588 = DIRECTION('',(0.,0.,1.));
#14589 = ORIENTED_EDGE('',*,*,#8457,.F.);
#14590 = ORIENTED_EDGE('',*,*,#14591,.T.);
#14591 = EDGE_CURVE('',#8458,#11267,#14592,.T.);
#14592 = LINE('',#14593,#14594);
#14593 = CARTESIAN_POINT('',(312.6,103.918176,49.3));
#14594 = VECTOR('',#14595,1.);
#14595 = DIRECTION('',(0.,0.,1.));
#14596 = ORIENTED_EDGE('',*,*,#11290,.T.);
#14597 = PLANE('',#14598);
#14598 = AXIS2_PLACEMENT_3D('',#14599,#14600,#14601);
#14599 = CARTESIAN_POINT('',(312.6,103.918176,49.3));
#14600 = DIRECTION('',(0.,-1.,0.));
#14601 = DIRECTION('',(0.,0.,1.));
#14602 = ADVANCED_FACE('',(#14603),#14614,.T.);
#14603 = FACE_BOUND('',#14604,.T.);
#14604 = EDGE_LOOP('',(#14605,#14611,#14612,#14613));
#14605 = ORIENTED_EDGE('',*,*,#14606,.F.);
#14606 = EDGE_CURVE('',#8468,#11265,#14607,.T.);
#14607 = LINE('',#14608,#14609);
#14608 = CARTESIAN_POINT('',(312.6,119.518176,49.3));
#14609 = VECTOR('',#14610,1.);
#14610 = DIRECTION('',(0.,0.,1.));
#14611 = ORIENTED_EDGE('',*,*,#8467,.F.);
#14612 = ORIENTED_EDGE('',*,*,#14591,.T.);
#14613 = ORIENTED_EDGE('',*,*,#11264,.F.);
#14614 = PLANE('',#14615);
#14615 = AXIS2_PLACEMENT_3D('',#14616,#14617,#14618);
#14616 = CARTESIAN_POINT('',(312.6,119.518176,49.3));
#14617 = DIRECTION('',(-1.,0.,0.));
#14618 = DIRECTION('',(0.,0.,1.));
#14619 = ADVANCED_FACE('',(#14620),#14631,.F.);
#14620 = FACE_BOUND('',#14621,.F.);
#14621 = EDGE_LOOP('',(#14622,#14628,#14629,#14630));
#14622 = ORIENTED_EDGE('',*,*,#14623,.F.);
#14623 = EDGE_CURVE('',#8476,#11275,#14624,.T.);
#14624 = LINE('',#14625,#14626);
#14625 = CARTESIAN_POINT('',(297.,119.518176,49.3));
#14626 = VECTOR('',#14627,1.);
#14627 = DIRECTION('',(0.,0.,1.));
#14628 = ORIENTED_EDGE('',*,*,#8483,.F.);
#14629 = ORIENTED_EDGE('',*,*,#14584,.T.);
#14630 = ORIENTED_EDGE('',*,*,#11282,.F.);
#14631 = PLANE('',#14632);
#14632 = AXIS2_PLACEMENT_3D('',#14633,#14634,#14635);
#14633 = CARTESIAN_POINT('',(297.,119.518176,49.3));
#14634 = DIRECTION('',(-1.,0.,0.));
#14635 = DIRECTION('',(0.,0.,1.));
#14636 = ADVANCED_FACE('',(#14637),#14643,.T.);
#14637 = FACE_BOUND('',#14638,.T.);
#14638 = EDGE_LOOP('',(#14639,#14640,#14641,#14642));
#14639 = ORIENTED_EDGE('',*,*,#14623,.F.);
#14640 = ORIENTED_EDGE('',*,*,#8475,.F.);
#14641 = ORIENTED_EDGE('',*,*,#14606,.T.);
#14642 = ORIENTED_EDGE('',*,*,#11274,.T.);
#14643 = PLANE('',#14644);
#14644 = AXIS2_PLACEMENT_3D('',#14645,#14646,#14647);
#14645 = CARTESIAN_POINT('',(312.6,119.518176,49.3));
#14646 = DIRECTION('',(0.,-1.,0.));
#14647 = DIRECTION('',(0.,0.,1.));
#14648 = ADVANCED_FACE('',(#14649),#14665,.F.);
#14649 = FACE_BOUND('',#14650,.F.);
#14650 = EDGE_LOOP('',(#14651,#14657,#14658,#14664));
#14651 = ORIENTED_EDGE('',*,*,#14652,.F.);
#14652 = EDGE_CURVE('',#8494,#11329,#14653,.T.);
#14653 = LINE('',#14654,#14655);
#14654 = CARTESIAN_POINT('',(277.95,89.630676,49.3));
#14655 = VECTOR('',#14656,1.);
#14656 = DIRECTION('',(0.,0.,1.));
#14657 = ORIENTED_EDGE('',*,*,#8491,.F.);
#14658 = ORIENTED_EDGE('',*,*,#14659,.T.);
#14659 = EDGE_CURVE('',#8492,#11313,#14660,.T.);
#14660 = LINE('',#14661,#14662);
#14661 = CARTESIAN_POINT('',(293.55,89.630676,49.3));
#14662 = VECTOR('',#14663,1.);
#14663 = DIRECTION('',(0.,0.,1.));
#14664 = ORIENTED_EDGE('',*,*,#11336,.T.);
#14665 = PLANE('',#14666);
#14666 = AXIS2_PLACEMENT_3D('',#14667,#14668,#14669);
#14667 = CARTESIAN_POINT('',(293.55,89.630676,49.3));
#14668 = DIRECTION('',(0.,-1.,0.));
#14669 = DIRECTION('',(0.,0.,1.));
#14670 = ADVANCED_FACE('',(#14671),#14682,.T.);
#14671 = FACE_BOUND('',#14672,.T.);
#14672 = EDGE_LOOP('',(#14673,#14679,#14680,#14681));
#14673 = ORIENTED_EDGE('',*,*,#14674,.F.);
#14674 = EDGE_CURVE('',#8502,#11311,#14675,.T.);
#14675 = LINE('',#14676,#14677);
#14676 = CARTESIAN_POINT('',(293.55,105.230676,49.3));
#14677 = VECTOR('',#14678,1.);
#14678 = DIRECTION('',(0.,0.,1.));
#14679 = ORIENTED_EDGE('',*,*,#8501,.F.);
#14680 = ORIENTED_EDGE('',*,*,#14659,.T.);
#14681 = ORIENTED_EDGE('',*,*,#11310,.F.);
#14682 = PLANE('',#14683);
#14683 = AXIS2_PLACEMENT_3D('',#14684,#14685,#14686);
#14684 = CARTESIAN_POINT('',(293.55,105.230676,49.3));
#14685 = DIRECTION('',(-1.,0.,0.));
#14686 = DIRECTION('',(0.,0.,1.));
#14687 = ADVANCED_FACE('',(#14688),#14699,.F.);
#14688 = FACE_BOUND('',#14689,.F.);
#14689 = EDGE_LOOP('',(#14690,#14696,#14697,#14698));
#14690 = ORIENTED_EDGE('',*,*,#14691,.F.);
#14691 = EDGE_CURVE('',#8510,#11321,#14692,.T.);
#14692 = LINE('',#14693,#14694);
#14693 = CARTESIAN_POINT('',(277.95,105.230676,49.3));
#14694 = VECTOR('',#14695,1.);
#14695 = DIRECTION('',(0.,0.,1.));
#14696 = ORIENTED_EDGE('',*,*,#8517,.F.);
#14697 = ORIENTED_EDGE('',*,*,#14652,.T.);
#14698 = ORIENTED_EDGE('',*,*,#11328,.F.);
#14699 = PLANE('',#14700);
#14700 = AXIS2_PLACEMENT_3D('',#14701,#14702,#14703);
#14701 = CARTESIAN_POINT('',(277.95,105.230676,49.3));
#14702 = DIRECTION('',(-1.,0.,0.));
#14703 = DIRECTION('',(0.,0.,1.));
#14704 = ADVANCED_FACE('',(#14705),#14711,.T.);
#14705 = FACE_BOUND('',#14706,.T.);
#14706 = EDGE_LOOP('',(#14707,#14708,#14709,#14710));
#14707 = ORIENTED_EDGE('',*,*,#14691,.F.);
#14708 = ORIENTED_EDGE('',*,*,#8509,.F.);
#14709 = ORIENTED_EDGE('',*,*,#14674,.T.);
#14710 = ORIENTED_EDGE('',*,*,#11320,.T.);
#14711 = PLANE('',#14712);
#14712 = AXIS2_PLACEMENT_3D('',#14713,#14714,#14715);
#14713 = CARTESIAN_POINT('',(293.55,105.230676,49.3));
#14714 = DIRECTION('',(0.,-1.,0.));
#14715 = DIRECTION('',(0.,0.,1.));
#14716 = ADVANCED_FACE('',(#14717),#14733,.F.);
#14717 = FACE_BOUND('',#14718,.F.);
#14718 = EDGE_LOOP('',(#14719,#14725,#14726,#14732));
#14719 = ORIENTED_EDGE('',*,*,#14720,.F.);
#14720 = EDGE_CURVE('',#8528,#11375,#14721,.T.);
#14721 = LINE('',#14722,#14723);
#14722 = CARTESIAN_POINT('',(297.,84.868176,49.3));
#14723 = VECTOR('',#14724,1.);
#14724 = DIRECTION('',(0.,0.,1.));
#14725 = ORIENTED_EDGE('',*,*,#8525,.F.);
#14726 = ORIENTED_EDGE('',*,*,#14727,.T.);
#14727 = EDGE_CURVE('',#8526,#11359,#14728,.T.);
#14728 = LINE('',#14729,#14730);
#14729 = CARTESIAN_POINT('',(312.6,84.868176,49.3));
#14730 = VECTOR('',#14731,1.);
#14731 = DIRECTION('',(0.,0.,1.));
#14732 = ORIENTED_EDGE('',*,*,#11382,.T.);
#14733 = PLANE('',#14734);
#14734 = AXIS2_PLACEMENT_3D('',#14735,#14736,#14737);
#14735 = CARTESIAN_POINT('',(312.6,84.868176,49.3));
#14736 = DIRECTION('',(0.,-1.,0.));
#14737 = DIRECTION('',(0.,0.,1.));
#14738 = ADVANCED_FACE('',(#14739),#14750,.T.);
#14739 = FACE_BOUND('',#14740,.T.);
#14740 = EDGE_LOOP('',(#14741,#14747,#14748,#14749));
#14741 = ORIENTED_EDGE('',*,*,#14742,.F.);
#14742 = EDGE_CURVE('',#8536,#11357,#14743,.T.);
#14743 = LINE('',#14744,#14745);
#14744 = CARTESIAN_POINT('',(312.6,100.468176,49.3));
#14745 = VECTOR('',#14746,1.);
#14746 = DIRECTION('',(0.,0.,1.));
#14747 = ORIENTED_EDGE('',*,*,#8535,.F.);
#14748 = ORIENTED_EDGE('',*,*,#14727,.T.);
#14749 = ORIENTED_EDGE('',*,*,#11356,.F.);
#14750 = PLANE('',#14751);
#14751 = AXIS2_PLACEMENT_3D('',#14752,#14753,#14754);
#14752 = CARTESIAN_POINT('',(312.6,100.468176,49.3));
#14753 = DIRECTION('',(-1.,0.,0.));
#14754 = DIRECTION('',(0.,0.,1.));
#14755 = ADVANCED_FACE('',(#14756),#14767,.F.);
#14756 = FACE_BOUND('',#14757,.F.);
#14757 = EDGE_LOOP('',(#14758,#14764,#14765,#14766));
#14758 = ORIENTED_EDGE('',*,*,#14759,.F.);
#14759 = EDGE_CURVE('',#8544,#11367,#14760,.T.);
#14760 = LINE('',#14761,#14762);
#14761 = CARTESIAN_POINT('',(297.,100.468176,49.3));
#14762 = VECTOR('',#14763,1.);
#14763 = DIRECTION('',(0.,0.,1.));
#14764 = ORIENTED_EDGE('',*,*,#8551,.F.);
#14765 = ORIENTED_EDGE('',*,*,#14720,.T.);
#14766 = ORIENTED_EDGE('',*,*,#11374,.F.);
#14767 = PLANE('',#14768);
#14768 = AXIS2_PLACEMENT_3D('',#14769,#14770,#14771);
#14769 = CARTESIAN_POINT('',(297.,100.468176,49.3));
#14770 = DIRECTION('',(-1.,0.,0.));
#14771 = DIRECTION('',(0.,0.,1.));
#14772 = ADVANCED_FACE('',(#14773),#14779,.T.);
#14773 = FACE_BOUND('',#14774,.T.);
#14774 = EDGE_LOOP('',(#14775,#14776,#14777,#14778));
#14775 = ORIENTED_EDGE('',*,*,#14759,.F.);
#14776 = ORIENTED_EDGE('',*,*,#8543,.F.);
#14777 = ORIENTED_EDGE('',*,*,#14742,.T.);
#14778 = ORIENTED_EDGE('',*,*,#11366,.T.);
#14779 = PLANE('',#14780);
#14780 = AXIS2_PLACEMENT_3D('',#14781,#14782,#14783);
#14781 = CARTESIAN_POINT('',(312.6,100.468176,49.3));
#14782 = DIRECTION('',(0.,-1.,0.));
#14783 = DIRECTION('',(0.,0.,1.));
#14784 = ADVANCED_FACE('',(#14785),#14801,.F.);
#14785 = FACE_BOUND('',#14786,.F.);
#14786 = EDGE_LOOP('',(#14787,#14793,#14794,#14800));
#14787 = ORIENTED_EDGE('',*,*,#14788,.F.);
#14788 = EDGE_CURVE('',#8562,#11421,#14789,.T.);
#14789 = LINE('',#14790,#14791);
#14790 = CARTESIAN_POINT('',(316.05,103.918176,49.3));
#14791 = VECTOR('',#14792,1.);
#14792 = DIRECTION('',(0.,0.,1.));
#14793 = ORIENTED_EDGE('',*,*,#8559,.F.);
#14794 = ORIENTED_EDGE('',*,*,#14795,.T.);
#14795 = EDGE_CURVE('',#8560,#11405,#14796,.T.);
#14796 = LINE('',#14797,#14798);
#14797 = CARTESIAN_POINT('',(331.65,103.918176,49.3));
#14798 = VECTOR('',#14799,1.);
#14799 = DIRECTION('',(0.,0.,1.));
#14800 = ORIENTED_EDGE('',*,*,#11428,.T.);
#14801 = PLANE('',#14802);
#14802 = AXIS2_PLACEMENT_3D('',#14803,#14804,#14805);
#14803 = CARTESIAN_POINT('',(331.65,103.918176,49.3));
#14804 = DIRECTION('',(0.,-1.,0.));
#14805 = DIRECTION('',(0.,0.,1.));
#14806 = ADVANCED_FACE('',(#14807),#14818,.T.);
#14807 = FACE_BOUND('',#14808,.T.);
#14808 = EDGE_LOOP('',(#14809,#14815,#14816,#14817));
#14809 = ORIENTED_EDGE('',*,*,#14810,.F.);
#14810 = EDGE_CURVE('',#8570,#11403,#14811,.T.);
#14811 = LINE('',#14812,#14813);
#14812 = CARTESIAN_POINT('',(331.65,119.518176,49.3));
#14813 = VECTOR('',#14814,1.);
#14814 = DIRECTION('',(0.,0.,1.));
#14815 = ORIENTED_EDGE('',*,*,#8569,.F.);
#14816 = ORIENTED_EDGE('',*,*,#14795,.T.);
#14817 = ORIENTED_EDGE('',*,*,#11402,.F.);
#14818 = PLANE('',#14819);
#14819 = AXIS2_PLACEMENT_3D('',#14820,#14821,#14822);
#14820 = CARTESIAN_POINT('',(331.65,119.518176,49.3));
#14821 = DIRECTION('',(-1.,0.,0.));
#14822 = DIRECTION('',(0.,0.,1.));
#14823 = ADVANCED_FACE('',(#14824),#14835,.F.);
#14824 = FACE_BOUND('',#14825,.F.);
#14825 = EDGE_LOOP('',(#14826,#14832,#14833,#14834));
#14826 = ORIENTED_EDGE('',*,*,#14827,.F.);
#14827 = EDGE_CURVE('',#8578,#11413,#14828,.T.);
#14828 = LINE('',#14829,#14830);
#14829 = CARTESIAN_POINT('',(316.05,119.518176,49.3));
#14830 = VECTOR('',#14831,1.);
#14831 = DIRECTION('',(0.,0.,1.));
#14832 = ORIENTED_EDGE('',*,*,#8585,.F.);
#14833 = ORIENTED_EDGE('',*,*,#14788,.T.);
#14834 = ORIENTED_EDGE('',*,*,#11420,.F.);
#14835 = PLANE('',#14836);
#14836 = AXIS2_PLACEMENT_3D('',#14837,#14838,#14839);
#14837 = CARTESIAN_POINT('',(316.05,119.518176,49.3));
#14838 = DIRECTION('',(-1.,0.,0.));
#14839 = DIRECTION('',(0.,0.,1.));
#14840 = ADVANCED_FACE('',(#14841),#14847,.T.);
#14841 = FACE_BOUND('',#14842,.T.);
#14842 = EDGE_LOOP('',(#14843,#14844,#14845,#14846));
#14843 = ORIENTED_EDGE('',*,*,#14827,.F.);
#14844 = ORIENTED_EDGE('',*,*,#8577,.F.);
#14845 = ORIENTED_EDGE('',*,*,#14810,.T.);
#14846 = ORIENTED_EDGE('',*,*,#11412,.T.);
#14847 = PLANE('',#14848);
#14848 = AXIS2_PLACEMENT_3D('',#14849,#14850,#14851);
#14849 = CARTESIAN_POINT('',(331.65,119.518176,49.3));
#14850 = DIRECTION('',(0.,-1.,0.));
#14851 = DIRECTION('',(0.,0.,1.));
#14852 = ADVANCED_FACE('',(#14853),#14869,.F.);
#14853 = FACE_BOUND('',#14854,.F.);
#14854 = EDGE_LOOP('',(#14855,#14861,#14862,#14868));
#14855 = ORIENTED_EDGE('',*,*,#14856,.F.);
#14856 = EDGE_CURVE('',#8599,#11467,#14857,.T.);
#14857 = LINE('',#14858,#14859);
#14858 = CARTESIAN_POINT('',(316.05,84.868176,49.3));
#14859 = VECTOR('',#14860,1.);
#14860 = DIRECTION('',(0.,0.,1.));
#14861 = ORIENTED_EDGE('',*,*,#8596,.F.);
#14862 = ORIENTED_EDGE('',*,*,#14863,.T.);
#14863 = EDGE_CURVE('',#8597,#11451,#14864,.T.);
#14864 = LINE('',#14865,#14866);
#14865 = CARTESIAN_POINT('',(331.65,84.868176,49.3));
#14866 = VECTOR('',#14867,1.);
#14867 = DIRECTION('',(0.,0.,1.));
#14868 = ORIENTED_EDGE('',*,*,#11474,.T.);
#14869 = PLANE('',#14870);
#14870 = AXIS2_PLACEMENT_3D('',#14871,#14872,#14873);
#14871 = CARTESIAN_POINT('',(331.65,84.868176,49.3));
#14872 = DIRECTION('',(0.,-1.,0.));
#14873 = DIRECTION('',(0.,0.,1.));
#14874 = ADVANCED_FACE('',(#14875),#14886,.T.);
#14875 = FACE_BOUND('',#14876,.T.);
#14876 = EDGE_LOOP('',(#14877,#14883,#14884,#14885));
#14877 = ORIENTED_EDGE('',*,*,#14878,.F.);
#14878 = EDGE_CURVE('',#8607,#11449,#14879,.T.);
#14879 = LINE('',#14880,#14881);
#14880 = CARTESIAN_POINT('',(331.65,100.468176,49.3));
#14881 = VECTOR('',#14882,1.);
#14882 = DIRECTION('',(0.,0.,1.));
#14883 = ORIENTED_EDGE('',*,*,#8606,.F.);
#14884 = ORIENTED_EDGE('',*,*,#14863,.T.);
#14885 = ORIENTED_EDGE('',*,*,#11448,.F.);
#14886 = PLANE('',#14887);
#14887 = AXIS2_PLACEMENT_3D('',#14888,#14889,#14890);
#14888 = CARTESIAN_POINT('',(331.65,100.468176,49.3));
#14889 = DIRECTION('',(-1.,0.,0.));
#14890 = DIRECTION('',(0.,0.,1.));
#14891 = ADVANCED_FACE('',(#14892),#14903,.F.);
#14892 = FACE_BOUND('',#14893,.F.);
#14893 = EDGE_LOOP('',(#14894,#14900,#14901,#14902));
#14894 = ORIENTED_EDGE('',*,*,#14895,.F.);
#14895 = EDGE_CURVE('',#8615,#11459,#14896,.T.);
#14896 = LINE('',#14897,#14898);
#14897 = CARTESIAN_POINT('',(316.05,100.468176,49.3));
#14898 = VECTOR('',#14899,1.);
#14899 = DIRECTION('',(0.,0.,1.));
#14900 = ORIENTED_EDGE('',*,*,#8622,.F.);
#14901 = ORIENTED_EDGE('',*,*,#14856,.T.);
#14902 = ORIENTED_EDGE('',*,*,#11466,.F.);
#14903 = PLANE('',#14904);
#14904 = AXIS2_PLACEMENT_3D('',#14905,#14906,#14907);
#14905 = CARTESIAN_POINT('',(316.05,100.468176,49.3));
#14906 = DIRECTION('',(-1.,0.,0.));
#14907 = DIRECTION('',(0.,0.,1.));
#14908 = ADVANCED_FACE('',(#14909),#14915,.T.);
#14909 = FACE_BOUND('',#14910,.T.);
#14910 = EDGE_LOOP('',(#14911,#14912,#14913,#14914));
#14911 = ORIENTED_EDGE('',*,*,#14895,.F.);
#14912 = ORIENTED_EDGE('',*,*,#8614,.F.);
#14913 = ORIENTED_EDGE('',*,*,#14878,.T.);
#14914 = ORIENTED_EDGE('',*,*,#11458,.T.);
#14915 = PLANE('',#14916);
#14916 = AXIS2_PLACEMENT_3D('',#14917,#14918,#14919);
#14917 = CARTESIAN_POINT('',(331.65,100.468176,49.3));
#14918 = DIRECTION('',(0.,-1.,0.));
#14919 = DIRECTION('',(0.,0.,1.));
#14920 = ADVANCED_FACE('',(#14921),#14932,.T.);
#14921 = FACE_BOUND('',#14922,.T.);
#14922 = EDGE_LOOP('',(#14923,#14924,#14925,#14926));
#14923 = ORIENTED_EDGE('',*,*,#12364,.F.);
#14924 = ORIENTED_EDGE('',*,*,#8675,.T.);
#14925 = ORIENTED_EDGE('',*,*,#8809,.T.);
#14926 = ORIENTED_EDGE('',*,*,#14927,.F.);
#14927 = EDGE_CURVE('',#12341,#8810,#14928,.T.);
#14928 = LINE('',#14929,#14930);
#14929 = CARTESIAN_POINT('',(360.87550525674,96.276913964434,49.2));
#14930 = VECTOR('',#14931,1.);
#14931 = DIRECTION('',(0.,0.,1.));
#14932 = CYLINDRICAL_SURFACE('',#14933,4.);
#14933 = AXIS2_PLACEMENT_3D('',#14934,#14935,#14936);
#14934 = CARTESIAN_POINT('',(357.6875,98.692824244835,49.2));
#14935 = DIRECTION('',(0.,0.,-1.));
#14936 = DIRECTION('',(0.,1.,0.));
#14937 = ADVANCED_FACE('',(#14938),#14949,.T.);
#14938 = FACE_BOUND('',#14939,.T.);
#14939 = EDGE_LOOP('',(#14940,#14941,#14947,#14948));
#14940 = ORIENTED_EDGE('',*,*,#11502,.F.);
#14941 = ORIENTED_EDGE('',*,*,#14942,.T.);
#14942 = EDGE_CURVE('',#11496,#9166,#14943,.T.);
#14943 = LINE('',#14944,#14945);
#14944 = CARTESIAN_POINT('',(357.6115943461,165.43249011988,49.2));
#14945 = VECTOR('',#14946,1.);
#14946 = DIRECTION('',(0.,0.,1.));
#14947 = ORIENTED_EDGE('',*,*,#9173,.T.);
#14948 = ORIENTED_EDGE('',*,*,#9353,.F.);
#14949 = CYLINDRICAL_SURFACE('',#14950,4.);
#14950 = AXIS2_PLACEMENT_3D('',#14951,#14952,#14953);
#14951 = CARTESIAN_POINT('',(357.6875,161.43321039326,49.2));
#14952 = DIRECTION('',(0.,0.,-1.));
#14953 = DIRECTION('',(-0.999819931654,-1.897641347271E-02,-0.));
#14954 = ADVANCED_FACE('',(#14955),#14966,.T.);
#14955 = FACE_BOUND('',#14956,.T.);
#14956 = EDGE_LOOP('',(#14957,#14958,#14964,#14965));
#14957 = ORIENTED_EDGE('',*,*,#11526,.F.);
#14958 = ORIENTED_EDGE('',*,*,#14959,.T.);
#14959 = EDGE_CURVE('',#11520,#9157,#14960,.T.);
#14960 = LINE('',#14961,#14962);
#14961 = CARTESIAN_POINT('',(309.2064804859,164.51376923252,49.2));
#14962 = VECTOR('',#14963,1.);
#14963 = DIRECTION('',(0.,0.,1.));
#14964 = ORIENTED_EDGE('',*,*,#9165,.T.);
#14965 = ORIENTED_EDGE('',*,*,#14942,.F.);
#14966 = PLANE('',#14967);
#14967 = AXIS2_PLACEMENT_3D('',#14968,#14969,#14970);
#14968 = CARTESIAN_POINT('',(309.2064804859,164.51376923252,49.2));
#14969 = DIRECTION('',(-1.897641347271E-02,0.999819931654,0.));
#14970 = DIRECTION('',(0.999819931654,1.897641347271E-02,0.));
#14971 = ADVANCED_FACE('',(#14972),#14983,.F.);
#14972 = FACE_BOUND('',#14973,.F.);
#14973 = EDGE_LOOP('',(#14974,#14975,#14976,#14982));
#14974 = ORIENTED_EDGE('',*,*,#14959,.T.);
#14975 = ORIENTED_EDGE('',*,*,#9156,.T.);
#14976 = ORIENTED_EDGE('',*,*,#14977,.F.);
#14977 = EDGE_CURVE('',#11543,#9149,#14978,.T.);
#14978 = LINE('',#14979,#14980);
#14979 = CARTESIAN_POINT('',(308.59355581683,164.63204827988,49.2));
#14980 = VECTOR('',#14981,1.);
#14981 = DIRECTION('',(0.,0.,1.));
#14982 = ORIENTED_EDGE('',*,*,#11549,.F.);
#14983 = CYLINDRICAL_SURFACE('',#14984,1.5);
#14984 = AXIS2_PLACEMENT_3D('',#14985,#14986,#14987);
#14985 = CARTESIAN_POINT('',(309.17801586569,166.01349913,49.2));
#14986 = DIRECTION('',(0.,0.,-1.));
#14987 = DIRECTION('',(0.999819931654,1.897641347271E-02,0.));
#14988 = ADVANCED_FACE('',(#14989),#15000,.F.);
#14989 = FACE_BOUND('',#14990,.F.);
#14990 = EDGE_LOOP('',(#14991,#14992,#14993,#14994));
#14991 = ORIENTED_EDGE('',*,*,#11573,.T.);
#14992 = ORIENTED_EDGE('',*,*,#14977,.T.);
#14993 = ORIENTED_EDGE('',*,*,#9148,.T.);
#14994 = ORIENTED_EDGE('',*,*,#14995,.F.);
#14995 = EDGE_CURVE('',#11567,#9140,#14996,.T.);
#14996 = LINE('',#14997,#14998);
#14997 = CARTESIAN_POINT('',(296.65293142421,169.68385154546,49.2));
#14998 = VECTOR('',#14999,1.);
#14999 = DIRECTION('',(0.,0.,1.));
#15000 = PLANE('',#15001);
#15001 = AXIS2_PLACEMENT_3D('',#15002,#15003,#15004);
#15002 = CARTESIAN_POINT('',(308.59355581683,164.63204827988,49.2));
#15003 = DIRECTION('',(-0.38964003257,-0.920967233412,0.));
#15004 = DIRECTION('',(-0.920967233412,0.38964003257,0.));
#15005 = ADVANCED_FACE('',(#15006),#15016,.F.);
#15006 = FACE_BOUND('',#15007,.F.);
#15007 = EDGE_LOOP('',(#15008,#15014,#15015));
#15008 = ORIENTED_EDGE('',*,*,#15009,.F.);
#15009 = EDGE_CURVE('',#11567,#9131,#15010,.T.);
#15010 = LINE('',#15011,#15012);
#15011 = CARTESIAN_POINT('',(296.65290666952,169.68386201886,49.2));
#15012 = VECTOR('',#15013,1.);
#15013 = DIRECTION('',(0.,0.,1.));
#15014 = ORIENTED_EDGE('',*,*,#14995,.T.);
#15015 = ORIENTED_EDGE('',*,*,#9139,.T.);
#15016 = CYLINDRICAL_SURFACE('',#15017,1.5);
#15017 = AXIS2_PLACEMENT_3D('',#15018,#15019,#15020);
#15018 = CARTESIAN_POINT('',(297.23739147307,171.06530239558,49.2));
#15019 = DIRECTION('',(0.,0.,-1.));
#15020 = DIRECTION('',(0.920967233412,-0.38964003257,0.));
#15021 = ADVANCED_FACE('',(#15022),#15033,.T.);
#15022 = FACE_BOUND('',#15023,.F.);
#15023 = EDGE_LOOP('',(#15024,#15025,#15026,#15032));
#15024 = ORIENTED_EDGE('',*,*,#15009,.T.);
#15025 = ORIENTED_EDGE('',*,*,#9130,.T.);
#15026 = ORIENTED_EDGE('',*,*,#15027,.F.);
#15027 = EDGE_CURVE('',#11605,#9122,#15028,.T.);
#15028 = LINE('',#15029,#15030);
#15029 = CARTESIAN_POINT('',(295.09430895272,170.00000000026,49.2));
#15030 = VECTOR('',#15031,1.);
#15031 = DIRECTION('',(0.,0.,1.));
#15032 = ORIENTED_EDGE('',*,*,#11611,.F.);
#15033 = CYLINDRICAL_SURFACE('',#15034,3.999734139991);
#15034 = AXIS2_PLACEMENT_3D('',#15035,#15036,#15037);
#15035 = CARTESIAN_POINT('',(295.09438412091,166.00026586098,49.2));
#15036 = DIRECTION('',(-0.,-0.,-1.));
#15037 = DIRECTION('',(-1.879329642379E-05,0.999999999823,0.));
#15038 = ADVANCED_FACE('',(#15039),#15049,.F.);
#15039 = FACE_BOUND('',#15040,.F.);
#15040 = EDGE_LOOP('',(#15041,#15047,#15048));
#15041 = ORIENTED_EDGE('',*,*,#15042,.F.);
#15042 = EDGE_CURVE('',#11605,#9114,#15043,.T.);
#15043 = LINE('',#15044,#15045);
#15044 = CARTESIAN_POINT('',(295.09428076278,170.,49.2));
#15045 = VECTOR('',#15046,1.);
#15046 = DIRECTION('',(0.,0.,1.));
#15047 = ORIENTED_EDGE('',*,*,#15027,.T.);
#15048 = ORIENTED_EDGE('',*,*,#9121,.T.);
#15049 = CYLINDRICAL_SURFACE('',#15050,1.5);
#15050 = AXIS2_PLACEMENT_3D('',#15051,#15052,#15053);
#15051 = CARTESIAN_POINT('',(295.09428076278,171.5,49.2));
#15052 = DIRECTION('',(0.,0.,-1.));
#15053 = DIRECTION('',(0.999999999823,1.879329642799E-05,0.));
#15054 = ADVANCED_FACE('',(#15055),#15066,.F.);
#15055 = FACE_BOUND('',#15056,.F.);
#15056 = EDGE_LOOP('',(#15057,#15063,#15064,#15065));
#15057 = ORIENTED_EDGE('',*,*,#15058,.F.);
#15058 = EDGE_CURVE('',#11644,#9105,#15059,.T.);
#15059 = LINE('',#15060,#15061);
#15060 = CARTESIAN_POINT('',(282.66666694595,169.99999999999,49.2));
#15061 = VECTOR('',#15062,1.);
#15062 = DIRECTION('',(0.,0.,1.));
#15063 = ORIENTED_EDGE('',*,*,#11650,.T.);
#15064 = ORIENTED_EDGE('',*,*,#15042,.T.);
#15065 = ORIENTED_EDGE('',*,*,#9113,.T.);
#15066 = PLANE('',#15067);
#15067 = AXIS2_PLACEMENT_3D('',#15068,#15069,#15070);
#15068 = CARTESIAN_POINT('',(295.09428076278,170.,49.2));
#15069 = DIRECTION('',(3.3447E-13,-1.,0.));
#15070 = DIRECTION('',(-1.,-3.3447E-13,0.));
#15071 = ADVANCED_FACE('',(#15072),#15083,.F.);
#15072 = FACE_BOUND('',#15073,.F.);
#15073 = EDGE_LOOP('',(#15074,#15075,#15076,#15082));
#15074 = ORIENTED_EDGE('',*,*,#15058,.T.);
#15075 = ORIENTED_EDGE('',*,*,#9104,.T.);
#15076 = ORIENTED_EDGE('',*,*,#15077,.F.);
#15077 = EDGE_CURVE('',#11667,#9097,#15078,.T.);
#15078 = LINE('',#15079,#15080);
#15079 = CARTESIAN_POINT('',(281.76666702367,170.2999999417,49.2));
#15080 = VECTOR('',#15081,1.);
#15081 = DIRECTION('',(0.,0.,1.));
#15082 = ORIENTED_EDGE('',*,*,#11673,.F.);
#15083 = CYLINDRICAL_SURFACE('',#15084,1.5);
#15084 = AXIS2_PLACEMENT_3D('',#15085,#15086,#15087);
#15085 = CARTESIAN_POINT('',(282.66666694595,171.49999999999,49.2));
#15086 = DIRECTION('',(0.,0.,-1.));
#15087 = DIRECTION('',(1.,3.3447E-13,0.));
#15088 = ADVANCED_FACE('',(#15089),#15100,.F.);
#15089 = FACE_BOUND('',#15090,.F.);
#15090 = EDGE_LOOP('',(#15091,#15092,#15093,#15094));
#15091 = ORIENTED_EDGE('',*,*,#11697,.T.);
#15092 = ORIENTED_EDGE('',*,*,#15077,.T.);
#15093 = ORIENTED_EDGE('',*,*,#9096,.T.);
#15094 = ORIENTED_EDGE('',*,*,#15095,.F.);
#15095 = EDGE_CURVE('',#11691,#9088,#15096,.T.);
#15096 = LINE('',#15097,#15098);
#15097 = CARTESIAN_POINT('',(277.23333106057,173.70000145526,49.2));
#15098 = VECTOR('',#15099,1.);
#15099 = DIRECTION('',(0.,0.,1.));
#15100 = PLANE('',#15101);
#15101 = AXIS2_PLACEMENT_3D('',#15102,#15103,#15104);
#15102 = CARTESIAN_POINT('',(281.76666702367,170.2999999417,49.2));
#15103 = DIRECTION('',(-0.599999948187,-0.80000003886,0.));
#15104 = DIRECTION('',(-0.80000003886,0.599999948187,0.));
#15105 = ADVANCED_FACE('',(#15106),#15116,.F.);
#15106 = FACE_BOUND('',#15107,.F.);
#15107 = EDGE_LOOP('',(#15108,#15114,#15115));
#15108 = ORIENTED_EDGE('',*,*,#15109,.F.);
#15109 = EDGE_CURVE('',#11691,#9079,#15110,.T.);
#15110 = LINE('',#15111,#15112);
#15111 = CARTESIAN_POINT('',(277.23331891504,173.70001056451,49.2));
#15112 = VECTOR('',#15113,1.);
#15113 = DIRECTION('',(0.,0.,1.));
#15114 = ORIENTED_EDGE('',*,*,#15095,.T.);
#15115 = ORIENTED_EDGE('',*,*,#9087,.T.);
#15116 = CYLINDRICAL_SURFACE('',#15117,1.5);
#15117 = AXIS2_PLACEMENT_3D('',#15118,#15119,#15120);
#15118 = CARTESIAN_POINT('',(278.13333098285,174.90000151355,49.2));
#15119 = DIRECTION('',(0.,0.,-1.));
#15120 = DIRECTION('',(0.80000003886,-0.599999948187,0.));
#15121 = ADVANCED_FACE('',(#15122),#15133,.T.);
#15122 = FACE_BOUND('',#15123,.F.);
#15123 = EDGE_LOOP('',(#15124,#15125,#15126,#15132));
#15124 = ORIENTED_EDGE('',*,*,#15109,.T.);
#15125 = ORIENTED_EDGE('',*,*,#9078,.T.);
#15126 = ORIENTED_EDGE('',*,*,#15127,.F.);
#15127 = EDGE_CURVE('',#11729,#9070,#15128,.T.);
#15128 = LINE('',#15129,#15130);
#15129 = CARTESIAN_POINT('',(274.83335056216,174.50000000063,49.2));
#15130 = VECTOR('',#15131,1.);
#15131 = DIRECTION('',(0.,0.,1.));
#15132 = ORIENTED_EDGE('',*,*,#11735,.F.);
#15133 = CYLINDRICAL_SURFACE('',#15134,3.999826507497);
#15134 = AXIS2_PLACEMENT_3D('',#15135,#15136,#15137);
#15135 = CARTESIAN_POINT('',(274.83339083111,170.50017349334,49.2));
#15136 = DIRECTION('',(-0.,-0.,-1.));
#15137 = DIRECTION('',(-1.006767330689E-05,0.999999999949,0.));
#15138 = ADVANCED_FACE('',(#15139),#15149,.F.);
#15139 = FACE_BOUND('',#15140,.F.);
#15140 = EDGE_LOOP('',(#15141,#15147,#15148));
#15141 = ORIENTED_EDGE('',*,*,#15142,.F.);
#15142 = EDGE_CURVE('',#11729,#9062,#15143,.T.);
#15143 = LINE('',#15144,#15145);
#15144 = CARTESIAN_POINT('',(274.83333546069,174.50000000055,49.2));
#15145 = VECTOR('',#15146,1.);
#15146 = DIRECTION('',(0.,0.,1.));
#15147 = ORIENTED_EDGE('',*,*,#15127,.T.);
#15148 = ORIENTED_EDGE('',*,*,#9069,.T.);
#15149 = CYLINDRICAL_SURFACE('',#15150,1.5);
#15150 = AXIS2_PLACEMENT_3D('',#15151,#15152,#15153);
#15151 = CARTESIAN_POINT('',(274.83333546065,176.00000000055,49.2));
#15152 = DIRECTION('',(0.,0.,-1.));
#15153 = DIRECTION('',(0.999999999949,1.006767339457E-05,0.));
#15154 = ADVANCED_FACE('',(#15155),#15166,.F.);
#15155 = FACE_BOUND('',#15156,.F.);
#15156 = EDGE_LOOP('',(#15157,#15158,#15159,#15160));
#15157 = ORIENTED_EDGE('',*,*,#11774,.T.);
#15158 = ORIENTED_EDGE('',*,*,#15142,.T.);
#15159 = ORIENTED_EDGE('',*,*,#9061,.T.);
#15160 = ORIENTED_EDGE('',*,*,#15161,.F.);
#15161 = EDGE_CURVE('',#11768,#9053,#15162,.T.);
#15162 = LINE('',#15163,#15164);
#15163 = CARTESIAN_POINT('',(252.84810104405,174.49999999999,49.2));
#15164 = VECTOR('',#15165,1.);
#15165 = DIRECTION('',(0.,0.,1.));
#15166 = PLANE('',#15167);
#15167 = AXIS2_PLACEMENT_3D('',#15168,#15169,#15170);
#15168 = CARTESIAN_POINT('',(274.83333546069,174.50000000055,49.2));
#15169 = DIRECTION('',(2.550461E-11,-1.,0.));
#15170 = DIRECTION('',(-1.,-2.550461E-11,0.));
#15171 = ADVANCED_FACE('',(#15172),#15182,.F.);
#15172 = FACE_BOUND('',#15173,.F.);
#15173 = EDGE_LOOP('',(#15174,#15180,#15181));
#15174 = ORIENTED_EDGE('',*,*,#15175,.F.);
#15175 = EDGE_CURVE('',#11768,#9044,#15176,.T.);
#15176 = LINE('',#15177,#15178);
#15177 = CARTESIAN_POINT('',(252.84810059658,174.49999999999,49.2));
#15178 = VECTOR('',#15179,1.);
#15179 = DIRECTION('',(0.,0.,1.));
#15180 = ORIENTED_EDGE('',*,*,#15161,.T.);
#15181 = ORIENTED_EDGE('',*,*,#9052,.T.);
#15182 = CYLINDRICAL_SURFACE('',#15183,1.5);
#15183 = AXIS2_PLACEMENT_3D('',#15184,#15185,#15186);
#15184 = CARTESIAN_POINT('',(252.84810104401,175.99999999999,49.2));
#15185 = DIRECTION('',(0.,0.,-1.));
#15186 = DIRECTION('',(1.,2.550461E-11,0.));
#15187 = ADVANCED_FACE('',(#15188),#15199,.T.);
#15188 = FACE_BOUND('',#15189,.F.);
#15189 = EDGE_LOOP('',(#15190,#15191,#15192,#15198));
#15190 = ORIENTED_EDGE('',*,*,#15175,.T.);
#15191 = ORIENTED_EDGE('',*,*,#9043,.T.);
#15192 = ORIENTED_EDGE('',*,*,#15193,.F.);
#15193 = EDGE_CURVE('',#11806,#9035,#15194,.T.);
#15194 = LINE('',#15195,#15196);
#15195 = CARTESIAN_POINT('',(251.49664107508,174.26477855055,49.2));
#15196 = VECTOR('',#15197,1.);
#15197 = DIRECTION('',(0.,0.,1.));
#15198 = ORIENTED_EDGE('',*,*,#11812,.F.);
#15199 = CYLINDRICAL_SURFACE('',#15200,3.999993937507);
#15200 = AXIS2_PLACEMENT_3D('',#15201,#15202,#15203);
#15201 = CARTESIAN_POINT('',(252.84809940342,170.50000606248,49.2));
#15202 = DIRECTION('',(-0.,-0.,-1.));
#15203 = DIRECTION('',(-0.33786509416,0.941194548512,0.));
#15204 = ADVANCED_FACE('',(#15205),#15215,.F.);
#15205 = FACE_BOUND('',#15206,.F.);
#15206 = EDGE_LOOP('',(#15207,#15213,#15214));
#15207 = ORIENTED_EDGE('',*,*,#15208,.F.);
#15208 = EDGE_CURVE('',#11806,#9027,#15209,.T.);
#15209 = LINE('',#15210,#15211);
#15210 = CARTESIAN_POINT('',(251.49664053362,174.26477835618,49.2));
#15211 = VECTOR('',#15212,1.);
#15212 = DIRECTION('',(0.,0.,1.));
#15213 = ORIENTED_EDGE('',*,*,#15193,.T.);
#15214 = ORIENTED_EDGE('',*,*,#9034,.T.);
#15215 = CYLINDRICAL_SURFACE('',#15216,1.5);
#15216 = AXIS2_PLACEMENT_3D('',#15217,#15218,#15219);
#15217 = CARTESIAN_POINT('',(250.98984343384,175.67657037331,49.2));
#15218 = DIRECTION('',(0.,0.,-1.));
#15219 = DIRECTION('',(0.941194548512,0.33786509416,0.));
#15220 = ADVANCED_FACE('',(#15221),#15232,.F.);
#15221 = FACE_BOUND('',#15222,.F.);
#15222 = EDGE_LOOP('',(#15223,#15229,#15230,#15231));
#15223 = ORIENTED_EDGE('',*,*,#15224,.F.);
#15224 = EDGE_CURVE('',#11845,#9018,#15225,.T.);
#15225 = LINE('',#15226,#15227);
#15226 = CARTESIAN_POINT('',(232.89762179615,167.58820798286,49.2));
#15227 = VECTOR('',#15228,1.);
#15228 = DIRECTION('',(0.,0.,1.));
#15229 = ORIENTED_EDGE('',*,*,#11851,.T.);
#15230 = ORIENTED_EDGE('',*,*,#15208,.T.);
#15231 = ORIENTED_EDGE('',*,*,#9026,.T.);
#15232 = PLANE('',#15233);
#15233 = AXIS2_PLACEMENT_3D('',#15234,#15235,#15236);
#15234 = CARTESIAN_POINT('',(251.49664053362,174.26477835618,49.2));
#15235 = DIRECTION('',(0.337864733187,-0.941194678092,0.));
#15236 = DIRECTION('',(-0.941194678092,-0.337864733187,0.));
#15237 = ADVANCED_FACE('',(#15238),#15249,.F.);
#15238 = FACE_BOUND('',#15239,.F.);
#15239 = EDGE_LOOP('',(#15240,#15241,#15242,#15248));
#15240 = ORIENTED_EDGE('',*,*,#15224,.T.);
#15241 = ORIENTED_EDGE('',*,*,#9017,.T.);
#15242 = ORIENTED_EDGE('',*,*,#15243,.F.);
#15243 = EDGE_CURVE('',#11868,#9010,#15244,.T.);
#15244 = LINE('',#15245,#15246);
#15245 = CARTESIAN_POINT('',(232.39082469637,167.5,49.2));
#15246 = VECTOR('',#15247,1.);
#15247 = DIRECTION('',(0.,0.,1.));
#15248 = ORIENTED_EDGE('',*,*,#11874,.F.);
#15249 = CYLINDRICAL_SURFACE('',#15250,1.5);
#15250 = AXIS2_PLACEMENT_3D('',#15251,#15252,#15253);
#15251 = CARTESIAN_POINT('',(232.39082469637,169.,49.2));
#15252 = DIRECTION('',(0.,0.,-1.));
#15253 = DIRECTION('',(0.941194678092,0.337864733187,0.));
#15254 = ADVANCED_FACE('',(#15255),#15266,.F.);
#15255 = FACE_BOUND('',#15256,.F.);
#15256 = EDGE_LOOP('',(#15257,#15258,#15259,#15260));
#15257 = ORIENTED_EDGE('',*,*,#11898,.T.);
#15258 = ORIENTED_EDGE('',*,*,#15243,.T.);
#15259 = ORIENTED_EDGE('',*,*,#9009,.T.);
#15260 = ORIENTED_EDGE('',*,*,#15261,.F.);
#15261 = EDGE_CURVE('',#11892,#9001,#15262,.T.);
#15262 = LINE('',#15263,#15264);
#15263 = CARTESIAN_POINT('',(197.00000261476,167.49999999999,49.2));
#15264 = VECTOR('',#15265,1.);
#15265 = DIRECTION('',(0.,0.,1.));
#15266 = PLANE('',#15267);
#15267 = AXIS2_PLACEMENT_3D('',#15268,#15269,#15270);
#15268 = CARTESIAN_POINT('',(232.39082469637,167.5,49.2));
#15269 = DIRECTION('',(2.71E-14,-1.,0.));
#15270 = DIRECTION('',(-1.,-2.71E-14,0.));
#15271 = ADVANCED_FACE('',(#15272),#15282,.F.);
#15272 = FACE_BOUND('',#15273,.F.);
#15273 = EDGE_LOOP('',(#15274,#15280,#15281));
#15274 = ORIENTED_EDGE('',*,*,#15275,.F.);
#15275 = EDGE_CURVE('',#11892,#8992,#15276,.T.);
#15276 = LINE('',#15277,#15278);
#15277 = CARTESIAN_POINT('',(197.00000149415,167.49999999999,49.2));
#15278 = VECTOR('',#15279,1.);
#15279 = DIRECTION('',(0.,0.,1.));
#15280 = ORIENTED_EDGE('',*,*,#15261,.T.);
#15281 = ORIENTED_EDGE('',*,*,#9000,.T.);
#15282 = CYLINDRICAL_SURFACE('',#15283,1.5);
#15283 = AXIS2_PLACEMENT_3D('',#15284,#15285,#15286);
#15284 = CARTESIAN_POINT('',(197.00000261476,168.99999999999,49.2));
#15285 = DIRECTION('',(0.,0.,-1.));
#15286 = DIRECTION('',(1.,2.71E-14,0.));
#15287 = ADVANCED_FACE('',(#15288),#15299,.T.);
#15288 = FACE_BOUND('',#15289,.F.);
#15289 = EDGE_LOOP('',(#15290,#15291,#15292,#15298));
#15290 = ORIENTED_EDGE('',*,*,#15275,.T.);
#15291 = ORIENTED_EDGE('',*,*,#8991,.T.);
#15292 = ORIENTED_EDGE('',*,*,#15293,.F.);
#15293 = EDGE_CURVE('',#11930,#8983,#15294,.T.);
#15294 = LINE('',#15295,#15296);
#15295 = CARTESIAN_POINT('',(193.,163.50000040749,49.2));
#15296 = VECTOR('',#15297,1.);
#15297 = DIRECTION('',(0.,0.,1.));
#15298 = ORIENTED_EDGE('',*,*,#11936,.F.);
#15299 = CYLINDRICAL_SURFACE('',#15300,3.99999850585);
#15300 = AXIS2_PLACEMENT_3D('',#15301,#15302,#15303);
#15301 = CARTESIAN_POINT('',(196.99999850585,163.50000149415,49.2));
#15302 = DIRECTION('',(-0.,-0.,-1.));
#15303 = DIRECTION('',(-1.,-2.7166378997E-07,0.));
#15304 = ADVANCED_FACE('',(#15305),#15315,.F.);
#15305 = FACE_BOUND('',#15306,.F.);
#15306 = EDGE_LOOP('',(#15307,#15313,#15314));
#15307 = ORIENTED_EDGE('',*,*,#15308,.F.);
#15308 = EDGE_CURVE('',#11930,#8975,#15309,.T.);
#15309 = LINE('',#15310,#15311);
#15310 = CARTESIAN_POINT('',(193.,163.5,49.2));
#15311 = VECTOR('',#15312,1.);
#15312 = DIRECTION('',(0.,0.,1.));
#15313 = ORIENTED_EDGE('',*,*,#15293,.T.);
#15314 = ORIENTED_EDGE('',*,*,#8982,.T.);
#15315 = CYLINDRICAL_SURFACE('',#15316,1.5);
#15316 = AXIS2_PLACEMENT_3D('',#15317,#15318,#15319);
#15317 = CARTESIAN_POINT('',(191.5,163.5,49.2));
#15318 = DIRECTION('',(0.,0.,-1.));
#15319 = DIRECTION('',(-2.7166378973E-07,1.,0.));
#15320 = ADVANCED_FACE('',(#15321),#15332,.F.);
#15321 = FACE_BOUND('',#15322,.F.);
#15322 = EDGE_LOOP('',(#15323,#15329,#15330,#15331));
#15323 = ORIENTED_EDGE('',*,*,#15324,.F.);
#15324 = EDGE_CURVE('',#11969,#8966,#15325,.T.);
#15325 = LINE('',#15326,#15327);
#15326 = CARTESIAN_POINT('',(193.,94.950141437558,49.2));
#15327 = VECTOR('',#15328,1.);
#15328 = DIRECTION('',(0.,0.,1.));
#15329 = ORIENTED_EDGE('',*,*,#11975,.T.);
#15330 = ORIENTED_EDGE('',*,*,#15308,.T.);
#15331 = ORIENTED_EDGE('',*,*,#8974,.T.);
#15332 = PLANE('',#15333);
#15333 = AXIS2_PLACEMENT_3D('',#15334,#15335,#15336);
#15334 = CARTESIAN_POINT('',(193.,163.5,49.2));
#15335 = DIRECTION('',(1.,1.0961E-13,0.));
#15336 = DIRECTION('',(1.0961E-13,-1.,0.));
#15337 = ADVANCED_FACE('',(#15338),#15349,.F.);
#15338 = FACE_BOUND('',#15339,.F.);
#15339 = EDGE_LOOP('',(#15340,#15341,#15342,#15348));
#15340 = ORIENTED_EDGE('',*,*,#15324,.T.);
#15341 = ORIENTED_EDGE('',*,*,#8965,.T.);
#15342 = ORIENTED_EDGE('',*,*,#15343,.F.);
#15343 = EDGE_CURVE('',#11992,#8958,#15344,.T.);
#15344 = LINE('',#15345,#15346);
#15345 = CARTESIAN_POINT('',(192.56045613344,93.889277266677,49.2));
#15346 = VECTOR('',#15347,1.);
#15347 = DIRECTION('',(0.,0.,1.));
#15348 = ORIENTED_EDGE('',*,*,#11998,.F.);
#15349 = CYLINDRICAL_SURFACE('',#15350,1.5);
#15350 = AXIS2_PLACEMENT_3D('',#15351,#15352,#15353);
#15351 = CARTESIAN_POINT('',(191.5,94.950141437558,49.2));
#15352 = DIRECTION('',(0.,0.,-1.));
#15353 = DIRECTION('',(-1.0961E-13,1.,0.));
#15354 = ADVANCED_FACE('',(#15355),#15366,.F.);
#15355 = FACE_BOUND('',#15356,.F.);
#15356 = EDGE_LOOP('',(#15357,#15358,#15359,#15360));
#15357 = ORIENTED_EDGE('',*,*,#12022,.T.);
#15358 = ORIENTED_EDGE('',*,*,#15343,.T.);
#15359 = ORIENTED_EDGE('',*,*,#8957,.T.);
#15360 = ORIENTED_EDGE('',*,*,#15361,.F.);
#15361 = EDGE_CURVE('',#12016,#8949,#15362,.T.);
#15362 = LINE('',#15363,#15364);
#15363 = CARTESIAN_POINT('',(182.13495163195,83.467782700063,49.2));
#15364 = VECTOR('',#15365,1.);
#15365 = DIRECTION('',(0.,0.,1.));
#15366 = PLANE('',#15367);
#15367 = AXIS2_PLACEMENT_3D('',#15368,#15369,#15370);
#15368 = CARTESIAN_POINT('',(192.56045613344,93.889277266676,49.2));
#15369 = DIRECTION('',(0.706970755623,-0.707242780588,0.));
#15370 = DIRECTION('',(-0.707242780588,-0.706970755623,0.));
#15371 = ADVANCED_FACE('',(#15372),#15382,.F.);
#15372 = FACE_BOUND('',#15373,.F.);
#15373 = EDGE_LOOP('',(#15374,#15380,#15381));
#15374 = ORIENTED_EDGE('',*,*,#15375,.F.);
#15375 = EDGE_CURVE('',#12016,#8940,#15376,.T.);
#15376 = LINE('',#15377,#15378);
#15377 = CARTESIAN_POINT('',(182.13494511969,83.467776190345,49.2));
#15378 = VECTOR('',#15379,1.);
#15379 = DIRECTION('',(0.,0.,1.));
#15380 = ORIENTED_EDGE('',*,*,#15361,.T.);
#15381 = ORIENTED_EDGE('',*,*,#8948,.T.);
#15382 = CYLINDRICAL_SURFACE('',#15383,1.5);
#15383 = AXIS2_PLACEMENT_3D('',#15384,#15385,#15386);
#15384 = CARTESIAN_POINT('',(181.07449549852,84.528646870945,49.2));
#15385 = DIRECTION('',(0.,0.,-1.));
#15386 = DIRECTION('',(0.707242780588,0.706970755623,0.));
#15387 = ADVANCED_FACE('',(#15388),#15399,.T.);
#15388 = FACE_BOUND('',#15389,.F.);
#15389 = EDGE_LOOP('',(#15390,#15391,#15392,#15398));
#15390 = ORIENTED_EDGE('',*,*,#15375,.T.);
#15391 = ORIENTED_EDGE('',*,*,#8939,.T.);
#15392 = ORIENTED_EDGE('',*,*,#15393,.F.);
#15393 = EDGE_CURVE('',#12054,#8931,#15394,.T.);
#15394 = LINE('',#15395,#15396);
#15395 = CARTESIAN_POINT('',(182.11469913202,77.830208723108,49.2));
#15396 = VECTOR('',#15397,1.);
#15397 = DIRECTION('',(0.,0.,1.));
#15398 = ORIENTED_EDGE('',*,*,#12060,.F.);
#15399 = CYLINDRICAL_SURFACE('',#15400,3.999981858821);
#15400 = AXIS2_PLACEMENT_3D('',#15401,#15402,#15403);
#15401 = CARTESIAN_POINT('',(184.96279795095,80.638800539042,49.2));
#15402 = DIRECTION('',(-0.,-0.,-1.));
#15403 = DIRECTION('',(-0.712027933988,-0.702151138446,0.));
#15404 = ADVANCED_FACE('',(#15405),#15415,.F.);
#15405 = FACE_BOUND('',#15406,.F.);
#15406 = EDGE_LOOP('',(#15407,#15413,#15414));
#15407 = ORIENTED_EDGE('',*,*,#15408,.F.);
#15408 = EDGE_CURVE('',#12054,#8923,#15409,.T.);
#15409 = LINE('',#15410,#15411);
#15410 = CARTESIAN_POINT('',(182.11470850221,77.830199221023,49.2));
#15411 = VECTOR('',#15412,1.);
#15412 = DIRECTION('',(0.,0.,1.));
#15413 = ORIENTED_EDGE('',*,*,#15393,.T.);
#15414 = ORIENTED_EDGE('',*,*,#8930,.T.);
#15415 = CYLINDRICAL_SURFACE('',#15416,1.5);
#15416 = AXIS2_PLACEMENT_3D('',#15417,#15418,#15419);
#15417 = CARTESIAN_POINT('',(181.04665723104,76.77698201544,49.2));
#15418 = DIRECTION('',(0.,0.,-1.));
#15419 = DIRECTION('',(-0.702151138446,0.712027933988,0.));
#15420 = ADVANCED_FACE('',(#15421),#15432,.F.);
#15421 = FACE_BOUND('',#15422,.F.);
#15422 = EDGE_LOOP('',(#15423,#15424,#15425,#15426));
#15423 = ORIENTED_EDGE('',*,*,#12099,.T.);
#15424 = ORIENTED_EDGE('',*,*,#15408,.T.);
#15425 = ORIENTED_EDGE('',*,*,#8922,.T.);
#15426 = ORIENTED_EDGE('',*,*,#15427,.F.);
#15427 = EDGE_CURVE('',#12093,#8914,#15428,.T.);
#15428 = LINE('',#15429,#15430);
#15429 = CARTESIAN_POINT('',(214.83904089785,44.64496010007,49.2));
#15430 = VECTOR('',#15431,1.);
#15431 = DIRECTION('',(0.,0.,1.));
#15432 = PLANE('',#15433);
#15433 = AXIS2_PLACEMENT_3D('',#15434,#15435,#15436);
#15434 = CARTESIAN_POINT('',(182.11470850221,77.830199221023,49.2));
#15435 = DIRECTION('',(0.712034180785,0.702144803722,0.));
#15436 = DIRECTION('',(0.702144803722,-0.712034180785,0.));
#15437 = ADVANCED_FACE('',(#15438),#15448,.F.);
#15438 = FACE_BOUND('',#15439,.F.);
#15439 = EDGE_LOOP('',(#15440,#15446,#15447));
#15440 = ORIENTED_EDGE('',*,*,#15441,.F.);
#15441 = EDGE_CURVE('',#12093,#8905,#15442,.T.);
#15442 = LINE('',#15443,#15444);
#15443 = CARTESIAN_POINT('',(214.83905418923,44.644946621311,49.2));
#15444 = VECTOR('',#15445,1.);
#15445 = DIRECTION('',(0.,0.,1.));
#15446 = ORIENTED_EDGE('',*,*,#15427,.T.);
#15447 = ORIENTED_EDGE('',*,*,#8913,.T.);
#15448 = CYLINDRICAL_SURFACE('',#15449,1.5);
#15449 = AXIS2_PLACEMENT_3D('',#15450,#15451,#15452);
#15450 = CARTESIAN_POINT('',(213.77098962667,43.591742894486,49.2));
#15451 = DIRECTION('',(0.,0.,-1.));
#15452 = DIRECTION('',(-0.702144803722,0.712034180785,0.));
#15453 = ADVANCED_FACE('',(#15454),#15465,.T.);
#15454 = FACE_BOUND('',#15455,.F.);
#15455 = EDGE_LOOP('',(#15456,#15457,#15458,#15464));
#15456 = ORIENTED_EDGE('',*,*,#15441,.T.);
#15457 = ORIENTED_EDGE('',*,*,#8904,.T.);
#15458 = ORIENTED_EDGE('',*,*,#15459,.F.);
#15459 = EDGE_CURVE('',#12131,#8896,#15460,.T.);
#15460 = LINE('',#15461,#15462);
#15461 = CARTESIAN_POINT('',(220.44749395703,44.558608348592,49.2));
#15462 = VECTOR('',#15463,1.);
#15463 = DIRECTION('',(0.,0.,1.));
#15464 = ORIENTED_EDGE('',*,*,#12137,.F.);
#15465 = CYLINDRICAL_SURFACE('',#15466,3.999925802032);
#15466 = AXIS2_PLACEMENT_3D('',#15467,#15468,#15469);
#15467 = CARTESIAN_POINT('',(217.68717352366,47.453437795531,49.2));
#15468 = DIRECTION('',(0.,0.,-1.));
#15469 = DIRECTION('',(0.690092909216,-0.723720786388,0.));
#15470 = ADVANCED_FACE('',(#15471),#15481,.F.);
#15471 = FACE_BOUND('',#15472,.F.);
#15472 = EDGE_LOOP('',(#15473,#15479,#15480));
#15473 = ORIENTED_EDGE('',*,*,#15474,.F.);
#15474 = EDGE_CURVE('',#12131,#8888,#15475,.T.);
#15475 = LINE('',#15476,#15477);
#15476 = CARTESIAN_POINT('',(220.44752105706,44.558634188769,49.2));
#15477 = VECTOR('',#15478,1.);
#15478 = DIRECTION('',(0.,0.,1.));
#15479 = ORIENTED_EDGE('',*,*,#15459,.T.);
#15480 = ORIENTED_EDGE('',*,*,#8895,.T.);
#15481 = CYLINDRICAL_SURFACE('',#15482,1.5);
#15482 = AXIS2_PLACEMENT_3D('',#15483,#15484,#15485);
#15483 = CARTESIAN_POINT('',(221.48263332085,43.473027169011,49.2));
#15484 = DIRECTION('',(0.,0.,-1.));
#15485 = DIRECTION('',(-0.723720786388,-0.690092909216,0.));
#15486 = ADVANCED_FACE('',(#15487),#15498,.F.);
#15487 = FACE_BOUND('',#15488,.F.);
#15488 = EDGE_LOOP('',(#15489,#15495,#15496,#15497));
#15489 = ORIENTED_EDGE('',*,*,#15490,.F.);
#15490 = EDGE_CURVE('',#12170,#8879,#15491,.T.);
#15491 = LINE('',#15492,#15493);
#15492 = CARTESIAN_POINT('',(228.4854942094,52.222737712959,49.2));
#15493 = VECTOR('',#15494,1.);
#15494 = DIRECTION('',(0.,0.,1.));
#15495 = ORIENTED_EDGE('',*,*,#12176,.T.);
#15496 = ORIENTED_EDGE('',*,*,#15474,.T.);
#15497 = ORIENTED_EDGE('',*,*,#8887,.T.);
#15498 = PLANE('',#15499);
#15499 = AXIS2_PLACEMENT_3D('',#15500,#15501,#15502);
#15500 = CARTESIAN_POINT('',(220.44752105706,44.558634188769,49.2));
#15501 = DIRECTION('',(-0.690074842528,0.723738013172,0.));
#15502 = DIRECTION('',(0.723738013172,0.690074842528,0.));
#15503 = ADVANCED_FACE('',(#15504),#15515,.F.);
#15504 = FACE_BOUND('',#15505,.F.);
#15505 = EDGE_LOOP('',(#15506,#15507,#15508,#15514));
#15506 = ORIENTED_EDGE('',*,*,#15490,.T.);
#15507 = ORIENTED_EDGE('',*,*,#8878,.T.);
#15508 = ORIENTED_EDGE('',*,*,#15509,.F.);
#15509 = EDGE_CURVE('',#12193,#8871,#15510,.T.);
#15510 = LINE('',#15511,#15512);
#15511 = CARTESIAN_POINT('',(229.88440993839,52.592344436508,49.2));
#15512 = VECTOR('',#15513,1.);
#15513 = DIRECTION('',(0.,0.,1.));
#15514 = ORIENTED_EDGE('',*,*,#12199,.F.);
#15515 = CYLINDRICAL_SURFACE('',#15516,1.5);
#15516 = AXIS2_PLACEMENT_3D('',#15517,#15518,#15519);
#15517 = CARTESIAN_POINT('',(229.52060647319,51.137130693201,49.2));
#15518 = DIRECTION('',(0.,0.,-1.));
#15519 = DIRECTION('',(-0.723738013172,-0.690074842528,-0.));
#15520 = ADVANCED_FACE('',(#15521),#15532,.F.);
#15521 = FACE_BOUND('',#15522,.F.);
#15522 = EDGE_LOOP('',(#15523,#15524,#15525,#15526));
#15523 = ORIENTED_EDGE('',*,*,#12223,.T.);
#15524 = ORIENTED_EDGE('',*,*,#15509,.T.);
#15525 = ORIENTED_EDGE('',*,*,#8870,.T.);
#15526 = ORIENTED_EDGE('',*,*,#15527,.F.);
#15527 = EDGE_CURVE('',#12217,#8862,#15528,.T.);
#15528 = LINE('',#15529,#15530);
#15529 = CARTESIAN_POINT('',(241.53581155536,49.67949379709,49.2));
#15530 = VECTOR('',#15531,1.);
#15531 = DIRECTION('',(0.,0.,1.));
#15532 = PLANE('',#15533);
#15533 = AXIS2_PLACEMENT_3D('',#15534,#15535,#15536);
#15534 = CARTESIAN_POINT('',(229.88440993839,52.592344436508,49.2));
#15535 = DIRECTION('',(0.242535643466,0.970142495538,0.));
#15536 = DIRECTION('',(0.970142495538,-0.242535643466,0.));
#15537 = ADVANCED_FACE('',(#15538),#15549,.T.);
#15538 = FACE_BOUND('',#15539,.F.);
#15539 = EDGE_LOOP('',(#15540,#15541,#15542,#15548));
#15540 = ORIENTED_EDGE('',*,*,#15527,.T.);
#15541 = ORIENTED_EDGE('',*,*,#8861,.T.);
#15542 = ORIENTED_EDGE('',*,*,#15543,.F.);
#15543 = EDGE_CURVE('',#12240,#8854,#15544,.T.);
#15544 = LINE('',#15545,#15546);
#15545 = CARTESIAN_POINT('',(243.45350029505,49.673873405535,49.2));
#15546 = VECTOR('',#15547,1.);
#15547 = DIRECTION('',(0.,0.,1.));
#15548 = ORIENTED_EDGE('',*,*,#12246,.F.);
#15549 = CYLINDRICAL_SURFACE('',#15550,4.000347382847);
#15550 = AXIS2_PLACEMENT_3D('',#15551,#15552,#15553);
#15551 = CARTESIAN_POINT('',(242.5060383818,53.560400789509,49.2));
#15552 = DIRECTION('',(0.,0.,-1.));
#15553 = DIRECTION('',(0.236830379702,-0.9715510132,0.));
#15554 = ADVANCED_FACE('',(#15555),#15566,.F.);
#15555 = FACE_BOUND('',#15556,.F.);
#15556 = EDGE_LOOP('',(#15557,#15558,#15559,#15560));
#15557 = ORIENTED_EDGE('',*,*,#12270,.T.);
#15558 = ORIENTED_EDGE('',*,*,#15543,.T.);
#15559 = ORIENTED_EDGE('',*,*,#8853,.T.);
#15560 = ORIENTED_EDGE('',*,*,#15561,.F.);
#15561 = EDGE_CURVE('',#12264,#8845,#15562,.T.);
#15562 = LINE('',#15563,#15564);
#15563 = CARTESIAN_POINT('',(342.78284514541,73.888490161999,49.2));
#15564 = VECTOR('',#15565,1.);
#15565 = DIRECTION('',(0.,0.,1.));
#15566 = PLANE('',#15567);
#15567 = AXIS2_PLACEMENT_3D('',#15568,#15569,#15570);
#15568 = CARTESIAN_POINT('',(243.4535002949,49.673873406132,49.2));
#15569 = DIRECTION('',(-0.236844909348,0.971547471262,0.));
#15570 = DIRECTION('',(0.971547471262,0.236844909348,0.));
#15571 = ADVANCED_FACE('',(#15572),#15582,.F.);
#15572 = FACE_BOUND('',#15573,.F.);
#15573 = EDGE_LOOP('',(#15574,#15580,#15581));
#15574 = ORIENTED_EDGE('',*,*,#15575,.F.);
#15575 = EDGE_CURVE('',#12264,#8836,#15576,.T.);
#15576 = LINE('',#15577,#15578);
#15577 = CARTESIAN_POINT('',(342.78284671967,73.888490545773,49.2));
#15578 = VECTOR('',#15579,1.);
#15579 = DIRECTION('',(0.,0.,1.));
#15580 = ORIENTED_EDGE('',*,*,#15561,.T.);
#15581 = ORIENTED_EDGE('',*,*,#8844,.T.);
#15582 = CYLINDRICAL_SURFACE('',#15583,1.5);
#15583 = AXIS2_PLACEMENT_3D('',#15584,#15585,#15586);
#15584 = CARTESIAN_POINT('',(343.13811250943,72.431168955105,49.2));
#15585 = DIRECTION('',(0.,0.,-1.));
#15586 = DIRECTION('',(-0.971547471262,-0.236844909348,0.));
#15587 = ADVANCED_FACE('',(#15588),#15599,.T.);
#15588 = FACE_BOUND('',#15589,.F.);
#15589 = EDGE_LOOP('',(#15590,#15591,#15592,#15598));
#15590 = ORIENTED_EDGE('',*,*,#15575,.T.);
#15591 = ORIENTED_EDGE('',*,*,#8835,.T.);
#15592 = ORIENTED_EDGE('',*,*,#15593,.F.);
#15593 = EDGE_CURVE('',#12302,#8827,#15594,.T.);
#15594 = LINE('',#15595,#15596);
#15595 = CARTESIAN_POINT('',(345.02347424257,75.358770350699,49.2));
#15596 = VECTOR('',#15597,1.);
#15597 = DIRECTION('',(0.,0.,1.));
#15598 = ORIENTED_EDGE('',*,*,#12308,.F.);
#15599 = CYLINDRICAL_SURFACE('',#15600,3.999994067197);
#15600 = AXIS2_PLACEMENT_3D('',#15601,#15602,#15603);
#15601 = CARTESIAN_POINT('',(341.83547268547,77.774675690221,49.2));
#15602 = DIRECTION('',(0.,0.,-1.));
#15603 = DIRECTION('',(0.797001571389,-0.6039772307,0.));
#15604 = ADVANCED_FACE('',(#15605),#15615,.F.);
#15605 = FACE_BOUND('',#15606,.F.);
#15606 = EDGE_LOOP('',(#15607,#15613,#15614));
#15607 = ORIENTED_EDGE('',*,*,#15608,.F.);
#15608 = EDGE_CURVE('',#12302,#8819,#15609,.T.);
#15609 = LINE('',#15610,#15611);
#15610 = CARTESIAN_POINT('',(345.02347462837,75.358770859799,49.2));
#15611 = VECTOR('',#15612,1.);
#15612 = DIRECTION('',(0.,0.,1.));
#15613 = ORIENTED_EDGE('',*,*,#15593,.T.);
#15614 = ORIENTED_EDGE('',*,*,#8826,.T.);
#15615 = CYLINDRICAL_SURFACE('',#15616,1.5);
#15616 = AXIS2_PLACEMENT_3D('',#15617,#15618,#15619);
#15617 = CARTESIAN_POINT('',(346.21897659965,74.452804504648,49.2));
#15618 = DIRECTION('',(0.,0.,-1.));
#15619 = DIRECTION('',(-0.6039772307,-0.797001571389,0.));
#15620 = ADVANCED_FACE('',(#15621),#15627,.T.);
#15621 = FACE_BOUND('',#15622,.T.);
#15622 = EDGE_LOOP('',(#15623,#15624,#15625,#15626));
#15623 = ORIENTED_EDGE('',*,*,#12347,.F.);
#15624 = ORIENTED_EDGE('',*,*,#14927,.T.);
#15625 = ORIENTED_EDGE('',*,*,#8818,.T.);
#15626 = ORIENTED_EDGE('',*,*,#15608,.F.);
#15627 = PLANE('',#15628);
#15628 = AXIS2_PLACEMENT_3D('',#15629,#15630,#15631);
#15629 = CARTESIAN_POINT('',(360.87550525674,96.276913964434,49.2));
#15630 = DIRECTION('',(0.797001314187,-0.6039775701,0.));
#15631 = DIRECTION('',(-0.6039775701,-0.797001314187,0.));
#15632 = ADVANCED_FACE('',(#15633),#15636,.F.);
#15633 = FACE_BOUND('',#15634,.T.);
#15634 = EDGE_LOOP('',(#15635));
#15635 = ORIENTED_EDGE('',*,*,#12380,.T.);
#15636 = PLANE('',#15637);
#15637 = AXIS2_PLACEMENT_3D('',#15638,#15639,#15640);
#15638 = CARTESIAN_POINT('',(195.23223315653,165.26776793772,49.5));
#15639 = DIRECTION('',(0.,0.,1.));
#15640 = DIRECTION('',(-1.,6.E-17,0.));
#15641 = ADVANCED_FACE('',(#15642),#15645,.F.);
#15642 = FACE_BOUND('',#15643,.T.);
#15643 = EDGE_LOOP('',(#15644));
#15644 = ORIENTED_EDGE('',*,*,#13153,.T.);
#15645 = PLANE('',#15646);
#15646 = AXIS2_PLACEMENT_3D('',#15647,#15648,#15649);
#15647 = CARTESIAN_POINT('',(358.35,158.5,49.5));
#15648 = DIRECTION('',(0.,0.,1.));
#15649 = DIRECTION('',(-1.,6.E-17,0.));
#15650 = ( GEOMETRIC_REPRESENTATION_CONTEXT(3) 
GLOBAL_UNCERTAINTY_ASSIGNED_CONTEXT((#15654)) 
GLOBAL_UNIT_ASSIGNED_CONTEXT((#15651,#15652,#15653)) 
REPRESENTATION_CONTEXT('Context #1',
  '3D Context with UNIT and UNCERTAINTY') );
#15651 = ( LENGTH_UNIT() NAMED_UNIT(*) SI_UNIT(.MILLI.,.METRE.) );
#15652 = ( NAMED_UNIT(*) PLANE_ANGLE_UNIT() SI_UNIT($,.RADIAN.) );
#15653 = ( NAMED_UNIT(*) SI_UNIT($,.STERADIAN.) SOLID_ANGLE_UNIT() );
#15654 = UNCERTAINTY_MEASURE_WITH_UNIT(LENGTH_MEASURE(5.E-05),#15651,
  'distance_accuracy_value','confusion accuracy');
#15655 = PRODUCT_RELATED_PRODUCT_CATEGORY('part',$,(#7));
ENDSEC;
END-ISO-10303-21;
